compasso,tempo_seguinte,figura_atual_codigo,figura_atual,direcao,direcao_por_extenso,ocorrencias_do_contexto,ordem,passo1_codigo,passo1,P_passo1,passo2_codigo,passo2,P_passo2_dado_passo1,ocorrencias_do_par,P_par_arvore,P_par_cadeia_1a_ordem,razao_arvore_sobre_cadeia
2/4,2,x_x_,♪ ♪,s,sobe,4755,1,x_x_,♪ ♪,0.6315,x_x_,♪ ♪,0.4952,1487,0.3127,0.2628,1.19
2/4,2,x_x_,♪ ♪,s,sobe,4755,2,x_x_,♪ ♪,0.6315,x___,♩,0.3437,1032,0.217,0.239,0.908
2/4,2,x_x_,♪ ♪,s,sobe,4755,3,x___,♩,0.1506,x_x_,♪ ♪,0.5698,408,0.0858,0.0578,1.4841
2/4,2,x_x_,♪ ♪,s,sobe,4755,4,x_x_,♪ ♪,0.6315,x__x,♪. sc,0.0669,201,0.0423,0.0413,1.0228
2/4,2,x_x_,♪ ♪,s,sobe,4755,5,x_xx,♪ sc sc,0.0694,x_x_,♪ ♪,0.4545,150,0.0315,0.0225,1.4048
2/4,2,x_x_,♪ ♪,s,sobe,4755,6,x___,♩,0.1506,x___,♩,0.1648,118,0.0248,0.0481,0.5164
2/4,2,x_x_,♪ ♪,s,sobe,4755,7,x_x_,♪ ♪,0.6315,x_xx,♪ sc sc,0.0393,118,0.0248,0.0297,0.8361
2/4,2,x_x_,♪ ♪,s,sobe,4755,8,x_x_,♪ ♪,0.6315,xxxx,sc sc sc sc,0.032,96,0.0202,0.0266,0.7592
2/4,2,x_x_,♪ ♪,s,sobe,4755,9,x___,♩,0.1506,x__x,♪. sc,0.1047,75,0.0158,0.0149,1.0586
2/4,2,x_x_,♪ ♪,s,sobe,4755,10,xxxx,sc sc sc sc,0.0406,x___,♩,0.3731,72,0.0151,0.0042,3.6329
2/4,1,x___,♩,r,repete,1470,1,x_x_,♪ ♪,0.4374,x_x_,♪ ♪,0.675,434,0.2952,0.2365,1.2482
2/4,1,x___,♩,r,repete,1470,2,x___,♩,0.3143,x___,♩,0.3225,149,0.1014,0.0757,1.3382
2/4,1,x___,♩,r,repete,1470,3,x___,♩,0.3143,x_x_,♪ ♪,0.2965,137,0.0932,0.0891,1.0458
2/4,1,x___,♩,r,repete,1470,4,x_x_,♪ ♪,0.4374,x___,♩,0.196,126,0.0857,0.0578,1.4826
2/4,1,x___,♩,r,repete,1470,5,x__x,♪. sc,0.0918,x_x_,♪ ♪,0.7259,98,0.0667,0.0609,1.0948
2/4,1,x___,♩,r,repete,1470,6,x_xx,♪ sc sc,0.0769,x_x_,♪ ♪,0.5752,65,0.0442,0.0337,1.3115
2/4,1,x___,♩,r,repete,1470,7,x___,♩,0.3143,____,(lig.) ♩,0.1234,57,0.0388,0.053,0.7309
2/4,1,x___,♩,r,repete,1470,8,x___,♩,0.3143,__x_,(lig.) ♪ ♪,0.0887,41,0.0279,0.0282,0.9886
2/4,1,x___,♩,r,repete,1470,9,x_x_,♪ ♪,0.4374,x_xx,♪ sc sc,0.0498,32,0.0218,0.0285,0.7637
2/4,1,x___,♩,r,repete,1470,10,xxxx,sc sc sc sc,0.0408,x_x_,♪ ♪,0.5,30,0.0204,0.0067,3.0603
2/4,2,xxxx,sc sc sc sc,s,sobe,2259,1,xxxx,sc sc sc sc,0.5861,xxxx,sc sc sc sc,0.7659,1014,0.4489,0.3179,1.4119
2/4,2,xxxx,sc sc sc sc,s,sobe,2259,2,x_xx,♪ sc sc,0.1527,xxxx,sc sc sc sc,0.7449,257,0.1138,0.0422,2.6983
2/4,2,xxxx,sc sc sc sc,s,sobe,2259,3,xxxx,sc sc sc sc,0.5861,x_x_,♪ ♪,0.1337,177,0.0784,0.1041,0.7526
2/4,2,xxxx,sc sc sc sc,s,sobe,2259,4,x_x_,♪ ♪,0.1434,xxxx,sc sc sc sc,0.4136,134,0.0593,0.006,9.9249
2/4,2,xxxx,sc sc sc sc,s,sobe,2259,5,x_x_,♪ ♪,0.1434,x_x_,♪ ♪,0.25,81,0.0359,0.0591,0.6071
2/4,2,xxxx,sc sc sc sc,s,sobe,2259,6,xxxx,sc sc sc sc,0.5861,x_xx,♪ sc sc,0.0514,68,0.0301,0.0425,0.7077
2/4,2,xxxx,sc sc sc sc,s,sobe,2259,7,x_x_,♪ ♪,0.1434,x___,♩,0.1481,48,0.0212,0.0537,0.3955
2/4,2,xxxx,sc sc sc sc,s,sobe,2259,8,xxx_,sc sc ♪,0.0372,xxxx,sc sc sc sc,0.5119,43,0.019,0.0063,3.0227
2/4,2,xxxx,sc sc sc sc,s,sobe,2259,9,x_x_,♪ ♪,0.1434,x_xx,♪ sc sc,0.1265,41,0.0181,0.0067,2.721
2/4,2,xxxx,sc sc sc sc,s,sobe,2259,10,x___,♩,0.0491,xxxx,sc sc sc sc,0.3243,36,0.0159,0.0035,4.5034
2/4,1,x_x_,♪ ♪,d,desce,7334,1,x_x_,♪ ♪,0.4336,x_x_,♪ ♪,0.6173,1963,0.2677,0.2628,1.0185
2/4,1,x_x_,♪ ♪,d,desce,7334,2,x___,♩,0.3781,x_x_,♪ ♪,0.2463,683,0.0931,0.1083,0.8596
2/4,1,x_x_,♪ ♪,d,desce,7334,3,x___,♩,0.3781,x___,♩,0.2294,636,0.0867,0.0921,0.9418
2/4,1,x_x_,♪ ♪,d,desce,7334,4,x_x_,♪ ♪,0.4336,x___,♩,0.1937,616,0.084,0.0642,1.3077
2/4,1,x_x_,♪ ♪,d,desce,7334,5,x___,♩,0.3781,____,(lig.) ♩,0.185,513,0.0699,0.0645,1.0846
2/4,1,x_x_,♪ ♪,d,desce,7334,6,x__x,♪. sc,0.0657,x_x_,♪ ♪,0.6494,313,0.0427,0.0413,1.0337
2/4,1,x_x_,♪ ♪,d,desce,7334,7,x___,♩,0.3781,..x_,pausa ♪ ♪,0.11,305,0.0416,0.0312,1.3341
2/4,1,x_x_,♪ ♪,d,desce,7334,8,x___,♩,0.3781,__x_,(lig.) ♪ ♪,0.0923,256,0.0349,0.0343,1.0177
2/4,1,x_x_,♪ ♪,d,desce,7334,9,x_xx,♪ sc sc,0.0503,x_x_,♪ ♪,0.5122,189,0.0258,0.017,1.5161
2/4,1,x_x_,♪ ♪,d,desce,7334,10,x___,♩,0.3781,....,pausa ♩,0.049,136,0.0185,0.0151,1.227
2/4,2,x_x_,♪ ♪,d,desce,6411,1,x_x_,♪ ♪,0.6135,x_x_,♪ ♪,0.4556,1792,0.2795,0.2628,1.0637
2/4,2,x_x_,♪ ♪,d,desce,6411,2,x_x_,♪ ♪,0.6135,x___,♩,0.401,1577,0.246,0.239,1.0291
2/4,2,x_x_,♪ ♪,d,desce,6411,3,x___,♩,0.1736,x_x_,♪ ♪,0.5274,587,0.0916,0.0578,1.5837
2/4,2,x_x_,♪ ♪,d,desce,6411,4,x_xx,♪ sc sc,0.0763,x_x_,♪ ♪,0.4724,231,0.036,0.0225,1.6046
2/4,2,x_x_,♪ ♪,d,desce,6411,5,x___,♩,0.1736,x___,♩,0.1842,205,0.032,0.0481,0.6654
2/4,2,x_x_,♪ ♪,d,desce,6411,6,x_x_,♪ ♪,0.6135,x__x,♪. sc,0.0481,189,0.0295,0.0413,0.7133
2/4,2,x_x_,♪ ♪,d,desce,6411,7,x_x_,♪ ♪,0.6135,xxxx,sc sc sc sc,0.0445,175,0.0273,0.0266,1.0264
2/4,2,x_x_,♪ ♪,d,desce,6411,8,x_x_,♪ ♪,0.6135,x_xx,♪ sc sc,0.0272,107,0.0167,0.0297,0.5623
2/4,2,x_x_,♪ ♪,d,desce,6411,9,x___,♩,0.1736,x__x,♪. sc,0.0898,100,0.0156,0.0149,1.0469
2/4,2,x_x_,♪ ♪,d,desce,6411,10,x_xx,♪ sc sc,0.0763,x___,♩,0.2045,100,0.0156,0.0128,1.2146
2/4,1,x___,♩,s,sobe,2012,1,x_x_,♪ ♪,0.3574,x_x_,♪ ♪,0.5522,397,0.1973,0.2365,0.8342
2/4,1,x___,♩,s,sobe,2012,2,x___,♩,0.3002,x___,♩,0.3162,191,0.0949,0.0757,1.2533
2/4,1,x___,♩,s,sobe,2012,3,x_x_,♪ ♪,0.3574,x___,♩,0.21,151,0.075,0.0578,1.2981
2/4,1,x___,♩,s,sobe,2012,4,x__x,♪. sc,0.1173,x_x_,♪ ♪,0.6271,148,0.0736,0.0609,1.208
2/4,1,x___,♩,s,sobe,2012,5,x___,♩,0.3002,x_x_,♪ ♪,0.2103,127,0.0631,0.0891,0.7083
2/4,1,x___,♩,s,sobe,2012,6,x_xx,♪ sc sc,0.1069,x_x_,♪ ♪,0.4233,91,0.0452,0.0337,1.3414
2/4,1,x___,♩,s,sobe,2012,7,x___,♩,0.3002,____,(lig.) ♩,0.1258,76,0.0378,0.053,0.712
2/4,1,x___,♩,s,sobe,2012,8,x___,♩,0.3002,__x_,(lig.) ♪ ♪,0.1242,75,0.0373,0.0282,1.3213
2/4,1,x___,♩,s,sobe,2012,9,x___,♩,0.3002,..x_,pausa ♪ ♪,0.1043,63,0.0313,0.0256,1.2212
2/4,1,x___,♩,s,sobe,2012,10,x__x,♪. sc,0.1173,x___,♩,0.2076,49,0.0244,0.0118,2.0708
2/4,2,x___,♩,0,—,329,1,x_x_,♪ ♪,0.4529,x___,♩,0.6913,103,0.3131,0.1083,2.8898
2/4,2,x___,♩,0,—,329,2,x___,♩,0.3131,x___,♩,0.5825,60,0.1824,0.0757,2.4078
2/4,2,x___,♩,0,—,329,3,x_x_,♪ ♪,0.4529,x_x_,♪ ♪,0.2215,33,0.1003,0.1191,0.8422
2/4,2,x___,♩,0,—,329,4,x___,♩,0.3131,x_x_,♪ ♪,0.2524,26,0.079,0.0911,0.8673
2/4,2,x___,♩,0,—,329,5,x__x,♪. sc,0.0578,x___,♩,0.5263,10,0.0304,0.0067,4.5106
2/4,2,x___,♩,0,—,329,6,__x_,(lig.) ♪ ♪,0.0517,x_x_,♪ ♪,0.5882,10,0.0304,0.0351,0.8661
2/4,2,x___,♩,0,—,329,7,x___,♩,0.3131,x_xx,♪ sc sc,0.068,7,0.0213,0.0227,0.9382
2/4,2,x___,♩,0,—,329,8,x___,♩,0.3131,x__x,♪. sc,0.068,7,0.0213,0.0235,0.9061
2/4,2,x___,♩,0,—,329,9,__x_,(lig.) ♪ ♪,0.0517,x___,♩,0.4118,7,0.0213,0.0317,0.6708
2/4,2,x___,♩,0,—,329,10,x_x_,♪ ♪,0.4529,x_xx,♪ sc sc,0.0403,6,0.0182,0.0135,1.3558
2/4,2,x___,♩,r,repete,1283,1,x_x_,♪ ♪,0.3741,x___,♩,0.4958,238,0.1855,0.1083,1.7123
2/4,2,x___,♩,r,repete,1283,2,x_x_,♪ ♪,0.3741,x_x_,♪ ♪,0.3833,184,0.1434,0.1191,1.2042
2/4,2,x___,♩,r,repete,1283,3,x___,♩,0.2525,x___,♩,0.5185,168,0.1309,0.0757,1.7288
2/4,2,x___,♩,r,repete,1283,4,x___,♩,0.2525,x_x_,♪ ♪,0.3025,98,0.0764,0.0911,0.8383
2/4,2,x___,♩,r,repete,1283,5,__x_,(lig.) ♪ ♪,0.099,x___,♩,0.4488,57,0.0444,0.0317,1.4007
2/4,2,x___,♩,r,repete,1283,6,__x_,(lig.) ♪ ♪,0.099,x_x_,♪ ♪,0.4252,54,0.0421,0.0351,1.1993
2/4,2,x___,♩,r,repete,1283,7,____,(lig.) ♩,0.0701,x___,♩,0.4667,42,0.0327,0.0463,0.7077
2/4,2,x___,♩,r,repete,1283,8,x_x_,♪ ♪,0.3741,x__x,♪. sc,0.0729,35,0.0273,0.0187,1.4564
2/4,2,x___,♩,r,repete,1283,9,..x_,pausa ♪ ♪,0.0507,x_x_,♪ ♪,0.5231,34,0.0265,0.0469,0.5655
2/4,2,x___,♩,r,repete,1283,10,x___,♩,0.2525,x__x,♪. sc,0.0833,27,0.021,0.0235,0.8962
2/4,1,__x_,(lig.) ♪ ♪,d,desce,704,1,x_x_,♪ ♪,0.3977,x_x_,♪ ♪,0.7143,200,0.2841,0.2446,1.1616
2/4,1,__x_,(lig.) ♪ ♪,d,desce,704,2,x___,♩,0.3849,____,(lig.) ♩,0.3321,90,0.1278,0.0596,2.1435
2/4,1,__x_,(lig.) ♪ ♪,d,desce,704,3,x___,♩,0.3849,x___,♩,0.2583,70,0.0994,0.0852,1.1677
2/4,1,__x_,(lig.) ♪ ♪,d,desce,704,4,x__x,♪. sc,0.1108,x_x_,♪ ♪,0.7564,59,0.0838,0.0691,1.2126
2/4,1,__x_,(lig.) ♪ ♪,d,desce,704,5,x___,♩,0.3849,x_x_,♪ ♪,0.1734,47,0.0668,0.1002,0.6664
2/4,1,__x_,(lig.) ♪ ♪,d,desce,704,6,x___,♩,0.3849,__x_,(lig.) ♪ ♪,0.1328,36,0.0511,0.0317,1.6122
2/4,1,__x_,(lig.) ♪ ♪,d,desce,704,7,x_x_,♪ ♪,0.3977,x___,♩,0.1179,33,0.0469,0.0598,0.7841
2/4,1,__x_,(lig.) ♪ ♪,d,desce,704,8,x_xx,♪ sc sc,0.0511,x_x_,♪ ♪,0.4444,16,0.0227,0.0224,1.0152
2/4,1,__x_,(lig.) ♪ ♪,d,desce,704,9,x_x_,♪ ♪,0.3977,__x_,(lig.) ♪ ♪,0.05,14,0.0199,0.0136,1.4649
2/4,1,__x_,(lig.) ♪ ♪,d,desce,704,10,x___,♩,0.3849,....,pausa ♩,0.0369,10,0.0142,0.014,1.0163
2/4,2,x_xx,♪ sc sc,d,desce,1462,1,x_x_,♪ ♪,0.3276,x_x_,♪ ♪,0.3215,154,0.1053,0.1505,0.6999
2/4,2,x_xx,♪ sc sc,d,desce,1462,2,x_x_,♪ ♪,0.3276,x___,♩,0.2797,134,0.0917,0.1369,0.6695
2/4,2,x_xx,♪ sc sc,d,desce,1462,3,xxxx,sc sc sc sc,0.1751,xxxx,sc sc sc sc,0.4727,121,0.0828,0.0922,0.898
2/4,2,x_xx,♪ sc sc,d,desce,1462,4,x_x_,♪ ♪,0.3276,x_xx,♪ sc sc,0.2109,101,0.0691,0.017,4.0643
2/4,2,x_xx,♪ sc sc,d,desce,1462,5,x___,♩,0.1888,x_x_,♪ ♪,0.3478,96,0.0657,0.0607,1.0819
2/4,2,x_xx,♪ sc sc,d,desce,1462,6,x_xx,♪ sc sc,0.2059,x_xx,♪ sc sc,0.2824,85,0.0581,0.0274,2.1244
2/4,2,x_xx,♪ sc sc,d,desce,1462,7,x___,♩,0.1888,x_xx,♪ sc sc,0.2681,74,0.0506,0.0151,3.3507
2/4,2,x_xx,♪ sc sc,d,desce,1462,8,x_xx,♪ sc sc,0.2059,xxxx,sc sc sc sc,0.2193,66,0.0451,0.0614,0.7351
2/4,2,x_xx,♪ sc sc,d,desce,1462,9,x_xx,♪ sc sc,0.2059,x___,♩,0.2126,64,0.0438,0.0357,1.2276
2/4,2,x_xx,♪ sc sc,d,desce,1462,10,x_xx,♪ sc sc,0.2059,x_x_,♪ ♪,0.2027,61,0.0417,0.0624,0.6692
2/4,1,x_xx,♪ sc sc,d,desce,1286,1,xxxx,sc sc sc sc,0.3048,xxxx,sc sc sc sc,0.5561,218,0.1695,0.1688,1.0045
2/4,1,x_xx,♪ sc sc,d,desce,1286,2,x_x_,♪ ♪,0.2589,x_x_,♪ ♪,0.3393,113,0.0879,0.1863,0.4716
2/4,1,x_xx,♪ sc sc,d,desce,1286,3,x___,♩,0.1975,____,(lig.) ♩,0.3819,97,0.0754,0.0288,2.6234
2/4,1,x_xx,♪ sc sc,d,desce,1286,4,xxxx,sc sc sc sc,0.3048,x_xx,♪ sc sc,0.2372,93,0.0723,0.0422,1.7152
2/4,1,x_xx,♪ sc sc,d,desce,1286,5,x_x_,♪ ♪,0.2589,x_xx,♪ sc sc,0.2192,73,0.0568,0.0225,2.5279
2/4,1,x_xx,♪ sc sc,d,desce,1286,6,x_x_,♪ ♪,0.2589,x___,♩,0.1742,58,0.0451,0.0455,0.9902
2/4,1,x_xx,♪ sc sc,d,desce,1286,7,x_xx,♪ sc sc,0.1291,x_xx,♪ sc sc,0.3072,51,0.0397,0.0274,1.4491
2/4,1,x_xx,♪ sc sc,d,desce,1286,8,x___,♩,0.1975,x___,♩,0.189,48,0.0373,0.0411,0.9092
2/4,1,x_xx,♪ sc sc,d,desce,1286,9,x_xx,♪ sc sc,0.1291,x_x_,♪ ♪,0.2289,38,0.0295,0.0468,0.6309
2/4,1,x_xx,♪ sc sc,d,desce,1286,10,x_xx,♪ sc sc,0.1291,xxxx,sc sc sc sc,0.2229,37,0.0288,0.0218,1.3196
2/4,2,x___,♩,s,sobe,4887,1,x_x_,♪ ♪,0.3284,x___,♩,0.4978,799,0.1635,0.1083,1.5092
2/4,2,x___,♩,s,sobe,4887,2,x___,♩,0.2521,x___,♩,0.5536,682,0.1396,0.0757,1.8425
2/4,2,x___,♩,s,sobe,4887,3,x_x_,♪ ♪,0.3284,x_x_,♪ ♪,0.3969,637,0.1303,0.1191,1.0944
2/4,2,x___,♩,s,sobe,4887,4,x___,♩,0.2521,x_x_,♪ ♪,0.2727,336,0.0688,0.0911,0.7546
2/4,2,x___,♩,s,sobe,4887,5,__x_,(lig.) ♪ ♪,0.0896,x_x_,♪ ♪,0.4543,199,0.0407,0.0351,1.1603
2/4,2,x___,♩,s,sobe,4887,6,..x_,pausa ♪ ♪,0.0698,x_x_,♪ ♪,0.566,193,0.0395,0.0469,0.8427
2/4,2,x___,♩,s,sobe,4887,7,____,(lig.) ♩,0.1168,x___,♩,0.338,193,0.0395,0.0463,0.8538
2/4,2,x___,♩,s,sobe,4887,8,__x_,(lig.) ♪ ♪,0.0896,x___,♩,0.3927,172,0.0352,0.0317,1.1096
2/4,2,x___,♩,s,sobe,4887,9,____,(lig.) ♩,0.1168,x_x_,♪ ♪,0.2977,170,0.0348,0.0549,0.6339
2/4,2,x___,♩,s,sobe,4887,10,x___,♩,0.2521,x__x,♪. sc,0.0869,107,0.0219,0.0235,0.9324
2/4,2,xxxx,sc sc sc sc,d,desce,2672,1,xxxx,sc sc sc sc,0.5734,xxxx,sc sc sc sc,0.6815,1044,0.3907,0.3179,1.229
2/4,2,xxxx,sc sc sc sc,d,desce,2672,2,xxxx,sc sc sc sc,0.5734,x_x_,♪ ♪,0.1717,263,0.0984,0.1041,0.9454
2/4,2,xxxx,sc sc sc sc,d,desce,2672,3,x_xx,♪ sc sc,0.1374,xxxx,sc sc sc sc,0.6812,250,0.0936,0.0422,2.2191
2/4,2,xxxx,sc sc sc sc,d,desce,2672,4,x_x_,♪ ♪,0.1276,x_x_,♪ ♪,0.3519,120,0.0449,0.0591,0.7604
2/4,2,xxxx,sc sc sc sc,d,desce,2672,5,xxxx,sc sc sc sc,0.5734,x_xx,♪ sc sc,0.0718,110,0.0412,0.0425,0.9679
2/4,2,xxxx,sc sc sc sc,d,desce,2672,6,x_x_,♪ ♪,0.1276,xxxx,sc sc sc sc,0.3109,106,0.0397,0.006,6.6375
2/4,2,xxxx,sc sc sc sc,d,desce,2672,7,x___,♩,0.0842,x_x_,♪ ♪,0.2889,65,0.0243,0.0282,0.8624
2/4,2,xxxx,sc sc sc sc,d,desce,2672,8,xxxx,sc sc sc sc,0.5734,x___,♩,0.0392,60,0.0225,0.0686,0.3275
2/4,2,xxxx,sc sc sc sc,d,desce,2672,9,xxx_,sc sc ♪,0.0359,xxxx,sc sc sc sc,0.5521,53,0.0198,0.0063,3.1498
2/4,2,xxxx,sc sc sc sc,d,desce,2672,10,x___,♩,0.0842,xxxx,sc sc sc sc,0.2311,52,0.0195,0.0035,5.4995
2/4,1,xxxx,sc sc sc sc,d,desce,2404,1,xxxx,sc sc sc sc,0.5541,xxxx,sc sc sc sc,0.6749,899,0.374,0.3179,1.1763
2/4,1,xxxx,sc sc sc sc,d,desce,2404,2,xxxx,sc sc sc sc,0.5541,x_xx,♪ sc sc,0.1441,192,0.0799,0.0794,1.0056
2/4,1,xxxx,sc sc sc sc,d,desce,2404,3,x_x_,♪ ♪,0.1739,x_x_,♪ ♪,0.3301,138,0.0574,0.1132,0.5071
2/4,1,xxxx,sc sc sc sc,d,desce,2404,4,xxxx,sc sc sc sc,0.5541,x_x_,♪ ♪,0.0938,125,0.052,0.0777,0.6692
2/4,1,xxxx,sc sc sc sc,d,desce,2404,5,x_x_,♪ ♪,0.1739,x_xx,♪ sc sc,0.2608,109,0.0453,0.0136,3.3233
2/4,1,xxxx,sc sc sc sc,d,desce,2404,6,x___,♩,0.1186,____,(lig.) ♩,0.3123,89,0.037,0.0201,1.8405
2/4,1,xxxx,sc sc sc sc,d,desce,2404,7,x_xx,♪ sc sc,0.0749,xxxx,sc sc sc sc,0.4611,83,0.0345,0.0123,2.8001
2/4,1,xxxx,sc sc sc sc,d,desce,2404,8,x___,♩,0.1186,x___,♩,0.2105,60,0.025,0.0287,0.869
2/4,1,xxxx,sc sc sc sc,d,desce,2404,9,xxxx,sc sc sc sc,0.5541,xxx_,sc sc ♪,0.0435,58,0.0241,0.0222,1.0876
2/4,1,xxxx,sc sc sc sc,d,desce,2404,10,x_x_,♪ ♪,0.1739,xxxx,sc sc sc sc,0.1316,55,0.0229,0.0063,3.6148
2/4,2,x_x_,♪ ♪,r,repete,4833,1,x_x_,♪ ♪,0.6292,x_x_,♪ ♪,0.4696,1428,0.2955,0.2628,1.1244
2/4,2,x_x_,♪ ♪,r,repete,4833,2,x_x_,♪ ♪,0.6292,x___,♩,0.4104,1248,0.2582,0.239,1.0803
2/4,2,x_x_,♪ ♪,r,repete,4833,3,x___,♩,0.0997,x_x_,♪ ♪,0.6017,290,0.06,0.0578,1.0379
2/4,2,x_x_,♪ ♪,r,repete,4833,4,x_xx,♪ sc sc,0.0799,x_x_,♪ ♪,0.4326,167,0.0346,0.0225,1.5388
2/4,2,x_x_,♪ ♪,r,repete,4833,5,x_x_,♪ ♪,0.6292,x__x,♪. sc,0.0424,129,0.0267,0.0413,0.6458
2/4,2,x_x_,♪ ♪,r,repete,4833,6,x_x_,♪ ♪,0.6292,x_xx,♪ sc sc,0.0381,116,0.024,0.0297,0.8087
2/4,2,x_x_,♪ ♪,r,repete,4833,7,__x_,(lig.) ♪ ♪,0.0513,x___,♩,0.3831,95,0.0197,0.0123,1.6021
2/4,2,x_x_,♪ ♪,r,repete,4833,8,x_xx,♪ sc sc,0.0799,x___,♩,0.2383,92,0.019,0.0128,1.4823
2/4,2,x_x_,♪ ♪,r,repete,4833,9,xxxx,sc sc sc sc,0.0426,x_x_,♪ ♪,0.3835,79,0.0163,0.0063,2.5826
2/4,2,x_x_,♪ ♪,r,repete,4833,10,__x_,(lig.) ♪ ♪,0.0513,x_x_,♪ ♪,0.3024,75,0.0155,0.0136,1.1431
2/4,1,x_x_,♪ ♪,s,sobe,5783,1,x_x_,♪ ♪,0.3977,x_x_,♪ ♪,0.6387,1469,0.254,0.2628,0.9667
2/4,1,x_x_,♪ ♪,s,sobe,5783,2,x___,♩,0.3811,x_x_,♪ ♪,0.3471,765,0.1323,0.1083,1.2211
2/4,1,x_x_,♪ ♪,s,sobe,5783,3,x___,♩,0.3811,x___,♩,0.2164,477,0.0825,0.0921,0.8958
2/4,1,x_x_,♪ ♪,s,sobe,5783,4,x_x_,♪ ♪,0.3977,x___,♩,0.1665,383,0.0662,0.0642,1.0311
2/4,1,x_x_,♪ ♪,s,sobe,5783,5,x__x,♪. sc,0.0813,x_x_,♪ ♪,0.7277,342,0.0591,0.0413,1.4324
2/4,1,x_x_,♪ ♪,s,sobe,5783,6,x___,♩,0.3811,____,(lig.) ♩,0.132,291,0.0503,0.0645,0.7802
2/4,1,x_x_,♪ ♪,s,sobe,5783,7,x___,♩,0.3811,..x_,pausa ♪ ♪,0.0998,220,0.038,0.0312,1.2204
2/4,1,x_x_,♪ ♪,s,sobe,5783,8,x___,♩,0.3811,__x_,(lig.) ♪ ♪,0.0776,171,0.0296,0.0343,0.8621
2/4,1,x_x_,♪ ♪,s,sobe,5783,9,x_xx,♪ sc sc,0.0529,x_x_,♪ ♪,0.4444,136,0.0235,0.017,1.3836
2/4,1,x_x_,♪ ♪,s,sobe,5783,10,xxxx,sc sc sc sc,0.0536,x_x_,♪ ♪,0.3548,110,0.019,0.006,3.1826
2/4,1,x_x_,♪ ♪,r,repete,3850,1,x_x_,♪ ♪,0.5208,x_x_,♪ ♪,0.6813,1366,0.3548,0.2628,1.3502
2/4,1,x_x_,♪ ♪,r,repete,3850,2,x___,♩,0.3112,x_x_,♪ ♪,0.3497,419,0.1088,0.1083,1.0046
2/4,1,x_x_,♪ ♪,r,repete,3850,3,x_x_,♪ ♪,0.5208,x___,♩,0.2075,416,0.1081,0.0642,1.6822
2/4,1,x_x_,♪ ♪,r,repete,3850,4,x___,♩,0.3112,x___,♩,0.2479,297,0.0771,0.0921,0.8378
2/4,1,x_x_,♪ ♪,r,repete,3850,5,x__x,♪. sc,0.061,x_x_,♪ ♪,0.6426,151,0.0392,0.0413,0.95
2/4,1,x_x_,♪ ♪,r,repete,3850,6,x___,♩,0.3112,..x_,pausa ♪ ♪,0.1077,129,0.0335,0.0312,1.0749
2/4,1,x_x_,♪ ♪,r,repete,3850,7,x___,♩,0.3112,__x_,(lig.) ♪ ♪,0.0902,108,0.0281,0.0343,0.8179
2/4,1,x_x_,♪ ♪,r,repete,3850,8,x_xx,♪ sc sc,0.0436,x_x_,♪ ♪,0.4167,70,0.0182,0.017,1.0697
2/4,1,x_x_,♪ ♪,r,repete,3850,9,x___,♩,0.3112,....,pausa ♩,0.0568,68,0.0177,0.0151,1.1687
2/4,1,x_x_,♪ ♪,r,repete,3850,10,x_x_,♪ ♪,0.5208,x_..,♪ pausa ♪,0.0334,67,0.0174,0.0063,2.7591
2/4,2,x___,♩,d,desce,4790,1,x___,♩,0.2198,x___,♩,0.566,596,0.1244,0.0757,1.6427
2/4,2,x___,♩,d,desce,4790,2,x_x_,♪ ♪,0.2273,x___,♩,0.5106,556,0.1161,0.1083,1.0715
2/4,2,x___,♩,d,desce,4790,3,x_x_,♪ ♪,0.2273,x_x_,♪ ♪,0.3857,420,0.0877,0.1191,0.7362
2/4,2,x___,♩,d,desce,4790,4,..x_,pausa ♪ ♪,0.115,x_x_,♪ ♪,0.6243,344,0.0718,0.0469,1.5325
2/4,2,x___,♩,d,desce,4790,5,x___,♩,0.2198,x_x_,♪ ♪,0.2877,303,0.0633,0.0911,0.6942
2/4,2,x___,♩,d,desce,4790,6,____,(lig.) ♩,0.1745,x_x_,♪ ♪,0.3421,286,0.0597,0.0549,1.088
2/4,2,x___,♩,d,desce,4790,7,____,(lig.) ♩,0.1745,x___,♩,0.2799,234,0.0489,0.0463,1.0562
2/4,2,x___,♩,d,desce,4790,8,__x_,(lig.) ♪ ♪,0.0981,x_x_,♪ ♪,0.4511,212,0.0443,0.0351,1.2612
2/4,2,x___,♩,d,desce,4790,9,__x_,(lig.) ♪ ♪,0.0981,x___,♩,0.3894,183,0.0382,0.0317,1.2045
2/4,2,x___,♩,d,desce,4790,10,....,pausa ♩,0.0545,x_x_,♪ ♪,0.433,113,0.0236,0.0158,1.49
2/4,1,..xx,pausa ♪ sc sc,s,sobe,291,1,x_x_,♪ ♪,0.4742,x_x_,♪ ♪,0.6014,83,0.2852,0.2777,1.027
2/4,1,..xx,pausa ♪ sc sc,s,sobe,291,2,xxxx,sc sc sc sc,0.1684,xxxx,sc sc sc sc,0.7959,39,0.134,0.1305,1.0269
2/4,1,..xx,pausa ♪ sc sc,s,sobe,291,3,x_x_,♪ ♪,0.4742,x_xx,♪ sc sc,0.2681,37,0.1271,0.0335,3.799
2/4,1,..xx,pausa ♪ sc sc,s,sobe,291,4,x_xx,♪ sc sc,0.1512,x_xx,♪ sc sc,0.5682,25,0.0859,0.0287,2.9979
2/4,1,..xx,pausa ♪ sc sc,s,sobe,291,5,x__x,♪. sc,0.1409,x_x_,♪ ♪,0.439,18,0.0619,0.0709,0.8726
2/4,1,..xx,pausa ♪ sc sc,s,sobe,291,6,x_x_,♪ ♪,0.4742,xxxx,sc sc sc sc,0.0942,13,0.0447,0.0155,2.8773
2/4,1,..xx,pausa ♪ sc sc,s,sobe,291,7,x__x,♪. sc,0.1409,xxxx,sc sc sc sc,0.2439,10,0.0344,0.0073,4.725
2/4,1,..xx,pausa ♪ sc sc,s,sobe,291,8,x_xx,♪ sc sc,0.1512,x_x_,♪ ♪,0.2273,10,0.0344,0.049,0.7007
2/4,1,..xx,pausa ♪ sc sc,s,sobe,291,9,xxxx,sc sc sc sc,0.1684,x_xx,♪ sc sc,0.1633,8,0.0275,0.0326,0.8432
2/4,1,..xx,pausa ♪ sc sc,s,sobe,291,10,x___,♩,0.0619,x___,♩,0.3889,7,0.0241,0.0113,2.1267
2/4,1,x_xx,♪ sc sc,s,sobe,1351,1,xxxx,sc sc sc sc,0.3509,xxxx,sc sc sc sc,0.7363,349,0.2583,0.1688,1.5307
2/4,1,x_xx,♪ sc sc,s,sobe,1351,2,x_x_,♪ ♪,0.2902,x_x_,♪ ♪,0.4286,168,0.1244,0.1863,0.6674
2/4,1,x_xx,♪ sc sc,s,sobe,1351,3,x_x_,♪ ♪,0.2902,x_xx,♪ sc sc,0.2219,87,0.0644,0.0225,2.8677
2/4,1,x_xx,♪ sc sc,s,sobe,1351,4,xxxx,sc sc sc sc,0.3509,x_xx,♪ sc sc,0.1561,74,0.0548,0.0422,1.2991
2/4,1,x_xx,♪ sc sc,s,sobe,1351,5,x_xx,♪ sc sc,0.1392,x_xx,♪ sc sc,0.3511,66,0.0489,0.0274,1.7851
2/4,1,x_xx,♪ sc sc,s,sobe,1351,6,x_x_,♪ ♪,0.2902,x___,♩,0.1429,56,0.0415,0.0455,0.9101
2/4,1,x_xx,♪ sc sc,s,sobe,1351,7,x___,♩,0.131,____,(lig.) ♩,0.2938,52,0.0385,0.0288,1.3387
2/4,1,x_xx,♪ sc sc,s,sobe,1351,8,x_xx,♪ sc sc,0.1392,x_x_,♪ ♪,0.2287,43,0.0318,0.0468,0.6795
2/4,1,x_xx,♪ sc sc,s,sobe,1351,9,x_xx,♪ sc sc,0.1392,xxxx,sc sc sc sc,0.1809,34,0.0252,0.0218,1.1542
2/4,1,x_xx,♪ sc sc,s,sobe,1351,10,x_x_,♪ ♪,0.2902,xxxx,sc sc sc sc,0.0791,31,0.0229,0.0104,2.2027
2/4,2,x__x,♪. sc,d,desce,1407,1,x_x_,♪ ♪,0.6112,x___,♩,0.3919,337,0.2395,0.2388,1.0031
2/4,2,x__x,♪. sc,d,desce,1407,2,x_x_,♪ ♪,0.6112,x_x_,♪ ♪,0.3465,298,0.2118,0.2625,0.8068
2/4,2,x__x,♪. sc,d,desce,1407,3,x_x_,♪ ♪,0.6112,x__x,♪. sc,0.1535,132,0.0938,0.0413,2.2723
2/4,2,x__x,♪. sc,d,desce,1407,4,x___,♩,0.1357,x_x_,♪ ♪,0.2932,56,0.0398,0.0456,0.8722
2/4,2,x__x,♪. sc,d,desce,1407,5,x__x,♪. sc,0.0888,x___,♩,0.416,52,0.037,0.03,1.2314
2/4,2,x__x,♪. sc,d,desce,1407,6,x___,♩,0.1357,x__x,♪. sc,0.2513,48,0.0341,0.0118,2.9008
2/4,2,x__x,♪. sc,d,desce,1407,7,x___,♩,0.1357,x_xx,♪ sc sc,0.2094,40,0.0284,0.0114,2.503
2/4,2,x__x,♪. sc,d,desce,1407,8,x__x,♪. sc,0.0888,x__x,♪. sc,0.304,38,0.027,0.0149,1.8097
2/4,2,x__x,♪. sc,d,desce,1407,9,x_x_,♪ ♪,0.6112,xxxx,sc sc sc sc,0.0372,32,0.0227,0.0266,0.8561
2/4,2,x__x,♪. sc,d,desce,1407,10,x_xx,♪ sc sc,0.0604,x_x_,♪ ♪,0.3647,31,0.022,0.0179,1.2317
2/4,1,x__x,♪. sc,s,sobe,390,1,x_x_,♪ ♪,0.2846,x_x_,♪ ♪,0.4414,49,0.1256,0.176,0.714
2/4,1,x__x,♪. sc,s,sobe,390,2,x___,♩,0.2923,x_x_,♪ ♪,0.2719,31,0.0795,0.0922,0.8618
2/4,1,x__x,♪. sc,s,sobe,390,3,x_x_,♪ ♪,0.2846,x___,♩,0.2252,25,0.0641,0.043,1.4904
2/4,1,x__x,♪. sc,s,sobe,390,4,x__x,♪. sc,0.1359,x__x,♪. sc,0.3962,21,0.0538,0.0149,3.6081
2/4,1,x__x,♪. sc,s,sobe,390,5,x___,♩,0.2923,x__x,♪. sc,0.1579,18,0.0462,0.0067,6.8491
2/4,1,x__x,♪. sc,s,sobe,390,6,x__x,♪. sc,0.1359,x_x_,♪ ♪,0.3208,17,0.0436,0.1011,0.4312
2/4,1,x__x,♪. sc,s,sobe,390,7,x_xx,♪ sc sc,0.1154,x_x_,♪ ♪,0.3333,15,0.0385,0.0319,1.2067
2/4,1,x__x,♪. sc,s,sobe,390,8,xxxx,sc sc sc sc,0.1308,xxxx,sc sc sc sc,0.2745,14,0.0359,0.0532,0.6741
2/4,1,x__x,♪. sc,s,sobe,390,9,x___,♩,0.2923,x___,♩,0.114,13,0.0333,0.0784,0.4252
2/4,1,x__x,♪. sc,s,sobe,390,10,x_xx,♪ sc sc,0.1154,x___,♩,0.2889,13,0.0333,0.0143,2.3342
2/4,1,xxxx,sc sc sc sc,s,sobe,1665,1,xxxx,sc sc sc sc,0.642,xxxx,sc sc sc sc,0.7231,773,0.4643,0.3179,1.4603
2/4,1,xxxx,sc sc sc sc,s,sobe,1665,2,xxxx,sc sc sc sc,0.642,x_xx,♪ sc sc,0.1553,166,0.0997,0.0794,1.2553
2/4,1,xxxx,sc sc sc sc,s,sobe,1665,3,x_x_,♪ ♪,0.1381,x_xx,♪ sc sc,0.3565,82,0.0492,0.0136,3.6098
2/4,1,xxxx,sc sc sc sc,s,sobe,1665,4,x_xx,♪ sc sc,0.0835,xxxx,sc sc sc sc,0.5612,78,0.0468,0.0123,3.7994
2/4,1,xxxx,sc sc sc sc,s,sobe,1665,5,x___,♩,0.1039,____,(lig.) ♩,0.4162,72,0.0432,0.0201,2.1498
2/4,1,xxxx,sc sc sc sc,s,sobe,1665,6,x_x_,♪ ♪,0.1381,x_x_,♪ ♪,0.2652,61,0.0366,0.1132,0.3236
2/4,1,xxxx,sc sc sc sc,s,sobe,1665,7,xxxx,sc sc sc sc,0.642,x_x_,♪ ♪,0.0514,55,0.033,0.0777,0.4252
2/4,1,xxxx,sc sc sc sc,s,sobe,1665,8,xxxx,sc sc sc sc,0.642,xxx_,sc sc ♪,0.0346,37,0.0222,0.0222,1.0018
2/4,1,xxxx,sc sc sc sc,s,sobe,1665,9,x_xx,♪ sc sc,0.0835,x_xx,♪ sc sc,0.1727,24,0.0144,0.0155,0.9314
2/4,1,xxxx,sc sc sc sc,s,sobe,1665,10,x_x_,♪ ♪,0.1381,x___,♩,0.0957,22,0.0132,0.0277,0.4775
2/4,2,x_xx,♪ sc sc,r,repete,439,1,x_x_,♪ ♪,0.5034,x_x_,♪ ♪,0.3846,85,0.1936,0.1505,1.2866
2/4,2,x_xx,♪ sc sc,r,repete,439,2,x_x_,♪ ♪,0.5034,x___,♩,0.2851,63,0.1435,0.1369,1.0483
2/4,2,x_xx,♪ sc sc,r,repete,439,3,x_xx,♪ sc sc,0.2301,x_x_,♪ ♪,0.3366,34,0.0774,0.0624,1.2421
2/4,2,x_xx,♪ sc sc,r,repete,439,4,x_x_,♪ ♪,0.5034,x_xx,♪ sc sc,0.1357,30,0.0683,0.017,4.0204
2/4,2,x_xx,♪ sc sc,r,repete,439,5,x_xx,♪ sc sc,0.2301,x___,♩,0.2376,24,0.0547,0.0357,1.5332
2/4,2,x_xx,♪ sc sc,r,repete,439,6,x_xx,♪ sc sc,0.2301,xxxx,sc sc sc sc,0.1782,18,0.041,0.0614,0.6677
2/4,2,x_xx,♪ sc sc,r,repete,439,7,x_x_,♪ ♪,0.5034,x__x,♪. sc,0.0769,17,0.0387,0.0237,1.636
2/4,2,x_xx,♪ sc sc,r,repete,439,8,x___,♩,0.0888,x_xx,♪ sc sc,0.4103,16,0.0364,0.0151,2.4127
2/4,2,x_xx,♪ sc sc,r,repete,439,9,x_xx,♪ sc sc,0.2301,x_xx,♪ sc sc,0.1485,15,0.0342,0.0274,1.2485
2/4,2,x_xx,♪ sc sc,r,repete,439,10,x_x_,♪ ♪,0.5034,xxxx,sc sc sc sc,0.0679,15,0.0342,0.0152,2.2435
2/4,1,x_..,♪ pausa ♪,d,desce,388,1,x_x_,♪ ♪,0.5206,x_x_,♪ ♪,0.7624,154,0.3969,0.2917,1.3608
2/4,1,x_..,♪ pausa ♪,d,desce,388,2,x___,♩,0.2216,x_x_,♪ ♪,0.4767,41,0.1057,0.0549,1.9237
2/4,1,x_..,♪ pausa ♪,d,desce,388,3,x__x,♪. sc,0.0722,x_x_,♪ ♪,0.8214,23,0.0593,0.063,0.9409
2/4,1,x_..,♪ pausa ♪,d,desce,388,4,x___,♩,0.2216,x___,♩,0.2093,18,0.0464,0.0467,0.9936
2/4,1,x_..,♪ pausa ♪,d,desce,388,5,x_x_,♪ ♪,0.5206,x_xx,♪ sc sc,0.0644,13,0.0335,0.0352,0.9532
2/4,1,x_..,♪ pausa ♪,d,desce,388,6,x_xx,♪ sc sc,0.1031,x_x_,♪ ♪,0.325,13,0.0335,0.044,0.7612
2/4,1,x_..,♪ pausa ♪,d,desce,388,7,x_xx,♪ sc sc,0.1031,x_xx,♪ sc sc,0.3,12,0.0309,0.0257,1.2026
2/4,1,x_..,♪ pausa ♪,d,desce,388,8,x___,♩,0.2216,x_..,♪ pausa ♪,0.1163,10,0.0258,0.0034,7.6497
2/4,1,x_..,♪ pausa ♪,d,desce,388,9,x_x_,♪ ♪,0.5206,xxx_,sc sc ♪,0.0446,9,0.0232,0.0084,2.7515
2/4,1,x_..,♪ pausa ♪,d,desce,388,10,x_x_,♪ ♪,0.5206,x___,♩,0.0396,8,0.0206,0.0713,0.2892
2/4,2,x_xx,♪ sc sc,s,sobe,1309,1,x_x_,♪ ♪,0.3377,x___,♩,0.3281,145,0.1108,0.1369,0.8092
2/4,2,x_xx,♪ sc sc,s,sobe,1309,2,x_x_,♪ ♪,0.3377,x_x_,♪ ♪,0.2919,129,0.0985,0.1505,0.6548
2/4,2,x_xx,♪ sc sc,s,sobe,1309,3,xxxx,sc sc sc sc,0.1818,xxxx,sc sc sc sc,0.4538,108,0.0825,0.0922,0.8952
2/4,2,x_xx,♪ sc sc,s,sobe,1309,4,x_x_,♪ ♪,0.3377,x_xx,♪ sc sc,0.1855,82,0.0626,0.017,3.6854
2/4,2,x_xx,♪ sc sc,s,sobe,1309,5,x_xx,♪ sc sc,0.204,x___,♩,0.2472,66,0.0504,0.0357,1.414
2/4,2,x_xx,♪ sc sc,s,sobe,1309,6,x_xx,♪ sc sc,0.204,xxxx,sc sc sc sc,0.2397,64,0.0489,0.0614,0.7962
2/4,2,x_xx,♪ sc sc,s,sobe,1309,7,x_xx,♪ sc sc,0.204,x_xx,♪ sc sc,0.2322,62,0.0474,0.0274,1.7307
2/4,2,x_xx,♪ sc sc,s,sobe,1309,8,x___,♩,0.1375,x_xx,♪ sc sc,0.3222,58,0.0443,0.0151,2.9332
2/4,2,x_xx,♪ sc sc,s,sobe,1309,9,x_xx,♪ sc sc,0.204,x_x_,♪ ♪,0.191,51,0.039,0.0624,0.6249
2/4,2,x_xx,♪ sc sc,s,sobe,1309,10,xxxx,sc sc sc sc,0.1818,x___,♩,0.2143,51,0.039,0.0199,1.9602
2/4,1,x__x,♪. sc,d,desce,501,1,x_x_,♪ ♪,0.2874,x_x_,♪ ♪,0.3889,56,0.1118,0.176,0.6352
2/4,1,x__x,♪. sc,d,desce,501,2,x__x,♪. sc,0.1896,x_x_,♪ ♪,0.3895,37,0.0739,0.1011,0.7306
2/4,1,x__x,♪. sc,d,desce,501,3,x___,♩,0.3114,x___,♩,0.2051,32,0.0639,0.0784,0.8147
2/4,1,x__x,♪. sc,d,desce,501,4,x__x,♪. sc,0.1896,x__x,♪. sc,0.3053,29,0.0579,0.0149,3.8787
2/4,1,x__x,♪. sc,d,desce,501,5,x___,♩,0.3114,____,(lig.) ♩,0.1731,27,0.0539,0.0549,0.9815
2/4,1,x__x,♪. sc,d,desce,501,6,x_x_,♪ ♪,0.2874,x___,♩,0.1736,25,0.0499,0.043,1.1602
2/4,1,x__x,♪. sc,d,desce,501,7,x_x_,♪ ♪,0.2874,x__x,♪. sc,0.1597,23,0.0459,0.0049,9.4519
2/4,1,x__x,♪. sc,d,desce,501,8,x___,♩,0.3114,x_x_,♪ ♪,0.1474,23,0.0459,0.0922,0.4977
2/4,1,x__x,♪. sc,d,desce,501,9,xxxx,sc sc sc sc,0.0958,xxxx,sc sc sc sc,0.3958,19,0.0379,0.0532,0.7122
2/4,1,x__x,♪. sc,d,desce,501,10,x___,♩,0.3114,..x_,pausa ♪ ♪,0.1154,18,0.0359,0.0265,1.3538
2/4,1,x___,♩,d,desce,2770,1,x_x_,♪ ♪,0.3982,x_x_,♪ ♪,0.6374,703,0.2538,0.2365,1.073
2/4,1,x___,♩,d,desce,2770,2,x___,♩,0.2848,x_x_,♪ ♪,0.2725,215,0.0776,0.0891,0.871
2/4,1,x___,♩,d,desce,2770,3,x___,♩,0.2848,x___,♩,0.2624,207,0.0747,0.0757,0.9866
2/4,1,x___,♩,d,desce,2770,4,x__x,♪. sc,0.0978,x_x_,♪ ♪,0.6605,179,0.0646,0.0609,1.0612
2/4,1,x___,♩,d,desce,2770,5,x_x_,♪ ♪,0.3982,x___,♩,0.1451,160,0.0578,0.0578,0.9991
2/4,1,x___,♩,d,desce,2770,6,x_xx,♪ sc sc,0.1054,x_x_,♪ ♪,0.387,113,0.0408,0.0337,1.2099
2/4,1,x___,♩,d,desce,2770,7,x___,♩,0.2848,____,(lig.) ♩,0.1394,110,0.0397,0.053,0.7486
2/4,1,x___,♩,d,desce,2770,8,x_x_,♪ ♪,0.3982,x_xx,♪ sc sc,0.078,86,0.031,0.0285,1.0892
2/4,1,x___,♩,d,desce,2770,9,x_xx,♪ sc sc,0.1054,x_xx,♪ sc sc,0.2397,70,0.0253,0.0197,1.2828
2/4,1,x___,♩,d,desce,2770,10,x___,♩,0.2848,..x_,pausa ♪ ♪,0.0862,68,0.0245,0.0256,0.9574
2/4,1,____,(lig.) ♩,d,desce,988,1,x_x_,♪ ♪,0.3623,x_x_,♪ ♪,0.4916,176,0.1781,0.2034,0.8758
2/4,1,____,(lig.) ♩,d,desce,988,2,x___,♩,0.246,x_x_,♪ ♪,0.358,87,0.0881,0.0777,1.1333
2/4,1,____,(lig.) ♩,d,desce,988,3,x__x,♪. sc,0.1093,x_x_,♪ ♪,0.6389,69,0.0698,0.0675,1.0346
2/4,1,____,(lig.) ♩,d,desce,988,4,x___,♩,0.246,x___,♩,0.2675,65,0.0658,0.066,0.9962
2/4,1,____,(lig.) ♩,d,desce,988,5,x_x_,♪ ♪,0.3623,x___,♩,0.1508,54,0.0547,0.0497,1.0994
2/4,1,____,(lig.) ♩,d,desce,988,6,x_xx,♪ sc sc,0.1184,x_x_,♪ ♪,0.3932,46,0.0466,0.0412,1.1306
2/4,1,____,(lig.) ♩,d,desce,988,7,____,(lig.) ♩,0.08,____,(lig.) ♩,0.5823,46,0.0466,0.0372,1.2507
2/4,1,____,(lig.) ♩,d,desce,988,8,x_x_,♪ ♪,0.3623,__x_,(lig.) ♪ ♪,0.1229,44,0.0445,0.0113,3.9448
2/4,1,____,(lig.) ♩,d,desce,988,9,x___,♩,0.246,____,(lig.) ♩,0.177,43,0.0435,0.0463,0.9409
2/4,1,____,(lig.) ♩,d,desce,988,10,x_x_,♪ ♪,0.3623,x_xx,♪ sc sc,0.0894,32,0.0324,0.0245,1.3214
2/4,2,x__x,♪. sc,s,sobe,1586,1,x_x_,♪ ♪,0.6141,x_x_,♪ ♪,0.4127,402,0.2535,0.2625,0.9655
2/4,2,x__x,♪. sc,s,sobe,1586,2,x_x_,♪ ♪,0.6141,x___,♩,0.2721,265,0.1671,0.2388,0.6997
2/4,2,x__x,♪. sc,s,sobe,1586,3,x_x_,♪ ♪,0.6141,x__x,♪. sc,0.1735,169,0.1066,0.0413,2.5809
2/4,2,x__x,♪. sc,s,sobe,1586,4,x_x_,♪ ♪,0.6141,x_xx,♪ sc sc,0.0739,72,0.0454,0.0296,1.5312
2/4,2,x__x,♪. sc,s,sobe,1586,5,x___,♩,0.1003,x_x_,♪ ♪,0.3208,51,0.0322,0.0456,0.7047
2/4,2,x__x,♪. sc,s,sobe,1586,6,xxxx,sc sc sc sc,0.0883,x___,♩,0.3071,43,0.0271,0.0076,3.5481
2/4,2,x__x,♪. sc,s,sobe,1586,7,x__x,♪. sc,0.0851,x___,♩,0.3111,42,0.0265,0.03,0.8823
2/4,2,x__x,♪. sc,s,sobe,1586,8,x_x_,♪ ♪,0.6141,xxxx,sc sc sc sc,0.039,38,0.024,0.0266,0.9019
2/4,2,x__x,♪. sc,s,sobe,1586,9,x___,♩,0.1003,x__x,♪. sc,0.239,38,0.024,0.0118,2.0373
2/4,2,x__x,♪. sc,s,sobe,1586,10,x__x,♪. sc,0.0851,x__x,♪. sc,0.2741,37,0.0233,0.0149,1.5632
2/4,1,..x_,pausa ♪ ♪,0,—,940,1,x_x_,♪ ♪,0.5681,x_x_,♪ ♪,0.8539,456,0.4851,0.3594,1.3499
2/4,1,..x_,pausa ♪ ♪,0,—,940,2,x__x,♪. sc,0.1362,x_x_,♪ ♪,0.6719,86,0.0915,0.0939,0.9747
2/4,1,..x_,pausa ♪ ♪,0,—,940,3,x___,♩,0.1362,x_x_,♪ ♪,0.5859,75,0.0798,0.0426,1.8735
2/4,1,..x_,pausa ♪ ♪,0,—,940,4,xxxx,sc sc sc sc,0.0734,xxxx,sc sc sc sc,0.7246,50,0.0532,0.0248,2.1408
2/4,1,..x_,pausa ♪ ♪,0,—,940,5,x___,♩,0.1362,x___,♩,0.2656,34,0.0362,0.0362,0.9992
2/4,1,..x_,pausa ♪ ♪,0,—,940,6,x_x_,♪ ♪,0.5681,x_xx,♪ sc sc,0.0543,29,0.0309,0.0433,0.7124
2/4,1,..x_,pausa ♪ ♪,0,—,940,7,x_xx,♪ sc sc,0.067,xxxx,sc sc sc sc,0.4444,28,0.0298,0.0077,3.8769
2/4,1,..x_,pausa ♪ ♪,0,—,940,8,x__x,♪. sc,0.1362,x__x,♪. sc,0.1953,25,0.0266,0.0139,1.9192
2/4,1,..x_,pausa ♪ ♪,0,—,940,9,x_x_,♪ ♪,0.5681,xxxx,sc sc sc sc,0.0431,23,0.0245,0.0201,1.2179
2/4,1,..x_,pausa ♪ ♪,0,—,940,10,x_xx,♪ sc sc,0.067,x_xx,♪ sc sc,0.2857,18,0.0191,0.0096,1.9856
2/4,1,__x_,(lig.) ♪ ♪,s,sobe,824,1,x_x_,♪ ♪,0.3665,x_x_,♪ ♪,0.6656,201,0.2439,0.2446,0.9974
2/4,1,__x_,(lig.) ♪ ♪,s,sobe,824,2,x___,♩,0.341,____,(lig.) ♩,0.3345,94,0.1141,0.0596,1.9128
2/4,1,__x_,(lig.) ♪ ♪,s,sobe,824,3,x__x,♪. sc,0.1153,x_x_,♪ ♪,0.6,57,0.0692,0.0691,1.0009
2/4,1,__x_,(lig.) ♪ ♪,s,sobe,824,4,x___,♩,0.341,x_x_,♪ ♪,0.1993,56,0.068,0.1002,0.6784
2/4,1,__x_,(lig.) ♪ ♪,s,sobe,824,5,x___,♩,0.341,x___,♩,0.1957,55,0.0667,0.0852,0.7839
2/4,1,__x_,(lig.) ♪ ♪,s,sobe,824,6,x___,♩,0.341,__x_,(lig.) ♪ ♪,0.1779,50,0.0607,0.0317,1.9131
2/4,1,__x_,(lig.) ♪ ♪,s,sobe,824,7,x_x_,♪ ♪,0.3665,x___,♩,0.0927,28,0.034,0.0598,0.5684
2/4,1,__x_,(lig.) ♪ ♪,s,sobe,824,8,x_xx,♪ sc sc,0.085,x_x_,♪ ♪,0.3857,27,0.0328,0.0224,1.4637
2/4,1,__x_,(lig.) ♪ ♪,s,sobe,824,9,x_x_,♪ ♪,0.3665,__x_,(lig.) ♪ ♪,0.0728,22,0.0267,0.0136,1.9668
2/4,1,__x_,(lig.) ♪ ♪,s,sobe,824,10,x_x_,♪ ♪,0.3665,x_xx,♪ sc sc,0.043,13,0.0158,0.0295,0.5353
2/4,2,xxx_,sc sc ♪,s,sobe,241,1,x_x_,♪ ♪,0.278,x_x_,♪ ♪,0.4776,32,0.1328,0.0975,1.3622
2/4,2,xxx_,sc sc ♪,s,sobe,241,2,__x_,(lig.) ♪ ♪,0.166,x_xx,♪ sc sc,0.375,15,0.0622,0.0067,9.3272
2/4,2,xxx_,sc sc ♪,s,sobe,241,3,xxx_,sc sc ♪,0.1369,x_x_,♪ ♪,0.3333,11,0.0456,0.0266,1.7152
2/4,2,xxx_,sc sc ♪,s,sobe,241,4,x_x_,♪ ♪,0.278,xxx_,sc sc ♪,0.1194,8,0.0332,0.0033,10.202
2/4,2,xxx_,sc sc ♪,s,sobe,241,5,xxx_,sc sc ♪,0.1369,x___,♩,0.2424,8,0.0332,0.0416,0.7979
2/4,2,xxx_,sc sc ♪,s,sobe,241,6,xxx_,sc sc ♪,0.1369,xxxx,sc sc sc sc,0.2424,8,0.0332,0.0186,1.7832
2/4,2,xxx_,sc sc ♪,s,sobe,241,7,x_x_,♪ ♪,0.278,x___,♩,0.1045,7,0.029,0.0887,0.3276
2/4,2,xxx_,sc sc ♪,s,sobe,241,8,__xx,(lig.) ♪ sc sc,0.0871,x_x_,♪ ♪,0.3333,7,0.029,0.0216,1.345
2/4,2,xxx_,sc sc ♪,s,sobe,241,9,__x_,(lig.) ♪ ♪,0.166,x_x_,♪ ♪,0.175,7,0.029,0.0418,0.6957
2/4,2,xxx_,sc sc ♪,s,sobe,241,10,__x_,(lig.) ♪ ♪,0.166,xxx_,sc sc ♪,0.175,7,0.029,0.003,9.6443
2/4,1,__xx,(lig.) ♪ sc sc,s,sobe,194,1,x_x_,♪ ♪,0.4021,x_x_,♪ ♪,0.2821,22,0.1134,0.2277,0.498
2/4,1,__xx,(lig.) ♪ sc sc,s,sobe,194,2,x_x_,♪ ♪,0.4021,x_xx,♪ sc sc,0.2179,17,0.0876,0.0274,3.1933
2/4,1,__xx,(lig.) ♪ sc sc,s,sobe,194,3,x__x,♪. sc,0.1186,x_x_,♪ ♪,0.6957,16,0.0825,0.0585,1.4088
2/4,1,__xx,(lig.) ♪ sc sc,s,sobe,194,4,xxxx,sc sc sc sc,0.1289,xxxx,sc sc sc sc,0.56,14,0.0722,0.0816,0.8843
2/4,1,__xx,(lig.) ♪ sc sc,s,sobe,194,5,x___,♩,0.1649,____,(lig.) ♩,0.375,12,0.0619,0.0334,1.8503
2/4,1,__xx,(lig.) ♪ sc sc,s,sobe,194,6,x_x_,♪ ♪,0.4021,x___,♩,0.141,11,0.0567,0.0557,1.0187
2/4,1,__xx,(lig.) ♪ sc sc,s,sobe,194,7,x_x_,♪ ♪,0.4021,__xx,(lig.) ♪ sc sc,0.1026,8,0.0412,0.0032,12.934
2/4,1,__xx,(lig.) ♪ sc sc,s,sobe,194,8,x_xx,♪ sc sc,0.1186,x___,♩,0.3478,8,0.0412,0.0202,2.0422
2/4,1,__xx,(lig.) ♪ sc sc,s,sobe,194,9,x_xx,♪ sc sc,0.1186,x_x_,♪ ♪,0.3043,7,0.0361,0.0451,0.8006
2/4,1,__xx,(lig.) ♪ sc sc,s,sobe,194,10,xxxx,sc sc sc sc,0.1289,x___,♩,0.24,6,0.0309,0.0106,2.9225
2/4,2,xx__,sc ♪.,d,desce,36,1,x__x,♪. sc,0.5278,x__x,♪. sc,0.7895,15,0.4167,0.0546,7.6319
2/4,2,xx__,sc ♪.,d,desce,36,2,x__x,♪. sc,0.5278,x___,♩,0.2105,4,0.1111,0.1098,1.012
2/4,2,xx__,sc ♪.,d,desce,36,3,__xx,(lig.) ♪ sc sc,0.0833,x_x_,♪ ♪,1,3,0.0833,0.0214,3.9003
2/4,2,xx__,sc ♪.,d,desce,36,4,x___,♩,0.1389,xxxx,sc sc sc sc,0.4,2,0.0556,0.007,7.9814
2/4,2,xx__,sc ♪.,d,desce,36,5,x___,♩,0.1389,x_x_,♪ ♪,0.2,1,0.0278,0.0555,0.5006
2/4,2,xx__,sc ♪.,d,desce,36,6,x_x_,♪ ♪,0.1111,x___,♩,0.25,1,0.0278,0.0617,0.4504
2/4,2,xx__,sc ♪.,d,desce,36,7,x_x_,♪ ♪,0.1111,x__x,♪. sc,0.25,1,0.0278,0.0107,2.6047
2/4,2,xx__,sc ♪.,d,desce,36,8,x_x_,♪ ♪,0.1111,xxxx,sc sc sc sc,0.25,1,0.0278,0.0069,4.048
2/4,2,xx__,sc ♪.,d,desce,36,9,x_x_,♪ ♪,0.1111,x_x_,♪ ♪,0.25,1,0.0278,0.0678,0.4097
2/4,2,xx__,sc ♪.,d,desce,36,10,xx__,sc ♪.,0.0278,x___,♩,1,1,0.0278,0.0232,1.1979
2/4,1,..xx,pausa ♪ sc sc,d,desce,145,1,xxxx,sc sc sc sc,0.4276,xxxx,sc sc sc sc,0.7258,45,0.3103,0.1305,2.3779
2/4,1,..xx,pausa ♪ sc sc,d,desce,145,2,x_x_,♪ ♪,0.3586,x_x_,♪ ♪,0.4808,25,0.1724,0.2777,0.6208
2/4,1,..xx,pausa ♪ sc sc,d,desce,145,3,x_x_,♪ ♪,0.3586,x_xx,♪ sc sc,0.2885,15,0.1034,0.0335,3.0909
2/4,1,..xx,pausa ♪ sc sc,d,desce,145,4,xxxx,sc sc sc sc,0.4276,x_xx,♪ sc sc,0.1935,12,0.0828,0.0326,2.5382
2/4,1,..xx,pausa ♪ sc sc,d,desce,145,5,x_xx,♪ sc sc,0.1448,xxxx,sc sc sc sc,0.5238,11,0.0759,0.0228,3.3228
2/4,1,..xx,pausa ♪ sc sc,d,desce,145,6,x_xx,♪ sc sc,0.1448,x_xx,♪ sc sc,0.4762,10,0.069,0.0287,2.4066
2/4,1,..xx,pausa ♪ sc sc,d,desce,145,7,x_x_,♪ ♪,0.3586,xxxx,sc sc sc sc,0.1346,7,0.0483,0.0155,3.1094
2/4,1,..xx,pausa ♪ sc sc,d,desce,145,8,xxxx,sc sc sc sc,0.4276,x_x_,♪ ♪,0.0645,4,0.0276,0.0319,0.8649
2/4,1,..xx,pausa ♪ sc sc,d,desce,145,9,x_x_,♪ ♪,0.3586,__xx,(lig.) ♪ sc sc,0.0385,2,0.0138,0.0039,3.5472
2/4,1,..xx,pausa ♪ sc sc,d,desce,145,10,x__x,♪. sc,0.0483,x_x_,♪ ♪,0.2857,2,0.0138,0.0709,0.1946
2/4,2,x__x,♪. sc,r,repete,466,1,x_x_,♪ ♪,0.6824,x_x_,♪ ♪,0.4214,134,0.2876,0.2625,1.0954
2/4,2,x__x,♪. sc,r,repete,466,2,x_x_,♪ ♪,0.6824,x___,♩,0.3774,120,0.2575,0.2388,1.0784
2/4,2,x__x,♪. sc,r,repete,466,3,x_x_,♪ ♪,0.6824,x__x,♪. sc,0.1509,48,0.103,0.0413,2.4948
2/4,2,x__x,♪. sc,r,repete,466,4,x__x,♪. sc,0.1245,x__x,♪. sc,0.3621,21,0.0451,0.0149,3.0197
2/4,2,x__x,♪. sc,r,repete,466,5,x__x,♪. sc,0.1245,x___,♩,0.3621,21,0.0451,0.03,1.5015
2/4,2,x__x,♪. sc,r,repete,466,6,x___,♩,0.0837,x___,♩,0.3333,13,0.0279,0.0379,0.7354
2/4,2,x__x,♪. sc,r,repete,466,7,x___,♩,0.0837,x__x,♪. sc,0.3077,12,0.0258,0.0118,2.1896
2/4,2,x__x,♪. sc,r,repete,466,8,x__x,♪. sc,0.1245,x_x_,♪ ♪,0.1897,11,0.0236,0.026,0.9096
2/4,2,x__x,♪. sc,r,repete,466,9,x_x_,♪ ♪,0.6824,x_xx,♪ sc sc,0.0283,9,0.0193,0.0296,0.6514
2/4,2,x__x,♪. sc,r,repete,466,10,x_xx,♪ sc sc,0.0365,x___,♩,0.3529,6,0.0129,0.0102,1.2586
2/4,1,__x_,(lig.) ♪ ♪,r,repete,239,1,x_x_,♪ ♪,0.5146,x_x_,♪ ♪,0.8049,99,0.4142,0.2446,1.6937
2/4,1,__x_,(lig.) ♪ ♪,r,repete,239,2,x___,♩,0.2971,x___,♩,0.4085,29,0.1213,0.0852,1.4249
2/4,1,__x_,(lig.) ♪ ♪,r,repete,239,3,x___,♩,0.2971,x_x_,♪ ♪,0.3099,22,0.0921,0.1002,0.9188
2/4,1,__x_,(lig.) ♪ ♪,r,repete,239,4,x__x,♪. sc,0.113,x_x_,♪ ♪,0.7037,19,0.0795,0.0691,1.1502
2/4,1,__x_,(lig.) ♪ ♪,r,repete,239,5,x___,♩,0.2971,__x_,(lig.) ♪ ♪,0.169,12,0.0502,0.0317,1.583
2/4,1,__x_,(lig.) ♪ ♪,r,repete,239,6,x_x_,♪ ♪,0.5146,x___,♩,0.0732,9,0.0377,0.0598,0.6299
2/4,1,__x_,(lig.) ♪ ♪,r,repete,239,7,x_x_,♪ ♪,0.5146,__x_,(lig.) ♪ ♪,0.065,8,0.0335,0.0136,2.4657
2/4,1,__x_,(lig.) ♪ ♪,r,repete,239,8,x__x,♪. sc,0.113,x__x,♪. sc,0.1852,5,0.0209,0.0102,2.0503
2/4,1,__x_,(lig.) ♪ ♪,r,repete,239,9,x___,♩,0.2971,x__x,♪. sc,0.0563,4,0.0167,0.0073,2.2865
2/4,1,__x_,(lig.) ♪ ♪,r,repete,239,10,x_xx,♪ sc sc,0.0293,x_x_,♪ ♪,0.4286,3,0.0126,0.0224,0.5607
2/4,1,....,pausa ♩,r,repete,72,1,x_x_,♪ ♪,0.4861,x_x_,♪ ♪,0.7429,26,0.3611,0.2504,1.4421
2/4,1,....,pausa ♩,r,repete,72,2,x___,♩,0.375,x___,♩,0.4444,12,0.1667,0.0939,1.7742
2/4,1,....,pausa ♩,r,repete,72,3,x___,♩,0.375,x_x_,♪ ♪,0.2593,7,0.0972,0.1105,0.8797
2/4,1,....,pausa ♩,r,repete,72,4,x_x_,♪ ♪,0.4861,x___,♩,0.1429,5,0.0694,0.0612,1.1346
2/4,1,....,pausa ♩,r,repete,72,5,x_x_,♪ ♪,0.4861,__x_,(lig.) ♪ ♪,0.0857,3,0.0417,0.0139,2.9977
2/4,1,....,pausa ♩,r,repete,72,6,x__x,♪. sc,0.0833,x__x,♪. sc,0.5,3,0.0417,0.0089,4.6976
2/4,1,....,pausa ♩,r,repete,72,7,x___,♩,0.375,__x_,(lig.) ♪ ♪,0.0741,2,0.0278,0.035,0.7939
2/4,1,....,pausa ♩,r,repete,72,8,x___,♩,0.375,x__x,♪. sc,0.0741,2,0.0278,0.0081,3.4402
2/4,1,....,pausa ♩,r,repete,72,9,x__x,♪. sc,0.0833,x_x_,♪ ♪,0.3333,2,0.0278,0.0601,0.4623
2/4,1,....,pausa ♩,r,repete,72,10,x___,♩,0.375,....,pausa ♩,0.0741,2,0.0278,0.0154,1.8016
2/4,1,xxx_,sc sc ♪,s,sobe,215,1,x___,♩,0.307,____,(lig.) ♩,0.5758,38,0.1767,0.0592,2.9866
2/4,1,xxx_,sc sc ♪,s,sobe,215,2,x_x_,♪ ♪,0.293,x_x_,♪ ♪,0.3968,25,0.1163,0.1403,0.8288
2/4,1,xxx_,sc sc ♪,s,sobe,215,3,x_x_,♪ ♪,0.293,x_xx,♪ sc sc,0.1587,10,0.0465,0.0169,2.751
2/4,1,xxx_,sc sc ♪,s,sobe,215,4,x_x_,♪ ♪,0.293,x___,♩,0.1429,9,0.0419,0.0343,1.2207
2/4,1,xxx_,sc sc ♪,s,sobe,215,5,x_xx,♪ sc sc,0.0977,xxx_,sc sc ♪,0.381,8,0.0372,0.0056,6.6847
2/4,1,xxx_,sc sc ♪,s,sobe,215,6,x___,♩,0.307,..x_,pausa ♪ ♪,0.0909,6,0.0279,0.0286,0.9757
2/4,1,xxx_,sc sc ♪,s,sobe,215,7,xxxx,sc sc sc sc,0.0884,xxxx,sc sc sc sc,0.2632,5,0.0233,0.0903,0.2577
2/4,1,xxx_,sc sc ♪,s,sobe,215,8,x___,♩,0.307,x___,♩,0.0758,5,0.0233,0.0845,0.2752
2/4,1,xxx_,sc sc ♪,s,sobe,215,9,x_x_,♪ ♪,0.293,x_..,♪ pausa ♪,0.0794,5,0.0233,0.0034,6.906
2/4,1,xxx_,sc sc ♪,s,sobe,215,10,_xxx,(lig.) sc sc sc sc,0.0233,xxx_,sc sc ♪,1,5,0.0233,0.003,7.6349
2/4,1,xxx_,sc sc ♪,r,repete,166,1,xxxx,sc sc sc sc,0.4578,xxxx,sc sc sc sc,0.6579,50,0.3012,0.0903,3.3373
2/4,1,xxx_,sc sc ♪,r,repete,166,2,xxxx,sc sc sc sc,0.4578,x_xx,♪ sc sc,0.1974,15,0.0904,0.0225,4.0075
2/4,1,xxx_,sc sc ♪,r,repete,166,3,x_x_,♪ ♪,0.1687,x_x_,♪ ♪,0.5,14,0.0843,0.1403,0.6011
2/4,1,xxx_,sc sc ♪,r,repete,166,4,x_xx,♪ sc sc,0.1205,xxxx,sc sc sc sc,0.5,10,0.0602,0.0155,3.8985
2/4,1,xxx_,sc sc ♪,r,repete,166,5,x___,♩,0.1747,x_x_,♪ ♪,0.2759,8,0.0482,0.0994,0.4848
2/4,1,xxx_,sc sc ♪,r,repete,166,6,x___,♩,0.1747,..x_,pausa ♪ ♪,0.2759,8,0.0482,0.0286,1.6849
2/4,1,xxx_,sc sc ♪,r,repete,166,7,x_x_,♪ ♪,0.1687,x___,♩,0.2857,8,0.0482,0.0343,1.4054
2/4,1,xxx_,sc sc ♪,r,repete,166,8,xxxx,sc sc sc sc,0.4578,xxx_,sc sc ♪,0.0921,7,0.0422,0.0063,6.6962
2/4,1,xxx_,sc sc ♪,r,repete,166,9,x_xx,♪ sc sc,0.1205,x_xx,♪ sc sc,0.35,7,0.0422,0.0194,2.1742
2/4,1,xxx_,sc sc ♪,r,repete,166,10,x___,♩,0.1747,x___,♩,0.1379,4,0.0241,0.0845,0.2852
2/4,1,x_.x,♪ pausa sc sc,r,repete,36,1,x_x_,♪ ♪,0.3333,x_x_,♪ ♪,0.9167,11,0.3056,0.2265,1.3488
2/4,1,x_.x,♪ pausa sc sc,r,repete,36,2,x__x,♪. sc,0.3889,x__x,♪. sc,0.3571,5,0.1389,0.0344,4.0349
2/4,1,x_.x,♪ pausa sc sc,r,repete,36,3,x__x,♪. sc,0.3889,x_.x,♪ pausa sc sc,0.2857,4,0.1111,0.0026,42.7696
2/4,1,x_.x,♪ pausa sc sc,r,repete,36,4,xxx_,sc sc ♪,0.0556,x_x_,♪ ♪,1,2,0.0556,0.0051,10.9091
2/4,1,x_.x,♪ pausa sc sc,r,repete,36,5,x__x,♪. sc,0.3889,x_x_,♪ ♪,0.1429,2,0.0556,0.2332,0.2383
2/4,1,x_.x,♪ pausa sc sc,r,repete,36,6,x__x,♪. sc,0.3889,xxxx,sc sc sc sc,0.1429,2,0.0556,0.0239,2.3223
2/4,1,x_.x,♪ pausa sc sc,r,repete,36,7,x_x_,♪ ♪,0.3333,x_xx,♪ sc sc,0.0833,1,0.0278,0.0273,1.0175
2/4,1,x_.x,♪ pausa sc sc,r,repete,36,8,x_xx,♪ sc sc,0.0833,x_x_,♪ ♪,0.3333,1,0.0278,0.0236,1.1776
2/4,1,x_.x,♪ pausa sc sc,r,repete,36,9,x___,♩,0.0556,x_x_,♪ ♪,0.5,1,0.0278,0.0156,1.7856
2/4,1,x_.x,♪ pausa sc sc,r,repete,36,10,x___,♩,0.0556,....,pausa ♩,0.5,1,0.0278,0.0022,12.7996
2/4,1,x__x,♪. sc,r,repete,151,1,x_x_,♪ ♪,0.351,x_x_,♪ ♪,0.5283,28,0.1854,0.176,1.0538
2/4,1,x__x,♪. sc,r,repete,151,2,x__x,♪. sc,0.1921,x__x,♪. sc,0.5172,15,0.0993,0.0149,6.6564
2/4,1,x__x,♪. sc,r,repete,151,3,x___,♩,0.3046,x_x_,♪ ♪,0.2174,10,0.0662,0.0922,0.718
2/4,1,x__x,♪. sc,r,repete,151,4,x___,♩,0.3046,x___,♩,0.2174,10,0.0662,0.0784,0.8448
2/4,1,x__x,♪. sc,r,repete,151,5,x__x,♪. sc,0.1921,x_x_,♪ ♪,0.3103,9,0.0596,0.1011,0.5896
2/4,1,x__x,♪. sc,r,repete,151,6,x_x_,♪ ♪,0.351,x__x,♪. sc,0.1509,8,0.053,0.0049,10.908
2/4,1,x__x,♪. sc,r,repete,151,7,x___,♩,0.3046,x__x,♪. sc,0.1522,7,0.0464,0.0067,6.8793
2/4,1,x__x,♪. sc,r,repete,151,8,x_x_,♪ ♪,0.351,x___,♩,0.1132,6,0.0397,0.043,0.9239
2/4,1,x__x,♪. sc,r,repete,151,9,x_xx,♪ sc sc,0.0795,x_x_,♪ ♪,0.4167,5,0.0331,0.0319,1.0389
2/4,1,x__x,♪. sc,r,repete,151,10,x_x_,♪ ♪,0.351,x_xx,♪ sc sc,0.0943,5,0.0331,0.0212,1.5615
2/4,1,..x_,pausa ♪ ♪,s,sobe,378,1,x_x_,♪ ♪,0.5741,x_x_,♪ ♪,0.8802,191,0.5053,0.3594,1.4061
2/4,1,..x_,pausa ♪ ♪,s,sobe,378,2,x__x,♪. sc,0.1693,x_x_,♪ ♪,0.7344,47,0.1243,0.0939,1.3246
2/4,1,..x_,pausa ♪ ♪,s,sobe,378,3,x___,♩,0.1799,x_x_,♪ ♪,0.4706,32,0.0847,0.0426,1.9878
2/4,1,..x_,pausa ♪ ♪,s,sobe,378,4,x___,♩,0.1799,x___,♩,0.2647,18,0.0476,0.0362,1.3155
2/4,1,..x_,pausa ♪ ♪,s,sobe,378,5,x__x,♪. sc,0.1693,x__x,♪. sc,0.1875,12,0.0317,0.0139,2.2908
2/4,1,..x_,pausa ♪ ♪,s,sobe,378,6,x_xx,♪ sc sc,0.0344,x_x_,♪ ♪,0.8462,11,0.0291,0.0165,1.7631
2/4,1,..x_,pausa ♪ ♪,s,sobe,378,7,x_x_,♪ ♪,0.5741,x_xx,♪ sc sc,0.0461,10,0.0265,0.0433,0.6109
2/4,1,..x_,pausa ♪ ♪,s,sobe,378,8,x___,♩,0.1799,..x_,pausa ♪ ♪,0.0882,6,0.0159,0.0123,1.2954
2/4,1,..x_,pausa ♪ ♪,s,sobe,378,9,x___,♩,0.1799,__x_,(lig.) ♪ ♪,0.0882,6,0.0159,0.0135,1.1773
2/4,1,..x_,pausa ♪ ♪,s,sobe,378,10,x_x_,♪ ♪,0.5741,x__x,♪. sc,0.023,5,0.0132,0.0099,1.3335
2/4,1,..x_,pausa ♪ ♪,r,repete,349,1,x_x_,♪ ♪,0.6275,x_x_,♪ ♪,0.8767,192,0.5501,0.3594,1.5309
2/4,1,..x_,pausa ♪ ♪,r,repete,349,2,x__x,♪. sc,0.1433,x_x_,♪ ♪,0.86,43,0.1232,0.0939,1.3126
2/4,1,..x_,pausa ♪ ♪,r,repete,349,3,x___,♩,0.1347,x_x_,♪ ♪,0.4255,20,0.0573,0.0426,1.3456
2/4,1,..x_,pausa ♪ ♪,r,repete,349,4,x___,♩,0.1347,x___,♩,0.3617,17,0.0487,0.0362,1.3457
2/4,1,..x_,pausa ♪ ♪,r,repete,349,5,x_x_,♪ ♪,0.6275,xxx_,sc sc ♪,0.0457,10,0.0287,0.0104,2.7588
2/4,1,..x_,pausa ♪ ♪,r,repete,349,6,x_xx,♪ sc sc,0.0344,x_x_,♪ ♪,0.6667,8,0.0229,0.0165,1.3888
2/4,1,..x_,pausa ♪ ♪,r,repete,349,7,x_x_,♪ ♪,0.6275,x_xx,♪ sc sc,0.0274,6,0.0172,0.0433,0.397
2/4,1,..x_,pausa ♪ ♪,r,repete,349,8,x___,♩,0.1347,__x_,(lig.) ♪ ♪,0.1064,5,0.0143,0.0135,1.0626
2/4,1,..x_,pausa ♪ ♪,r,repete,349,9,x_x_,♪ ♪,0.6275,xxxx,sc sc sc sc,0.0228,5,0.0143,0.0201,0.7131
2/4,1,..x_,pausa ♪ ♪,r,repete,349,10,x__x,♪. sc,0.1433,x__x,♪. sc,0.08,4,0.0115,0.0139,0.8271
2/4,1,..x_,pausa ♪ ♪,d,desce,385,1,x_x_,♪ ♪,0.5896,x_x_,♪ ♪,0.9207,209,0.5429,0.3594,1.5107
2/4,1,..x_,pausa ♪ ♪,d,desce,385,2,x__x,♪. sc,0.1844,x_x_,♪ ♪,0.8028,57,0.1481,0.0939,1.5772
2/4,1,..x_,pausa ♪ ♪,d,desce,385,3,x___,♩,0.1662,x_x_,♪ ♪,0.4531,29,0.0753,0.0426,1.7687
2/4,1,..x_,pausa ♪ ♪,d,desce,385,4,x___,♩,0.1662,x___,♩,0.2031,13,0.0338,0.0362,0.9328
2/4,1,..x_,pausa ♪ ♪,d,desce,385,5,x___,♩,0.1662,..x_,pausa ♪ ♪,0.1875,12,0.0312,0.0123,2.5436
2/4,1,..x_,pausa ♪ ♪,d,desce,385,6,x__x,♪. sc,0.1844,x__x,♪. sc,0.0986,7,0.0182,0.0139,1.312
2/4,1,..x_,pausa ♪ ♪,d,desce,385,7,x__x,♪. sc,0.1844,x_xx,♪ sc sc,0.0845,6,0.0156,0.009,1.7276
2/4,1,..x_,pausa ♪ ♪,d,desce,385,8,x_..,♪ pausa ♪,0.0156,..x_,pausa ♪ ♪,1,6,0.0156,0.001,15.9596
2/4,1,..x_,pausa ♪ ♪,d,desce,385,9,x_x_,♪ ♪,0.5896,xxx_,sc sc ♪,0.022,5,0.013,0.0104,1.2504
2/4,1,..x_,pausa ♪ ♪,d,desce,385,10,x_x_,♪ ♪,0.5896,..x_,pausa ♪ ♪,0.022,5,0.013,0.0037,3.5084
2/4,2,xxx_,sc sc ♪,d,desce,357,1,x___,♩,0.2297,x_x_,♪ ♪,0.3659,30,0.084,0.0613,1.3705
2/4,2,xxx_,sc sc ♪,d,desce,357,2,____,(lig.) ♩,0.1176,x_x_,♪ ♪,0.5238,22,0.0616,0.0313,1.9694
2/4,2,xxx_,sc sc ♪,d,desce,357,3,x_x_,♪ ♪,0.1653,x___,♩,0.322,19,0.0532,0.0887,0.6003
2/4,2,xxx_,sc sc ♪,d,desce,357,4,x_x_,♪ ♪,0.1653,x_x_,♪ ♪,0.2881,17,0.0476,0.0975,0.4885
2/4,2,xxx_,sc sc ♪,d,desce,357,5,x___,♩,0.2297,x__x,♪. sc,0.1951,16,0.0448,0.0158,2.8363
2/4,2,xxx_,sc sc ♪,d,desce,357,6,x_xx,♪ sc sc,0.056,x_x_,♪ ♪,0.6,12,0.0336,0.0181,1.8608
2/4,2,xxx_,sc sc ♪,d,desce,357,7,x___,♩,0.2297,x_xx,♪ sc sc,0.1463,12,0.0336,0.0153,2.2025
2/4,2,xxx_,sc sc ♪,d,desce,357,8,__x_,(lig.) ♪ ♪,0.1064,x_x_,♪ ♪,0.3158,12,0.0336,0.0418,0.8051
2/4,2,xxx_,sc sc ♪,d,desce,357,9,xxx_,sc sc ♪,0.0644,x___,♩,0.5217,12,0.0336,0.0416,0.808
2/4,2,xxx_,sc sc ♪,d,desce,357,10,__x_,(lig.) ♪ ♪,0.1064,x___,♩,0.3158,12,0.0336,0.0377,0.8908
2/4,1,____,(lig.) ♩,s,sobe,664,1,x_x_,♪ ♪,0.3087,x_x_,♪ ♪,0.4732,97,0.1461,0.2034,0.7182
2/4,1,____,(lig.) ♩,s,sobe,664,2,x__x,♪. sc,0.1265,x_x_,♪ ♪,0.7143,60,0.0904,0.0675,1.3386
2/4,1,____,(lig.) ♩,s,sobe,664,3,x___,♩,0.2982,x___,♩,0.303,60,0.0904,0.066,1.3683
2/4,1,____,(lig.) ♩,s,sobe,664,4,x___,♩,0.2982,x_x_,♪ ♪,0.2778,55,0.0828,0.0777,1.0661
2/4,1,____,(lig.) ♩,s,sobe,664,5,x___,♩,0.2982,____,(lig.) ♩,0.2374,47,0.0708,0.0463,1.5303
2/4,1,____,(lig.) ♩,s,sobe,664,6,x_x_,♪ ♪,0.3087,x___,♩,0.2049,42,0.0633,0.0497,1.2723
2/4,1,____,(lig.) ♩,s,sobe,664,7,x_xx,♪ sc sc,0.1295,x_x_,♪ ♪,0.407,35,0.0527,0.0412,1.2801
2/4,1,____,(lig.) ♩,s,sobe,664,8,x_x_,♪ ♪,0.3087,__x_,(lig.) ♪ ♪,0.1659,34,0.0512,0.0113,4.5357
2/4,1,____,(lig.) ♩,s,sobe,664,9,____,(lig.) ♩,0.0587,____,(lig.) ♩,0.7436,29,0.0437,0.0372,1.1732
2/4,1,____,(lig.) ♩,s,sobe,664,10,x_xx,♪ sc sc,0.1295,x_xx,♪ sc sc,0.2326,20,0.0301,0.0241,1.2519
2/4,1,xxx_,sc sc ♪,d,desce,488,1,x___,♩,0.3873,____,(lig.) ♩,0.5873,111,0.2275,0.0592,3.8436
2/4,1,xxx_,sc sc ♪,d,desce,488,2,x_x_,♪ ♪,0.2295,x_x_,♪ ♪,0.2857,32,0.0656,0.1403,0.4674
2/4,1,xxx_,sc sc ♪,d,desce,488,3,xxxx,sc sc sc sc,0.1066,xxxx,sc sc sc sc,0.3654,19,0.0389,0.0903,0.4314
2/4,1,xxx_,sc sc ♪,d,desce,488,4,x_x_,♪ ♪,0.2295,____,(lig.) ♩,0.1696,19,0.0389,0.0027,14.5281
2/4,1,xxx_,sc sc ♪,d,desce,488,5,x___,♩,0.3873,x___,♩,0.0952,18,0.0369,0.0845,0.4365
2/4,1,xxx_,sc sc ♪,d,desce,488,6,x_x_,♪ ♪,0.2295,__x_,(lig.) ♪ ♪,0.125,14,0.0287,0.0078,3.684
2/4,1,xxx_,sc sc ♪,d,desce,488,7,x__x,♪. sc,0.0656,x_x_,♪ ♪,0.4375,14,0.0287,0.0303,0.9478
2/4,1,xxx_,sc sc ♪,d,desce,488,8,xxxx,sc sc sc sc,0.1066,x___,♩,0.2308,12,0.0246,0.0117,2.101
2/4,1,xxx_,sc sc ♪,d,desce,488,9,x___,♩,0.3873,x_x_,♪ ♪,0.0582,11,0.0225,0.0994,0.2268
2/4,1,xxx_,sc sc ♪,d,desce,488,10,x__x,♪. sc,0.0656,x___,♩,0.3125,10,0.0205,0.0058,3.5056
2/4,2,xxx_,sc sc ♪,r,repete,146,1,x_x_,♪ ♪,0.3219,x_x_,♪ ♪,0.617,29,0.1986,0.0975,2.0378
2/4,2,xxx_,sc sc ♪,r,repete,146,2,xxxx,sc sc sc sc,0.1644,xxxx,sc sc sc sc,0.625,15,0.1027,0.0444,2.3117
2/4,2,xxx_,sc sc ♪,r,repete,146,3,x_x_,♪ ♪,0.3219,x___,♩,0.2766,13,0.089,0.0887,1.0043
2/4,2,xxx_,sc sc ♪,r,repete,146,4,xxx_,sc sc ♪,0.226,x___,♩,0.3636,12,0.0822,0.0416,1.9756
2/4,2,xxx_,sc sc ♪,r,repete,146,5,x___,♩,0.1027,x_x_,♪ ♪,0.6667,10,0.0685,0.0613,1.1171
2/4,2,xxx_,sc sc ♪,r,repete,146,6,xxx_,sc sc ♪,0.226,x_x_,♪ ♪,0.2727,9,0.0616,0.0266,2.3165
2/4,2,xxx_,sc sc ♪,r,repete,146,7,xxx_,sc sc ♪,0.226,xxxx,sc sc sc sc,0.2727,9,0.0616,0.0186,3.3115
2/4,2,xxx_,sc sc ♪,r,repete,146,8,x_xx,♪ sc sc,0.0616,x_x_,♪ ♪,0.4444,4,0.0274,0.0181,1.5166
2/4,2,xxx_,sc sc ♪,r,repete,146,9,xxxx,sc sc sc sc,0.1644,xxx_,sc sc ♪,0.1667,4,0.0274,0.0022,12.4483
2/4,2,xxx_,sc sc ♪,r,repete,146,10,..xx,pausa ♪ sc sc,0.0205,x__x,♪. sc,1,3,0.0205,0.0022,9.1601
2/4,1,__xx,(lig.) ♪ sc sc,d,desce,152,1,x_x_,♪ ♪,0.3026,x_x_,♪ ♪,0.4565,21,0.1382,0.2277,0.6067
2/4,1,__xx,(lig.) ♪ sc sc,d,desce,152,2,x___,♩,0.2303,____,(lig.) ♩,0.4286,15,0.0987,0.0334,2.952
2/4,1,__xx,(lig.) ♪ sc sc,d,desce,152,3,x_xx,♪ sc sc,0.1579,x_x_,♪ ♪,0.4583,11,0.0724,0.0451,1.6058
2/4,1,__xx,(lig.) ♪ sc sc,d,desce,152,4,x_x_,♪ ♪,0.3026,x_xx,♪ sc sc,0.1522,7,0.0461,0.0274,1.6782
2/4,1,__xx,(lig.) ♪ sc sc,d,desce,152,5,xxxx,sc sc sc sc,0.1776,x_x_,♪ ♪,0.2593,7,0.0461,0.0199,2.3092
2/4,1,__xx,(lig.) ♪ sc sc,d,desce,152,6,xxxx,sc sc sc sc,0.1776,xxxx,sc sc sc sc,0.2222,6,0.0395,0.0816,0.4837
2/4,1,__xx,(lig.) ♪ sc sc,d,desce,152,7,xxxx,sc sc sc sc,0.1776,x_xx,♪ sc sc,0.2222,6,0.0395,0.0204,1.9361
2/4,1,__xx,(lig.) ♪ sc sc,d,desce,152,8,x__x,♪. sc,0.0789,x_x_,♪ ♪,0.4167,5,0.0329,0.0585,0.5619
2/4,1,__xx,(lig.) ♪ sc sc,d,desce,152,9,x_x_,♪ ♪,0.3026,__xx,(lig.) ♪ sc sc,0.1087,5,0.0329,0.0032,10.3174
2/4,1,__xx,(lig.) ♪ sc sc,d,desce,152,10,x_xx,♪ sc sc,0.1579,x_xx,♪ sc sc,0.2083,5,0.0329,0.0263,1.2492
2/4,1,x_xx,♪ sc sc,r,repete,352,1,x_x_,♪ ♪,0.5085,x_x_,♪ ♪,0.5084,91,0.2585,0.1863,1.3874
2/4,1,x_xx,♪ sc sc,r,repete,352,2,x_x_,♪ ♪,0.5085,x_xx,♪ sc sc,0.2458,44,0.125,0.0225,5.5665
2/4,1,x_xx,♪ sc sc,r,repete,352,3,x_x_,♪ ♪,0.5085,x___,♩,0.1453,26,0.0739,0.0455,1.6218
2/4,1,x_xx,♪ sc sc,r,repete,352,4,x_xx,♪ sc sc,0.1449,x_xx,♪ sc sc,0.3922,20,0.0568,0.0274,2.0761
2/4,1,x_xx,♪ sc sc,r,repete,352,5,x_xx,♪ sc sc,0.1449,x___,♩,0.3137,16,0.0455,0.021,2.166
2/4,1,x_xx,♪ sc sc,r,repete,352,6,xxxx,sc sc sc sc,0.1136,x_xx,♪ sc sc,0.35,14,0.0398,0.0422,0.9433
2/4,1,x_xx,♪ sc sc,r,repete,352,7,x___,♩,0.1449,x___,♩,0.2549,13,0.0369,0.0411,0.8997
2/4,1,x_xx,♪ sc sc,r,repete,352,8,xxxx,sc sc sc sc,0.1136,x_x_,♪ ♪,0.3,12,0.0341,0.0412,0.8266
2/4,1,x_xx,♪ sc sc,r,repete,352,9,xxxx,sc sc sc sc,0.1136,xxxx,sc sc sc sc,0.275,11,0.0313,0.1688,0.1852
2/4,1,x_xx,♪ sc sc,r,repete,352,10,x___,♩,0.1449,x_x_,♪ ♪,0.2157,11,0.0313,0.0483,0.647
2/4,1,__..,(lig.) ♪ pausa ♪,d,desce,71,1,x_x_,♪ ♪,0.3944,x_x_,♪ ♪,0.5,14,0.1972,0.2026,0.973
2/4,1,__..,(lig.) ♪ pausa ♪,d,desce,71,2,x___,♩,0.3239,x_x_,♪ ♪,0.4783,11,0.1549,0.0829,1.8692
2/4,1,__..,(lig.) ♪ pausa ♪,d,desce,71,3,x__x,♪. sc,0.169,x_x_,♪ ♪,0.9167,11,0.1549,0.1037,1.4942
2/4,1,__..,(lig.) ♪ pausa ♪,d,desce,71,4,x_x_,♪ ♪,0.3944,x___,♩,0.1786,5,0.0704,0.0495,1.4217
2/4,1,__..,(lig.) ♪ pausa ♪,d,desce,71,5,x___,♩,0.3239,x___,♩,0.1739,4,0.0563,0.0704,0.7997
2/4,1,__..,(lig.) ♪ pausa ♪,d,desce,71,6,x___,♩,0.3239,xxxx,sc sc sc sc,0.1739,4,0.0563,0.0034,16.5019
2/4,1,__..,(lig.) ♪ pausa ♪,d,desce,71,7,xxx_,sc sc ♪,0.0563,x_x_,♪ ♪,0.75,3,0.0423,0.0092,4.6095
2/4,1,__..,(lig.) ♪ pausa ♪,d,desce,71,8,x_x_,♪ ♪,0.3944,__x_,(lig.) ♪ ♪,0.1071,3,0.0423,0.0112,3.7565
2/4,1,__..,(lig.) ♪ pausa ♪,d,desce,71,9,x_x_,♪ ♪,0.3944,xxx_,sc sc ♪,0.1071,3,0.0423,0.0059,7.214
2/4,1,__..,(lig.) ♪ pausa ♪,d,desce,71,10,x_x_,♪ ♪,0.3944,x__x,♪. sc,0.1071,3,0.0423,0.0056,7.5538
2/4,2,..x_,pausa ♪ ♪,s,sobe,73,1,x_x_,♪ ♪,0.6027,x___,♩,0.4545,20,0.274,0.2579,1.0622
2/4,2,..x_,pausa ♪ ♪,s,sobe,73,2,x_x_,♪ ♪,0.6027,x_x_,♪ ♪,0.2273,10,0.137,0.2836,0.4831
2/4,2,..x_,pausa ♪ ♪,s,sobe,73,3,__x_,(lig.) ♪ ♪,0.3151,x__x,♪. sc,0.4348,10,0.137,0.0246,5.5681
2/4,2,..x_,pausa ♪ ♪,s,sobe,73,4,__x_,(lig.) ♪ ♪,0.3151,x___,♩,0.3913,9,0.1233,0.0786,1.5685
2/4,2,..x_,pausa ♪ ♪,s,sobe,73,5,x_x_,♪ ♪,0.6027,..x_,pausa ♪ ♪,0.1364,6,0.0822,0.0015,54.9216
2/4,2,..x_,pausa ♪ ♪,s,sobe,73,6,x_x_,♪ ♪,0.6027,x__x,♪. sc,0.0682,3,0.0411,0.0446,0.9215
2/4,2,..x_,pausa ♪ ♪,s,sobe,73,7,x_x_,♪ ♪,0.6027,x_xx,♪ sc sc,0.0682,3,0.0411,0.032,1.2832
2/4,2,..x_,pausa ♪ ♪,s,sobe,73,8,__x_,(lig.) ♪ ♪,0.3151,x_x_,♪ ♪,0.1304,3,0.0411,0.087,0.4725
2/4,2,..x_,pausa ♪ ♪,s,sobe,73,9,x_..,♪ pausa ♪,0.0274,..x_,pausa ♪ ♪,1,2,0.0274,0.0001,226.7507
2/4,2,..x_,pausa ♪ ♪,s,sobe,73,10,x_x_,♪ ♪,0.6027,xxxx,sc sc sc sc,0.0455,2,0.0274,0.0287,0.9547
2/4,1,x_..,♪ pausa ♪,s,sobe,103,1,x_x_,♪ ♪,0.4563,x_x_,♪ ♪,0.5957,28,0.2718,0.2917,0.932
2/4,1,x_..,♪ pausa ♪,s,sobe,103,2,x___,♩,0.1553,x_x_,♪ ♪,0.5625,9,0.0874,0.0549,1.5907
2/4,1,x_..,♪ pausa ♪,s,sobe,103,3,x_xx,♪ sc sc,0.1262,x_x_,♪ ♪,0.5385,7,0.068,0.044,1.544
2/4,1,x_..,♪ pausa ♪,s,sobe,103,4,x__x,♪. sc,0.1262,x_x_,♪ ♪,0.4615,6,0.0583,0.063,0.9247
2/4,1,x_..,♪ pausa ♪,s,sobe,103,5,x___,♩,0.1553,x___,♩,0.25,4,0.0388,0.0467,0.8318
2/4,1,x_..,♪ pausa ♪,s,sobe,103,6,x_x_,♪ ♪,0.4563,__x_,(lig.) ♪ ♪,0.0851,4,0.0388,0.0162,2.3988
2/4,1,x_..,♪ pausa ♪,s,sobe,103,7,x_x_,♪ ♪,0.4563,x_..,♪ pausa ♪,0.0851,4,0.0388,0.007,5.5472
2/4,1,x_..,♪ pausa ♪,s,sobe,103,8,x_x_,♪ ♪,0.4563,x_xx,♪ sc sc,0.0851,4,0.0388,0.0352,1.1048
2/4,1,x_..,♪ pausa ♪,s,sobe,103,9,x__x,♪. sc,0.1262,x_..,♪ pausa ♪,0.2308,3,0.0291,0.0013,23.1595
2/4,1,x_..,♪ pausa ♪,s,sobe,103,10,x_xx,♪ sc sc,0.1262,x_..,♪ pausa ♪,0.2308,3,0.0291,0.0017,17.6196
2/4,2,x_..,♪ pausa ♪,d,desce,33,1,x_..,♪ pausa ♪,0.2727,x_..,♪ pausa ♪,0.3333,3,0.0909,0.0116,7.8413
2/4,2,x_..,♪ pausa ♪,d,desce,33,2,x___,♩,0.1818,x___,♩,0.5,3,0.0909,0.0367,2.4757
2/4,2,x_..,♪ pausa ♪,d,desce,33,3,x_..,♪ pausa ♪,0.2727,xxxx,sc sc sc sc,0.2222,2,0.0606,0.0155,3.9206
2/4,2,x_..,♪ pausa ♪,d,desce,33,4,x__x,♪. sc,0.0606,x_x_,♪ ♪,1,2,0.0606,0.011,5.5328
2/4,2,x_..,♪ pausa ♪,d,desce,33,5,..x_,pausa ♪ ♪,0.1212,x_x_,♪ ♪,0.5,2,0.0606,0.1063,0.5704
2/4,2,x_..,♪ pausa ♪,d,desce,33,6,x_x_,♪ ♪,0.1818,x_x_,♪ ♪,0.3333,2,0.0606,0.0573,1.0585
2/4,2,x_..,♪ pausa ♪,d,desce,33,7,....,pausa ♩,0.1212,x__x,♪. sc,0.5,2,0.0606,0.0075,8.0937
2/4,2,x_..,♪ pausa ♪,d,desce,33,8,x___,♩,0.1818,x_x_,♪ ♪,0.3333,2,0.0606,0.0442,1.372
2/4,2,x_..,♪ pausa ♪,d,desce,33,9,x_..,♪ pausa ♪,0.2727,x_x_,♪ ♪,0.2222,2,0.0606,0.1907,0.3179
2/4,2,x_..,♪ pausa ♪,d,desce,33,10,x_x_,♪ ♪,0.1818,x___,♩,0.3333,2,0.0606,0.0521,1.1637
2/4,2,____,(lig.) ♩,d,desce,132,1,____,(lig.) ♩,0.3409,x_x_,♪ ♪,0.3333,15,0.1136,0.1516,0.7494
2/4,2,____,(lig.) ♩,d,desce,132,2,x_x_,♪ ♪,0.1364,x___,♩,0.4444,8,0.0606,0.0504,1.2022
2/4,2,____,(lig.) ♩,d,desce,132,3,____,(lig.) ♩,0.3409,x___,♩,0.1556,7,0.053,0.1278,0.4149
2/4,2,____,(lig.) ♩,d,desce,132,4,____,(lig.) ♩,0.3409,x_xx,♪ sc sc,0.1333,6,0.0455,0.0536,0.848
2/4,2,____,(lig.) ♩,d,desce,132,5,x___,♩,0.1136,x___,♩,0.4,6,0.0455,0.0347,1.3093
2/4,2,____,(lig.) ♩,d,desce,132,6,x___,♩,0.1136,____,(lig.) ♩,0.3333,5,0.0379,0.0023,16.2795
2/4,2,____,(lig.) ♩,d,desce,132,7,....,pausa ♩,0.0833,x___,♩,0.4545,5,0.0379,0.0227,1.6669
2/4,2,____,(lig.) ♩,d,desce,132,8,....,pausa ♩,0.0833,x_x_,♪ ♪,0.4545,5,0.0379,0.0233,1.6232
2/4,2,____,(lig.) ♩,d,desce,132,9,..x_,pausa ♪ ♪,0.0606,x___,♩,0.625,5,0.0379,0.0051,7.4717
2/4,2,____,(lig.) ♩,d,desce,132,10,x_x_,♪ ♪,0.1364,x_x_,♪ ♪,0.2222,4,0.0303,0.0554,0.5468
2/4,2,____,(lig.) ♩,s,sobe,91,1,____,(lig.) ♩,0.3956,x_x_,♪ ♪,0.4167,15,0.1648,0.1516,1.0871
2/4,2,____,(lig.) ♩,s,sobe,91,2,____,(lig.) ♩,0.3956,x_xx,♪ sc sc,0.25,9,0.0989,0.0536,1.845
2/4,2,____,(lig.) ♩,s,sobe,91,3,x_x_,♪ ♪,0.1868,x___,♩,0.4706,8,0.0879,0.0504,1.7438
2/4,2,____,(lig.) ♩,s,sobe,91,4,____,(lig.) ♩,0.3956,x___,♩,0.1667,6,0.0659,0.1278,0.5159
2/4,2,____,(lig.) ♩,s,sobe,91,5,x___,♩,0.1099,x_x_,♪ ♪,0.6,6,0.0659,0.0418,1.5787
2/4,2,____,(lig.) ♩,s,sobe,91,6,x_x_,♪ ♪,0.1868,x_x_,♪ ♪,0.2353,4,0.044,0.0554,0.7931
2/4,2,____,(lig.) ♩,s,sobe,91,7,....,pausa ♩,0.0549,x___,♩,0.8,4,0.044,0.0227,1.9343
2/4,2,____,(lig.) ♩,s,sobe,91,8,__x_,(lig.) ♪ ♪,0.1319,x_x_,♪ ♪,0.3333,4,0.044,0.0384,1.1451
2/4,2,____,(lig.) ♩,s,sobe,91,9,x_x_,♪ ♪,0.1868,____,(lig.) ♩,0.2353,4,0.044,0.0004,120.2202
2/4,2,____,(lig.) ♩,s,sobe,91,10,____,(lig.) ♩,0.3956,____,(lig.) ♩,0.0833,3,0.033,0.0372,0.8856
2/4,2,__x_,(lig.) ♪ ♪,d,desce,33,1,x___,♩,0.1818,____,(lig.) ♩,0.6667,4,0.1212,0.0023,51.7155
2/4,2,__x_,(lig.) ♪ ♪,d,desce,33,2,x_x_,♪ ♪,0.3636,__x_,(lig.) ♪ ♪,0.25,3,0.0909,0.0012,74.1135
2/4,2,__x_,(lig.) ♪ ♪,d,desce,33,3,__x_,(lig.) ♪ ♪,0.2727,x_x_,♪ ♪,0.3333,3,0.0909,0.1131,0.8038
2/4,2,__x_,(lig.) ♪ ♪,d,desce,33,4,x_x_,♪ ♪,0.3636,____,(lig.) ♩,0.25,3,0.0909,0.0012,75.5958
2/4,2,__x_,(lig.) ♪ ♪,d,desce,33,5,_xxx,(lig.) sc sc sc sc,0.0909,xxxx,sc sc sc sc,1,3,0.0909,0.016,5.6875
2/4,2,__x_,(lig.) ♪ ♪,d,desce,33,6,x_x_,♪ ♪,0.3636,x___,♩,0.1667,2,0.0606,0.1658,0.3655
2/4,2,__x_,(lig.) ♪ ♪,d,desce,33,7,__x_,(lig.) ♪ ♪,0.2727,_xx_,(lig.) sc sc ♪,0.2222,2,0.0606,0.0027,22.2852
2/4,2,__x_,(lig.) ♪ ♪,d,desce,33,8,__x_,(lig.) ♪ ♪,0.2727,__x_,(lig.) ♪ ♪,0.2222,2,0.0606,0.0013,47.3561
2/4,2,__x_,(lig.) ♪ ♪,d,desce,33,9,x_x_,♪ ♪,0.3636,x_x_,♪ ♪,0.1667,2,0.0606,0.1823,0.3325
2/4,2,__x_,(lig.) ♪ ♪,d,desce,33,10,x___,♩,0.1818,x___,♩,0.3333,2,0.0606,0.035,1.733
2/4,1,__..,(lig.) ♪ pausa ♪,s,sobe,34,1,x_x_,♪ ♪,0.2941,x_x_,♪ ♪,0.6,6,0.1765,0.2026,0.8708
2/4,1,__..,(lig.) ♪ pausa ♪,s,sobe,34,2,x___,♩,0.2059,x___,♩,0.4286,3,0.0882,0.0704,1.2525
2/4,1,__..,(lig.) ♪ pausa ♪,s,sobe,34,3,x_xx,♪ sc sc,0.1765,x___,♩,0.5,3,0.0882,0.0165,5.3518
2/4,1,__..,(lig.) ♪ pausa ♪,s,sobe,34,4,x_x_,♪ ♪,0.2941,xxxx,sc sc sc sc,0.3,3,0.0882,0.0113,7.7883
2/4,1,__..,(lig.) ♪ pausa ♪,s,sobe,34,5,x___,♩,0.2059,x_x_,♪ ♪,0.2857,2,0.0588,0.0829,0.7097
2/4,1,__..,(lig.) ♪ pausa ♪,s,sobe,34,6,x__x,♪. sc,0.1176,x_xx,♪ sc sc,0.5,2,0.0588,0.01,5.9033
2/4,1,__..,(lig.) ♪ pausa ♪,s,sobe,34,7,x_xx,♪ sc sc,0.1765,xx__,sc ♪.,0.3333,2,0.0588,0.0002,261.4738
2/4,1,__..,(lig.) ♪ pausa ♪,s,sobe,34,8,x__x,♪. sc,0.1176,x__x,♪. sc,0.25,1,0.0294,0.0153,1.9214
2/4,1,__..,(lig.) ♪ pausa ♪,s,sobe,34,9,xxxx,sc sc sc sc,0.0588,x___,♩,0.5,1,0.0294,0.0018,16.6326
2/4,1,__..,(lig.) ♪ pausa ♪,s,sobe,34,10,x__x,♪. sc,0.1176,xxxx,sc sc sc sc,0.25,1,0.0294,0.0106,2.7647
2/4,1,____,(lig.) ♩,r,repete,149,1,x_x_,♪ ♪,0.2886,x_x_,♪ ♪,0.6512,28,0.1879,0.2034,0.9239
2/4,1,____,(lig.) ♩,r,repete,149,2,x___,♩,0.3154,x___,♩,0.2766,13,0.0872,0.066,1.3211
2/4,1,____,(lig.) ♩,r,repete,149,3,x___,♩,0.3154,____,(lig.) ♩,0.2553,12,0.0805,0.0463,1.7412
2/4,1,____,(lig.) ♩,r,repete,149,4,x__x,♪. sc,0.0738,x_x_,♪ ♪,0.7273,8,0.0537,0.0675,0.7954
2/4,1,____,(lig.) ♩,r,repete,149,5,____,(lig.) ♩,0.1074,____,(lig.) ♩,0.5,8,0.0537,0.0372,1.4423
2/4,1,____,(lig.) ♩,r,repete,149,6,x___,♩,0.3154,x_x_,♪ ♪,0.1489,7,0.047,0.0777,0.6046
2/4,1,____,(lig.) ♩,r,repete,149,7,x_x_,♪ ♪,0.2886,x_xx,♪ sc sc,0.1163,5,0.0336,0.0245,1.3691
2/4,1,____,(lig.) ♩,r,repete,149,8,x_xx,♪ sc sc,0.0805,x_x_,♪ ♪,0.3333,4,0.0268,0.0412,0.6519
2/4,1,____,(lig.) ♩,r,repete,149,9,x___,♩,0.3154,__x_,(lig.) ♪ ♪,0.0638,3,0.0201,0.0246,0.8185
2/4,1,____,(lig.) ♩,r,repete,149,10,____,(lig.) ♩,0.1074,__x_,(lig.) ♪ ♪,0.1875,3,0.0201,0.0078,2.5691
2/4,2,xxxx,sc sc sc sc,r,repete,161,1,xxxx,sc sc sc sc,0.4286,xxxx,sc sc sc sc,0.6522,45,0.2795,0.3179,0.8792
2/4,2,xxxx,sc sc sc sc,r,repete,161,2,x_x_,♪ ♪,0.2733,x___,♩,0.4545,20,0.1242,0.0537,2.3124
2/4,2,xxxx,sc sc sc sc,r,repete,161,3,x_x_,♪ ♪,0.2733,x_x_,♪ ♪,0.4091,18,0.1118,0.0591,1.8931
2/4,2,xxxx,sc sc sc sc,r,repete,161,4,x_xx,♪ sc sc,0.1304,xxxx,sc sc sc sc,0.6667,14,0.087,0.0422,2.0624
2/4,2,xxxx,sc sc sc sc,r,repete,161,5,x_xx,♪ sc sc,0.1304,x_x_,♪ ♪,0.2857,6,0.0373,0.0428,0.8705
2/4,2,xxxx,sc sc sc sc,r,repete,161,6,xxxx,sc sc sc sc,0.4286,x___,♩,0.087,6,0.0373,0.0686,0.5436
2/4,2,xxxx,sc sc sc sc,r,repete,161,7,xxxx,sc sc sc sc,0.4286,x_xx,♪ sc sc,0.0725,5,0.0311,0.0425,0.7302
2/4,2,xxxx,sc sc sc sc,r,repete,161,8,xxxx,sc sc sc sc,0.4286,x_x_,♪ ♪,0.058,4,0.0248,0.1041,0.2386
2/4,2,xxxx,sc sc sc sc,r,repete,161,9,xxxx,sc sc sc sc,0.4286,x__x,♪. sc,0.058,4,0.0248,0.0141,1.7629
2/4,2,xxxx,sc sc sc sc,r,repete,161,10,x_..,♪ pausa ♪,0.0311,x_xx,♪ sc sc,0.8,4,0.0248,0.001,25.1882
2/4,1,xxxx,sc sc sc sc,r,repete,67,1,xxxx,sc sc sc sc,0.4627,xxxx,sc sc sc sc,0.7097,22,0.3284,0.3179,1.0328
2/4,1,xxxx,sc sc sc sc,r,repete,67,2,x___,♩,0.1045,____,(lig.) ♩,0.5714,4,0.0597,0.0201,2.968
2/4,1,xxxx,sc sc sc sc,r,repete,67,3,x_x_,♪ ♪,0.1343,x_xx,♪ sc sc,0.4444,4,0.0597,0.0136,4.3759
2/4,1,xxxx,sc sc sc sc,r,repete,67,4,xxxx,sc sc sc sc,0.4627,x_xx,♪ sc sc,0.129,4,0.0597,0.0794,0.7517
2/4,1,xxxx,sc sc sc sc,r,repete,67,5,x_x_,♪ ♪,0.1343,xxx_,sc sc ♪,0.3333,3,0.0448,0.0033,13.684
2/4,1,xxxx,sc sc sc sc,r,repete,67,6,x__x,♪. sc,0.1045,x___,♩,0.4286,3,0.0448,0.003,15.1443
2/4,1,xxxx,sc sc sc sc,r,repete,67,7,xxxx,sc sc sc sc,0.4627,x_x_,♪ ♪,0.0968,3,0.0448,0.0777,0.5763
2/4,1,xxxx,sc sc sc sc,r,repete,67,8,x__x,♪. sc,0.1045,xxxx,sc sc sc sc,0.2857,2,0.0299,0.0016,19.0046
2/4,1,xxxx,sc sc sc sc,r,repete,67,9,x___,♩,0.1045,..x_,pausa ♪ ♪,0.2857,2,0.0299,0.0097,3.0703
2/4,1,xxxx,sc sc sc sc,r,repete,67,10,x_xx,♪ sc sc,0.0597,x_x_,♪ ♪,0.5,2,0.0299,0.0265,1.127
2/4,2,x_..,♪ pausa ♪,s,sobe,49,1,x_..,♪ pausa ♪,0.4286,x_..,♪ pausa ♪,0.4286,9,0.1837,0.0116,15.8426
2/4,2,x_..,♪ pausa ♪,s,sobe,49,2,..x_,pausa ♪ ♪,0.3061,x_x_,♪ ♪,0.4667,7,0.1429,0.1063,1.3444
2/4,2,x_..,♪ pausa ♪,s,sobe,49,3,..x_,pausa ♪ ♪,0.3061,x_..,♪ pausa ♪,0.4,6,0.1224,0.001,125.3971
2/4,2,x_..,♪ pausa ♪,s,sobe,49,4,x_..,♪ pausa ♪,0.4286,x_x_,♪ ♪,0.1429,3,0.0612,0.1907,0.3211
2/4,2,x_..,♪ pausa ♪,s,sobe,49,5,x_..,♪ pausa ♪,0.4286,x_xx,♪ sc sc,0.1429,3,0.0612,0.0502,1.2187
2/4,2,x_..,♪ pausa ♪,s,sobe,49,6,x___,♩,0.1224,x_xx,♪ sc sc,0.3333,2,0.0408,0.011,3.7123
2/4,2,x_..,♪ pausa ♪,s,sobe,49,7,x_..,♪ pausa ♪,0.4286,x___,♩,0.0952,2,0.0408,0.0792,0.5152
2/4,2,x_..,♪ pausa ♪,s,sobe,49,8,x___,♩,0.1224,x_..,♪ pausa ♪,0.3333,2,0.0408,0.0002,164.6667
2/4,2,x_..,♪ pausa ♪,s,sobe,49,9,x___,♩,0.1224,x_x_,♪ ♪,0.3333,2,0.0408,0.0442,0.924
2/4,2,x_..,♪ pausa ♪,s,sobe,49,10,x_..,♪ pausa ♪,0.4286,xxxx,sc sc sc sc,0.0952,2,0.0408,0.0155,2.6404
2/4,1,....,pausa ♩,d,desce,322,1,x_x_,♪ ♪,0.4006,x_x_,♪ ♪,0.7829,101,0.3137,0.2504,1.2526
2/4,1,....,pausa ♩,d,desce,322,2,x___,♩,0.4037,x_x_,♪ ♪,0.4538,59,0.1832,0.1105,1.6579
2/4,1,....,pausa ♩,d,desce,322,3,x___,♩,0.4037,x___,♩,0.2462,32,0.0994,0.0939,1.0579
2/4,1,....,pausa ♩,d,desce,322,4,x__x,♪. sc,0.0807,x_x_,♪ ♪,0.7692,20,0.0621,0.0601,1.0338
2/4,1,....,pausa ♩,d,desce,322,5,x_x_,♪ ♪,0.4006,x___,♩,0.1163,15,0.0466,0.0612,0.7611
2/4,1,....,pausa ♩,d,desce,322,6,x___,♩,0.4037,__x_,(lig.) ♪ ♪,0.1154,15,0.0466,0.035,1.3314
2/4,1,....,pausa ♩,d,desce,322,7,x___,♩,0.4037,x__x,♪. sc,0.0615,8,0.0248,0.0081,3.0769
2/4,1,....,pausa ♩,d,desce,322,8,x___,♩,0.4037,__xx,(lig.) ♪ sc sc,0.0462,6,0.0186,0.0053,3.483
2/4,1,....,pausa ♩,d,desce,322,9,x_xx,♪ sc sc,0.0342,x_x_,♪ ♪,0.4545,5,0.0155,0.0113,1.3775
2/4,1,....,pausa ♩,d,desce,322,10,x___,♩,0.4037,____,(lig.) ♩,0.0385,5,0.0155,0.0658,0.236
2/4,1,xx__,sc ♪.,d,desce,30,1,x___,♩,0.2333,x___,♩,0.4286,3,0.1,0.0476,2.1008
2/4,1,xx__,sc ♪.,d,desce,30,2,x___,♩,0.2333,____,(lig.) ♩,0.4286,3,0.1,0.0333,2.9995
2/4,1,xx__,sc ♪.,d,desce,30,3,x_x_,♪ ♪,0.1333,x_xx,♪ sc sc,0.75,3,0.1,0.0119,8.3942
2/4,1,xx__,sc ♪.,d,desce,30,4,xxxx,sc sc sc sc,0.1667,x_xx,♪ sc sc,0.4,2,0.0667,0.0199,3.3547
2/4,1,xx__,sc ♪.,d,desce,30,5,x_xx,♪ sc sc,0.2,x_x_,♪ ♪,0.3333,2,0.0667,0.0708,0.9421
2/4,1,xx__,sc ♪.,d,desce,30,6,xx_x,sc ♪ sc,0.1,x_xx,♪ sc sc,0.6667,2,0.0667,0.0137,4.8529
2/4,1,xx__,sc ♪.,d,desce,30,7,xxxx,sc sc sc sc,0.1667,x___,♩,0.4,2,0.0667,0.0103,6.4629
2/4,1,xx__,sc ♪.,d,desce,30,8,x__x,♪. sc,0.1,x_x_,♪ ♪,0.6667,2,0.0667,0.037,1.8003
2/4,1,xx__,sc ♪.,d,desce,30,9,xx__,sc ♪.,0.0667,____,(lig.) ♩,0.5,1,0.0333,0.007,4.7917
2/4,1,xx__,sc ♪.,d,desce,30,10,x_x_,♪ ♪,0.1333,x__x,♪. sc,0.25,1,0.0333,0.0027,12.2162
2/4,2,....,pausa ♩,d,desce,58,1,x_x_,♪ ♪,0.2241,x___,♩,0.9231,12,0.2069,0.1043,1.9831
2/4,2,....,pausa ♩,d,desce,58,2,x___,♩,0.2759,x___,♩,0.625,10,0.1724,0.0822,2.0964
2/4,2,....,pausa ♩,d,desce,58,3,....,pausa ♩,0.3448,x___,♩,0.45,9,0.1552,0.1109,1.3996
2/4,2,....,pausa ♩,d,desce,58,4,x___,♩,0.2759,x_x_,♪ ♪,0.3125,5,0.0862,0.0989,0.8713
2/4,2,....,pausa ♩,d,desce,58,5,....,pausa ♩,0.3448,x_x_,♪ ♪,0.15,3,0.0517,0.1139,0.4543
2/4,2,....,pausa ♩,d,desce,58,6,..x_,pausa ♪ ♪,0.1207,x___,♩,0.4286,3,0.0517,0.0188,2.7516
2/4,2,....,pausa ♩,d,desce,58,7,....,pausa ♩,0.3448,xxxx,sc sc sc sc,0.1,2,0.0345,0.0035,9.9084
2/4,2,....,pausa ♩,d,desce,58,8,..x_,pausa ♪ ♪,0.1207,x_x_,♪ ♪,0.2857,2,0.0345,0.0719,0.4797
2/4,2,....,pausa ♩,d,desce,58,9,....,pausa ♩,0.3448,....,pausa ♩,0.1,2,0.0345,0.005,6.9359
2/4,2,....,pausa ♩,d,desce,58,10,....,pausa ♩,0.3448,x_xx,♪ sc sc,0.1,2,0.0345,0.0089,3.8533
2/4,2,xx_x,sc ♪ sc,d,desce,36,1,x_x_,♪ ♪,0.3333,x___,♩,0.6667,8,0.2222,0.1211,1.8343
2/4,2,xx_x,sc ♪ sc,d,desce,36,2,x___,♩,0.25,x_x_,♪ ♪,0.3333,3,0.0833,0.0464,1.7958
2/4,2,xx_x,sc ♪ sc,d,desce,36,3,x___,♩,0.25,x_xx,♪ sc sc,0.3333,3,0.0833,0.0116,7.2149
2/4,2,xx_x,sc ♪ sc,d,desce,36,4,xxxx,sc sc sc sc,0.1667,x__x,♪. sc,0.3333,2,0.0556,0.0045,12.3186
2/4,2,xx_x,sc ♪ sc,d,desce,36,5,x_xx,♪ sc sc,0.0833,x_x_,♪ ♪,0.6667,2,0.0556,0.0518,1.0727
2/4,2,xx_x,sc ♪ sc,d,desce,36,6,x_x_,♪ ♪,0.3333,x_x_,♪ ♪,0.1667,2,0.0556,0.1332,0.4171
2/4,2,xx_x,sc ♪ sc,d,desce,36,7,x___,♩,0.25,xxxx,sc sc sc sc,0.2222,2,0.0556,0.0058,9.543
2/4,2,xx_x,sc ♪ sc,d,desce,36,8,xxxx,sc sc sc sc,0.1667,x___,♩,0.3333,2,0.0556,0.0219,2.5322
2/4,2,xx_x,sc ♪ sc,d,desce,36,9,xx_x,sc ♪ sc,0.0278,xxxx,sc sc sc sc,1,1,0.0278,0.0055,5.0417
2/4,2,xx_x,sc ♪ sc,d,desce,36,10,xxx_,sc sc ♪,0.0556,x_xx,♪ sc sc,0.5,1,0.0278,0.0057,4.8854
2/4,1,x_..,♪ pausa ♪,r,repete,133,1,x_x_,♪ ♪,0.3534,x_x_,♪ ♪,0.6596,31,0.2331,0.2917,0.7991
2/4,1,x_..,♪ pausa ♪,r,repete,133,2,x__x,♪. sc,0.1729,x_x_,♪ ♪,0.6087,14,0.1053,0.063,1.6709
2/4,1,x_..,♪ pausa ♪,r,repete,133,3,x_xx,♪ sc sc,0.188,x_x_,♪ ♪,0.36,9,0.0677,0.044,1.5373
2/4,1,x_..,♪ pausa ♪,r,repete,133,4,x___,♩,0.1429,x_x_,♪ ♪,0.4737,9,0.0677,0.0549,1.2319
2/4,1,x_..,♪ pausa ♪,r,repete,133,5,x_x_,♪ ♪,0.3534,xxxx,sc sc sc sc,0.1064,5,0.0376,0.0163,2.3055
2/4,1,x_..,♪ pausa ♪,r,repete,133,6,x_x_,♪ ♪,0.3534,x___,♩,0.1064,5,0.0376,0.0713,0.5273
2/4,1,x_..,♪ pausa ♪,r,repete,133,7,x_..,♪ pausa ♪,0.0602,x_..,♪ pausa ♪,0.625,5,0.0376,0.0116,3.2426
2/4,1,x_..,♪ pausa ♪,r,repete,133,8,x_xx,♪ sc sc,0.188,xxxx,sc sc sc sc,0.16,4,0.0301,0.0205,1.4678
2/4,1,x_..,♪ pausa ♪,r,repete,133,9,x___,♩,0.1429,__x_,(lig.) ♪ ♪,0.2105,4,0.0301,0.0174,1.7294
2/4,1,x_..,♪ pausa ♪,r,repete,133,10,x_xx,♪ sc sc,0.188,x___,♩,0.16,4,0.0301,0.0197,1.525
2/4,1,x___,♩,0,—,50,1,x_x_,♪ ♪,0.42,x_x_,♪ ♪,0.8095,17,0.34,0.2365,1.4374
2/4,1,x___,♩,0,—,50,2,x___,♩,0.52,x___,♩,0.5,13,0.26,0.0757,3.4327
2/4,1,x___,♩,0,—,50,3,x___,♩,0.52,x_x_,♪ ♪,0.4615,12,0.24,0.0891,2.6932
2/4,1,x___,♩,0,—,50,4,x_x_,♪ ♪,0.42,xxxx,sc sc sc sc,0.0952,2,0.04,0.0132,3.0249
2/4,1,x___,♩,0,—,50,5,x__x,♪. sc,0.02,x__x,♪. sc,1,1,0.02,0.009,2.2247
2/4,1,x___,♩,0,—,50,6,x___,♩,0.52,__x_,(lig.) ♪ ♪,0.0385,1,0.02,0.0282,0.7089
2/4,1,x___,♩,0,—,50,7,x_x_,♪ ♪,0.42,x_xx,♪ sc sc,0.0476,1,0.02,0.0285,0.7016
2/4,1,x___,♩,0,—,50,8,xxx_,sc sc ♪,0.02,x_x_,♪ ♪,1,1,0.02,0.0028,7.1095
2/4,1,x___,♩,0,—,50,9,x_x_,♪ ♪,0.42,x___,♩,0.0476,1,0.02,0.0578,0.3459
2/4,1,x___,♩,0,—,50,10,x_xx,♪ sc sc,0.02,x_xx,♪ sc sc,1,1,0.02,0.0197,1.0152
2/4,1,....,pausa ♩,s,sobe,171,1,x_x_,♪ ♪,0.3801,x_x_,♪ ♪,0.6923,45,0.2632,0.2504,1.0509
2/4,1,....,pausa ♩,s,sobe,171,2,x___,♩,0.386,x_x_,♪ ♪,0.3788,25,0.1462,0.1105,1.3228
2/4,1,....,pausa ♩,s,sobe,171,3,x___,♩,0.386,x___,♩,0.3636,24,0.1404,0.0939,1.4941
2/4,1,....,pausa ♩,s,sobe,171,4,x__x,♪. sc,0.1345,x_x_,♪ ♪,0.8261,19,0.1111,0.0601,1.8494
2/4,1,....,pausa ♩,s,sobe,171,5,x___,♩,0.386,__x_,(lig.) ♪ ♪,0.1212,8,0.0468,0.035,1.3371
2/4,1,....,pausa ♩,s,sobe,171,6,x_x_,♪ ♪,0.3801,x___,♩,0.0923,6,0.0351,0.0612,0.5733
2/4,1,....,pausa ♩,s,sobe,171,7,x_xx,♪ sc sc,0.0351,x_x_,♪ ♪,0.8333,5,0.0292,0.0113,2.5939
2/4,1,....,pausa ♩,s,sobe,171,8,x_x_,♪ ♪,0.3801,xxxx,sc sc sc sc,0.0615,4,0.0234,0.014,1.6709
2/4,1,....,pausa ♩,s,sobe,171,9,x___,♩,0.386,x__x,♪. sc,0.0455,3,0.0175,0.0081,2.1727
2/4,1,....,pausa ♩,s,sobe,171,10,..x_,pausa ♪ ♪,0.0175,x_x_,♪ ♪,1,3,0.0175,0.0118,1.4868
2/4,1,..xx,pausa ♪ sc sc,r,repete,67,1,x_x_,♪ ♪,0.5522,x_x_,♪ ♪,0.4865,18,0.2687,0.2777,0.9674
2/4,1,..xx,pausa ♪ sc sc,r,repete,67,2,x_x_,♪ ♪,0.5522,x_xx,♪ sc sc,0.2703,10,0.1493,0.0335,4.4595
2/4,1,..xx,pausa ♪ sc sc,r,repete,67,3,x__x,♪. sc,0.1493,x__x,♪. sc,0.4,4,0.0597,0.0105,5.7049
2/4,1,..xx,pausa ♪ sc sc,r,repete,67,4,x__x,♪. sc,0.1493,xxxx,sc sc sc sc,0.4,4,0.0597,0.0073,8.2088
2/4,1,..xx,pausa ♪ sc sc,r,repete,67,5,x_x_,♪ ♪,0.5522,..xx,pausa ♪ sc sc,0.1081,4,0.0597,0.0014,42.147
2/4,1,..xx,pausa ♪ sc sc,r,repete,67,6,xxxx,sc sc sc sc,0.0746,x_x_,♪ ♪,0.6,3,0.0448,0.0319,1.4039
2/4,1,..xx,pausa ♪ sc sc,r,repete,67,7,xxx_,sc sc ♪,0.0597,x_x_,♪ ♪,0.75,3,0.0448,0.0041,10.9634
2/4,1,..xx,pausa ♪ sc sc,r,repete,67,8,x___,♩,0.0896,x_x_,♪ ♪,0.5,3,0.0448,0.0133,3.3647
2/4,1,..xx,pausa ♪ sc sc,r,repete,67,9,x_xx,♪ sc sc,0.0746,x_xx,♪ sc sc,0.6,3,0.0448,0.0287,1.5625
2/4,1,..xx,pausa ♪ sc sc,r,repete,67,10,x__x,♪. sc,0.1493,x_x_,♪ ♪,0.2,2,0.0299,0.0709,0.4211
2/4,2,____,(lig.) ♩,r,repete,54,1,____,(lig.) ♩,0.4074,x_x_,♪ ♪,0.4091,9,0.1667,0.1516,1.0991
2/4,2,____,(lig.) ♩,r,repete,54,2,x___,♩,0.1296,x___,♩,0.5714,4,0.0741,0.0347,2.1336
2/4,2,____,(lig.) ♩,r,repete,54,3,x_x_,♪ ♪,0.1481,x_x_,♪ ♪,0.375,3,0.0556,0.0554,1.0024
2/4,2,____,(lig.) ♩,r,repete,54,4,x___,♩,0.1296,x_x_,♪ ♪,0.4286,3,0.0556,0.0418,1.3302
2/4,2,____,(lig.) ♩,r,repete,54,5,__x_,(lig.) ♪ ♪,0.1111,x_xx,♪ sc sc,0.3333,2,0.037,0.0061,6.0368
2/4,2,____,(lig.) ♩,r,repete,54,6,__x_,(lig.) ♪ ♪,0.1111,x___,♩,0.3333,2,0.037,0.0347,1.0675
2/4,2,____,(lig.) ♩,r,repete,54,7,____,(lig.) ♩,0.4074,____,(lig.) ♩,0.0909,2,0.037,0.0372,0.9949
2/4,2,____,(lig.) ♩,r,repete,54,8,____,(lig.) ♩,0.4074,xxx_,sc sc ♪,0.0909,2,0.037,0.0069,5.33
2/4,2,____,(lig.) ♩,r,repete,54,9,x_x_,♪ ♪,0.1481,x___,♩,0.25,2,0.037,0.0504,0.7347
2/4,2,____,(lig.) ♩,r,repete,54,10,____,(lig.) ♩,0.4074,x___,♩,0.0909,2,0.037,0.1278,0.2898
2/4,2,xx_x,sc ♪ sc,s,sobe,42,1,x_xx,♪ sc sc,0.2619,xx_x,sc ♪ sc,0.3636,4,0.0952,0.0006,154.6387
2/4,2,xx_x,sc ♪ sc,s,sobe,42,2,xxxx,sc sc sc sc,0.1429,xx_x,sc ♪ sc,0.6667,4,0.0952,0.0003,293.006
2/4,2,xx_x,sc ♪ sc,s,sobe,42,3,x_xx,♪ sc sc,0.2619,x___,♩,0.1818,2,0.0476,0.0296,1.6078
2/4,2,xx_x,sc ♪ sc,s,sobe,42,4,x_xx,♪ sc sc,0.2619,xxx_,sc sc ♪,0.1818,2,0.0476,0.005,9.4501
2/4,2,xx_x,sc ♪ sc,s,sobe,42,5,x__x,♪. sc,0.0952,xx_x,sc ♪ sc,0.5,2,0.0476,0.0003,172.7
2/4,2,xx_x,sc ♪ sc,s,sobe,42,6,x__x,♪. sc,0.0952,x___,♩,0.5,2,0.0476,0.0166,2.8624
2/4,2,xx_x,sc ♪ sc,s,sobe,42,7,x_x_,♪ ♪,0.2143,xxxx,sc sc sc sc,0.2222,2,0.0476,0.0135,3.533
2/4,2,xx_x,sc ♪ sc,s,sobe,42,8,xxx_,sc sc ♪,0.0952,x___,♩,0.5,2,0.0476,0.0215,2.2132
2/4,2,xx_x,sc ♪ sc,s,sobe,42,9,x_x_,♪ ♪,0.2143,x___,♩,0.1111,1,0.0238,0.1211,0.1965
2/4,2,xx_x,sc ♪ sc,s,sobe,42,10,x_x_,♪ ♪,0.2143,xx__,sc ♪.,0.1111,1,0.0238,0.0005,48.3893
3/4,3,..x_,pausa ♪ ♪,0,—,158,1,x_x_,♪ ♪,0.9114,x___,♩,0.8264,119,0.7532,0.6591,1.1427
3/4,3,..x_,pausa ♪ ♪,0,—,158,2,x_x_,♪ ♪,0.9114,x_x_,♪ ♪,0.0972,14,0.0886,0.1819,0.487
3/4,3,..x_,pausa ♪ ♪,0,—,158,3,x_x_,♪ ♪,0.9114,x__x,♪. sc,0.0694,10,0.0633,0.0465,1.3615
3/4,3,..x_,pausa ♪ ♪,0,—,158,4,x__x,♪. sc,0.038,x___,♩,1,6,0.038,0.0274,1.3879
3/4,3,..x_,pausa ♪ ♪,0,—,158,5,x_xx,♪ sc sc,0.038,x___,♩,0.6667,4,0.0253,0.0254,0.9985
3/4,3,..x_,pausa ♪ ♪,0,—,158,6,x_xx,♪ sc sc,0.038,x_x_,♪ ♪,0.3333,2,0.0127,0.0061,2.0683
3/4,3,..x_,pausa ♪ ♪,0,—,158,7,xxx_,sc sc ♪,0.0063,x___,♩,1,1,0.0063,0.0051,1.2517
3/4,3,..x_,pausa ♪ ♪,0,—,158,8,xxxx,sc sc sc sc,0.0063,x___,♩,1,1,0.0063,0.0061,1.0396
3/4,3,..x_,pausa ♪ ♪,0,—,158,9,x_x_,♪ ♪,0.9114,x_xx,♪ sc sc,0.0069,1,0.0063,0.0054,1.1747
3/4,1,x_x_,♪ ♪,s,sobe,2907,1,x___,♩,0.7568,x___,♩,0.4173,918,0.3158,0.2945,1.0724
3/4,1,x_x_,♪ ♪,s,sobe,2907,2,x___,♩,0.7568,__x_,(lig.) ♪ ♪,0.2264,498,0.1713,0.1043,1.6418
3/4,1,x_x_,♪ ♪,s,sobe,2907,3,x___,♩,0.7568,____,(lig.) ♩,0.1436,316,0.1087,0.2355,0.4616
3/4,1,x_x_,♪ ♪,s,sobe,2907,4,x_x_,♪ ♪,0.1837,x___,♩,0.5637,301,0.1035,0.131,0.7904
3/4,1,x_x_,♪ ♪,s,sobe,2907,5,x___,♩,0.7568,x_x_,♪ ♪,0.115,253,0.087,0.0477,1.8258
3/4,1,x_x_,♪ ♪,s,sobe,2907,6,x_x_,♪ ♪,0.1837,x_x_,♪ ♪,0.3727,199,0.0685,0.0607,1.1269
3/4,1,x_x_,♪ ♪,s,sobe,2907,7,x___,♩,0.7568,....,pausa ♩,0.04,88,0.0303,0.0234,1.2952
3/4,1,x_x_,♪ ♪,s,sobe,2907,8,x___,♩,0.7568,..x_,pausa ♪ ♪,0.0318,70,0.0241,0.013,1.8553
3/4,1,x_x_,♪ ♪,s,sobe,2907,9,x__x,♪. sc,0.0409,x___,♩,0.5042,60,0.0206,0.0299,0.6897
3/4,1,x_x_,♪ ♪,s,sobe,2907,10,x__x,♪. sc,0.0409,x_x_,♪ ♪,0.4286,51,0.0175,0.0161,1.0913
3/4,2,x___,♩,s,sobe,6628,1,x___,♩,0.4237,x___,♩,0.5883,1652,0.2492,0.2074,1.2016
3/4,2,x___,♩,s,sobe,6628,2,____,(lig.) ♩,0.2769,x___,♩,0.6365,1168,0.1762,0.1913,0.9214
3/4,2,x___,♩,s,sobe,6628,3,x___,♩,0.4237,x_x_,♪ ♪,0.2728,766,0.1156,0.0963,1.1999
3/4,2,x___,♩,s,sobe,6628,4,__x_,(lig.) ♪ ♪,0.1795,x_x_,♪ ♪,0.5059,602,0.0908,0.0677,1.3415
3/4,2,x___,♩,s,sobe,6628,5,__x_,(lig.) ♪ ♪,0.1795,x___,♩,0.4529,539,0.0813,0.0667,1.219
3/4,2,x___,♩,s,sobe,6628,6,x_x_,♪ ♪,0.0693,x_x_,♪ ♪,0.7473,343,0.0518,0.0468,1.1063
3/4,2,x___,♩,s,sobe,6628,7,____,(lig.) ♩,0.2769,x_x_,♪ ♪,0.1444,265,0.04,0.0517,0.7732
3/4,2,x___,♩,s,sobe,6628,8,____,(lig.) ♩,0.2769,____,(lig.) ♩,0.1351,248,0.0374,0.0485,0.7714
3/4,2,x___,♩,s,sobe,6628,9,x___,♩,0.4237,x__x,♪. sc,0.0392,110,0.0166,0.0152,1.0938
3/4,2,x___,♩,s,sobe,6628,10,x___,♩,0.4237,__x_,(lig.) ♪ ♪,0.0353,99,0.0149,0.0389,0.3837
3/4,3,x___,♩,d,desce,4278,1,x___,♩,0.5341,x___,♩,0.8595,1964,0.4591,0.4407,1.0416
3/4,3,x___,♩,d,desce,4278,2,x_x_,♪ ♪,0.2092,x___,♩,0.7777,696,0.1627,0.174,0.9353
3/4,3,x___,♩,d,desce,4278,3,x___,♩,0.5341,x_x_,♪ ♪,0.1037,237,0.0554,0.0522,1.0606
3/4,3,x___,♩,d,desce,4278,4,__x_,(lig.) ♪ ♪,0.0725,x_x_,♪ ♪,0.5839,181,0.0423,0.0539,0.7851
3/4,3,x___,♩,d,desce,4278,5,..x_,pausa ♪ ♪,0.0568,x_x_,♪ ♪,0.6914,168,0.0393,0.025,1.5678
3/4,3,x___,♩,d,desce,4278,6,x_x_,♪ ♪,0.2092,x_x_,♪ ♪,0.1777,159,0.0372,0.048,0.774
3/4,3,x___,♩,d,desce,4278,7,x__x,♪. sc,0.0395,x___,♩,0.787,133,0.0311,0.027,1.1501
3/4,3,x___,♩,d,desce,4278,8,____,(lig.) ♩,0.0337,x___,♩,0.6875,99,0.0231,0.0199,1.1637
3/4,3,x___,♩,d,desce,4278,9,__x_,(lig.) ♪ ♪,0.0725,x___,♩,0.2484,77,0.018,0.0262,0.6872
3/4,3,x___,♩,d,desce,4278,10,....,pausa ♩,0.0383,x___,♩,0.4512,74,0.0173,0.0146,1.1816
3/4,2,x___,♩,d,desce,5931,1,x___,♩,0.3645,x___,♩,0.6545,1415,0.2386,0.2074,1.1502
3/4,2,x___,♩,d,desce,5931,2,____,(lig.) ♩,0.3448,x___,♩,0.5447,1114,0.1878,0.1913,0.9821
3/4,2,x___,♩,d,desce,5931,3,x___,♩,0.3645,x_x_,♪ ♪,0.2077,449,0.0757,0.0963,0.786
3/4,2,x___,♩,d,desce,5931,4,____,(lig.) ♩,0.3448,x_x_,♪ ♪,0.1868,382,0.0644,0.0517,1.2456
3/4,2,x___,♩,d,desce,5931,5,__x_,(lig.) ♪ ♪,0.1253,x_x_,♪ ♪,0.4711,350,0.059,0.0677,0.8716
3/4,2,x___,♩,d,desce,5931,6,__x_,(lig.) ♪ ♪,0.1253,x___,♩,0.4711,350,0.059,0.0667,0.8846
3/4,2,x___,♩,d,desce,5931,7,____,(lig.) ♩,0.3448,____,(lig.) ♩,0.1633,334,0.0563,0.0485,1.161
3/4,2,x___,♩,d,desce,5931,8,x_x_,♪ ♪,0.0629,x_x_,♪ ♪,0.6702,250,0.0422,0.0468,0.9011
3/4,2,x___,♩,d,desce,5931,9,..x_,pausa ♪ ♪,0.0319,x_x_,♪ ♪,0.8942,169,0.0285,0.0161,1.7714
3/4,2,x___,♩,d,desce,5931,10,....,pausa ♩,0.0563,x_x_,♪ ♪,0.494,165,0.0278,0.0132,2.1062
3/4,3,__x_,(lig.) ♪ ♪,s,sobe,796,1,x___,♩,0.4686,x___,♩,0.8767,327,0.4108,0.4,1.027
3/4,3,__x_,(lig.) ♪ ♪,s,sobe,796,2,x_x_,♪ ♪,0.4598,x___,♩,0.7923,290,0.3643,0.3451,1.0558
3/4,3,__x_,(lig.) ♪ ♪,s,sobe,796,3,x_x_,♪ ♪,0.4598,x_x_,♪ ♪,0.1448,53,0.0666,0.0953,0.699
3/4,3,__x_,(lig.) ♪ ♪,s,sobe,796,4,x___,♩,0.4686,x_x_,♪ ♪,0.1072,40,0.0503,0.0474,1.06
3/4,3,__x_,(lig.) ♪ ♪,s,sobe,796,5,x_x_,♪ ♪,0.4598,x__x,♪. sc,0.041,15,0.0188,0.0243,0.7742
3/4,3,__x_,(lig.) ♪ ♪,s,sobe,796,6,x__x,♪. sc,0.0276,x___,♩,0.6364,14,0.0176,0.0226,0.7793
3/4,3,__x_,(lig.) ♪ ♪,s,sobe,796,7,xxx_,sc sc ♪,0.0088,x___,♩,1,7,0.0088,0.0036,2.4352
3/4,3,__x_,(lig.) ♪ ♪,s,sobe,796,8,xxxx,sc sc sc sc,0.0101,x___,♩,0.875,7,0.0088,0.0044,1.9777
3/4,3,__x_,(lig.) ♪ ♪,s,sobe,796,9,x_xx,♪ sc sc,0.0101,x___,♩,0.75,6,0.0075,0.0055,1.3657
3/4,3,__x_,(lig.) ♪ ♪,s,sobe,796,10,x__x,♪. sc,0.0276,x_x_,♪ ♪,0.2273,5,0.0063,0.0053,1.1814
3/4,1,x_x_,♪ ♪,d,desce,3067,1,x___,♩,0.6971,x___,♩,0.4069,870,0.2837,0.2945,0.9633
3/4,1,x_x_,♪ ♪,d,desce,3067,2,x___,♩,0.6971,____,(lig.) ♩,0.2306,493,0.1607,0.2355,0.6826
3/4,1,x_x_,♪ ♪,d,desce,3067,3,x_x_,♪ ♪,0.2256,x___,♩,0.6445,446,0.1454,0.131,1.1101
3/4,1,x_x_,♪ ♪,d,desce,3067,4,x___,♩,0.6971,__x_,(lig.) ♪ ♪,0.1188,254,0.0828,0.1043,0.7937
3/4,1,x_x_,♪ ♪,d,desce,3067,5,x___,♩,0.6971,x_x_,♪ ♪,0.108,231,0.0753,0.0477,1.5801
3/4,1,x_x_,♪ ♪,d,desce,3067,6,x_x_,♪ ♪,0.2256,x_x_,♪ ♪,0.3078,213,0.0694,0.0607,1.1432
3/4,1,x_x_,♪ ♪,d,desce,3067,7,x___,♩,0.6971,....,pausa ♩,0.0613,131,0.0427,0.0234,1.8275
3/4,1,x_x_,♪ ♪,d,desce,3067,8,x___,♩,0.6971,..x_,pausa ♪ ♪,0.0538,115,0.0375,0.013,2.8889
3/4,1,x_x_,♪ ♪,d,desce,3067,9,x__x,♪. sc,0.0652,x___,♩,0.54,108,0.0352,0.0299,1.1767
3/4,1,x_x_,♪ ♪,d,desce,3067,10,x__x,♪. sc,0.0652,x_x_,♪ ♪,0.415,83,0.0271,0.0161,1.6834
3/4,3,x_x_,♪ ♪,s,sobe,859,1,x_x_,♪ ♪,0.6892,x___,♩,0.6706,397,0.4622,0.5219,0.8856
3/4,3,x_x_,♪ ♪,s,sobe,859,2,x_x_,♪ ♪,0.6892,x_x_,♪ ♪,0.223,132,0.1537,0.1441,1.0667
3/4,3,x_x_,♪ ♪,s,sobe,859,3,x___,♩,0.1886,x___,♩,0.4877,79,0.092,0.1618,0.5684
3/4,3,x_x_,♪ ♪,s,sobe,859,4,x___,♩,0.1886,x_x_,♪ ♪,0.358,58,0.0675,0.0192,3.5213
3/4,3,x_x_,♪ ♪,s,sobe,859,5,x_x_,♪ ♪,0.6892,x__x,♪. sc,0.0743,44,0.0512,0.0368,1.3916
3/4,3,x_x_,♪ ♪,s,sobe,859,6,x__x,♪. sc,0.0419,x___,♩,0.5833,21,0.0244,0.0262,0.9326
3/4,3,x_x_,♪ ♪,s,sobe,859,7,x__x,♪. sc,0.0419,x_x_,♪ ♪,0.3056,11,0.0128,0.0062,2.0737
3/4,3,x_x_,♪ ♪,s,sobe,859,8,____,(lig.) ♩,0.0186,x_x_,♪ ♪,0.625,10,0.0116,0.0014,8.2454
3/4,3,x_x_,♪ ♪,s,sobe,859,9,xxxx,sc sc sc sc,0.0175,x___,♩,0.6,9,0.0105,0.0092,1.1388
3/4,3,x_x_,♪ ♪,s,sobe,859,10,x_xx,♪ sc sc,0.0244,x___,♩,0.4286,9,0.0105,0.0118,0.8901
3/4,3,__x_,(lig.) ♪ ♪,r,repete,311,1,x_x_,♪ ♪,0.5241,x___,♩,0.773,126,0.4051,0.3451,1.1741
3/4,3,__x_,(lig.) ♪ ♪,r,repete,311,2,x___,♩,0.4019,x___,♩,0.904,113,0.3633,0.4,0.9084
3/4,3,__x_,(lig.) ♪ ♪,r,repete,311,3,x_x_,♪ ♪,0.5241,x_x_,♪ ♪,0.1411,23,0.074,0.0953,0.7764
3/4,3,__x_,(lig.) ♪ ♪,r,repete,311,4,x_x_,♪ ♪,0.5241,x__x,♪. sc,0.0798,13,0.0418,0.0243,1.7174
3/4,3,__x_,(lig.) ♪ ♪,r,repete,311,5,x___,♩,0.4019,x_x_,♪ ♪,0.088,11,0.0354,0.0474,0.7461
3/4,3,__x_,(lig.) ♪ ♪,r,repete,311,6,x__x,♪. sc,0.0289,x___,♩,0.7778,7,0.0225,0.0226,0.9973
3/4,3,__x_,(lig.) ♪ ♪,r,repete,311,7,x_xx,♪ sc sc,0.0193,x___,♩,1,6,0.0193,0.0055,3.4955
3/4,3,__x_,(lig.) ♪ ♪,r,repete,311,8,xxxx,sc sc sc sc,0.0129,x___,♩,1,4,0.0129,0.0044,2.8925
3/4,3,__x_,(lig.) ♪ ♪,r,repete,311,9,xxx_,sc sc ♪,0.0064,x___,♩,1,2,0.0064,0.0036,1.7808
3/4,3,__x_,(lig.) ♪ ♪,r,repete,311,10,x__x,♪. sc,0.0289,x_x_,♪ ♪,0.2222,2,0.0064,0.0053,1.2095
3/4,3,__x_,(lig.) ♪ ♪,d,desce,1185,1,x___,♩,0.481,x___,♩,0.9123,520,0.4388,0.4,1.097
3/4,3,__x_,(lig.) ♪ ♪,d,desce,1185,2,x_x_,♪ ♪,0.47,x___,♩,0.7307,407,0.3435,0.3451,0.9953
3/4,3,__x_,(lig.) ♪ ♪,d,desce,1185,3,x_x_,♪ ♪,0.47,x_x_,♪ ♪,0.1777,99,0.0835,0.0953,0.877
3/4,3,__x_,(lig.) ♪ ♪,d,desce,1185,4,x_x_,♪ ♪,0.47,x__x,♪. sc,0.088,49,0.0414,0.0243,1.6989
3/4,3,__x_,(lig.) ♪ ♪,d,desce,1185,5,x___,♩,0.481,x_x_,♪ ♪,0.0772,44,0.0371,0.0474,0.7832
3/4,3,__x_,(lig.) ♪ ♪,d,desce,1185,6,x__x,♪. sc,0.0346,x___,♩,0.9756,40,0.0338,0.0226,1.4956
3/4,3,__x_,(lig.) ♪ ♪,d,desce,1185,7,__x_,(lig.) ♪ ♪,0.0042,__x_,(lig.) ♪ ♪,0.8,4,0.0034,0.0001,38.6131
3/4,3,__x_,(lig.) ♪ ♪,d,desce,1185,8,x_xx,♪ sc sc,0.0042,x___,♩,0.8,4,0.0034,0.0055,0.6116
3/4,3,__x_,(lig.) ♪ ♪,d,desce,1185,9,x___,♩,0.481,x__x,♪. sc,0.0053,3,0.0025,0.0107,0.2366
3/4,3,__x_,(lig.) ♪ ♪,d,desce,1185,10,xxxx,sc sc sc sc,0.0025,x___,♩,1,3,0.0025,0.0044,0.5693
3/4,2,x_x_,♪ ♪,s,sobe,1535,1,x___,♩,0.6945,x___,♩,0.2974,317,0.2065,0.3343,0.6177
3/4,2,x_x_,♪ ♪,s,sobe,1535,2,x___,♩,0.6945,x_x_,♪ ♪,0.2889,308,0.2007,0.1552,1.2926
3/4,2,x_x_,♪ ♪,s,sobe,1535,3,x_x_,♪ ♪,0.2664,x_x_,♪ ♪,0.7335,300,0.1954,0.216,0.905
3/4,2,x_x_,♪ ♪,s,sobe,1535,4,x___,♩,0.6945,__x_,(lig.) ♪ ♪,0.2711,289,0.1883,0.0627,3.0012
3/4,2,x_x_,♪ ♪,s,sobe,1535,5,x_x_,♪ ♪,0.2664,x___,♩,0.1736,71,0.0463,0.0569,0.8128
3/4,2,x_x_,♪ ♪,s,sobe,1535,6,x___,♩,0.6945,..x_,pausa ♪ ♪,0.0432,46,0.03,0.0253,1.1827
3/4,2,x_x_,♪ ♪,s,sobe,1535,7,x___,♩,0.6945,x__x,♪. sc,0.0319,34,0.0221,0.0245,0.9058
3/4,2,x_x_,♪ ♪,s,sobe,1535,8,x___,♩,0.6945,____,(lig.) ♩,0.0291,31,0.0202,0.0194,1.0403
3/4,2,x_x_,♪ ♪,s,sobe,1535,9,x___,♩,0.6945,....,pausa ♩,0.0235,25,0.0163,0.0168,0.9681
3/4,2,x_x_,♪ ♪,s,sobe,1535,10,____,(lig.) ♩,0.0085,x___,♩,0.8462,11,0.0072,0.0069,1.0424
3/4,1,____,(lig.) ♩,s,sobe,308,1,x___,♩,0.6494,____,(lig.) ♩,0.515,103,0.3344,0.2153,1.5535
3/4,1,____,(lig.) ♩,s,sobe,308,2,x___,♩,0.6494,x___,♩,0.395,79,0.2565,0.2692,0.9528
3/4,1,____,(lig.) ♩,s,sobe,308,3,x_x_,♪ ♪,0.1331,x___,♩,0.5854,24,0.0779,0.0699,1.1151
3/4,1,____,(lig.) ♩,s,sobe,308,4,x_x_,♪ ♪,0.1331,x_x_,♪ ♪,0.4146,17,0.0552,0.0324,1.7032
3/4,1,____,(lig.) ♩,s,sobe,308,5,____,(lig.) ♩,0.1136,....,pausa ♩,0.4857,17,0.0552,0.0384,1.4365
3/4,1,____,(lig.) ♩,s,sobe,308,6,____,(lig.) ♩,0.1136,____,(lig.) ♩,0.4286,15,0.0487,0.0493,0.9882
3/4,1,____,(lig.) ♩,s,sobe,308,7,x__x,♪. sc,0.0519,x___,♩,0.875,14,0.0455,0.0319,1.4254
3/4,1,____,(lig.) ♩,s,sobe,308,8,x___,♩,0.6494,__x_,(lig.) ♪ ♪,0.045,9,0.0292,0.0954,0.3063
3/4,1,____,(lig.) ♩,s,sobe,308,9,x___,♩,0.6494,....,pausa ♩,0.025,5,0.0162,0.0214,0.7598
3/4,1,____,(lig.) ♩,s,sobe,308,10,....,pausa ♩,0.0162,....,pausa ♩,1,5,0.0162,0.0138,1.1792
3/4,3,x_x_,♪ ♪,r,repete,472,1,x_x_,♪ ♪,0.7606,x___,♩,0.5599,201,0.4258,0.5219,0.816
3/4,3,x_x_,♪ ♪,r,repete,472,2,x_x_,♪ ♪,0.7606,x_x_,♪ ♪,0.2841,102,0.2161,0.1441,1.5001
3/4,3,x_x_,♪ ♪,r,repete,472,3,x_x_,♪ ♪,0.7606,x__x,♪. sc,0.1281,46,0.0975,0.0368,2.6477
3/4,3,x_x_,♪ ♪,r,repete,472,4,x___,♩,0.1081,x___,♩,0.6863,35,0.0742,0.1618,0.4583
3/4,3,x_x_,♪ ♪,r,repete,472,5,x__x,♪. sc,0.0657,x___,♩,0.5484,17,0.036,0.0262,1.3739
3/4,3,x_x_,♪ ♪,r,repete,472,6,x___,♩,0.1081,x_x_,♪ ♪,0.2353,12,0.0254,0.0192,1.3259
3/4,3,x_x_,♪ ♪,r,repete,472,7,x__x,♪. sc,0.0657,x_x_,♪ ♪,0.2581,8,0.0169,0.0062,2.7446
3/4,3,x_x_,♪ ♪,r,repete,472,8,xxxx,sc sc sc sc,0.0254,x___,♩,0.5,6,0.0127,0.0092,1.3816
3/4,3,x_x_,♪ ♪,r,repete,472,9,x__x,♪. sc,0.0657,x__x,♪. sc,0.1935,6,0.0127,0.0034,3.7449
3/4,3,x_x_,♪ ♪,r,repete,472,10,x_xx,♪ sc sc,0.0169,x___,♩,0.625,5,0.0106,0.0118,0.9
3/4,3,x___,♩,r,repete,2457,1,x___,♩,0.4518,x___,♩,0.8468,940,0.3826,0.4407,0.868
3/4,3,x___,♩,r,repete,2457,2,x_x_,♪ ♪,0.3358,x___,♩,0.6897,569,0.2316,0.174,1.3313
3/4,3,x___,♩,r,repete,2457,3,x_x_,♪ ♪,0.3358,x_x_,♪ ♪,0.2776,229,0.0932,0.048,1.941
3/4,3,x___,♩,r,repete,2457,4,__x_,(lig.) ♪ ♪,0.0924,x_x_,♪ ♪,0.5947,135,0.0549,0.0539,1.0196
3/4,3,x___,♩,r,repete,2457,5,x___,♩,0.4518,x_x_,♪ ♪,0.0928,103,0.0419,0.0522,0.8025
3/4,3,x___,♩,r,repete,2457,6,x__x,♪. sc,0.0362,x___,♩,0.6067,54,0.022,0.027,0.813
3/4,3,x___,♩,r,repete,2457,7,x___,♩,0.4518,x__x,♪. sc,0.045,50,0.0204,0.0118,1.7258
3/4,3,x___,♩,r,repete,2457,8,__x_,(lig.) ♪ ♪,0.0924,x___,♩,0.2026,46,0.0187,0.0262,0.7149
3/4,3,x___,♩,r,repete,2457,9,__x_,(lig.) ♪ ♪,0.0924,x__x,♪. sc,0.1806,41,0.0167,0.012,1.3921
3/4,3,x___,♩,r,repete,2457,10,..x_,pausa ♪ ♪,0.0293,x_x_,♪ ♪,0.5139,37,0.0151,0.025,0.6012
3/4,2,x_x_,♪ ♪,d,desce,1796,1,x_x_,♪ ♪,0.3263,x_x_,♪ ♪,0.6911,405,0.2255,0.216,1.0442
3/4,2,x_x_,♪ ♪,d,desce,1796,2,x___,♩,0.6275,x___,♩,0.3097,349,0.1943,0.3343,0.5813
3/4,2,x_x_,♪ ♪,d,desce,1796,3,x___,♩,0.6275,x_x_,♪ ♪,0.3017,340,0.1893,0.1552,1.2195
3/4,2,x_x_,♪ ♪,d,desce,1796,4,x___,♩,0.6275,__x_,(lig.) ♪ ♪,0.1828,206,0.1147,0.0627,1.8284
3/4,2,x_x_,♪ ♪,d,desce,1796,5,x_x_,♪ ♪,0.3263,x___,♩,0.2116,124,0.069,0.0569,1.2132
3/4,2,x_x_,♪ ♪,d,desce,1796,6,x___,♩,0.6275,..x_,pausa ♪ ♪,0.0887,100,0.0557,0.0253,2.1974
3/4,2,x_x_,♪ ♪,d,desce,1796,7,x___,♩,0.6275,____,(lig.) ♩,0.0355,40,0.0223,0.0194,1.1473
3/4,2,x_x_,♪ ♪,d,desce,1796,8,x___,♩,0.6275,x__x,♪. sc,0.0302,34,0.0189,0.0245,0.7742
3/4,2,x_x_,♪ ♪,d,desce,1796,9,x___,♩,0.6275,....,pausa ♩,0.0293,33,0.0184,0.0168,1.0921
3/4,2,x_x_,♪ ♪,d,desce,1796,10,x_x_,♪ ♪,0.3263,x__x,♪. sc,0.0478,28,0.0156,0.011,1.4177
3/4,3,x_x_,♪ ♪,d,desce,1319,1,x_x_,♪ ♪,0.7218,x___,♩,0.7237,689,0.5224,0.5219,1.001
3/4,3,x_x_,♪ ♪,d,desce,1319,2,x_x_,♪ ♪,0.7218,x_x_,♪ ♪,0.209,199,0.1509,0.1441,1.0473
3/4,3,x_x_,♪ ♪,d,desce,1319,3,x___,♩,0.2138,x___,♩,0.5638,159,0.1205,0.1618,0.7451
3/4,3,x_x_,♪ ♪,d,desce,1319,4,x___,♩,0.2138,x_x_,♪ ♪,0.3475,98,0.0743,0.0192,3.8748
3/4,3,x_x_,♪ ♪,d,desce,1319,5,x_x_,♪ ♪,0.7218,x__x,♪. sc,0.0515,49,0.0371,0.0368,1.0093
3/4,3,x_x_,♪ ♪,d,desce,1319,6,x__x,♪. sc,0.0227,x___,♩,0.7,21,0.0159,0.0262,0.6073
3/4,3,x_x_,♪ ♪,d,desce,1319,7,x_xx,♪ sc sc,0.0136,x___,♩,0.5,9,0.0068,0.0118,0.5797
3/4,3,x_x_,♪ ♪,d,desce,1319,8,x___,♩,0.2138,x__x,♪. sc,0.0284,8,0.0061,0.0043,1.4012
3/4,3,x_x_,♪ ♪,d,desce,1319,9,____,(lig.) ♩,0.0091,x_x_,♪ ♪,0.6667,8,0.0061,0.0014,4.2959
3/4,3,x_x_,♪ ♪,d,desce,1319,10,x__x,♪. sc,0.0227,x_x_,♪ ♪,0.2333,7,0.0053,0.0062,0.8594
3/4,3,____,(lig.) ♩,s,sobe,1844,1,x___,♩,0.6432,x___,♩,0.9587,1137,0.6166,0.5082,1.2134
3/4,3,____,(lig.) ♩,s,sobe,1844,2,x_x_,♪ ♪,0.1475,x___,♩,0.8787,239,0.1296,0.1168,1.1099
3/4,3,____,(lig.) ♩,s,sobe,1844,3,____,(lig.) ♩,0.1215,x___,♩,0.7455,167,0.0906,0.1001,0.9043
3/4,3,____,(lig.) ♩,s,sobe,1844,4,....,pausa ♩,0.0477,x___,♩,0.7273,64,0.0347,0.0287,1.2098
3/4,3,____,(lig.) ♩,s,sobe,1844,5,x___,♩,0.6432,x_x_,♪ ♪,0.0346,41,0.0222,0.0602,0.3692
3/4,3,____,(lig.) ♩,s,sobe,1844,6,____,(lig.) ♩,0.1215,____,(lig.) ♩,0.183,41,0.0222,0.0193,1.1506
3/4,3,____,(lig.) ♩,s,sobe,1844,7,x_x_,♪ ♪,0.1475,x_x_,♪ ♪,0.0956,26,0.0141,0.0322,0.4374
3/4,3,____,(lig.) ♩,s,sobe,1844,8,x__x,♪. sc,0.0201,x___,♩,0.6757,25,0.0136,0.0171,0.7922
3/4,3,____,(lig.) ♩,s,sobe,1844,9,....,pausa ♩,0.0477,x_x_,♪ ♪,0.1591,14,0.0076,0.0073,1.0366
3/4,3,____,(lig.) ♩,s,sobe,1844,10,____,(lig.) ♩,0.1215,x_x_,♪ ♪,0.0357,8,0.0043,0.0161,0.2689
3/4,1,x___,♩,s,sobe,3489,1,x___,♩,0.8243,____,(lig.) ♩,0.4068,1170,0.3353,0.277,1.2105
3/4,1,x___,♩,s,sobe,3489,2,x___,♩,0.8243,x___,♩,0.3821,1099,0.315,0.3464,0.9092
3/4,1,x___,♩,s,sobe,3489,3,x___,♩,0.8243,__x_,(lig.) ♪ ♪,0.1293,372,0.1066,0.1228,0.8685
3/4,1,x___,♩,s,sobe,3489,4,x_x_,♪ ♪,0.1175,x___,♩,0.6829,280,0.0803,0.0662,1.2128
3/4,1,x___,♩,s,sobe,3489,5,x___,♩,0.8243,x_x_,♪ ♪,0.0515,148,0.0424,0.0561,0.7564
3/4,1,x___,♩,s,sobe,3489,6,x_x_,♪ ♪,0.1175,x_x_,♪ ♪,0.2634,108,0.031,0.0307,1.0088
3/4,1,x___,♩,s,sobe,3489,7,x__x,♪. sc,0.0318,x___,♩,0.6757,75,0.0215,0.0134,1.6096
3/4,1,x___,♩,s,sobe,3489,8,x___,♩,0.8243,....,pausa ♩,0.0243,70,0.0201,0.0275,0.7296
3/4,1,x___,♩,s,sobe,3489,9,x__x,♪. sc,0.0318,x_x_,♪ ♪,0.2072,23,0.0066,0.0072,0.9189
3/4,1,x___,♩,s,sobe,3489,10,x_xx,♪ sc sc,0.008,x___,♩,0.5714,16,0.0046,0.0024,1.8723
3/4,1,x___,♩,d,desce,3877,1,x___,♩,0.8754,____,(lig.) ♩,0.4546,1543,0.398,0.277,1.4366
3/4,1,x___,♩,d,desce,3877,2,x___,♩,0.8754,x___,♩,0.3777,1282,0.3307,0.3464,0.9545
3/4,1,x___,♩,d,desce,3877,3,x___,♩,0.8754,__x_,(lig.) ♪ ♪,0.0984,334,0.0861,0.1228,0.7018
3/4,1,x___,♩,d,desce,3877,4,x_x_,♪ ♪,0.0929,x___,♩,0.625,225,0.058,0.0662,0.877
3/4,1,x___,♩,d,desce,3877,5,x_x_,♪ ♪,0.0929,x_x_,♪ ♪,0.3361,121,0.0312,0.0307,1.0171
3/4,1,x___,♩,d,desce,3877,6,x___,♩,0.8754,x_x_,♪ ♪,0.0333,113,0.0291,0.0561,0.5197
3/4,1,x___,♩,d,desce,3877,7,x___,♩,0.8754,....,pausa ♩,0.0283,96,0.0248,0.0275,0.9005
3/4,1,x___,♩,d,desce,3877,8,x__x,♪. sc,0.0201,x___,♩,0.641,50,0.0129,0.0134,0.9657
3/4,1,x___,♩,d,desce,3877,9,x__x,♪. sc,0.0201,x__x,♪. sc,0.1795,14,0.0036,0.0016,2.1892
3/4,1,x___,♩,d,desce,3877,10,x___,♩,0.8754,..x_,pausa ♪ ♪,0.0029,10,0.0026,0.0153,0.1689
3/4,3,____,(lig.) ♩,d,desce,2030,1,x___,♩,0.5542,x___,♩,0.9609,1081,0.5325,0.5082,1.0479
3/4,3,____,(lig.) ♩,d,desce,2030,2,x_x_,♪ ♪,0.1892,x___,♩,0.901,346,0.1704,0.1168,1.4596
3/4,3,____,(lig.) ♩,d,desce,2030,3,____,(lig.) ♩,0.1443,x___,♩,0.7543,221,0.1089,0.1001,1.0871
3/4,3,____,(lig.) ♩,d,desce,2030,4,....,pausa ♩,0.0655,x___,♩,0.7895,105,0.0517,0.0287,1.803
3/4,3,____,(lig.) ♩,d,desce,2030,5,____,(lig.) ♩,0.1443,____,(lig.) ♩,0.1809,53,0.0261,0.0193,1.3511
3/4,3,____,(lig.) ♩,d,desce,2030,6,x___,♩,0.5542,x_x_,♪ ♪,0.0311,35,0.0172,0.0602,0.2863
3/4,3,____,(lig.) ♩,d,desce,2030,7,x__x,♪. sc,0.0222,x___,♩,0.7556,34,0.0167,0.0171,0.9787
3/4,3,____,(lig.) ♩,d,desce,2030,8,x_x_,♪ ♪,0.1892,x_x_,♪ ♪,0.0885,34,0.0167,0.0322,0.5196
3/4,3,____,(lig.) ♩,d,desce,2030,9,..x_,pausa ♪ ♪,0.0153,x__x,♪. sc,0.4516,14,0.0069,0.0021,3.2139
3/4,3,____,(lig.) ♩,d,desce,2030,10,..x_,pausa ♪ ♪,0.0153,x_x_,♪ ♪,0.4194,13,0.0064,0.0065,0.9825
3/4,1,xxx_,sc sc ♪,s,sobe,35,1,x___,♩,0.7429,x___,♩,0.4231,11,0.3143,0.3042,1.0331
3/4,1,xxx_,sc sc ♪,s,sobe,35,2,x___,♩,0.7429,____,(lig.) ♩,0.3077,8,0.2286,0.2433,0.9395
3/4,1,xxx_,sc sc ♪,s,sobe,35,3,x___,♩,0.7429,x_x_,♪ ♪,0.1923,5,0.1429,0.0492,2.9007
3/4,1,xxx_,sc sc ♪,s,sobe,35,4,x_x_,♪ ♪,0.2,x_x_,♪ ♪,0.5714,4,0.1143,0.0579,1.9747
3/4,1,xxx_,sc sc ♪,s,sobe,35,5,x_x_,♪ ♪,0.2,x___,♩,0.4286,3,0.0857,0.1248,0.6868
3/4,1,xxx_,sc sc ♪,s,sobe,35,6,x__x,♪. sc,0.0286,x_x_,♪ ♪,1,1,0.0286,0.0043,6.6731
3/4,1,xxx_,sc sc ♪,s,sobe,35,7,x___,♩,0.7429,__x_,(lig.) ♪ ♪,0.0385,1,0.0286,0.1078,0.265
3/4,1,xxx_,sc sc ♪,s,sobe,35,8,__x_,(lig.) ♪ ♪,0.0286,__x_,(lig.) ♪ ♪,1,1,0.0286,0.0038,7.598
3/4,1,xxx_,sc sc ♪,s,sobe,35,9,x___,♩,0.7429,x__x,♪. sc,0.0385,1,0.0286,0.0028,10.3227
3/4,1,x___,♩,r,repete,1965,1,x___,♩,0.8819,x___,♩,0.4074,706,0.3593,0.3464,1.0371
3/4,1,x___,♩,r,repete,1965,2,x___,♩,0.8819,____,(lig.) ♩,0.4033,699,0.3557,0.277,1.284
3/4,1,x___,♩,r,repete,1965,3,x___,♩,0.8819,__x_,(lig.) ♪ ♪,0.1356,235,0.1196,0.1228,0.9742
3/4,1,x___,♩,r,repete,1965,4,x_x_,♪ ♪,0.0941,x___,♩,0.6649,123,0.0626,0.0662,0.946
3/4,1,x___,♩,r,repete,1965,5,x_x_,♪ ♪,0.0941,x_x_,♪ ♪,0.3027,56,0.0285,0.0307,0.9287
3/4,1,x___,♩,r,repete,1965,6,x___,♩,0.8819,x_x_,♪ ♪,0.0294,51,0.026,0.0561,0.4628
3/4,1,x___,♩,r,repete,1965,7,x___,♩,0.8819,....,pausa ♩,0.0138,24,0.0122,0.0275,0.4442
3/4,1,x___,♩,r,repete,1965,8,x__x,♪. sc,0.0137,x___,♩,0.5926,16,0.0081,0.0134,0.6097
3/4,1,x___,♩,r,repete,1965,9,x___,♩,0.8819,..x_,pausa ♪ ♪,0.004,7,0.0036,0.0153,0.2333
3/4,1,x___,♩,r,repete,1965,10,x_x_,♪ ♪,0.0941,____,(lig.) ♩,0.027,5,0.0025,0.0012,2.156
3/4,1,__x_,(lig.) ♪ ♪,s,sobe,280,1,x_x_,♪ ♪,0.6,x___,♩,0.7679,129,0.4607,0.3638,1.2664
3/4,1,__x_,(lig.) ♪ ♪,s,sobe,280,2,x___,♩,0.2143,x___,♩,0.6333,38,0.1357,0.1097,1.2371
3/4,1,__x_,(lig.) ♪ ♪,s,sobe,280,3,x__x,♪. sc,0.1429,x___,♩,0.925,37,0.1321,0.0723,1.8265
3/4,1,__x_,(lig.) ♪ ♪,s,sobe,280,4,x_x_,♪ ♪,0.6,x_x_,♪ ♪,0.1905,32,0.1143,0.1687,0.6774
3/4,1,__x_,(lig.) ♪ ♪,s,sobe,280,5,x___,♩,0.2143,____,(lig.) ♩,0.2,12,0.0429,0.0877,0.4885
3/4,1,__x_,(lig.) ♪ ♪,s,sobe,280,6,xxxx,sc sc sc sc,0.0179,x___,♩,1,5,0.0179,0.004,4.52
3/4,1,__x_,(lig.) ♪ ♪,s,sobe,280,7,x___,♩,0.2143,....,pausa ♩,0.0667,4,0.0143,0.0087,1.6407
3/4,1,__x_,(lig.) ♪ ♪,s,sobe,280,8,x___,♩,0.2143,x_x_,♪ ♪,0.05,3,0.0107,0.0178,0.6033
3/4,1,__x_,(lig.) ♪ ♪,s,sobe,280,9,x___,♩,0.2143,__x_,(lig.) ♪ ♪,0.05,3,0.0107,0.0389,0.2756
3/4,1,__x_,(lig.) ♪ ♪,s,sobe,280,10,x_x_,♪ ♪,0.6,____,(lig.) ♩,0.0179,3,0.0107,0.0065,1.6512
3/4,1,x___,♩,0,—,478,1,x___,♩,0.8515,x___,♩,0.4275,174,0.364,0.3464,1.0508
3/4,1,x___,♩,0,—,478,2,x___,♩,0.8515,____,(lig.) ♩,0.2899,118,0.2469,0.277,0.8911
3/4,1,x___,♩,0,—,478,3,x___,♩,0.8515,__x_,(lig.) ♪ ♪,0.2408,98,0.205,0.1228,1.6701
3/4,1,x___,♩,0,—,478,4,x_x_,♪ ♪,0.113,x___,♩,0.8333,45,0.0941,0.0662,1.4227
3/4,1,x___,♩,0,—,478,5,x___,♩,0.8515,x_x_,♪ ♪,0.0393,16,0.0335,0.0561,0.5969
3/4,1,x___,♩,0,—,478,6,x_x_,♪ ♪,0.113,x_x_,♪ ♪,0.1667,9,0.0188,0.0307,0.6136
3/4,1,x___,♩,0,—,478,7,x__x,♪. sc,0.0251,x___,♩,0.75,9,0.0188,0.0134,1.4099
3/4,1,x___,♩,0,—,478,8,x_xx,♪ sc sc,0.0063,x___,♩,1,3,0.0063,0.0024,2.5624
3/4,1,x___,♩,0,—,478,9,x__x,♪. sc,0.0251,x_x_,♪ ♪,0.1667,2,0.0042,0.0072,0.5832
3/4,1,x___,♩,0,—,478,10,____,(lig.) ♩,0.0021,x___,♩,1,1,0.0021,0.0005,4.1028
3/4,3,x___,♩,s,sobe,2782,1,x___,♩,0.5399,x___,♩,0.7936,1192,0.4285,0.4407,0.9722
3/4,3,x___,♩,s,sobe,2782,2,x_x_,♪ ♪,0.2002,x___,♩,0.6876,383,0.1377,0.174,0.7914
3/4,3,x___,♩,s,sobe,2782,3,x___,♩,0.5399,x_x_,♪ ♪,0.1425,214,0.0769,0.0522,1.4726
3/4,3,x___,♩,s,sobe,2782,4,__x_,(lig.) ♪ ♪,0.1377,x_x_,♪ ♪,0.5509,211,0.0758,0.0539,1.4074
3/4,3,x___,♩,s,sobe,2782,5,x_x_,♪ ♪,0.2002,x_x_,♪ ♪,0.2603,145,0.0521,0.048,1.0854
3/4,3,x___,♩,s,sobe,2782,6,__x_,(lig.) ♪ ♪,0.1377,x___,♩,0.342,131,0.0471,0.0262,1.798
3/4,3,x___,♩,s,sobe,2782,7,x__x,♪. sc,0.0363,x___,♩,0.6931,70,0.0252,0.027,0.9308
3/4,3,x___,♩,s,sobe,2782,8,x___,♩,0.5399,x__x,♪. sc,0.0353,53,0.0191,0.0118,1.6156
3/4,3,x___,♩,s,sobe,2782,9,..x_,pausa ♪ ♪,0.0205,x_x_,♪ ♪,0.7544,43,0.0155,0.025,0.6171
3/4,3,x___,♩,s,sobe,2782,10,____,(lig.) ♩,0.0277,x___,♩,0.4545,35,0.0126,0.0199,0.6326
3/4,2,x___,♩,r,repete,2216,1,x___,♩,0.5153,x___,♩,0.6086,695,0.3136,0.2074,1.512
3/4,2,x___,♩,r,repete,2216,2,____,(lig.) ♩,0.2374,x___,♩,0.6331,333,0.1503,0.1913,0.7857
3/4,2,x___,♩,r,repete,2216,3,x___,♩,0.5153,x_x_,♪ ♪,0.1926,220,0.0993,0.0963,1.0307
3/4,2,x___,♩,r,repete,2216,4,__x_,(lig.) ♪ ♪,0.13,x___,♩,0.5694,164,0.074,0.0667,1.1094
3/4,2,x___,♩,r,repete,2216,5,x_x_,♪ ♪,0.0821,x_x_,♪ ♪,0.6813,124,0.056,0.0468,1.1962
3/4,2,x___,♩,r,repete,2216,6,__x_,(lig.) ♪ ♪,0.13,x_x_,♪ ♪,0.3646,105,0.0474,0.0677,0.6998
3/4,2,x___,♩,r,repete,2216,7,____,(lig.) ♩,0.2374,____,(lig.) ♩,0.1483,78,0.0352,0.0485,0.7256
3/4,2,x___,♩,r,repete,2216,8,____,(lig.) ♩,0.2374,x_x_,♪ ♪,0.1312,69,0.0311,0.0517,0.6022
3/4,2,x___,♩,r,repete,2216,9,x___,♩,0.5153,....,pausa ♩,0.0482,55,0.0248,0.0104,2.3775
3/4,2,x___,♩,r,repete,2216,10,x___,♩,0.5153,x__x,♪. sc,0.0455,52,0.0235,0.0152,1.5466
3/4,2,x___,♩,0,—,210,1,x___,♩,0.581,x___,♩,0.8443,103,0.4905,0.2074,2.3645
3/4,2,x___,♩,0,—,210,2,____,(lig.) ♩,0.1619,x___,♩,0.8235,28,0.1333,0.1913,0.6972
3/4,2,x___,♩,0,—,210,3,__x_,(lig.) ♪ ♪,0.1762,x_x_,♪ ♪,0.5405,20,0.0952,0.0677,1.4066
3/4,2,x___,♩,0,—,210,4,__x_,(lig.) ♪ ♪,0.1762,x___,♩,0.4595,17,0.081,0.0667,1.2135
3/4,2,x___,♩,0,—,210,5,x___,♩,0.581,x_x_,♪ ♪,0.1066,13,0.0619,0.0963,0.6427
3/4,2,x___,♩,0,—,210,6,x_x_,♪ ♪,0.0714,x_x_,♪ ♪,0.8667,13,0.0619,0.0468,1.3234
3/4,2,x___,♩,0,—,210,7,____,(lig.) ♩,0.1619,____,(lig.) ♩,0.1176,4,0.019,0.0485,0.3927
3/4,2,x___,♩,0,—,210,8,x___,♩,0.581,__x_,(lig.) ♪ ♪,0.0328,4,0.019,0.0389,0.4893
3/4,2,x___,♩,0,—,210,9,x_x_,♪ ♪,0.0714,x___,♩,0.1333,2,0.0095,0.0123,0.7726
3/4,2,x___,♩,0,—,210,10,x__x,♪. sc,0.0048,x___,♩,1,1,0.0048,0.0009,5.1595
3/4,1,____,(lig.) ♩,d,desce,434,1,x___,♩,0.7258,____,(lig.) ♩,0.6444,203,0.4677,0.2153,2.1728
3/4,1,____,(lig.) ♩,d,desce,434,2,x___,♩,0.7258,x___,♩,0.2571,81,0.1866,0.2692,0.6933
3/4,1,____,(lig.) ♩,d,desce,434,3,____,(lig.) ♩,0.1037,....,pausa ♩,0.4889,22,0.0507,0.0384,1.3193
3/4,1,____,(lig.) ♩,d,desce,434,4,x_x_,♪ ♪,0.0829,x_x_,♪ ♪,0.5,18,0.0415,0.0324,1.2798
3/4,1,____,(lig.) ♩,d,desce,434,5,____,(lig.) ♩,0.1037,____,(lig.) ♩,0.4,18,0.0415,0.0493,0.8416
3/4,1,____,(lig.) ♩,d,desce,434,6,x___,♩,0.7258,__x_,(lig.) ♪ ♪,0.0571,18,0.0415,0.0954,0.4348
3/4,1,____,(lig.) ♩,d,desce,434,7,x_x_,♪ ♪,0.0829,x___,♩,0.4722,17,0.0392,0.0699,0.5605
3/4,1,____,(lig.) ♩,d,desce,434,8,x__x,♪. sc,0.0438,x___,♩,0.6842,13,0.03,0.0319,0.9393
3/4,1,____,(lig.) ♩,d,desce,434,9,x___,♩,0.7258,x_x_,♪ ♪,0.0286,9,0.0207,0.0436,0.4759
3/4,1,____,(lig.) ♩,d,desce,434,10,....,pausa ♩,0.0184,....,pausa ♩,1,8,0.0184,0.0138,1.3389
3/4,1,____,(lig.) ♩,r,repete,119,1,x___,♩,0.5882,____,(lig.) ♩,0.5429,38,0.3193,0.2153,1.4834
3/4,1,____,(lig.) ♩,r,repete,119,2,x___,♩,0.5882,x___,♩,0.2286,16,0.1345,0.2692,0.4995
3/4,1,____,(lig.) ♩,r,repete,119,3,x___,♩,0.5882,__x_,(lig.) ♪ ♪,0.2,14,0.1176,0.0954,1.2333
3/4,1,____,(lig.) ♩,r,repete,119,4,x_x_,♪ ♪,0.1597,x_x_,♪ ♪,0.5789,11,0.0924,0.0324,2.8525
3/4,1,____,(lig.) ♩,r,repete,119,5,x__x,♪. sc,0.1176,x___,♩,0.6429,9,0.0756,0.0319,2.3716
3/4,1,____,(lig.) ♩,r,repete,119,6,____,(lig.) ♩,0.1092,____,(lig.) ♩,0.6923,9,0.0756,0.0493,1.5346
3/4,1,____,(lig.) ♩,r,repete,119,7,x_x_,♪ ♪,0.1597,x___,♩,0.4211,8,0.0672,0.0699,0.962
3/4,1,____,(lig.) ♩,r,repete,119,8,____,(lig.) ♩,0.1092,....,pausa ♩,0.3077,4,0.0336,0.0384,0.8748
3/4,1,____,(lig.) ♩,r,repete,119,9,x__x,♪. sc,0.1176,x_xx,♪ sc sc,0.1429,2,0.0168,0.0009,19.6759
3/4,1,____,(lig.) ♩,r,repete,119,10,xxx_,sc sc ♪,0.0168,____,(lig.) ♩,1,2,0.0168,0.0004,45.0756
3/4,1,x_xx,♪ sc sc,s,sobe,82,1,x___,♩,0.6951,x_x_,♪ ♪,0.2281,13,0.1585,0.0436,3.638
3/4,1,x_xx,♪ sc sc,s,sobe,82,2,x___,♩,0.6951,__x_,(lig.) ♪ ♪,0.2105,12,0.1463,0.0954,1.5342
3/4,1,x_xx,♪ sc sc,s,sobe,82,3,x_x_,♪ ♪,0.1707,x_x_,♪ ♪,0.7857,11,0.1341,0.0486,2.7624
3/4,1,x_xx,♪ sc sc,s,sobe,82,4,x___,♩,0.6951,x___,♩,0.193,11,0.1341,0.2692,0.4983
3/4,1,x_xx,♪ sc sc,s,sobe,82,5,x___,♩,0.6951,____,(lig.) ♩,0.1228,7,0.0854,0.2153,0.3966
3/4,1,x_xx,♪ sc sc,s,sobe,82,6,x___,♩,0.6951,....,pausa ♩,0.0702,4,0.0488,0.0214,2.283
3/4,1,x_xx,♪ sc sc,s,sobe,82,7,x___,♩,0.6951,..x_,pausa ♪ ♪,0.0702,4,0.0488,0.0119,4.1111
3/4,1,x_xx,♪ sc sc,s,sobe,82,8,x___,♩,0.6951,x_..,♪ pausa ♪,0.0526,3,0.0366,0.0015,24.7547
3/4,1,x_xx,♪ sc sc,s,sobe,82,9,x__x,♪. sc,0.0488,x___,♩,0.75,3,0.0366,0.0535,0.6838
3/4,1,x_xx,♪ sc sc,s,sobe,82,10,x_x_,♪ ♪,0.1707,x___,♩,0.1429,2,0.0244,0.1047,0.2329
3/4,1,..x_,pausa ♪ ♪,0,—,169,1,x_x_,♪ ♪,0.6686,x___,♩,0.823,93,0.5503,0.4186,1.3145
3/4,1,..x_,pausa ♪ ♪,0,—,169,2,x__x,♪. sc,0.1953,x___,♩,0.697,23,0.1361,0.1232,1.1045
3/4,1,..x_,pausa ♪ ♪,0,—,169,3,x_x_,♪ ♪,0.6686,x_x_,♪ ♪,0.1504,17,0.1006,0.1941,0.5181
3/4,1,..x_,pausa ♪ ♪,0,—,169,4,x__x,♪. sc,0.1953,x_x_,♪ ♪,0.2727,9,0.0533,0.0662,0.8045
3/4,1,..x_,pausa ♪ ♪,0,—,169,5,x_xx,♪ sc sc,0.0533,x___,♩,1,9,0.0533,0.0203,2.6243
3/4,1,..x_,pausa ♪ ♪,0,—,169,6,x___,♩,0.0651,x___,♩,0.5455,6,0.0355,0.0405,0.8765
3/4,1,..x_,pausa ♪ ♪,0,—,169,7,x___,♩,0.0651,__x_,(lig.) ♪ ♪,0.2727,3,0.0178,0.0144,1.2367
3/4,1,..x_,pausa ♪ ♪,0,—,169,8,x_x_,♪ ♪,0.6686,xxxx,sc sc sc sc,0.0088,1,0.0059,0.0023,2.5472
3/4,1,..x_,pausa ♪ ♪,0,—,169,9,x_x_,♪ ♪,0.6686,x__x,♪. sc,0.0088,1,0.0059,0.0076,0.7752
3/4,1,..x_,pausa ♪ ♪,0,—,169,10,x___,♩,0.0651,x__x,♪. sc,0.0909,1,0.0059,0.0004,16.0558
3/4,1,x__x,♪. sc,s,sobe,307,1,x___,♩,0.772,x___,♩,0.5401,128,0.4169,0.2905,1.4353
3/4,1,x__x,♪. sc,s,sobe,307,2,x___,♩,0.772,__x_,(lig.) ♪ ♪,0.1308,31,0.101,0.1029,0.981
3/4,1,x__x,♪. sc,s,sobe,307,3,x___,♩,0.772,____,(lig.) ♩,0.1266,30,0.0977,0.2323,0.4207
3/4,1,x__x,♪. sc,s,sobe,307,4,x_x_,♪ ♪,0.1433,x___,♩,0.4545,20,0.0651,0.1103,0.5907
3/4,1,x__x,♪. sc,s,sobe,307,5,x___,♩,0.772,x_x_,♪ ♪,0.0759,18,0.0586,0.047,1.2468
3/4,1,x__x,♪. sc,s,sobe,307,6,x_x_,♪ ♪,0.1433,x_x_,♪ ♪,0.3409,15,0.0489,0.0511,0.9554
3/4,1,x__x,♪. sc,s,sobe,307,7,x__x,♪. sc,0.0717,x___,♩,0.6364,14,0.0456,0.0542,0.8414
3/4,1,x__x,♪. sc,s,sobe,307,8,x___,♩,0.772,x__x,♪. sc,0.0549,13,0.0423,0.0026,16.0223
3/4,1,x__x,♪. sc,s,sobe,307,9,x___,♩,0.772,....,pausa ♩,0.038,9,0.0293,0.0231,1.2715
3/4,1,x__x,♪. sc,s,sobe,307,10,x_x_,♪ ♪,0.1433,__x_,(lig.) ♪ ♪,0.1364,6,0.0195,0.0007,27.9441
3/4,1,__x_,(lig.) ♪ ♪,d,desce,517,1,x_x_,♪ ♪,0.5242,x___,♩,0.8155,221,0.4275,0.3638,1.175
3/4,1,__x_,(lig.) ♪ ♪,d,desce,517,2,x___,♩,0.325,x___,♩,0.5952,100,0.1934,0.1097,1.7632
3/4,1,__x_,(lig.) ♪ ♪,d,desce,517,3,x__x,♪. sc,0.1122,x___,♩,0.8621,50,0.0967,0.0723,1.3368
3/4,1,__x_,(lig.) ♪ ♪,d,desce,517,4,x_x_,♪ ♪,0.5242,x_x_,♪ ♪,0.1402,38,0.0735,0.1687,0.4357
3/4,1,__x_,(lig.) ♪ ♪,d,desce,517,5,x___,♩,0.325,____,(lig.) ♩,0.2202,37,0.0716,0.0877,0.8158
3/4,1,__x_,(lig.) ♪ ♪,d,desce,517,6,x___,♩,0.325,__x_,(lig.) ♪ ♪,0.0714,12,0.0232,0.0389,0.5971
3/4,1,__x_,(lig.) ♪ ♪,d,desce,517,7,x___,♩,0.325,x_x_,♪ ♪,0.0536,9,0.0174,0.0178,0.9803
3/4,1,__x_,(lig.) ♪ ♪,d,desce,517,8,x___,♩,0.325,....,pausa ♩,0.0476,8,0.0155,0.0087,1.7771
3/4,1,__x_,(lig.) ♪ ♪,d,desce,517,9,x__x,♪. sc,0.1122,x_x_,♪ ♪,0.1379,8,0.0155,0.0389,0.3981
3/4,1,__x_,(lig.) ♪ ♪,d,desce,517,10,x_xx,♪ sc sc,0.0135,x___,♩,1,7,0.0135,0.0061,2.2369
3/4,2,x__x,♪. sc,s,sobe,387,1,x_x_,♪ ♪,0.3333,x_x_,♪ ♪,0.8217,106,0.2739,0.2237,1.2246
3/4,2,x__x,♪. sc,s,sobe,387,2,x___,♩,0.5271,x___,♩,0.3431,70,0.1809,0.2989,0.6052
3/4,2,x__x,♪. sc,s,sobe,387,3,x___,♩,0.5271,x_x_,♪ ♪,0.152,31,0.0801,0.1388,0.5772
3/4,2,x__x,♪. sc,s,sobe,387,4,x___,♩,0.5271,....,pausa ♩,0.1127,23,0.0594,0.015,3.9511
3/4,2,x__x,♪. sc,s,sobe,387,5,x___,♩,0.5271,__x_,(lig.) ♪ ♪,0.1078,22,0.0568,0.0561,1.0136
3/4,2,x__x,♪. sc,s,sobe,387,6,x___,♩,0.5271,..x_,pausa ♪ ♪,0.098,20,0.0517,0.0227,2.2813
3/4,2,x__x,♪. sc,s,sobe,387,7,x___,♩,0.5271,____,(lig.) ♩,0.0882,18,0.0465,0.0174,2.6799
3/4,2,x__x,♪. sc,s,sobe,387,8,x___,♩,0.5271,x__x,♪. sc,0.0833,17,0.0439,0.0219,2.0093
3/4,2,x__x,♪. sc,s,sobe,387,9,x__x,♪. sc,0.0646,x__x,♪. sc,0.56,14,0.0362,0.0276,1.3102
3/4,2,x__x,♪. sc,s,sobe,387,10,x_x_,♪ ♪,0.3333,x__x,♪. sc,0.0853,11,0.0284,0.0114,2.4957
3/4,1,__x_,(lig.) ♪ ♪,r,repete,146,1,x_x_,♪ ♪,0.6233,x___,♩,0.8132,74,0.5068,0.3638,1.3932
3/4,1,__x_,(lig.) ♪ ♪,r,repete,146,2,x__x,♪. sc,0.1438,x___,♩,0.9048,19,0.1301,0.0723,1.7988
3/4,1,__x_,(lig.) ♪ ♪,r,repete,146,3,x_x_,♪ ♪,0.6233,x_x_,♪ ♪,0.1868,17,0.1164,0.1687,0.6902
3/4,1,__x_,(lig.) ♪ ♪,r,repete,146,4,x___,♩,0.1644,____,(lig.) ♩,0.4167,10,0.0685,0.0877,0.7808
3/4,1,__x_,(lig.) ♪ ♪,r,repete,146,5,x___,♩,0.1644,x___,♩,0.375,9,0.0616,0.1097,0.5619
3/4,1,__x_,(lig.) ♪ ♪,r,repete,146,6,__x_,(lig.) ♪ ♪,0.0274,__x_,(lig.) ♪ ♪,1,4,0.0274,0.0034,7.9594
3/4,1,__x_,(lig.) ♪ ♪,r,repete,146,7,____,(lig.) ♩,0.0205,__x_,(lig.) ♪ ♪,1,3,0.0205,0.0003,75.7079
3/4,1,__x_,(lig.) ♪ ♪,r,repete,146,8,x___,♩,0.1644,__..,(lig.) ♪ pausa ♪,0.0833,2,0.0137,0.0007,20.9488
3/4,1,__x_,(lig.) ♪ ♪,r,repete,146,9,x__x,♪. sc,0.1438,x__x,♪. sc,0.0952,2,0.0137,0.0089,1.533
3/4,1,__x_,(lig.) ♪ ♪,r,repete,146,10,x___,♩,0.1644,__x_,(lig.) ♪ ♪,0.0833,2,0.0137,0.0389,0.3524
3/4,1,x__x,♪. sc,r,repete,142,1,x___,♩,0.7535,x___,♩,0.5794,62,0.4366,0.2905,1.503
3/4,1,x__x,♪. sc,r,repete,142,2,x___,♩,0.7535,__x_,(lig.) ♪ ♪,0.271,29,0.2042,0.1029,1.984
3/4,1,x__x,♪. sc,r,repete,142,3,x_x_,♪ ♪,0.1127,x___,♩,0.75,12,0.0845,0.1103,0.7663
3/4,1,x__x,♪. sc,r,repete,142,4,x___,♩,0.7535,____,(lig.) ♩,0.1121,12,0.0845,0.2323,0.3638
3/4,1,x__x,♪. sc,r,repete,142,5,x__x,♪. sc,0.1268,x___,♩,0.3889,7,0.0493,0.0542,0.9095
3/4,1,x__x,♪. sc,r,repete,142,6,x__x,♪. sc,0.1268,x__x,♪. sc,0.3333,6,0.0423,0.0067,6.312
3/4,1,x__x,♪. sc,r,repete,142,7,x__x,♪. sc,0.1268,x_x_,♪ ♪,0.2778,5,0.0352,0.0291,1.2094
3/4,1,x__x,♪. sc,r,repete,142,8,x_x_,♪ ♪,0.1127,x_x_,♪ ♪,0.25,4,0.0282,0.0511,0.5508
3/4,1,x__x,♪. sc,r,repete,142,9,x_xx,♪ sc sc,0.007,x___,♩,1,1,0.007,0.002,3.6107
3/4,1,x__x,♪. sc,r,repete,142,10,x___,♩,0.7535,..x_,pausa ♪ ♪,0.0093,1,0.007,0.0128,0.55
3/4,3,____,(lig.) ♩,r,repete,531,1,x___,♩,0.6328,x___,♩,0.9702,326,0.6139,0.5082,1.2082
3/4,3,____,(lig.) ♩,r,repete,531,2,x_x_,♪ ♪,0.1318,x___,♩,0.8857,62,0.1168,0.1168,0.9999
3/4,3,____,(lig.) ♩,r,repete,531,3,____,(lig.) ♩,0.1431,x___,♩,0.6842,52,0.0979,0.1001,0.9778
3/4,3,____,(lig.) ♩,r,repete,531,4,x__x,♪. sc,0.049,x___,♩,0.8846,23,0.0433,0.0171,2.531
3/4,3,____,(lig.) ♩,r,repete,531,5,____,(lig.) ♩,0.1431,____,(lig.) ♩,0.1842,14,0.0264,0.0193,1.3644
3/4,3,____,(lig.) ♩,r,repete,531,6,x___,♩,0.6328,x_x_,♪ ♪,0.0268,9,0.0169,0.0602,0.2814
3/4,3,____,(lig.) ♩,r,repete,531,7,....,pausa ♩,0.0169,x___,♩,0.8889,8,0.0151,0.0287,0.5252
3/4,3,____,(lig.) ♩,r,repete,531,8,x_x_,♪ ♪,0.1318,x_x_,♪ ♪,0.1,7,0.0132,0.0322,0.409
3/4,3,____,(lig.) ♩,r,repete,531,9,____,(lig.) ♩,0.1431,x_x_,♪ ♪,0.0921,7,0.0132,0.0161,0.8172
3/4,3,____,(lig.) ♩,r,repete,531,10,..x_,pausa ♪ ♪,0.0094,x__x,♪. sc,0.6,3,0.0056,0.0021,2.6329
3/4,1,x__x,♪. sc,d,desce,412,1,x___,♩,0.6481,x___,♩,0.3858,103,0.25,0.2905,0.8606
3/4,1,x__x,♪. sc,d,desce,412,2,x___,♩,0.6481,____,(lig.) ♩,0.2285,61,0.1481,0.2323,0.6374
3/4,1,x__x,♪. sc,d,desce,412,3,x_x_,♪ ♪,0.2209,x_x_,♪ ♪,0.5165,47,0.1141,0.0511,2.2305
3/4,1,x__x,♪. sc,d,desce,412,4,x_x_,♪ ♪,0.2209,x___,♩,0.3956,36,0.0874,0.1103,0.7923
3/4,1,x__x,♪. sc,d,desce,412,5,x___,♩,0.6481,__x_,(lig.) ♪ ♪,0.1311,35,0.085,0.1029,0.8253
3/4,1,x__x,♪. sc,d,desce,412,6,x__x,♪. sc,0.1044,x___,♩,0.5349,23,0.0558,0.0542,1.03
3/4,1,x__x,♪. sc,d,desce,412,7,x___,♩,0.6481,....,pausa ♩,0.0787,21,0.051,0.0231,2.2106
3/4,1,x__x,♪. sc,d,desce,412,8,x___,♩,0.6481,..x_,pausa ♪ ♪,0.0637,17,0.0413,0.0128,3.2225
3/4,1,x__x,♪. sc,d,desce,412,9,x__x,♪. sc,0.1044,x__x,♪. sc,0.3488,15,0.0364,0.0067,5.4387
3/4,1,x__x,♪. sc,d,desce,412,10,x___,♩,0.6481,x_x_,♪ ♪,0.0487,13,0.0316,0.047,0.671
3/4,2,x__x,♪. sc,d,desce,541,1,x_x_,♪ ♪,0.3013,x_x_,♪ ♪,0.8712,142,0.2625,0.2237,1.1735
3/4,2,x__x,♪. sc,d,desce,541,2,x___,♩,0.6007,x___,♩,0.2215,72,0.1331,0.2989,0.4453
3/4,2,x__x,♪. sc,d,desce,541,3,x___,♩,0.6007,__x_,(lig.) ♪ ♪,0.2154,70,0.1294,0.0561,2.307
3/4,2,x__x,♪. sc,d,desce,541,4,x___,♩,0.6007,x_x_,♪ ♪,0.1754,57,0.1054,0.1388,0.7592
3/4,2,x__x,♪. sc,d,desce,541,5,x___,♩,0.6007,..x_,pausa ♪ ♪,0.1569,51,0.0943,0.0227,4.1613
3/4,2,x__x,♪. sc,d,desce,541,6,x___,♩,0.6007,____,(lig.) ♩,0.0892,29,0.0536,0.0174,3.0885
3/4,2,x__x,♪. sc,d,desce,541,7,x__x,♪. sc,0.085,x__x,♪. sc,0.5217,24,0.0444,0.0276,1.6066
3/4,2,x__x,♪. sc,d,desce,541,8,x___,♩,0.6007,....,pausa ♩,0.0615,20,0.037,0.015,2.4577
3/4,2,x__x,♪. sc,d,desce,541,9,x___,♩,0.6007,x__x,♪. sc,0.0523,17,0.0314,0.0219,1.4373
3/4,2,x__x,♪. sc,d,desce,541,10,x__x,♪. sc,0.085,x___,♩,0.3043,14,0.0259,0.0181,1.4334
3/4,3,x__x,♪. sc,s,sobe,67,1,x__x,♪. sc,0.4328,x___,♩,0.5517,16,0.2388,0.2764,0.8639
3/4,3,x__x,♪. sc,s,sobe,67,2,x___,♩,0.2388,x___,♩,0.6875,11,0.1642,0.2155,0.7617
3/4,3,x__x,♪. sc,s,sobe,67,3,x_x_,♪ ♪,0.2537,x___,♩,0.6471,11,0.1642,0.2263,0.7254
3/4,3,x__x,♪. sc,s,sobe,67,4,x__x,♪. sc,0.4328,x__x,♪. sc,0.2759,8,0.1194,0.0358,3.3359
3/4,3,x__x,♪. sc,s,sobe,67,5,x__x,♪. sc,0.4328,x_x_,♪ ♪,0.1724,5,0.0746,0.0651,1.146
3/4,3,x__x,♪. sc,s,sobe,67,6,x_x_,♪ ♪,0.2537,x_x_,♪ ♪,0.1765,3,0.0448,0.0625,0.7167
3/4,3,x__x,♪. sc,s,sobe,67,7,x___,♩,0.2388,x_x_,♪ ♪,0.125,2,0.0299,0.0255,1.1685
3/4,3,x__x,♪. sc,s,sobe,67,8,xxxx,sc sc sc sc,0.0299,x___,♩,1,2,0.0299,0.0235,1.2724
3/4,3,x__x,♪. sc,s,sobe,67,9,x_x_,♪ ♪,0.2537,x__x,♪. sc,0.1176,2,0.0299,0.016,1.87
3/4,3,x__x,♪. sc,s,sobe,67,10,x_x_,♪ ♪,0.2537,xxxx,sc sc sc sc,0.0588,1,0.0149,0.0014,10.8404
3/4,3,x__x,♪. sc,d,desce,115,1,x__x,♪. sc,0.4087,x___,♩,0.6596,31,0.2696,0.2764,0.9752
3/4,3,x__x,♪. sc,d,desce,115,2,x_x_,♪ ♪,0.287,x___,♩,0.6364,21,0.1826,0.2263,0.8069
3/4,3,x__x,♪. sc,d,desce,115,3,x__x,♪. sc,0.4087,x__x,♪. sc,0.1702,8,0.0696,0.0358,1.9435
3/4,3,x__x,♪. sc,d,desce,115,4,x_x_,♪ ♪,0.287,x_x_,♪ ♪,0.2424,8,0.0696,0.0625,1.1135
3/4,3,x__x,♪. sc,d,desce,115,5,x___,♩,0.2609,x_x_,♪ ♪,0.2333,7,0.0609,0.0255,2.3828
3/4,3,x__x,♪. sc,d,desce,115,6,x___,♩,0.2609,x__x,♪. sc,0.2333,7,0.0609,0.0058,10.5553
3/4,3,x__x,♪. sc,d,desce,115,7,x__x,♪. sc,0.4087,x_x_,♪ ♪,0.1277,6,0.0522,0.0651,0.8012
3/4,3,x__x,♪. sc,d,desce,115,8,x___,♩,0.2609,x___,♩,0.2,6,0.0522,0.2155,0.2421
3/4,3,x__x,♪. sc,d,desce,115,9,x___,♩,0.2609,x_xx,♪ sc sc,0.1667,5,0.0435,0.0011,40.9288
3/4,3,x__x,♪. sc,d,desce,115,10,x___,♩,0.2609,____,(lig.) ♩,0.1333,4,0.0348,0.0013,26.4463
3/4,2,x_xx,♪ sc sc,s,sobe,58,1,x___,♩,0.6207,x_x_,♪ ♪,0.3889,14,0.2414,0.1382,1.7469
3/4,2,x_xx,♪ sc sc,s,sobe,58,2,x___,♩,0.6207,x___,♩,0.2222,8,0.1379,0.2976,0.4635
3/4,2,x_xx,♪ sc sc,s,sobe,58,3,x___,♩,0.6207,__x_,(lig.) ♪ ♪,0.1667,6,0.1034,0.0558,1.8525
3/4,2,x_xx,♪ sc sc,s,sobe,58,4,x_x_,♪ ♪,0.2241,____,(lig.) ♩,0.3846,5,0.0862,0.0033,26.2266
3/4,2,x_xx,♪ sc sc,s,sobe,58,5,x_x_,♪ ♪,0.2241,x___,♩,0.3077,4,0.069,0.0471,1.4628
3/4,2,x_xx,♪ sc sc,s,sobe,58,6,x__x,♪. sc,0.1034,x___,♩,0.5,3,0.0517,0.0153,3.3765
3/4,2,x_xx,♪ sc sc,s,sobe,58,7,x_x_,♪ ♪,0.2241,x__x,♪. sc,0.1538,2,0.0345,0.0091,3.7853
3/4,2,x_xx,♪ sc sc,s,sobe,58,8,x___,♩,0.6207,..x_,pausa ♪ ♪,0.0556,2,0.0345,0.0226,1.5288
3/4,2,x_xx,♪ sc sc,s,sobe,58,9,x___,♩,0.6207,__xx,(lig.) ♪ sc sc,0.0556,2,0.0345,0.0023,14.9666
3/4,2,x_xx,♪ sc sc,s,sobe,58,10,x___,♩,0.6207,....,pausa ♩,0.0556,2,0.0345,0.015,2.3026
3/4,1,xxxx,sc sc sc sc,s,sobe,40,1,x___,♩,0.725,x___,♩,0.3103,9,0.225,0.2747,0.8191
3/4,1,xxxx,sc sc sc sc,s,sobe,40,2,x___,♩,0.725,__x_,(lig.) ♪ ♪,0.2414,7,0.175,0.0973,1.7978
3/4,1,xxxx,sc sc sc sc,s,sobe,40,3,x___,♩,0.725,____,(lig.) ♩,0.2069,6,0.15,0.2197,0.6828
3/4,1,xxxx,sc sc sc sc,s,sobe,40,4,xxxx,sc sc sc sc,0.05,xxxx,sc sc sc sc,1,2,0.05,0.0062,8.0964
3/4,1,xxxx,sc sc sc sc,s,sobe,40,5,xxx_,sc sc ♪,0.05,__xx,(lig.) ♪ sc sc,1,2,0.05,0.0068,7.32
3/4,1,xxxx,sc sc sc sc,s,sobe,40,6,x_x_,♪ ♪,0.1,x___,♩,0.5,2,0.05,0.0693,0.721
3/4,1,xxxx,sc sc sc sc,s,sobe,40,7,x___,♩,0.725,x_x_,♪ ♪,0.069,2,0.05,0.0445,1.1243
3/4,1,xxxx,sc sc sc sc,s,sobe,40,8,x_x_,♪ ♪,0.1,__xx,(lig.) ♪ sc sc,0.25,1,0.025,0.0001,303.2013
3/4,1,xxxx,sc sc sc sc,s,sobe,40,9,x___,♩,0.725,..x_,pausa ♪ ♪,0.0345,1,0.025,0.0121,2.0646
3/4,1,xxxx,sc sc sc sc,s,sobe,40,10,x___,♩,0.725,__xx,(lig.) ♪ sc sc,0.0345,1,0.025,0.0021,11.84
3/4,1,xxxx,sc sc sc sc,d,desce,73,1,x___,♩,0.6164,x___,♩,0.2889,13,0.1781,0.2747,0.6483
3/4,1,xxxx,sc sc sc sc,d,desce,73,2,x___,♩,0.6164,____,(lig.) ♩,0.2,9,0.1233,0.2197,0.5612
3/4,1,xxxx,sc sc sc sc,d,desce,73,3,x__x,♪. sc,0.1781,x_x_,♪ ♪,0.5385,7,0.0959,0.041,2.3393
3/4,1,xxxx,sc sc sc sc,d,desce,73,4,x___,♩,0.6164,..x_,pausa ♪ ♪,0.1333,6,0.0822,0.0121,6.7878
3/4,1,xxxx,sc sc sc sc,d,desce,73,5,x_x_,♪ ♪,0.1233,x___,♩,0.5556,5,0.0685,0.0693,0.9877
3/4,1,xxxx,sc sc sc sc,d,desce,73,6,x___,♩,0.6164,x_x_,♪ ♪,0.1111,5,0.0685,0.0445,1.5402
3/4,1,xxxx,sc sc sc sc,d,desce,73,7,x___,♩,0.6164,..xx,pausa ♪ sc sc,0.0889,4,0.0548,0.0007,79.4742
3/4,1,xxxx,sc sc sc sc,d,desce,73,8,x__x,♪. sc,0.1781,x___,♩,0.2308,3,0.0411,0.0763,0.5386
3/4,1,xxxx,sc sc sc sc,d,desce,73,9,x___,♩,0.6164,__x_,(lig.) ♪ ♪,0.0667,3,0.0411,0.0973,0.4222
3/4,1,xxxx,sc sc sc sc,d,desce,73,10,xxxx,sc sc sc sc,0.0411,xxxx,sc sc sc sc,0.6667,2,0.0274,0.0062,4.4364
3/4,1,x_x_,♪ ♪,r,repete,1018,1,x___,♩,0.6935,x___,♩,0.4306,304,0.2986,0.2945,1.0142
3/4,1,x_x_,♪ ♪,r,repete,1018,2,x___,♩,0.6935,__x_,(lig.) ♪ ♪,0.2295,162,0.1591,0.1043,1.5251
3/4,1,x_x_,♪ ♪,r,repete,1018,3,x_x_,♪ ♪,0.2181,x___,♩,0.5315,118,0.1159,0.131,0.8848
3/4,1,x_x_,♪ ♪,r,repete,1018,4,x_x_,♪ ♪,0.2181,x_x_,♪ ♪,0.4189,93,0.0914,0.0607,1.5038
3/4,1,x_x_,♪ ♪,r,repete,1018,5,x___,♩,0.6935,____,(lig.) ♩,0.1218,86,0.0845,0.2355,0.3588
3/4,1,x_x_,♪ ♪,r,repete,1018,6,x___,♩,0.6935,x_x_,♪ ♪,0.1204,85,0.0835,0.0477,1.7517
3/4,1,x_x_,♪ ♪,r,repete,1018,7,x___,♩,0.6935,..x_,pausa ♪ ♪,0.0397,28,0.0275,0.013,2.1191
3/4,1,x_x_,♪ ♪,r,repete,1018,8,x___,♩,0.6935,....,pausa ♩,0.0382,27,0.0265,0.0234,1.1348
3/4,1,x_x_,♪ ♪,r,repete,1018,9,x__x,♪. sc,0.0511,x_x_,♪ ♪,0.4615,24,0.0236,0.0161,1.4665
3/4,1,x_x_,♪ ♪,r,repete,1018,10,x__x,♪. sc,0.0511,x___,♩,0.4423,23,0.0226,0.0299,0.755
3/4,2,xxxx,sc sc sc sc,d,desce,45,1,x___,♩,0.5333,__x_,(lig.) ♪ ♪,0.4583,11,0.2444,0.0607,4.0241
3/4,2,xxxx,sc sc sc sc,d,desce,45,2,x___,♩,0.5333,x___,♩,0.4167,10,0.2222,0.3237,0.6865
3/4,2,xxxx,sc sc sc sc,d,desce,45,3,xxxx,sc sc sc sc,0.2222,x_x_,♪ ♪,0.4,4,0.0889,0.0449,1.9804
3/4,2,xxxx,sc sc sc sc,d,desce,45,4,x_xx,♪ sc sc,0.0889,x_x_,♪ ♪,1,4,0.0889,0.0382,2.3262
3/4,2,xxxx,sc sc sc sc,d,desce,45,5,xxxx,sc sc sc sc,0.2222,x_xx,♪ sc sc,0.3,3,0.0667,0.0096,6.9313
3/4,2,xxxx,sc sc sc sc,d,desce,45,6,x_x_,♪ ♪,0.1333,x_xx,♪ sc sc,0.3333,2,0.0444,0.0022,20.4178
3/4,2,xxxx,sc sc sc sc,d,desce,45,7,xxxx,sc sc sc sc,0.2222,xxxx,sc sc sc sc,0.2,2,0.0444,0.0128,3.4657
3/4,2,xxxx,sc sc sc sc,d,desce,45,8,x_x_,♪ ♪,0.1333,x_x_,♪ ♪,0.3333,2,0.0444,0.0882,0.5037
3/4,2,xxxx,sc sc sc sc,d,desce,45,9,x__x,♪. sc,0.0222,x_x_,♪ ♪,1,1,0.0222,0.0043,5.2272
3/4,2,xxxx,sc sc sc sc,d,desce,45,10,x_x_,♪ ♪,0.1333,xxxx,sc sc sc sc,0.1667,1,0.0222,0.0017,13.3283
3/4,1,....,pausa ♩,s,sobe,146,1,x___,♩,0.6849,x___,♩,0.46,46,0.3151,0.2287,1.3779
3/4,1,....,pausa ♩,s,sobe,146,2,x___,♩,0.6849,__x_,(lig.) ♪ ♪,0.18,18,0.1233,0.081,1.5216
3/4,1,....,pausa ♩,s,sobe,146,3,x___,♩,0.6849,____,(lig.) ♩,0.16,16,0.1096,0.1828,0.5993
3/4,1,....,pausa ♩,s,sobe,146,4,x___,♩,0.6849,x_x_,♪ ♪,0.14,14,0.0959,0.037,2.5906
3/4,1,....,pausa ♩,s,sobe,146,5,x_x_,♪ ♪,0.1644,x_x_,♪ ♪,0.5,12,0.0822,0.0436,1.8838
3/4,1,....,pausa ♩,s,sobe,146,6,x_x_,♪ ♪,0.1644,x___,♩,0.5,12,0.0822,0.0941,0.8736
3/4,1,....,pausa ♩,s,sobe,146,7,....,pausa ♩,0.0685,....,pausa ♩,0.9,9,0.0616,0.1074,0.5738
3/4,1,....,pausa ♩,s,sobe,146,8,x__x,♪. sc,0.0822,x_x_,♪ ♪,0.5833,7,0.0479,0.0463,1.0363
3/4,1,....,pausa ♩,s,sobe,146,9,x__x,♪. sc,0.0822,x___,♩,0.3333,4,0.0274,0.0861,0.3181
3/4,1,....,pausa ♩,s,sobe,146,10,x___,♩,0.6849,....,pausa ♩,0.04,4,0.0274,0.0181,1.5096
3/4,1,x_xx,♪ sc sc,d,desce,65,1,x___,♩,0.6154,..x_,pausa ♪ ♪,0.25,10,0.1538,0.0119,12.9658
3/4,1,x_xx,♪ sc sc,d,desce,65,2,x___,♩,0.6154,____,(lig.) ♩,0.2,8,0.1231,0.2153,0.5717
3/4,1,x_xx,♪ sc sc,d,desce,65,3,x___,♩,0.6154,x_x_,♪ ♪,0.175,7,0.1077,0.0436,2.4713
3/4,1,x_xx,♪ sc sc,d,desce,65,4,x_x_,♪ ♪,0.1538,x_x_,♪ ♪,0.7,7,0.1077,0.0486,2.2176
3/4,1,x_xx,♪ sc sc,d,desce,65,5,x___,♩,0.6154,x___,♩,0.175,7,0.1077,0.2692,0.4001
3/4,1,x_xx,♪ sc sc,d,desce,65,6,x__x,♪. sc,0.1538,x_x_,♪ ♪,0.7,7,0.1077,0.0287,3.747
3/4,1,x_xx,♪ sc sc,d,desce,65,7,x___,♩,0.6154,__x_,(lig.) ♪ ♪,0.1,4,0.0615,0.0954,0.6451
3/4,1,x_xx,♪ sc sc,d,desce,65,8,x_x_,♪ ♪,0.1538,x___,♩,0.3,3,0.0462,0.1047,0.4407
3/4,1,x_xx,♪ sc sc,d,desce,65,9,xxxx,sc sc sc sc,0.0308,xxxx,sc sc sc sc,1,2,0.0308,0.0017,17.765
3/4,1,x_xx,♪ sc sc,d,desce,65,10,x___,♩,0.6154,x__x,♪. sc,0.05,2,0.0308,0.0024,12.5634
3/4,1,....,pausa ♩,d,desce,368,1,x___,♩,0.5326,x___,♩,0.5663,111,0.3016,0.2287,1.3192
3/4,1,....,pausa ♩,d,desce,368,2,....,pausa ♩,0.1359,....,pausa ♩,0.94,47,0.1277,0.1074,1.1888
3/4,1,....,pausa ♩,d,desce,368,3,x___,♩,0.5326,____,(lig.) ♩,0.2296,45,0.1223,0.1828,0.6688
3/4,1,....,pausa ♩,d,desce,368,4,x__x,♪. sc,0.1685,x_x_,♪ ♪,0.5645,35,0.0951,0.0463,2.0558
3/4,1,....,pausa ♩,d,desce,368,5,x___,♩,0.5326,__x_,(lig.) ♪ ♪,0.1276,25,0.0679,0.081,0.8385
3/4,1,....,pausa ♩,d,desce,368,6,x_x_,♪ ♪,0.1359,x___,♩,0.48,24,0.0652,0.0941,0.6932
3/4,1,....,pausa ♩,d,desce,368,7,x__x,♪. sc,0.1685,x___,♩,0.3548,22,0.0598,0.0861,0.6942
3/4,1,....,pausa ♩,d,desce,368,8,x_x_,♪ ♪,0.1359,x_x_,♪ ♪,0.42,21,0.0571,0.0436,1.3079
3/4,1,....,pausa ♩,d,desce,368,9,x___,♩,0.5326,x_x_,♪ ♪,0.0459,9,0.0245,0.037,0.6607
3/4,1,....,pausa ♩,d,desce,368,10,x_xx,♪ sc sc,0.0163,x___,♩,0.8333,5,0.0136,0.006,2.2713
3/4,3,xxxx,sc sc sc sc,d,desce,32,1,x___,♩,0.4688,x_x_,♪ ♪,0.6,9,0.2813,0.0411,6.8422
3/4,3,xxxx,sc sc sc sc,d,desce,32,2,x___,♩,0.4688,x__x,♪. sc,0.4,6,0.1875,0.0093,20.2065
3/4,3,xxxx,sc sc sc sc,d,desce,32,3,x_x_,♪ ♪,0.375,xxx_,sc sc ♪,0.4167,5,0.1563,0.0005,291.0465
3/4,3,xxxx,sc sc sc sc,d,desce,32,4,x_x_,♪ ♪,0.375,x___,♩,0.25,3,0.0938,0.2172,0.4316
3/4,3,xxxx,sc sc sc sc,d,desce,32,5,x_x_,♪ ♪,0.375,xxxx,sc sc sc sc,0.1667,2,0.0625,0.0013,47.2951
3/4,3,xxxx,sc sc sc sc,d,desce,32,6,x_x_,♪ ♪,0.375,x_x_,♪ ♪,0.1667,2,0.0625,0.06,1.0423
3/4,3,xxxx,sc sc sc sc,d,desce,32,7,xxx_,sc sc ♪,0.0625,__..,(lig.) ♪ pausa ♪,1,2,0.0625,0.0023,26.8047
3/4,3,xxxx,sc sc sc sc,d,desce,32,8,xxxx,sc sc sc sc,0.0313,xxxx,sc sc sc sc,1,1,0.0313,0.0035,8.9594
3/4,3,xxxx,sc sc sc sc,d,desce,32,9,_xx_,(lig.) sc sc ♪,0.0313,x___,♩,1,1,0.0313,0.0027,11.75
3/4,3,xxxx,sc sc sc sc,d,desce,32,10,x__x,♪. sc,0.0313,x_x_,♪ ♪,1,1,0.0313,0.0072,4.3333
3/4,3,..x_,pausa ♪ ♪,s,sobe,106,1,x_x_,♪ ♪,0.9057,x___,♩,0.5729,55,0.5189,0.6591,0.7873
3/4,3,..x_,pausa ♪ ♪,s,sobe,106,2,x_x_,♪ ♪,0.9057,x_x_,♪ ♪,0.2708,26,0.2453,0.1819,1.3482
3/4,3,..x_,pausa ♪ ♪,s,sobe,106,3,x_x_,♪ ♪,0.9057,x__x,♪. sc,0.1354,13,0.1226,0.0465,2.6382
3/4,3,..x_,pausa ♪ ♪,s,sobe,106,4,x__x,♪. sc,0.0472,x___,♩,1,5,0.0472,0.0274,1.724
3/4,3,..x_,pausa ♪ ♪,s,sobe,106,5,x_xx,♪ sc sc,0.0189,x___,♩,1,2,0.0189,0.0254,0.7442
3/4,3,..x_,pausa ♪ ♪,s,sobe,106,6,x_x_,♪ ♪,0.9057,x_xx,♪ sc sc,0.0208,2,0.0189,0.0054,3.5019
3/4,3,..x_,pausa ♪ ♪,s,sobe,106,7,xxxx,sc sc sc sc,0.0189,x___,♩,1,2,0.0189,0.0061,3.0992
3/4,3,..x_,pausa ♪ ♪,s,sobe,106,8,xxx_,sc sc ♪,0.0094,x___,♩,1,1,0.0094,0.0051,1.8657
3/4,2,____,(lig.) ♩,s,sobe,59,1,....,pausa ♩,0.2881,x___,♩,0.8235,14,0.2373,0.0932,2.5452
3/4,2,____,(lig.) ♩,s,sobe,59,2,____,(lig.) ♩,0.3729,x___,♩,0.4091,9,0.1525,0.2269,0.6722
3/4,2,____,(lig.) ♩,s,sobe,59,3,____,(lig.) ♩,0.3729,x_x_,♪ ♪,0.2727,6,0.1017,0.0613,1.6576
3/4,2,____,(lig.) ♩,s,sobe,59,4,x_x_,♪ ♪,0.1017,x___,♩,0.6667,4,0.0678,0.0159,4.2588
3/4,2,____,(lig.) ♩,s,sobe,59,5,x___,♩,0.0847,x___,♩,0.8,4,0.0678,0.05,1.3549
3/4,2,____,(lig.) ♩,s,sobe,59,6,xxx_,sc sc ♪,0.0678,x_x_,♪ ♪,0.75,3,0.0508,0.0332,1.533
3/4,2,____,(lig.) ♩,s,sobe,59,7,....,pausa ♩,0.2881,x_x_,♪ ♪,0.1765,3,0.0508,0.1231,0.4131
3/4,2,____,(lig.) ♩,s,sobe,59,8,____,(lig.) ♩,0.3729,__x_,(lig.) ♪ ♪,0.1364,3,0.0508,0.0012,43.0394
3/4,2,____,(lig.) ♩,s,sobe,59,9,____,(lig.) ♩,0.3729,____,(lig.) ♩,0.0909,2,0.0339,0.0576,0.589
3/4,2,____,(lig.) ♩,s,sobe,59,10,____,(lig.) ♩,0.3729,....,pausa ♩,0.0909,2,0.0339,0.0194,1.7465
3/4,3,..x_,pausa ♪ ♪,r,repete,81,1,x_x_,♪ ♪,0.9012,x___,♩,0.6575,48,0.5926,0.6591,0.8991
3/4,3,..x_,pausa ♪ ♪,r,repete,81,2,x_x_,♪ ♪,0.9012,x_x_,♪ ♪,0.2877,21,0.2593,0.1819,1.425
3/4,3,..x_,pausa ♪ ♪,r,repete,81,3,x_x_,♪ ♪,0.9012,x__x,♪. sc,0.0548,4,0.0494,0.0465,1.0623
3/4,3,..x_,pausa ♪ ♪,r,repete,81,4,x__x,♪. sc,0.0494,x___,♩,0.75,3,0.037,0.0274,1.3537
3/4,3,..x_,pausa ♪ ♪,r,repete,81,5,x_xx,♪ sc sc,0.0247,x___,♩,1,2,0.0247,0.0254,0.9739
3/4,3,..x_,pausa ♪ ♪,r,repete,81,6,x__x,♪. sc,0.0494,x_x_,♪ ♪,0.25,1,0.0123,0.0064,1.9155
3/4,3,..x_,pausa ♪ ♪,r,repete,81,7,xxx_,sc sc ♪,0.0123,x___,♩,1,1,0.0123,0.0051,2.4415
3/4,3,..x_,pausa ♪ ♪,r,repete,81,8,xxxx,sc sc sc sc,0.0123,x___,♩,1,1,0.0123,0.0061,2.0279
3/4,3,..x_,pausa ♪ ♪,d,desce,102,1,x_x_,♪ ♪,0.8922,x___,♩,0.7143,65,0.6373,0.6591,0.9669
3/4,3,..x_,pausa ♪ ♪,d,desce,102,2,x_x_,♪ ♪,0.8922,x_x_,♪ ♪,0.2637,24,0.2353,0.1819,1.2933
3/4,3,..x_,pausa ♪ ♪,d,desce,102,3,x_xx,♪ sc sc,0.0686,x___,♩,0.8571,6,0.0588,0.0254,2.3201
3/4,3,..x_,pausa ♪ ♪,d,desce,102,4,x_x_,♪ ♪,0.8922,x__x,♪. sc,0.022,2,0.0196,0.0465,0.4218
3/4,3,..x_,pausa ♪ ♪,d,desce,102,5,x___,♩,0.0196,x___,♩,1,2,0.0196,0.0038,5.1079
3/4,3,..x_,pausa ♪ ♪,d,desce,102,6,x__x,♪. sc,0.0196,x_x_,♪ ♪,0.5,1,0.0098,0.0064,1.5211
3/4,3,..x_,pausa ♪ ♪,d,desce,102,7,x_xx,♪ sc sc,0.0686,x_x_,♪ ♪,0.1429,1,0.0098,0.0061,1.602
3/4,3,..x_,pausa ♪ ♪,d,desce,102,8,x__x,♪. sc,0.0196,x___,♩,0.5,1,0.0098,0.0274,0.3583
3/4,2,x_x_,♪ ♪,r,repete,483,1,x___,♩,0.5631,x___,♩,0.511,139,0.2878,0.3343,0.8608
3/4,2,x_x_,♪ ♪,r,repete,483,2,x_x_,♪ ♪,0.3561,x_x_,♪ ♪,0.7267,125,0.2588,0.216,1.1984
3/4,2,x_x_,♪ ♪,r,repete,483,3,x___,♩,0.5631,x_x_,♪ ♪,0.1985,54,0.1118,0.1552,0.7202
3/4,2,x_x_,♪ ♪,r,repete,483,4,x___,♩,0.5631,__x_,(lig.) ♪ ♪,0.1618,44,0.0911,0.0627,1.4521
3/4,2,x_x_,♪ ♪,r,repete,483,5,x_x_,♪ ♪,0.3561,x___,♩,0.1802,31,0.0642,0.0569,1.1278
3/4,2,x_x_,♪ ♪,r,repete,483,6,x___,♩,0.5631,..x_,pausa ♪ ♪,0.0551,15,0.0311,0.0253,1.2256
3/4,2,x_x_,♪ ♪,r,repete,483,7,x__x,♪. sc,0.0207,x_x_,♪ ♪,0.8,8,0.0166,0.0037,4.4982
3/4,2,x_x_,♪ ♪,r,repete,483,8,x_x_,♪ ♪,0.3561,____,(lig.) ♩,0.0465,8,0.0166,0.004,4.1744
3/4,2,x_x_,♪ ♪,r,repete,483,9,x___,♩,0.5631,____,(lig.) ♩,0.0257,7,0.0145,0.0194,0.7466
3/4,2,x_x_,♪ ♪,r,repete,483,10,____,(lig.) ♩,0.029,____,(lig.) ♩,0.4286,6,0.0124,0.0017,7.1246
3/4,3,__xx,(lig.) ♪ sc sc,d,desce,36,1,x_x_,♪ ♪,0.5833,x___,♩,0.7143,15,0.4167,0.4051,1.0285
3/4,3,__xx,(lig.) ♪ sc sc,d,desce,36,2,xxxx,sc sc sc sc,0.1667,x___,♩,0.6667,4,0.1111,0.1296,0.8574
3/4,3,__xx,(lig.) ♪ sc sc,d,desce,36,3,x_xx,♪ sc sc,0.1111,x___,♩,0.75,3,0.0833,0.0423,1.9688
3/4,3,__xx,(lig.) ♪ sc sc,d,desce,36,4,x_x_,♪ ♪,0.5833,x_x_,♪ ♪,0.1429,3,0.0833,0.1118,0.7451
3/4,3,__xx,(lig.) ♪ sc sc,d,desce,36,5,x_x_,♪ ♪,0.5833,xxx_,sc sc ♪,0.0952,2,0.0556,0.001,55.4846
3/4,3,__xx,(lig.) ♪ sc sc,d,desce,36,6,x__x,♪. sc,0.0556,x___,♩,1,2,0.0556,0.0228,2.4325
3/4,3,__xx,(lig.) ♪ sc sc,d,desce,36,7,xxxx,sc sc sc sc,0.1667,xxx_,sc sc ♪,0.1667,1,0.0278,0.0062,4.4479
3/4,3,__xx,(lig.) ♪ sc sc,d,desce,36,8,xxxx,sc sc sc sc,0.1667,xxxx,sc sc sc sc,0.1667,1,0.0278,0.0078,3.5583
3/4,3,__xx,(lig.) ♪ sc sc,d,desce,36,9,x_xx,♪ sc sc,0.1111,x__x,♪. sc,0.25,1,0.0278,0.0058,4.7578
3/4,3,__xx,(lig.) ♪ sc sc,d,desce,36,10,x_x_,♪ ♪,0.5833,x__x,♪. sc,0.0476,1,0.0278,0.0286,0.9721
3/4,2,x_xx,♪ sc sc,d,desce,78,1,x_x_,♪ ♪,0.2949,x_x_,♪ ♪,0.5217,12,0.1538,0.1789,0.8599
3/4,2,x_xx,♪ sc sc,d,desce,78,2,x___,♩,0.4872,__x_,(lig.) ♪ ♪,0.2895,11,0.141,0.0558,2.5255
3/4,2,x_xx,♪ sc sc,d,desce,78,3,x_xx,♪ sc sc,0.1538,x_x_,♪ ♪,0.9167,11,0.141,0.0723,1.9509
3/4,2,x_xx,♪ sc sc,d,desce,78,4,x___,♩,0.4872,x___,♩,0.2632,10,0.1282,0.2976,0.4308
3/4,2,x_xx,♪ sc sc,d,desce,78,5,x_x_,♪ ♪,0.2949,x___,♩,0.3043,7,0.0897,0.0471,1.9036
3/4,2,x_xx,♪ sc sc,d,desce,78,6,x___,♩,0.4872,..x_,pausa ♪ ♪,0.1579,6,0.0769,0.0226,3.4105
3/4,2,x_xx,♪ sc sc,d,desce,78,7,x___,♩,0.4872,x_x_,♪ ♪,0.1053,4,0.0513,0.1382,0.3711
3/4,2,x_xx,♪ sc sc,d,desce,78,8,x___,♩,0.4872,..xx,pausa ♪ sc sc,0.0789,3,0.0385,0.0015,26.4314
3/4,2,x_xx,♪ sc sc,d,desce,78,9,x___,♩,0.4872,____,(lig.) ♩,0.0789,3,0.0385,0.0173,2.2258
3/4,2,x_xx,♪ sc sc,d,desce,78,10,x__x,♪. sc,0.0513,x___,♩,0.75,3,0.0385,0.0153,2.5107
3/4,3,____,(lig.) ♩,0,—,34,1,x___,♩,0.8235,x___,♩,0.9643,27,0.7941,0.5082,1.5627
3/4,3,____,(lig.) ♩,0,—,34,2,____,(lig.) ♩,0.1176,x___,♩,1,4,0.1176,0.1001,1.1747
3/4,3,____,(lig.) ♩,0,—,34,3,xxxx,sc sc sc sc,0.0294,x___,♩,1,1,0.0294,0.0013,21.808
3/4,3,____,(lig.) ♩,0,—,34,4,x___,♩,0.8235,x_x_,♪ ♪,0.0357,1,0.0294,0.0602,0.4884
3/4,3,____,(lig.) ♩,0,—,34,5,x_..,♪ pausa ♪,0.0294,x___,♩,1,1,0.0294,0.0006,51.9281
3/4,2,____,(lig.) ♩,d,desce,65,1,....,pausa ♩,0.3846,x___,♩,0.52,13,0.2,0.0932,2.1452
3/4,2,____,(lig.) ♩,d,desce,65,2,____,(lig.) ♩,0.2923,x___,♩,0.5263,10,0.1538,0.2269,0.678
3/4,2,____,(lig.) ♩,d,desce,65,3,....,pausa ♩,0.3846,x_x_,♪ ♪,0.24,6,0.0923,0.1231,0.7499
3/4,2,____,(lig.) ♩,d,desce,65,4,x___,♩,0.1231,x___,♩,0.5,4,0.0615,0.05,1.2299
3/4,2,____,(lig.) ♩,d,desce,65,5,x_x_,♪ ♪,0.0923,x___,♩,0.6667,4,0.0615,0.0159,3.8657
3/4,2,____,(lig.) ♩,d,desce,65,6,....,pausa ♩,0.3846,....,pausa ♩,0.16,4,0.0615,0.0457,1.3463
3/4,2,____,(lig.) ♩,d,desce,65,7,xxxx,sc sc sc sc,0.0462,xxx_,sc sc ♪,1,3,0.0462,0.0017,27.8385
3/4,2,____,(lig.) ♩,d,desce,65,8,____,(lig.) ♩,0.2923,____,(lig.) ♩,0.1579,3,0.0462,0.0576,0.802
3/4,2,____,(lig.) ♩,d,desce,65,9,x___,♩,0.1231,____,(lig.) ♩,0.375,3,0.0462,0.0029,15.8847
3/4,2,____,(lig.) ♩,d,desce,65,10,xxx_,sc sc ♪,0.0462,x_x_,♪ ♪,0.6667,2,0.0308,0.0332,0.9276
3/4,3,....,pausa ♩,d,desce,434,1,x_x_,♪ ♪,0.4147,x___,♩,0.6722,121,0.2788,0.3005,0.9277
3/4,3,....,pausa ♩,d,desce,434,2,x___,♩,0.2903,x___,♩,0.8175,103,0.2373,0.2678,0.8863
3/4,3,....,pausa ♩,d,desce,434,3,x_x_,♪ ♪,0.4147,x_x_,♪ ♪,0.2889,52,0.1198,0.083,1.4442
3/4,3,....,pausa ♩,d,desce,434,4,....,pausa ♩,0.1567,....,pausa ♩,0.5441,37,0.0853,0.0187,4.5588
3/4,3,....,pausa ♩,d,desce,434,5,x__x,♪. sc,0.0645,x___,♩,0.75,21,0.0484,0.0469,1.0323
3/4,3,....,pausa ♩,d,desce,434,6,..x_,pausa ♪ ♪,0.0622,x_x_,♪ ♪,0.6667,18,0.0415,0.0322,1.2894
3/4,3,....,pausa ♩,d,desce,434,7,....,pausa ♩,0.1567,x___,♩,0.2353,16,0.0369,0.0867,0.4254
3/4,3,....,pausa ♩,d,desce,434,8,x___,♩,0.2903,x_x_,♪ ♪,0.119,15,0.0346,0.0317,1.089
3/4,3,....,pausa ♩,d,desce,434,9,x___,♩,0.2903,x__x,♪. sc,0.0556,7,0.0161,0.0072,2.2513
3/4,3,....,pausa ♩,d,desce,434,10,x__x,♪. sc,0.0645,x_x_,♪ ♪,0.2143,6,0.0138,0.011,1.2521
3/4,2,....,pausa ♩,d,desce,60,1,....,pausa ♩,0.9167,....,pausa ♩,0.6,33,0.55,0.1345,4.0882
3/4,2,....,pausa ♩,d,desce,60,2,....,pausa ♩,0.9167,x___,♩,0.2909,16,0.2667,0.2744,0.9718
3/4,2,....,pausa ♩,d,desce,60,3,....,pausa ♩,0.9167,x_x_,♪ ♪,0.0909,5,0.0833,0.3623,0.23
3/4,2,....,pausa ♩,d,desce,60,4,xxx_,sc sc ♪,0.05,x_x_,♪ ♪,1,3,0.05,0.0401,1.247
3/4,2,....,pausa ♩,d,desce,60,5,x_x_,♪ ♪,0.0167,x___,♩,1,1,0.0167,0.0062,2.6809
3/4,2,....,pausa ♩,d,desce,60,6,x__x,♪. sc,0.0167,x__x,♪. sc,1,1,0.0167,0.0042,3.9472
3/4,2,....,pausa ♩,d,desce,60,7,....,pausa ♩,0.9167,xxx_,sc sc ♪,0.0182,1,0.0167,0.0013,12.5125
3/4,3,....,pausa ♩,r,repete,42,1,x_x_,♪ ♪,0.5238,x___,♩,0.7727,17,0.4048,0.3005,1.3468
3/4,3,....,pausa ♩,r,repete,42,2,....,pausa ♩,0.2619,....,pausa ♩,0.7273,8,0.1905,0.0187,10.1855
3/4,3,....,pausa ♩,r,repete,42,3,x___,♩,0.1667,x___,♩,1,7,0.1667,0.2678,0.6224
3/4,3,....,pausa ♩,r,repete,42,4,x_x_,♪ ♪,0.5238,x_x_,♪ ♪,0.1818,4,0.0952,0.083,1.148
3/4,3,....,pausa ♩,r,repete,42,5,....,pausa ♩,0.2619,xxx_,sc sc ♪,0.0909,1,0.0238,0.0008,30.132
3/4,3,....,pausa ♩,r,repete,42,6,..x_,pausa ♪ ♪,0.0476,x__x,♪. sc,0.5,1,0.0238,0.0106,2.2485
3/4,3,....,pausa ♩,r,repete,42,7,..x_,pausa ♪ ♪,0.0476,x_x_,♪ ♪,0.5,1,0.0238,0.0322,0.7402
3/4,3,....,pausa ♩,r,repete,42,8,....,pausa ♩,0.2619,x___,♩,0.0909,1,0.0238,0.0867,0.2748
3/4,3,....,pausa ♩,r,repete,42,9,....,pausa ♩,0.2619,x__x,♪. sc,0.0909,1,0.0238,0.0227,1.0511
3/4,3,....,pausa ♩,r,repete,42,10,x_x_,♪ ♪,0.5238,x__x,♪. sc,0.0455,1,0.0238,0.0212,1.1232
3/4,1,....,pausa ♩,r,repete,67,1,x___,♩,0.4925,x___,♩,0.6061,20,0.2985,0.2287,1.3055
3/4,1,....,pausa ♩,r,repete,67,2,....,pausa ♩,0.1642,....,pausa ♩,0.9091,10,0.1493,0.1074,1.3893
3/4,1,....,pausa ♩,r,repete,67,3,x__x,♪. sc,0.1791,x_x_,♪ ♪,0.8333,10,0.1493,0.0463,3.2261
3/4,1,....,pausa ♩,r,repete,67,4,x___,♩,0.4925,____,(lig.) ♩,0.2424,8,0.1194,0.1828,0.653
3/4,1,....,pausa ♩,r,repete,67,5,x_x_,♪ ♪,0.1493,x_x_,♪ ♪,0.6,6,0.0896,0.0436,2.0525
3/4,1,....,pausa ♩,r,repete,67,6,x_x_,♪ ♪,0.1493,x___,♩,0.4,4,0.0597,0.0941,0.6345
3/4,1,....,pausa ♩,r,repete,67,7,x__x,♪. sc,0.1791,x___,♩,0.1667,2,0.0299,0.0861,0.3466
3/4,1,....,pausa ♩,r,repete,67,8,x___,♩,0.4925,__x_,(lig.) ♪ ♪,0.0606,2,0.0299,0.081,0.3684
3/4,1,....,pausa ♩,r,repete,67,9,....,pausa ♩,0.1642,xxx_,sc sc ♪,0.0909,1,0.0149,0.0067,2.2229
3/4,1,....,pausa ♩,r,repete,67,10,xxx_,sc sc ♪,0.0149,x_x_,♪ ♪,1,1,0.0149,0.0011,13.8746
3/4,2,__x_,(lig.) ♪ ♪,d,desce,33,1,__x_,(lig.) ♪ ♪,0.3333,__x_,(lig.) ♪ ♪,0.9091,10,0.303,0.0019,158.3401
3/4,2,__x_,(lig.) ♪ ♪,d,desce,33,2,x_x_,♪ ♪,0.3939,x___,♩,0.5385,7,0.2121,0.074,2.8683
3/4,2,__x_,(lig.) ♪ ♪,d,desce,33,3,x___,♩,0.2424,x___,♩,0.875,7,0.2121,0.1309,1.6199
3/4,2,__x_,(lig.) ♪ ♪,d,desce,33,4,x_x_,♪ ♪,0.3939,x_x_,♪ ♪,0.4615,6,0.1818,0.2806,0.6479
3/4,2,__x_,(lig.) ♪ ♪,d,desce,33,5,__x_,(lig.) ♪ ♪,0.3333,_xx_,(lig.) sc sc ♪,0.0909,1,0.0303,0.0004,84.4481
3/4,2,__x_,(lig.) ♪ ♪,d,desce,33,6,x___,♩,0.2424,____,(lig.) ♩,0.125,1,0.0303,0.0076,3.9852
3/4,2,__x_,(lig.) ♪ ♪,d,desce,33,7,xxx_,sc sc ♪,0.0303,x_x_,♪ ♪,1,1,0.0303,0.0429,0.7059
3/4,3,....,pausa ♩,s,sobe,183,1,x___,♩,0.3934,x___,♩,0.8472,61,0.3333,0.2678,1.2448
3/4,3,....,pausa ♩,s,sobe,183,2,x_x_,♪ ♪,0.3825,x___,♩,0.6429,45,0.2459,0.3005,0.8182
3/4,3,....,pausa ♩,s,sobe,183,3,x_x_,♪ ♪,0.3825,x_x_,♪ ♪,0.3,21,0.1148,0.083,1.3832
3/4,3,....,pausa ♩,s,sobe,183,4,....,pausa ♩,0.1202,x___,♩,0.7273,16,0.0874,0.0867,1.009
3/4,3,....,pausa ♩,s,sobe,183,5,x__x,♪. sc,0.082,x___,♩,0.6667,10,0.0546,0.0469,1.1659
3/4,3,....,pausa ♩,s,sobe,183,6,x___,♩,0.3934,x_x_,♪ ♪,0.125,9,0.0492,0.0317,1.5496
3/4,3,....,pausa ♩,s,sobe,183,7,x_x_,♪ ♪,0.3825,x__x,♪. sc,0.0571,4,0.0219,0.0212,1.0312
3/4,3,....,pausa ♩,s,sobe,183,8,....,pausa ♩,0.1202,x_x_,♪ ♪,0.1818,4,0.0219,0.0221,0.9879
3/4,3,....,pausa ♩,s,sobe,183,9,..x_,pausa ♪ ♪,0.0219,x__x,♪. sc,0.75,3,0.0164,0.0106,1.5481
3/4,3,....,pausa ♩,s,sobe,183,10,x__x,♪. sc,0.082,x_x_,♪ ♪,0.2,3,0.0164,0.011,1.4847
3/4,1,..x_,pausa ♪ ♪,s,sobe,182,1,x_x_,♪ ♪,0.6868,x___,♩,0.784,98,0.5385,0.4186,1.2862
3/4,1,..x_,pausa ♪ ♪,s,sobe,182,2,x_x_,♪ ♪,0.6868,x_x_,♪ ♪,0.176,22,0.1209,0.1941,0.6226
3/4,1,..x_,pausa ♪ ♪,s,sobe,182,3,x__x,♪. sc,0.1648,x_x_,♪ ♪,0.5667,17,0.0934,0.0662,1.4111
3/4,1,..x_,pausa ♪ ♪,s,sobe,182,4,x__x,♪. sc,0.1648,x___,♩,0.4333,13,0.0714,0.1232,0.5797
3/4,1,..x_,pausa ♪ ♪,s,sobe,182,5,x___,♩,0.1099,__x_,(lig.) ♪ ♪,0.5,10,0.0549,0.0144,3.8279
3/4,1,..x_,pausa ♪ ♪,s,sobe,182,6,x___,♩,0.1099,x___,♩,0.3,6,0.033,0.0405,0.8139
3/4,1,..x_,pausa ♪ ♪,s,sobe,182,7,x_xx,♪ sc sc,0.0385,x___,♩,0.7143,5,0.0275,0.0203,1.3538
3/4,1,..x_,pausa ♪ ♪,s,sobe,182,8,x_x_,♪ ♪,0.6868,x__x,♪. sc,0.024,3,0.0165,0.0076,2.1596
3/4,1,..x_,pausa ♪ ♪,s,sobe,182,9,x___,♩,0.1099,x_x_,♪ ♪,0.1,2,0.011,0.0066,1.6758
3/4,1,..x_,pausa ♪ ♪,s,sobe,182,10,x_x_,♪ ♪,0.6868,x_xx,♪ sc sc,0.016,2,0.011,0.0027,4.1392
3/4,1,..x_,pausa ♪ ♪,d,desce,134,1,x_x_,♪ ♪,0.6418,x___,♩,0.8605,74,0.5522,0.4186,1.3191
3/4,1,..x_,pausa ♪ ♪,d,desce,134,2,x__x,♪. sc,0.2463,x___,♩,0.8485,28,0.209,0.1232,1.6958
3/4,1,..x_,pausa ♪ ♪,d,desce,134,3,x_x_,♪ ♪,0.6418,x_x_,♪ ♪,0.1395,12,0.0896,0.1941,0.4613
3/4,1,..x_,pausa ♪ ♪,d,desce,134,4,x___,♩,0.0896,x___,♩,0.5833,7,0.0522,0.0405,1.2896
3/4,1,..x_,pausa ♪ ♪,d,desce,134,5,x___,♩,0.0896,__x_,(lig.) ♪ ♪,0.4167,5,0.0373,0.0144,2.5995
3/4,1,..x_,pausa ♪ ♪,d,desce,134,6,x__x,♪. sc,0.2463,x_x_,♪ ♪,0.1515,5,0.0373,0.0662,0.5637
3/4,1,..x_,pausa ♪ ♪,d,desce,134,7,xxx_,sc sc ♪,0.0075,x___,♩,1,1,0.0075,0.0014,5.3561
3/4,1,..x_,pausa ♪ ♪,d,desce,134,8,x_xx,♪ sc sc,0.0149,x_x_,♪ ♪,0.5,1,0.0075,0.0088,0.8521
3/4,1,..x_,pausa ♪ ♪,d,desce,134,9,x_xx,♪ sc sc,0.0149,x___,♩,0.5,1,0.0075,0.0203,0.3677
3/4,3,x_xx,♪ sc sc,d,desce,35,1,x_x_,♪ ♪,0.8286,x___,♩,0.5172,15,0.4286,0.5085,0.8427
3/4,3,x_xx,♪ sc sc,d,desce,35,2,x_x_,♪ ♪,0.8286,x__x,♪. sc,0.2069,6,0.1714,0.0359,4.7793
3/4,3,x_xx,♪ sc sc,d,desce,35,3,x_x_,♪ ♪,0.8286,x_xx,♪ sc sc,0.2069,6,0.1714,0.0042,41.2352
3/4,3,x_xx,♪ sc sc,d,desce,35,4,x_x_,♪ ♪,0.8286,xxxx,sc sc sc sc,0.069,2,0.0571,0.0031,18.4699
3/4,3,x_xx,♪ sc sc,d,desce,35,5,x___,♩,0.1143,x___,♩,0.5,2,0.0571,0.1016,0.5624
3/4,3,x_xx,♪ sc sc,d,desce,35,6,x___,♩,0.1143,x_x_,♪ ♪,0.5,2,0.0571,0.012,4.7456
3/4,3,x_xx,♪ sc sc,d,desce,35,7,x_xx,♪ sc sc,0.0286,x_x_,♪ ♪,1,1,0.0286,0.0169,1.6867
3/4,3,x_xx,♪ sc sc,d,desce,35,8,xxxx,sc sc sc sc,0.0286,x___,♩,1,1,0.0286,0.0358,0.7979
3/4,2,x__x,♪. sc,r,repete,210,1,x_x_,♪ ♪,0.3286,x_x_,♪ ♪,0.8406,58,0.2762,0.2237,1.2348
3/4,2,x__x,♪. sc,r,repete,210,2,x___,♩,0.6048,__x_,(lig.) ♪ ♪,0.3858,49,0.2333,0.0561,4.1602
3/4,2,x__x,♪. sc,r,repete,210,3,x___,♩,0.6048,x___,♩,0.2835,36,0.1714,0.2989,0.5736
3/4,2,x__x,♪. sc,r,repete,210,4,x___,♩,0.6048,x_x_,♪ ♪,0.0945,12,0.0571,0.1388,0.4117
3/4,2,x__x,♪. sc,r,repete,210,5,x___,♩,0.6048,____,(lig.) ♩,0.0787,10,0.0476,0.0174,2.7437
3/4,2,x__x,♪. sc,r,repete,210,6,x__x,♪. sc,0.0524,x__x,♪. sc,0.7273,8,0.0381,0.0276,1.3797
3/4,2,x__x,♪. sc,r,repete,210,7,x___,♩,0.6048,x__x,♪. sc,0.063,8,0.0381,0.0219,1.7425
3/4,2,x__x,♪. sc,r,repete,210,8,x_x_,♪ ♪,0.3286,x___,♩,0.1014,7,0.0333,0.0589,0.5655
3/4,2,x__x,♪. sc,r,repete,210,9,x___,♩,0.6048,..x_,pausa ♪ ♪,0.0394,5,0.0238,0.0227,1.051
3/4,2,x__x,♪. sc,r,repete,210,10,x_x_,♪ ♪,0.3286,x__x,♪. sc,0.058,4,0.019,0.0114,1.6724
3/4,1,..x_,pausa ♪ ♪,r,repete,142,1,x_x_,♪ ♪,0.5563,x___,♩,0.7722,61,0.4296,0.4186,1.0261
3/4,1,..x_,pausa ♪ ♪,r,repete,142,2,x__x,♪. sc,0.2606,x_x_,♪ ♪,0.5676,21,0.1479,0.0662,2.2342
3/4,1,..x_,pausa ♪ ♪,r,repete,142,3,x_x_,♪ ♪,0.5563,x_x_,♪ ♪,0.2152,17,0.1197,0.1941,0.6167
3/4,1,..x_,pausa ♪ ♪,r,repete,142,4,x__x,♪. sc,0.2606,x___,♩,0.4054,15,0.1056,0.1232,0.8573
3/4,1,..x_,pausa ♪ ♪,r,repete,142,5,x___,♩,0.1408,__x_,(lig.) ♪ ♪,0.55,11,0.0775,0.0144,5.3968
3/4,1,..x_,pausa ♪ ♪,r,repete,142,6,x___,♩,0.1408,x___,♩,0.4,8,0.0563,0.0405,1.3908
3/4,1,..x_,pausa ♪ ♪,r,repete,142,7,x_xx,♪ sc sc,0.0282,x_x_,♪ ♪,0.5,2,0.0141,0.0088,1.6082
3/4,1,..x_,pausa ♪ ♪,r,repete,142,8,x___,♩,0.1408,x_..,♪ pausa ♪,0.05,1,0.007,0.0002,31.6658
3/4,1,..x_,pausa ♪ ♪,r,repete,142,9,xxxx,sc sc sc sc,0.0141,x__x,♪. sc,0.5,1,0.007,0.0001,107.615
3/4,1,..x_,pausa ♪ ♪,r,repete,142,10,x__x,♪. sc,0.2606,x_xx,♪ sc sc,0.027,1,0.007,0.0033,2.1337
3/4,3,x_..,♪ pausa ♪,d,desce,33,1,x__x,♪. sc,0.4242,x_x_,♪ ♪,0.6429,9,0.2727,0.0591,4.6132
3/4,3,x_..,♪ pausa ♪,d,desce,33,2,x_x_,♪ ♪,0.2727,x___,♩,0.5556,5,0.1515,0.2374,0.6382
3/4,3,x_..,♪ pausa ♪,d,desce,33,3,x__x,♪. sc,0.4242,x___,♩,0.3571,5,0.1515,0.251,0.6037
3/4,3,x_..,♪ pausa ♪,d,desce,33,4,..x_,pausa ♪ ♪,0.1212,x___,♩,0.75,3,0.0909,0.0093,9.7417
3/4,3,x_..,♪ pausa ♪,d,desce,33,5,x___,♩,0.1212,x___,♩,0.5,2,0.0606,0.0798,0.7594
3/4,3,x_..,♪ pausa ♪,d,desce,33,6,x___,♩,0.1212,x__x,♪. sc,0.5,2,0.0606,0.0021,28.3838
3/4,3,x_..,♪ pausa ♪,d,desce,33,7,x_x_,♪ ♪,0.2727,x_x_,♪ ♪,0.2222,2,0.0606,0.0655,0.9247
3/4,3,x_..,♪ pausa ♪,d,desce,33,8,x_x_,♪ ♪,0.2727,x_xx,♪ sc sc,0.1111,1,0.0303,0.0019,15.6126
3/4,3,x_..,♪ pausa ♪,d,desce,33,9,x_x_,♪ ♪,0.2727,x__x,♪. sc,0.1111,1,0.0303,0.0167,1.8095
3/4,3,x_..,♪ pausa ♪,d,desce,33,10,..x_,pausa ♪ ♪,0.1212,x__x,♪. sc,0.25,1,0.0303,0.0197,1.5382
4/4,2,x_x_,♪ ♪,s,sobe,3673,1,x_x_,♪ ♪,0.8347,x_x_,♪ ♪,0.6249,1916,0.5216,0.3819,1.3659
4/4,2,x_x_,♪ ♪,s,sobe,3673,2,x_x_,♪ ♪,0.8347,x___,♩,0.3177,974,0.2652,0.3615,0.7335
4/4,2,x_x_,♪ ♪,s,sobe,3673,3,x___,♩,0.1097,x___,♩,0.402,162,0.0441,0.1081,0.408
4/4,2,x_x_,♪ ♪,s,sobe,3673,4,x___,♩,0.1097,x_x_,♪ ♪,0.2357,95,0.0259,0.0152,1.7045
4/4,2,x_x_,♪ ♪,s,sobe,3673,5,x___,♩,0.1097,....,pausa ♩,0.1439,58,0.0158,0.0079,1.9972
4/4,2,x_x_,♪ ♪,s,sobe,3673,6,x_x_,♪ ♪,0.8347,xxx_,sc sc ♪,0.017,52,0.0142,0.012,1.1786
4/4,2,x_x_,♪ ♪,s,sobe,3673,7,x_x_,♪ ♪,0.8347,x__x,♪. sc,0.0163,50,0.0136,0.02,0.6807
4/4,2,x_x_,♪ ♪,s,sobe,3673,8,x___,♩,0.1097,____,(lig.) ♩,0.0893,36,0.0098,0.0036,2.7589
4/4,2,x_x_,♪ ♪,s,sobe,3673,9,x_xx,♪ sc sc,0.0163,x_x_,♪ ♪,0.45,27,0.0074,0.0052,1.4134
4/4,2,x_x_,♪ ♪,s,sobe,3673,10,__x_,(lig.) ♪ ♪,0.009,x_x_,♪ ♪,0.6061,20,0.0054,0.0024,2.3156
4/4,3,x_x_,♪ ♪,s,sobe,4609,1,x_x_,♪ ♪,0.5084,x_x_,♪ ♪,0.8784,2058,0.4465,0.3799,1.1754
4/4,3,x_x_,♪ ♪,s,sobe,4609,2,x___,♩,0.424,x_x_,♪ ♪,0.4371,854,0.1853,0.0996,1.8598
4/4,3,x_x_,♪ ♪,s,sobe,4609,3,x___,♩,0.424,x___,♩,0.2979,582,0.1263,0.2268,0.5568
4/4,3,x_x_,♪ ♪,s,sobe,4609,4,x___,♩,0.424,__x_,(lig.) ♪ ♪,0.0906,177,0.0384,0.0336,1.1431
4/4,3,x_x_,♪ ♪,s,sobe,4609,5,x_x_,♪ ♪,0.5084,x___,♩,0.0721,169,0.0367,0.0672,0.5453
4/4,3,x_x_,♪ ♪,s,sobe,4609,6,x___,♩,0.424,____,(lig.) ♩,0.064,125,0.0271,0.052,0.5213
4/4,3,x_x_,♪ ♪,s,sobe,4609,7,x__x,♪. sc,0.0284,x_x_,♪ ♪,0.6183,81,0.0176,0.007,2.4946
4/4,3,x_x_,♪ ♪,s,sobe,4609,8,x___,♩,0.424,x__x,♪. sc,0.0287,56,0.0122,0.0137,0.8867
4/4,3,x_x_,♪ ♪,s,sobe,4609,9,x___,♩,0.424,....,pausa ♩,0.0246,48,0.0104,0.0103,1.0091
4/4,3,x_x_,♪ ♪,s,sobe,4609,10,x___,♩,0.424,..x_,pausa ♪ ♪,0.0184,36,0.0078,0.01,0.7828
4/4,4,x_x_,♪ ♪,d,desce,5403,1,x_x_,♪ ♪,0.8031,x_x_,♪ ♪,0.5453,2366,0.4379,0.3191,1.3721
4/4,4,x_x_,♪ ♪,d,desce,5403,2,x_x_,♪ ♪,0.8031,x___,♩,0.3789,1644,0.3043,0.4083,0.7453
4/4,4,x_x_,♪ ♪,d,desce,5403,3,x___,♩,0.1392,x___,♩,0.5718,430,0.0796,0.1161,0.6853
4/4,4,x_x_,♪ ♪,d,desce,5403,4,x___,♩,0.1392,x_x_,♪ ♪,0.3444,259,0.0479,0.0164,2.9177
4/4,4,x_x_,♪ ♪,d,desce,5403,5,x_x_,♪ ♪,0.8031,x__x,♪. sc,0.0316,137,0.0254,0.0326,0.7781
4/4,4,x_x_,♪ ♪,d,desce,5403,6,x_x_,♪ ♪,0.8031,xxx_,sc sc ♪,0.0182,79,0.0146,0.0086,1.7028
4/4,4,x_x_,♪ ♪,d,desce,5403,7,x_xx,♪ sc sc,0.015,x_x_,♪ ♪,0.6296,51,0.0094,0.0054,1.7465
4/4,4,x_x_,♪ ♪,d,desce,5403,8,x_x_,♪ ♪,0.8031,x_xx,♪ sc sc,0.0069,30,0.0056,0.0049,1.1316
4/4,4,x_x_,♪ ♪,d,desce,5403,9,x_x_,♪ ♪,0.8031,xxxx,sc sc sc sc,0.0062,27,0.005,0.0043,1.1568
4/4,4,x_x_,♪ ♪,d,desce,5403,10,x_x_,♪ ♪,0.8031,xx__,sc ♪.,0.0062,27,0.005,0.0094,0.5324
4/4,1,x_x_,♪ ♪,s,sobe,6653,1,x_x_,♪ ♪,0.4079,x_x_,♪ ♪,0.8884,2411,0.3624,0.3208,1.1295
4/4,1,x_x_,♪ ♪,s,sobe,6653,2,x___,♩,0.4951,x___,♩,0.3728,1228,0.1846,0.2085,0.8852
4/4,1,x_x_,♪ ♪,s,sobe,6653,3,x___,♩,0.4951,x_x_,♪ ♪,0.2374,782,0.1175,0.0689,1.7071
4/4,1,x_x_,♪ ♪,s,sobe,6653,4,x___,♩,0.4951,__x_,(lig.) ♪ ♪,0.1809,596,0.0896,0.0811,1.1046
4/4,1,x_x_,♪ ♪,s,sobe,6653,5,x___,♩,0.4951,____,(lig.) ♩,0.157,517,0.0777,0.1305,0.5953
4/4,1,x_x_,♪ ♪,s,sobe,6653,6,x_x_,♪ ♪,0.4079,x___,♩,0.0652,177,0.0266,0.0571,0.4663
4/4,1,x_x_,♪ ♪,s,sobe,6653,7,x__x,♪. sc,0.0467,x_x_,♪ ♪,0.5305,165,0.0248,0.0127,1.9545
4/4,1,x_x_,♪ ♪,s,sobe,6653,8,x__x,♪. sc,0.0467,x__x,♪. sc,0.3312,103,0.0155,0.0224,0.6909
4/4,1,x_x_,♪ ♪,s,sobe,6653,9,x___,♩,0.4951,x__x,♪. sc,0.0252,83,0.0125,0.015,0.8334
4/4,1,x_x_,♪ ♪,s,sobe,6653,10,xx__,sc ♪.,0.0161,x__x,♪. sc,0.5981,64,0.0096,0.0085,1.1294
4/4,2,x_x_,♪ ♪,d,desce,5145,1,x_x_,♪ ♪,0.7907,x_x_,♪ ♪,0.5617,2285,0.4441,0.3819,1.1629
4/4,2,x_x_,♪ ♪,d,desce,5145,2,x_x_,♪ ♪,0.7907,x___,♩,0.3867,1573,0.3057,0.3615,0.8457
4/4,2,x_x_,♪ ♪,d,desce,5145,3,x___,♩,0.1553,x___,♩,0.388,310,0.0603,0.1081,0.5573
4/4,2,x_x_,♪ ♪,d,desce,5145,4,x___,♩,0.1553,....,pausa ♩,0.2378,190,0.0369,0.0079,4.6708
4/4,2,x_x_,♪ ♪,d,desce,5145,5,x___,♩,0.1553,x_x_,♪ ♪,0.1602,128,0.0249,0.0152,1.6395
4/4,2,x_x_,♪ ♪,d,desce,5145,6,x_x_,♪ ♪,0.7907,xxx_,sc sc ♪,0.0194,79,0.0154,0.012,1.2783
4/4,2,x_x_,♪ ♪,d,desce,5145,7,x___,♩,0.1553,..x_,pausa ♪ ♪,0.0964,77,0.015,0.0029,5.1153
4/4,2,x_x_,♪ ♪,d,desce,5145,8,x_x_,♪ ♪,0.7907,x__x,♪. sc,0.0167,68,0.0132,0.02,0.6609
4/4,2,x_x_,♪ ♪,d,desce,5145,9,x___,♩,0.1553,____,(lig.) ♩,0.0626,50,0.0097,0.0036,2.7355
4/4,2,x_x_,♪ ♪,d,desce,5145,10,x__x,♪. sc,0.0173,x___,♩,0.5281,47,0.0091,0.0069,1.3267
4/4,1,xx__,sc ♪.,d,desce,35,1,x___,♩,0.2857,____,(lig.) ♩,0.5,5,0.1429,0.0256,5.5861
4/4,1,xx__,sc ♪.,d,desce,35,2,x___,♩,0.2857,__x_,(lig.) ♪ ♪,0.5,5,0.1429,0.0159,8.9913
4/4,1,xx__,sc ♪.,d,desce,35,3,x_x_,♪ ♪,0.0857,x_x_,♪ ♪,1,3,0.0857,0.099,0.8661
4/4,1,xx__,sc ♪.,d,desce,35,4,x__x,♪. sc,0.2571,x__x,♪. sc,0.3333,3,0.0857,0.1481,0.5789
4/4,1,xx__,sc ♪.,d,desce,35,5,xx__,sc ♪.,0.2571,x__x,♪. sc,0.3333,3,0.0857,0.2959,0.2897
4/4,1,xx__,sc ♪.,d,desce,35,6,xx__,sc ♪.,0.2571,xx__,sc ♪.,0.3333,3,0.0857,0.0468,1.8302
4/4,1,xx__,sc ♪.,d,desce,35,7,xxx_,sc sc ♪,0.0571,x__x,♪. sc,1,2,0.0571,0.0125,4.5595
4/4,1,xx__,sc ♪.,d,desce,35,8,x__x,♪. sc,0.2571,xx__,sc ♪.,0.2222,2,0.0571,0.0033,17.459
4/4,1,xx__,sc ♪.,d,desce,35,9,xx__,sc ♪.,0.2571,x___,♩,0.2222,2,0.0571,0.0142,4.0265
4/4,1,xx__,sc ♪.,d,desce,35,10,x__x,♪. sc,0.2571,xxxx,sc sc sc sc,0.2222,2,0.0571,0.009,6.3289
4/4,3,x_x_,♪ ♪,d,desce,6216,1,x_x_,♪ ♪,0.5076,x_x_,♪ ♪,0.8472,2673,0.43,0.3799,1.1319
4/4,3,x_x_,♪ ♪,d,desce,6216,2,x___,♩,0.4242,x_x_,♪ ♪,0.3724,982,0.158,0.0996,1.5857
4/4,3,x_x_,♪ ♪,d,desce,6216,3,x___,♩,0.4242,x___,♩,0.3227,851,0.1369,0.2268,0.6037
4/4,3,x_x_,♪ ♪,d,desce,6216,4,x_x_,♪ ♪,0.5076,x___,♩,0.103,325,0.0523,0.0672,0.7776
4/4,3,x_x_,♪ ♪,d,desce,6216,5,x___,♩,0.4242,____,(lig.) ♩,0.0933,246,0.0396,0.052,0.7606
4/4,3,x_x_,♪ ♪,d,desce,6216,6,x___,♩,0.4242,__x_,(lig.) ♪ ♪,0.0918,242,0.0389,0.0336,1.1589
4/4,3,x_x_,♪ ♪,d,desce,6216,7,x___,♩,0.4242,..x_,pausa ♪ ♪,0.0447,118,0.019,0.01,1.9026
4/4,3,x_x_,♪ ♪,d,desce,6216,8,x__x,♪. sc,0.0236,x_x_,♪ ♪,0.6871,101,0.0162,0.007,2.3064
4/4,3,x_x_,♪ ♪,d,desce,6216,9,x___,♩,0.4242,x__x,♪. sc,0.0262,69,0.0111,0.0137,0.81
4/4,3,x_x_,♪ ♪,d,desce,6216,10,x___,♩,0.4242,....,pausa ♩,0.025,66,0.0106,0.0103,1.0288
4/4,4,x___,♩,s,sobe,7642,1,x___,♩,0.5055,x___,♩,0.8548,3302,0.4321,0.4137,1.0444
4/4,4,x___,♩,s,sobe,7642,2,x_x_,♪ ♪,0.2328,x___,♩,0.5464,972,0.1272,0.1131,1.1245
4/4,4,x___,♩,s,sobe,7642,3,x_x_,♪ ♪,0.2328,x_x_,♪ ♪,0.3946,702,0.0919,0.0884,1.039
4/4,4,x___,♩,s,sobe,7642,4,____,(lig.) ♩,0.0899,x___,♩,0.8195,563,0.0737,0.0948,0.777
4/4,4,x___,♩,s,sobe,7642,5,__x_,(lig.) ♪ ♪,0.0977,x___,♩,0.6372,476,0.0623,0.0428,1.4544
4/4,4,x___,♩,s,sobe,7642,6,x___,♩,0.5055,x_x_,♪ ♪,0.1059,409,0.0535,0.0585,0.9144
4/4,4,x___,♩,s,sobe,7642,7,__x_,(lig.) ♪ ♪,0.0977,x_x_,♪ ♪,0.257,192,0.0251,0.0215,1.1662
4/4,4,x___,♩,s,sobe,7642,8,x__x,♪. sc,0.0289,x___,♩,0.543,120,0.0157,0.0124,1.263
4/4,4,x___,♩,s,sobe,7642,9,..x_,pausa ♪ ♪,0.0158,x___,♩,0.6446,78,0.0102,0.0113,0.9048
4/4,4,x___,♩,s,sobe,7642,10,x___,♩,0.5055,x__x,♪. sc,0.0194,75,0.0098,0.0151,0.6491
4/4,1,x___,♩,r,repete,3599,1,x___,♩,0.8097,x___,♩,0.4863,1417,0.3937,0.3351,1.1751
4/4,1,x___,♩,r,repete,3599,2,x___,♩,0.8097,____,(lig.) ♩,0.2629,766,0.2128,0.2098,1.0147
4/4,1,x___,♩,r,repete,3599,3,x_x_,♪ ♪,0.1439,x_x_,♪ ♪,0.7896,409,0.1136,0.0933,1.2179
4/4,1,x___,♩,r,repete,3599,4,x___,♩,0.8097,__x_,(lig.) ♪ ♪,0.1366,398,0.1106,0.1303,0.8486
4/4,1,x___,♩,r,repete,3599,5,x___,♩,0.8097,x_x_,♪ ♪,0.092,268,0.0745,0.1106,0.673
4/4,1,x___,♩,r,repete,3599,6,x_x_,♪ ♪,0.1439,x___,♩,0.1776,92,0.0256,0.0166,1.5405
4/4,1,x___,♩,r,repete,3599,7,x__x,♪. sc,0.0289,x__x,♪. sc,0.4423,46,0.0128,0.0165,0.7753
4/4,1,x___,♩,r,repete,3599,8,x__x,♪. sc,0.0289,x_x_,♪ ♪,0.3365,35,0.0097,0.0093,1.0416
4/4,1,x___,♩,r,repete,3599,9,x___,♩,0.8097,....,pausa ♩,0.0086,25,0.0069,0.0087,0.7989
4/4,1,x___,♩,r,repete,3599,10,x___,♩,0.8097,x__x,♪. sc,0.0075,22,0.0061,0.0241,0.2541
4/4,4,x_x_,♪ ♪,s,sobe,2869,1,x_x_,♪ ♪,0.8236,x_x_,♪ ♪,0.595,1406,0.4901,0.3191,1.5356
4/4,4,x_x_,♪ ♪,s,sobe,2869,2,x_x_,♪ ♪,0.8236,x___,♩,0.3415,807,0.2813,0.4083,0.689
4/4,4,x_x_,♪ ♪,s,sobe,2869,3,x___,♩,0.1203,x___,♩,0.542,187,0.0652,0.1161,0.5613
4/4,4,x_x_,♪ ♪,s,sobe,2869,4,x___,♩,0.1203,x_x_,♪ ♪,0.2812,97,0.0338,0.0164,2.0579
4/4,4,x_x_,♪ ♪,s,sobe,2869,5,x_x_,♪ ♪,0.8236,x__x,♪. sc,0.025,59,0.0206,0.0326,0.6311
4/4,4,x_x_,♪ ♪,s,sobe,2869,6,x___,♩,0.1203,x__x,♪. sc,0.0696,24,0.0084,0.0042,1.9712
4/4,4,x_x_,♪ ♪,s,sobe,2869,7,__x_,(lig.) ♪ ♪,0.0125,x_x_,♪ ♪,0.6389,23,0.008,0.0025,3.1976
4/4,4,x_x_,♪ ♪,s,sobe,2869,8,x_x_,♪ ♪,0.8236,xx__,sc ♪.,0.0085,20,0.007,0.0094,0.7427
4/4,4,x_x_,♪ ♪,s,sobe,2869,9,x_x_,♪ ♪,0.8236,xxx_,sc sc ♪,0.0076,18,0.0063,0.0086,0.7307
4/4,4,x_x_,♪ ♪,s,sobe,2869,10,x_xx,♪ sc sc,0.0125,x_x_,♪ ♪,0.5,18,0.0063,0.0054,1.1609
4/4,1,x_x_,♪ ♪,d,desce,7083,1,x_x_,♪ ♪,0.4306,x_x_,♪ ♪,0.8403,2563,0.3619,0.3208,1.1278
4/4,1,x_x_,♪ ♪,d,desce,7083,2,x___,♩,0.4943,x___,♩,0.3462,1212,0.1711,0.2085,0.8207
4/4,1,x_x_,♪ ♪,d,desce,7083,3,x___,♩,0.4943,____,(lig.) ♩,0.2282,799,0.1128,0.1305,0.8642
4/4,1,x_x_,♪ ♪,d,desce,7083,4,x___,♩,0.4943,x_x_,♪ ♪,0.2054,719,0.1015,0.0689,1.4743
4/4,1,x_x_,♪ ♪,d,desce,7083,5,x___,♩,0.4943,__x_,(lig.) ♪ ♪,0.1434,502,0.0709,0.0811,0.8739
4/4,1,x_x_,♪ ♪,d,desce,7083,6,x_x_,♪ ♪,0.4306,x___,♩,0.122,372,0.0525,0.0571,0.9205
4/4,1,x_x_,♪ ♪,d,desce,7083,7,x___,♩,0.4943,x__x,♪. sc,0.0417,146,0.0206,0.015,1.377
4/4,1,x_x_,♪ ♪,d,desce,7083,8,x__x,♪. sc,0.0367,x_x_,♪ ♪,0.4846,126,0.0178,0.0127,1.4019
4/4,1,x_x_,♪ ♪,d,desce,7083,9,x__x,♪. sc,0.0367,x__x,♪. sc,0.3154,82,0.0116,0.0224,0.5167
4/4,1,x_x_,♪ ♪,d,desce,7083,10,x___,♩,0.4943,....,pausa ♩,0.018,63,0.0089,0.0054,1.6439
4/4,4,x___,♩,d,desce,9519,1,x___,♩,0.5113,x___,♩,0.8743,4255,0.447,0.4137,1.0805
4/4,4,x___,♩,d,desce,9519,2,x_x_,♪ ♪,0.1891,x___,♩,0.6539,1177,0.1236,0.1131,1.0932
4/4,4,x___,♩,d,desce,9519,3,____,(lig.) ♩,0.1314,x___,♩,0.8513,1065,0.1119,0.0948,1.1799
4/4,4,x___,♩,d,desce,9519,4,x_x_,♪ ♪,0.1891,x_x_,♪ ♪,0.2844,512,0.0538,0.0884,0.6083
4/4,4,x___,♩,d,desce,9519,5,x___,♩,0.5113,x_x_,♪ ♪,0.0949,462,0.0485,0.0585,0.8292
4/4,4,x___,♩,d,desce,9519,6,__x_,(lig.) ♪ ♪,0.0604,x___,♩,0.5739,330,0.0347,0.0428,0.8095
4/4,4,x___,♩,d,desce,9519,7,....,pausa ♩,0.0337,x___,♩,0.8442,271,0.0285,0.0191,1.4925
4/4,4,x___,♩,d,desce,9519,8,__x_,(lig.) ♪ ♪,0.0604,x_x_,♪ ♪,0.3096,178,0.0187,0.0215,0.8679
4/4,4,x___,♩,d,desce,9519,9,..x_,pausa ♪ ♪,0.0283,x___,♩,0.6468,174,0.0183,0.0113,1.6204
4/4,4,x___,♩,d,desce,9519,10,x__x,♪. sc,0.0297,x___,♩,0.4664,132,0.0139,0.0124,1.1153
4/4,1,__x_,(lig.) ♪ ♪,r,repete,309,1,x___,♩,0.6764,x___,♩,0.4115,86,0.2783,0.2341,1.1887
4/4,1,__x_,(lig.) ♪ ♪,r,repete,309,2,x_x_,♪ ♪,0.2427,x_x_,♪ ♪,0.8933,67,0.2168,0.2319,0.9352
4/4,1,__x_,(lig.) ♪ ♪,r,repete,309,3,x___,♩,0.6764,____,(lig.) ♩,0.2871,60,0.1942,0.1466,1.3247
4/4,1,__x_,(lig.) ♪ ♪,r,repete,309,4,x___,♩,0.6764,x_x_,♪ ♪,0.134,28,0.0906,0.0773,1.172
4/4,1,__x_,(lig.) ♪ ♪,r,repete,309,5,x___,♩,0.6764,__x_,(lig.) ♪ ♪,0.134,28,0.0906,0.0911,0.995
4/4,1,__x_,(lig.) ♪ ♪,r,repete,309,6,x__x,♪. sc,0.0647,x__x,♪. sc,0.4,8,0.0259,0.0451,0.5743
4/4,1,__x_,(lig.) ♪ ♪,r,repete,309,7,x_x_,♪ ♪,0.2427,x___,♩,0.0933,7,0.0227,0.0412,0.5494
4/4,1,__x_,(lig.) ♪ ♪,r,repete,309,8,x__x,♪. sc,0.0647,x_x_,♪ ♪,0.35,7,0.0227,0.0255,0.8874
4/4,1,__x_,(lig.) ♪ ♪,r,repete,309,9,x___,♩,0.6764,....,pausa ♩,0.0287,6,0.0194,0.0061,3.1959
4/4,1,__x_,(lig.) ♪ ♪,r,repete,309,10,x__x,♪. sc,0.0647,x___,♩,0.25,5,0.0162,0.0063,2.5734
4/4,1,x___,♩,0,—,1116,1,x___,♩,0.9032,x___,♩,0.5982,603,0.5403,0.3351,1.6126
4/4,1,x___,♩,0,—,1116,2,x___,♩,0.9032,__x_,(lig.) ♪ ♪,0.2133,215,0.1927,0.1303,1.4783
4/4,1,x___,♩,0,—,1116,3,x___,♩,0.9032,x_x_,♪ ♪,0.13,131,0.1174,0.1106,1.0609
4/4,1,x___,♩,0,—,1116,4,x_x_,♪ ♪,0.0762,x_x_,♪ ♪,0.6706,57,0.0511,0.0933,0.5474
4/4,1,x___,♩,0,—,1116,5,x___,♩,0.9032,____,(lig.) ♩,0.0347,35,0.0314,0.2098,0.1495
4/4,1,x___,♩,0,—,1116,6,x_x_,♪ ♪,0.0762,x___,♩,0.3059,26,0.0233,0.0166,1.404
4/4,1,x___,♩,0,—,1116,7,x___,♩,0.9032,x__x,♪. sc,0.0198,20,0.0179,0.0241,0.745
4/4,1,x___,♩,0,—,1116,8,x__x,♪. sc,0.0161,x__x,♪. sc,0.5,9,0.0081,0.0165,0.4892
4/4,1,x___,♩,0,—,1116,9,x__x,♪. sc,0.0161,x_x_,♪ ♪,0.2778,5,0.0045,0.0093,0.4799
4/4,1,x___,♩,0,—,1116,10,x__x,♪. sc,0.0161,x___,♩,0.1667,3,0.0027,0.0023,1.169
4/4,2,x___,♩,s,sobe,11798,1,x___,♩,0.423,x___,♩,0.8236,4110,0.3484,0.3088,1.128
4/4,2,x___,♩,s,sobe,11798,2,__x_,(lig.) ♪ ♪,0.1833,x___,♩,0.648,1401,0.1187,0.1056,1.1241
4/4,2,x___,♩,s,sobe,11798,3,x_x_,♪ ♪,0.1493,x___,♩,0.6833,1204,0.1021,0.0606,1.6826
4/4,2,x___,♩,s,sobe,11798,4,____,(lig.) ♩,0.1953,x___,♩,0.5082,1171,0.0993,0.1216,0.8159
4/4,2,x___,♩,s,sobe,11798,5,__x_,(lig.) ♪ ♪,0.1833,x_x_,♪ ♪,0.2928,633,0.0537,0.0425,1.2616
4/4,2,x___,♩,s,sobe,11798,6,x___,♩,0.423,x_x_,♪ ♪,0.1098,548,0.0464,0.0433,1.0715
4/4,2,x___,♩,s,sobe,11798,7,____,(lig.) ♩,0.1953,....,pausa ♩,0.2365,545,0.0462,0.0645,0.7164
4/4,2,x___,♩,s,sobe,11798,8,x_x_,♪ ♪,0.1493,x_x_,♪ ♪,0.2991,527,0.0447,0.0641,0.6972
4/4,2,x___,♩,s,sobe,11798,9,____,(lig.) ♩,0.1953,____,(lig.) ♩,0.1636,377,0.032,0.0466,0.6859
4/4,2,x___,♩,s,sobe,11798,10,x__x,♪. sc,0.032,x___,♩,0.7321,276,0.0234,0.0117,1.9988
4/4,3,x___,♩,s,sobe,3340,1,x___,♩,0.7814,x___,♩,0.6448,1683,0.5039,0.3813,1.3214
4/4,3,x___,♩,s,sobe,3340,2,x___,♩,0.7814,x_x_,♪ ♪,0.1552,405,0.1213,0.1675,0.7238
4/4,3,x___,♩,s,sobe,3340,3,x___,♩,0.7814,____,(lig.) ♩,0.0874,228,0.0683,0.0875,0.7802
4/4,3,x___,♩,s,sobe,3340,4,x_x_,♪ ♪,0.1243,x___,♩,0.4795,199,0.0596,0.015,3.9659
4/4,3,x___,♩,s,sobe,3340,5,x_x_,♪ ♪,0.1243,x_x_,♪ ♪,0.4747,197,0.059,0.0849,0.6949
4/4,3,x___,♩,s,sobe,3340,6,x___,♩,0.7814,__x_,(lig.) ♪ ♪,0.0651,170,0.0509,0.0565,0.901
4/4,3,x___,♩,s,sobe,3340,7,x___,♩,0.7814,....,pausa ♩,0.0184,48,0.0144,0.0174,0.8281
4/4,3,x___,♩,s,sobe,3340,8,x___,♩,0.7814,..x_,pausa ♪ ♪,0.0169,44,0.0132,0.0168,0.7852
4/4,3,x___,♩,s,sobe,3340,9,__x_,(lig.) ♪ ♪,0.0168,x_x_,♪ ♪,0.6071,34,0.0102,0.0051,2.0018
4/4,3,x___,♩,s,sobe,3340,10,____,(lig.) ♩,0.0231,x_x_,♪ ♪,0.4156,32,0.0096,0.0045,2.1084
4/4,1,x___,♩,s,sobe,4804,1,x___,♩,0.8058,x___,♩,0.4691,1816,0.378,0.3351,1.1282
4/4,1,x___,♩,s,sobe,4804,2,x___,♩,0.8058,____,(lig.) ♩,0.2676,1036,0.2157,0.2098,1.0281
4/4,1,x___,♩,s,sobe,4804,3,x___,♩,0.8058,__x_,(lig.) ♪ ♪,0.1462,566,0.1178,0.1303,0.9041
4/4,1,x___,♩,s,sobe,4804,4,x_x_,♪ ♪,0.128,x_x_,♪ ♪,0.6,369,0.0768,0.0933,0.8232
4/4,1,x___,♩,s,sobe,4804,5,x___,♩,0.8058,x_x_,♪ ♪,0.0922,357,0.0743,0.1106,0.6716
4/4,1,x___,♩,s,sobe,4804,6,x_x_,♪ ♪,0.128,x___,♩,0.3545,218,0.0454,0.0166,2.7346
4/4,1,x___,♩,s,sobe,4804,7,x__x,♪. sc,0.0304,x__x,♪. sc,0.4452,65,0.0135,0.0165,0.8207
4/4,1,x___,♩,s,sobe,4804,8,x__x,♪. sc,0.0304,x_x_,♪ ♪,0.3151,46,0.0096,0.0093,1.0256
4/4,1,x___,♩,s,sobe,4804,9,____,(lig.) ♩,0.0121,x___,♩,0.7069,41,0.0085,0.0034,2.5362
4/4,1,x___,♩,s,sobe,4804,10,x___,♩,0.8058,x__x,♪. sc,0.0096,37,0.0077,0.0241,0.3202
4/4,1,__x_,(lig.) ♪ ♪,s,sobe,564,1,x_x_,♪ ♪,0.3511,x_x_,♪ ♪,0.8586,170,0.3014,0.2319,1.3001
4/4,1,__x_,(lig.) ♪ ♪,s,sobe,564,2,x___,♩,0.445,x___,♩,0.4223,106,0.1879,0.2341,0.8027
4/4,1,__x_,(lig.) ♪ ♪,s,sobe,564,3,x___,♩,0.445,__x_,(lig.) ♪ ♪,0.2112,53,0.094,0.0911,1.0319
4/4,1,__x_,(lig.) ♪ ♪,s,sobe,564,4,x___,♩,0.445,____,(lig.) ♩,0.1833,46,0.0816,0.1466,0.5564
4/4,1,__x_,(lig.) ♪ ♪,s,sobe,564,5,x___,♩,0.445,x_x_,♪ ♪,0.1315,33,0.0585,0.0773,0.7567
4/4,1,__x_,(lig.) ♪ ♪,s,sobe,564,6,x__x,♪. sc,0.1135,x_x_,♪ ♪,0.4688,30,0.0532,0.0255,2.0835
4/4,1,__x_,(lig.) ♪ ♪,s,sobe,564,7,x__x,♪. sc,0.1135,x__x,♪. sc,0.4531,29,0.0514,0.0451,1.1406
4/4,1,__x_,(lig.) ♪ ♪,s,sobe,564,8,x_x_,♪ ♪,0.3511,x___,♩,0.0859,17,0.0301,0.0412,0.7311
4/4,1,__x_,(lig.) ♪ ♪,s,sobe,564,9,xx__,sc ♪.,0.0195,x__x,♪. sc,0.6364,7,0.0124,0.0051,2.4514
4/4,1,__x_,(lig.) ♪ ♪,s,sobe,564,10,x___,♩,0.445,x__x,♪. sc,0.0239,6,0.0106,0.0168,0.6329
4/4,2,x___,♩,d,desce,9623,1,x___,♩,0.3839,x___,♩,0.8517,3146,0.3269,0.3088,1.0586
4/4,2,x___,♩,d,desce,9623,2,____,(lig.) ♩,0.2933,x___,♩,0.422,1191,0.1238,0.1216,1.0175
4/4,2,x___,♩,d,desce,9623,3,__x_,(lig.) ♪ ♪,0.1398,x___,♩,0.6981,939,0.0976,0.1056,0.9237
4/4,2,x___,♩,d,desce,9623,4,____,(lig.) ♩,0.2933,....,pausa ♩,0.3108,877,0.0911,0.0645,1.4133
4/4,2,x___,♩,d,desce,9623,5,x_x_,♪ ♪,0.124,x___,♩,0.6605,788,0.0819,0.0606,1.3502
4/4,2,x___,♩,d,desce,9623,6,____,(lig.) ♩,0.2933,____,(lig.) ♩,0.1963,554,0.0576,0.0466,1.2358
4/4,2,x___,♩,d,desce,9623,7,x_x_,♪ ♪,0.124,x_x_,♪ ♪,0.3227,385,0.04,0.0641,0.6244
4/4,2,x___,♩,d,desce,9623,8,__x_,(lig.) ♪ ♪,0.1398,x_x_,♪ ♪,0.2498,336,0.0349,0.0425,0.821
4/4,2,x___,♩,d,desce,9623,9,x___,♩,0.3839,x_x_,♪ ♪,0.0823,304,0.0316,0.0433,0.7288
4/4,2,x___,♩,d,desce,9623,10,x__x,♪. sc,0.0303,x___,♩,0.8014,234,0.0243,0.0117,2.0776
4/4,2,xxx_,sc sc ♪,s,sobe,128,1,x_x_,♪ ♪,0.3828,x_x_,♪ ♪,0.6531,32,0.25,0.2285,1.0942
4/4,2,xxx_,sc sc ♪,s,sobe,128,2,x_x_,♪ ♪,0.3828,x___,♩,0.2041,10,0.0781,0.2163,0.3612
4/4,2,xxx_,sc sc ♪,s,sobe,128,3,xxx_,sc sc ♪,0.1406,x___,♩,0.5556,10,0.0781,0.0347,2.2541
4/4,2,xxx_,sc sc ♪,s,sobe,128,4,xxx_,sc sc ♪,0.1406,x_x_,♪ ♪,0.4444,8,0.0625,0.0237,2.642
4/4,2,xxx_,sc sc ♪,s,sobe,128,5,x___,♩,0.125,x___,♩,0.4375,7,0.0547,0.0796,0.6867
4/4,2,xxx_,sc sc ♪,s,sobe,128,6,x__x,♪. sc,0.1719,x_x_,♪ ♪,0.3182,7,0.0547,0.0203,2.6914
4/4,2,xxx_,sc sc ♪,s,sobe,128,7,_xx_,(lig.) sc sc ♪,0.0781,_xx_,(lig.) sc sc ♪,0.6,6,0.0469,0.0147,3.1798
4/4,2,xxx_,sc sc ♪,s,sobe,128,8,x__x,♪. sc,0.1719,xx__,sc ♪.,0.2727,6,0.0469,0.0182,2.5777
4/4,2,xxx_,sc sc ♪,s,sobe,128,9,x___,♩,0.125,____,(lig.) ♩,0.3125,5,0.0391,0.0026,14.9259
4/4,2,xxx_,sc sc ♪,s,sobe,128,10,x__x,♪. sc,0.1719,x___,♩,0.2273,5,0.0391,0.0813,0.4806
4/4,3,x___,♩,d,desce,4741,1,x___,♩,0.7574,x___,♩,0.6007,2157,0.455,0.3813,1.1931
4/4,3,x___,♩,d,desce,4741,2,x___,♩,0.7574,x_x_,♪ ♪,0.1643,590,0.1244,0.1675,0.7428
4/4,3,x___,♩,d,desce,4741,3,x___,♩,0.7574,____,(lig.) ♩,0.1242,446,0.0941,0.0875,1.0752
4/4,3,x___,♩,d,desce,4741,4,x_x_,♪ ♪,0.0751,x_x_,♪ ♪,0.5309,189,0.0399,0.0849,0.4697
4/4,3,x___,♩,d,desce,4741,5,x___,♩,0.7574,__x_,(lig.) ♪ ♪,0.0498,179,0.0378,0.0565,0.6683
4/4,3,x___,♩,d,desce,4741,6,....,pausa ♩,0.0861,x_x_,♪ ♪,0.4314,176,0.0371,0.0206,1.7983
4/4,3,x___,♩,d,desce,4741,7,....,pausa ♩,0.0861,x___,♩,0.3848,157,0.0331,0.0271,1.2203
4/4,3,x___,♩,d,desce,4741,8,x_x_,♪ ♪,0.0751,x___,♩,0.427,152,0.0321,0.015,2.1341
4/4,3,x___,♩,d,desce,4741,9,..x_,pausa ♪ ♪,0.0295,x_x_,♪ ♪,0.95,133,0.0281,0.0193,1.456
4/4,3,x___,♩,d,desce,4741,10,x___,♩,0.7574,..x_,pausa ♪ ♪,0.0239,86,0.0181,0.0168,1.0811
4/4,4,____,(lig.) ♩,d,desce,514,1,x___,♩,0.5136,x___,♩,0.8409,222,0.4319,0.3758,1.1493
4/4,4,____,(lig.) ♩,d,desce,514,2,x_x_,♪ ♪,0.1556,x___,♩,0.75,60,0.1167,0.0934,1.2504
4/4,4,____,(lig.) ♩,d,desce,514,3,____,(lig.) ♩,0.1576,x___,♩,0.6914,56,0.1089,0.1748,0.6231
4/4,4,____,(lig.) ♩,d,desce,514,4,....,pausa ♩,0.0914,x___,♩,0.8936,42,0.0817,0.0551,1.4821
4/4,4,____,(lig.) ♩,d,desce,514,5,x___,♩,0.5136,x_x_,♪ ♪,0.1098,29,0.0564,0.0532,1.0612
4/4,4,____,(lig.) ♩,d,desce,514,6,x_x_,♪ ♪,0.1556,x_x_,♪ ♪,0.2375,19,0.037,0.073,0.5065
4/4,4,____,(lig.) ♩,d,desce,514,7,____,(lig.) ♩,0.1576,....,pausa ♩,0.1235,10,0.0195,0.0088,2.2088
4/4,4,____,(lig.) ♩,d,desce,514,8,..x_,pausa ♪ ♪,0.035,x___,♩,0.5,9,0.0175,0.0146,1.2007
4/4,4,____,(lig.) ♩,d,desce,514,9,x___,♩,0.5136,____,(lig.) ♩,0.0303,8,0.0156,0.0036,4.3686
4/4,4,____,(lig.) ♩,d,desce,514,10,x__x,♪. sc,0.0195,x___,♩,0.8,8,0.0156,0.0117,1.3299
4/4,1,__x_,(lig.) ♪ ♪,d,desce,829,1,x___,♩,0.6297,x___,♩,0.4215,220,0.2654,0.2341,1.1334
4/4,1,__x_,(lig.) ♪ ♪,d,desce,829,2,x___,♩,0.6297,____,(lig.) ♩,0.3563,186,0.2244,0.1466,1.5307
4/4,1,__x_,(lig.) ♪ ♪,d,desce,829,3,x_x_,♪ ♪,0.269,x_x_,♪ ♪,0.6233,139,0.1677,0.2319,0.7232
4/4,1,__x_,(lig.) ♪ ♪,d,desce,829,4,x_x_,♪ ♪,0.269,x___,♩,0.3004,67,0.0808,0.0412,1.9602
4/4,1,__x_,(lig.) ♪ ♪,d,desce,829,5,x___,♩,0.6297,__x_,(lig.) ♪ ♪,0.0977,51,0.0615,0.0911,0.6755
4/4,1,__x_,(lig.) ♪ ♪,d,desce,829,6,x___,♩,0.6297,x_x_,♪ ♪,0.0881,46,0.0555,0.0773,0.7177
4/4,1,__x_,(lig.) ♪ ♪,d,desce,829,7,x__x,♪. sc,0.0688,x_x_,♪ ♪,0.5088,29,0.035,0.0255,1.3703
4/4,1,__x_,(lig.) ♪ ♪,d,desce,829,8,x__x,♪. sc,0.0688,x__x,♪. sc,0.3684,21,0.0253,0.0451,0.5619
4/4,1,__x_,(lig.) ♪ ♪,d,desce,829,9,x___,♩,0.6297,x__x,♪. sc,0.0153,8,0.0097,0.0168,0.5741
4/4,1,__x_,(lig.) ♪ ♪,d,desce,829,10,_xx_,(lig.) sc sc ♪,0.0133,_xx_,(lig.) sc sc ♪,0.5455,6,0.0072,0.0052,1.4039
4/4,4,xxx_,sc sc ♪,s,sobe,70,1,x_x_,♪ ♪,0.3714,x_x_,♪ ♪,0.6923,18,0.2571,0.145,1.7729
4/4,4,xxx_,sc sc ♪,s,sobe,70,2,x___,♩,0.1714,x_x_,♪ ♪,0.5833,7,0.1,0.0464,2.157
4/4,4,xxx_,sc sc ♪,s,sobe,70,3,xxx_,sc sc ♪,0.0857,x__x,♪. sc,1,6,0.0857,0.0069,12.48
4/4,4,xxx_,sc sc ♪,s,sobe,70,4,x_x_,♪ ♪,0.3714,x___,♩,0.1538,4,0.0571,0.1855,0.308
4/4,4,xxx_,sc sc ♪,s,sobe,70,5,x__x,♪. sc,0.1857,x__x,♪. sc,0.3077,4,0.0571,0.032,1.7843
4/4,4,xxx_,sc sc ♪,s,sobe,70,6,__x_,(lig.) ♪ ♪,0.1429,x_x_,♪ ♪,0.3,3,0.0429,0.0135,3.1768
4/4,4,xxx_,sc sc ♪,s,sobe,70,7,x_x_,♪ ♪,0.3714,x__x,♪. sc,0.1154,3,0.0429,0.0148,2.8939
4/4,4,xxx_,sc sc ♪,s,sobe,70,8,x__x,♪. sc,0.1857,x___,♩,0.2308,3,0.0429,0.0367,1.1676
4/4,4,xxx_,sc sc ♪,s,sobe,70,9,__x_,(lig.) ♪ ♪,0.1429,x_xx,♪ sc sc,0.3,3,0.0429,0.0004,121.2071
4/4,4,xxx_,sc sc ♪,s,sobe,70,10,x__x,♪. sc,0.1857,x_x_,♪ ♪,0.2308,3,0.0429,0.0091,4.7349
4/4,1,x___,♩,d,desce,5331,1,x___,♩,0.8409,x___,♩,0.4053,1817,0.3408,0.3351,1.0172
4/4,1,x___,♩,d,desce,5331,2,x___,♩,0.8409,____,(lig.) ♩,0.3739,1676,0.3144,0.2098,1.4988
4/4,1,x___,♩,d,desce,5331,3,x___,♩,0.8409,__x_,(lig.) ♪ ♪,0.1242,557,0.1045,0.1303,0.8017
4/4,1,x___,♩,d,desce,5331,4,x_x_,♪ ♪,0.099,x_x_,♪ ♪,0.5947,314,0.0589,0.0933,0.6312
4/4,1,x___,♩,d,desce,5331,5,x___,♩,0.8409,x_x_,♪ ♪,0.068,305,0.0572,0.1106,0.5171
4/4,1,x___,♩,d,desce,5331,6,x_x_,♪ ♪,0.099,x___,♩,0.3428,181,0.034,0.0166,2.046
4/4,1,x___,♩,d,desce,5331,7,x__x,♪. sc,0.0343,x__x,♪. sc,0.5792,106,0.0199,0.0165,1.2061
4/4,1,x___,♩,d,desce,5331,8,x___,♩,0.8409,x__x,♪. sc,0.0147,66,0.0124,0.0241,0.5147
4/4,1,x___,♩,d,desce,5331,9,x___,♩,0.8409,....,pausa ♩,0.01,45,0.0084,0.0087,0.9709
4/4,1,x___,♩,d,desce,5331,10,x__x,♪. sc,0.0343,x_x_,♪ ♪,0.2131,39,0.0073,0.0093,0.7836
4/4,4,x___,♩,r,repete,3649,1,x___,♩,0.4842,x___,♩,0.8608,1521,0.4168,0.4137,1.0075
4/4,4,x___,♩,r,repete,3649,2,x_x_,♪ ♪,0.291,x___,♩,0.7128,757,0.2075,0.1131,1.8342
4/4,4,x___,♩,r,repete,3649,3,x_x_,♪ ♪,0.291,x_x_,♪ ♪,0.2542,270,0.074,0.0884,0.8369
4/4,4,x___,♩,r,repete,3649,4,____,(lig.) ♩,0.0718,x___,♩,0.8435,221,0.0606,0.0948,0.6387
4/4,4,x___,♩,r,repete,3649,5,x___,♩,0.4842,x_x_,♪ ♪,0.1007,178,0.0488,0.0585,0.8334
4/4,4,x___,♩,r,repete,3649,6,__x_,(lig.) ♪ ♪,0.0652,x___,♩,0.6134,146,0.04,0.0428,0.9342
4/4,4,x___,♩,r,repete,3649,7,x__x,♪. sc,0.0367,x___,♩,0.7164,96,0.0263,0.0124,2.116
4/4,4,x___,♩,r,repete,3649,8,__x_,(lig.) ♪ ♪,0.0652,x_x_,♪ ♪,0.3109,74,0.0203,0.0215,0.9413
4/4,4,x___,♩,r,repete,3649,9,....,pausa ♩,0.0186,x___,♩,0.7941,54,0.0148,0.0191,0.7758
4/4,4,x___,♩,r,repete,3649,10,..x_,pausa ♪ ♪,0.0206,x___,♩,0.56,42,0.0115,0.0113,1.0203
4/4,1,..x_,pausa ♪ ♪,0,—,382,1,x_x_,♪ ♪,0.288,x_x_,♪ ♪,0.7727,85,0.2225,0.2353,0.9456
4/4,1,..x_,pausa ♪ ♪,0,—,382,2,x___,♩,0.3796,x_x_,♪ ♪,0.4414,64,0.1675,0.0686,2.4434
4/4,1,..x_,pausa ♪ ♪,0,—,382,3,x___,♩,0.3796,__x_,(lig.) ♪ ♪,0.2414,35,0.0916,0.0808,1.1345
4/4,1,..x_,pausa ♪ ♪,0,—,382,4,x__x,♪. sc,0.1518,x_x_,♪ ♪,0.5,29,0.0759,0.0334,2.2709
4/4,1,..x_,pausa ♪ ♪,0,—,382,5,x___,♩,0.3796,x___,♩,0.1862,27,0.0707,0.2076,0.3404
4/4,1,..x_,pausa ♪ ♪,0,—,382,6,xx__,sc ♪.,0.089,x__x,♪. sc,0.7353,25,0.0654,0.025,2.6192
4/4,1,..x_,pausa ♪ ♪,0,—,382,7,x__x,♪. sc,0.1518,x__x,♪. sc,0.3793,22,0.0576,0.059,0.9756
4/4,1,..x_,pausa ♪ ♪,0,—,382,8,x___,♩,0.3796,x__x,♪. sc,0.0966,14,0.0366,0.0149,2.4585
4/4,1,..x_,pausa ♪ ♪,0,—,382,9,xxx_,sc sc ♪,0.0654,x__x,♪. sc,0.36,9,0.0236,0.0054,4.3943
4/4,1,..x_,pausa ♪ ♪,0,—,382,10,xxx_,sc sc ♪,0.0654,x_x_,♪ ♪,0.36,9,0.0236,0.0127,1.8603
4/4,2,x__x,♪. sc,s,sobe,1128,1,x__x,♪. sc,0.5452,x__x,♪. sc,0.5268,324,0.2872,0.1958,1.4667
4/4,2,x__x,♪. sc,s,sobe,1128,2,x_x_,♪ ♪,0.3351,x_x_,♪ ♪,0.4206,159,0.141,0.1479,0.9529
4/4,2,x__x,♪. sc,s,sobe,1128,3,x__x,♪. sc,0.5452,x___,♩,0.2325,143,0.1268,0.2195,0.5776
4/4,2,x__x,♪. sc,s,sobe,1128,4,x_x_,♪ ♪,0.3351,x___,♩,0.2646,100,0.0887,0.14,0.6331
4/4,2,x__x,♪. sc,s,sobe,1128,5,x_x_,♪ ♪,0.3351,x__x,♪. sc,0.2354,89,0.0789,0.0077,10.1857
4/4,2,x__x,♪. sc,s,sobe,1128,6,x__x,♪. sc,0.5452,xx__,sc ♪.,0.1106,68,0.0603,0.0491,1.2276
4/4,2,x__x,♪. sc,s,sobe,1128,7,x__x,♪. sc,0.5452,x_x_,♪ ♪,0.0715,44,0.039,0.0549,0.7108
4/4,2,x__x,♪. sc,s,sobe,1128,8,xxxx,sc sc sc sc,0.0337,x___,♩,0.7895,30,0.0266,0.0137,1.9389
4/4,2,x__x,♪. sc,s,sobe,1128,9,x__x,♪. sc,0.5452,xxx_,sc sc ♪,0.0276,17,0.0151,0.0153,0.9844
4/4,2,x__x,♪. sc,s,sobe,1128,10,x___,♩,0.0576,x___,♩,0.2,13,0.0115,0.058,0.1987
4/4,3,x__x,♪. sc,s,sobe,1054,1,x__x,♪. sc,0.4184,x__x,♪. sc,0.7211,318,0.3017,0.2084,1.448
4/4,3,x__x,♪. sc,s,sobe,1054,2,x___,♩,0.3738,x__x,♪. sc,0.3401,134,0.1271,0.0122,10.4519
4/4,3,x__x,♪. sc,s,sobe,1054,3,x___,♩,0.3738,x___,♩,0.2284,90,0.0854,0.2013,0.4242
4/4,3,x__x,♪. sc,s,sobe,1054,4,x___,♩,0.3738,x_x_,♪ ♪,0.1904,75,0.0712,0.0884,0.8046
4/4,3,x__x,♪. sc,s,sobe,1054,5,x__x,♪. sc,0.4184,x_x_,♪ ♪,0.1474,65,0.0617,0.1009,0.6114
4/4,3,x__x,♪. sc,s,sobe,1054,6,x_x_,♪ ♪,0.0873,x_x_,♪ ♪,0.6413,59,0.056,0.0798,0.7014
4/4,3,x__x,♪. sc,s,sobe,1054,7,x___,♩,0.3738,__x_,(lig.) ♪ ♪,0.1371,54,0.0512,0.0298,1.7181
4/4,3,x__x,♪. sc,s,sobe,1054,8,xx__,sc ♪.,0.0645,x__x,♪. sc,0.5735,39,0.037,0.0405,0.9125
4/4,3,x__x,♪. sc,s,sobe,1054,9,x__x,♪. sc,0.4184,x___,♩,0.0635,28,0.0266,0.0272,0.9771
4/4,3,x__x,♪. sc,s,sobe,1054,10,x___,♩,0.3738,..x_,pausa ♪ ♪,0.0355,14,0.0133,0.0089,1.4997
4/4,3,__x_,(lig.) ♪ ♪,s,sobe,1275,1,x___,♩,0.6557,x___,♩,0.6041,505,0.3961,0.3353,1.1811
4/4,3,__x_,(lig.) ♪ ♪,s,sobe,1275,2,x_x_,♪ ♪,0.28,x_x_,♪ ♪,0.888,317,0.2486,0.2141,1.1613
4/4,3,__x_,(lig.) ♪ ♪,s,sobe,1275,3,x___,♩,0.6557,x_x_,♪ ♪,0.1806,151,0.1184,0.1473,0.8039
4/4,3,__x_,(lig.) ♪ ♪,s,sobe,1275,4,x___,♩,0.6557,__x_,(lig.) ♪ ♪,0.1244,104,0.0816,0.0497,1.6419
4/4,3,__x_,(lig.) ♪ ♪,s,sobe,1275,5,x___,♩,0.6557,____,(lig.) ♩,0.0359,30,0.0235,0.0769,0.3058
4/4,3,__x_,(lig.) ♪ ♪,s,sobe,1275,6,x__x,♪. sc,0.0424,x__x,♪. sc,0.5556,30,0.0235,0.0256,0.9177
4/4,3,__x_,(lig.) ♪ ♪,s,sobe,1275,7,x_x_,♪ ♪,0.28,x___,♩,0.0784,28,0.022,0.0379,0.5795
4/4,3,__x_,(lig.) ♪ ♪,s,sobe,1275,8,x__x,♪. sc,0.0424,x_x_,♪ ♪,0.3889,21,0.0165,0.0124,1.327
4/4,3,__x_,(lig.) ♪ ♪,s,sobe,1275,9,x___,♩,0.6557,x__x,♪. sc,0.0215,18,0.0141,0.0203,0.6967
4/4,3,__x_,(lig.) ♪ ♪,s,sobe,1275,10,x___,♩,0.6557,....,pausa ♩,0.0144,12,0.0094,0.0153,0.6167
4/4,1,xxxx,sc sc sc sc,d,desce,130,1,x_x_,♪ ♪,0.3231,x_x_,♪ ♪,0.5714,24,0.1846,0.2837,0.6507
4/4,1,xxxx,sc sc sc sc,d,desce,130,2,xxxx,sc sc sc sc,0.1923,xxxx,sc sc sc sc,0.8,20,0.1538,0.0469,3.2786
4/4,1,xxxx,sc sc sc sc,d,desce,130,3,x___,♩,0.2308,____,(lig.) ♩,0.3,9,0.0692,0.0663,1.0448
4/4,1,xxxx,sc sc sc sc,d,desce,130,4,x__x,♪. sc,0.1615,x__x,♪. sc,0.381,8,0.0615,0.0697,0.8825
4/4,1,xxxx,sc sc sc sc,d,desce,130,5,x___,♩,0.2308,x___,♩,0.2333,7,0.0538,0.1058,0.5087
4/4,1,xxxx,sc sc sc sc,d,desce,130,6,x__x,♪. sc,0.1615,xx__,sc ♪.,0.3333,7,0.0538,0.0015,34.933
4/4,1,xxxx,sc sc sc sc,d,desce,130,7,xx__,sc ♪.,0.0462,x__x,♪. sc,1,6,0.0462,0.028,1.6479
4/4,1,xxxx,sc sc sc sc,d,desce,130,8,x_x_,♪ ♪,0.3231,x__x,♪. sc,0.119,5,0.0385,0.0061,6.3185
4/4,1,xxxx,sc sc sc sc,d,desce,130,9,x___,♩,0.2308,x_x_,♪ ♪,0.1667,5,0.0385,0.035,1.1004
4/4,1,xxxx,sc sc sc sc,d,desce,130,10,x_x_,♪ ♪,0.3231,__x_,(lig.) ♪ ♪,0.119,5,0.0385,0.0031,12.4086
4/4,2,xxxx,sc sc sc sc,d,desce,134,1,xx..,sc sc pausa ♪,0.2313,xxxx,sc sc sc sc,1,31,0.2313,0.1203,1.9225
4/4,2,xxxx,sc sc sc sc,d,desce,134,2,x_x_,♪ ♪,0.3209,x_x_,♪ ♪,0.5116,22,0.1642,0.1582,1.0376
4/4,2,xxxx,sc sc sc sc,d,desce,134,3,xxxx,sc sc sc sc,0.2687,x___,♩,0.4444,16,0.1194,0.1243,0.9603
4/4,2,xxxx,sc sc sc sc,d,desce,134,4,xxxx,sc sc sc sc,0.2687,x_x_,♪ ♪,0.3056,11,0.0821,0.1124,0.73
4/4,2,xxxx,sc sc sc sc,d,desce,134,5,x_x_,♪ ♪,0.3209,x___,♩,0.2093,9,0.0672,0.1498,0.4484
4/4,2,xxxx,sc sc sc sc,d,desce,134,6,xxxx,sc sc sc sc,0.2687,xxxx,sc sc sc sc,0.1944,7,0.0522,0.0411,1.2715
4/4,2,xxxx,sc sc sc sc,d,desce,134,7,x_x_,♪ ♪,0.3209,xx__,sc ♪.,0.1395,6,0.0448,0.0023,19.5826
4/4,2,xxxx,sc sc sc sc,d,desce,134,8,x__x,♪. sc,0.0821,x_x_,♪ ♪,0.4545,5,0.0373,0.0104,3.5923
4/4,2,xxxx,sc sc sc sc,d,desce,134,9,x_x_,♪ ♪,0.3209,xxx_,sc sc ♪,0.093,4,0.0299,0.005,5.9983
4/4,2,xxxx,sc sc sc sc,d,desce,134,10,x__x,♪. sc,0.0821,x___,♩,0.2727,3,0.0224,0.0415,0.5388
4/4,3,xxxx,sc sc sc sc,d,desce,196,1,x_x_,♪ ♪,0.4133,x_x_,♪ ♪,0.642,52,0.2653,0.2959,0.8967
4/4,3,xxxx,sc sc sc sc,d,desce,196,2,x___,♩,0.3827,x_x_,♪ ♪,0.32,24,0.1224,0.0906,1.351
4/4,3,xxxx,sc sc sc sc,d,desce,196,3,x___,♩,0.3827,x__x,♪. sc,0.28,21,0.1071,0.0125,8.5946
4/4,3,xxxx,sc sc sc sc,d,desce,196,4,x_x_,♪ ♪,0.4133,x_xx,♪ sc sc,0.1852,15,0.0765,0.0053,14.3875
4/4,3,xxxx,sc sc sc sc,d,desce,196,5,x___,♩,0.3827,x___,♩,0.1733,13,0.0663,0.2063,0.3215
4/4,3,xxxx,sc sc sc sc,d,desce,196,6,x__x,♪. sc,0.0714,x_x_,♪ ♪,0.7143,10,0.051,0.0171,2.9789
4/4,3,xxxx,sc sc sc sc,d,desce,196,7,xxxx,sc sc sc sc,0.1122,xxxx,sc sc sc sc,0.4091,9,0.0459,0.0245,1.872
4/4,3,xxxx,sc sc sc sc,d,desce,196,8,x___,♩,0.3827,x_xx,♪ sc sc,0.0933,7,0.0357,0.0018,19.9295
4/4,3,xxxx,sc sc sc sc,d,desce,196,9,x_x_,♪ ♪,0.4133,x___,♩,0.0864,7,0.0357,0.0524,0.682
4/4,3,xxxx,sc sc sc sc,d,desce,196,10,xxxx,sc sc sc sc,0.1122,x__x,♪. sc,0.2727,6,0.0306,0.0123,2.496
4/4,4,x__x,♪. sc,s,sobe,675,1,x__x,♪. sc,0.5481,x__x,♪. sc,0.5324,197,0.2919,0.2083,1.4013
4/4,4,x__x,♪. sc,s,sobe,675,2,x__x,♪. sc,0.5481,x___,♩,0.2595,96,0.1422,0.2387,0.5958
4/4,4,x__x,♪. sc,s,sobe,675,3,x_x_,♪ ♪,0.3215,x_x_,♪ ♪,0.3226,70,0.1037,0.113,0.9175
4/4,4,x__x,♪. sc,s,sobe,675,4,x_x_,♪ ♪,0.3215,x__x,♪. sc,0.2488,54,0.08,0.0115,6.9322
4/4,4,x__x,♪. sc,s,sobe,675,5,x_x_,♪ ♪,0.3215,x___,♩,0.1935,42,0.0622,0.1446,0.4303
4/4,4,x__x,♪. sc,s,sobe,675,6,x__x,♪. sc,0.5481,xx__,sc ♪.,0.0946,35,0.0519,0.0491,1.0552
4/4,4,x__x,♪. sc,s,sobe,675,7,x___,♩,0.0756,x__x,♪. sc,0.5686,29,0.043,0.0023,18.7716
4/4,4,x__x,♪. sc,s,sobe,675,8,x_x_,♪ ♪,0.3215,xx__,sc ♪.,0.1106,24,0.0356,0.0033,10.6958
4/4,4,x__x,♪. sc,s,sobe,675,9,x__x,♪. sc,0.5481,x_x_,♪ ♪,0.0622,23,0.0341,0.0589,0.5788
4/4,4,x__x,♪. sc,s,sobe,675,10,x_x_,♪ ♪,0.3215,xxx_,sc sc ♪,0.0599,13,0.0193,0.003,6.3334
4/4,1,xxx_,sc sc ♪,s,sobe,68,1,x_x_,♪ ♪,0.4559,x_x_,♪ ♪,0.7742,24,0.3529,0.2796,1.2622
4/4,1,xxx_,sc sc ♪,s,sobe,68,2,x__x,♪. sc,0.1618,x__x,♪. sc,0.5455,6,0.0882,0.07,1.2611
4/4,1,xxx_,sc sc ♪,s,sobe,68,3,x_x_,♪ ♪,0.4559,x___,♩,0.1613,5,0.0735,0.0497,1.4787
4/4,1,xxx_,sc sc ♪,s,sobe,68,4,x__x,♪. sc,0.1618,x_x_,♪ ♪,0.3636,4,0.0588,0.0396,1.4845
4/4,1,xxx_,sc sc ♪,s,sobe,68,5,x___,♩,0.1912,x___,♩,0.3077,4,0.0588,0.0901,0.653
4/4,1,xxx_,sc sc ♪,s,sobe,68,6,x___,♩,0.1912,__x_,(lig.) ♪ ♪,0.2308,3,0.0441,0.035,1.2592
4/4,1,xxx_,sc sc ♪,s,sobe,68,7,x___,♩,0.1912,x_x_,♪ ♪,0.2308,3,0.0441,0.0297,1.4831
4/4,1,xxx_,sc sc ♪,s,sobe,68,8,_xx_,(lig.) sc sc ♪,0.0735,_xx_,(lig.) sc sc ♪,0.6,3,0.0441,0.0263,1.6759
4/4,1,xxx_,sc sc ♪,s,sobe,68,9,x___,♩,0.1912,x__x,♪. sc,0.1538,2,0.0294,0.0065,4.548
4/4,1,xxx_,sc sc ♪,s,sobe,68,10,__x_,(lig.) ♪ ♪,0.0294,_xx_,(lig.) sc sc ♪,1,2,0.0294,0.0085,3.4794
4/4,4,xxxx,sc sc sc sc,d,desce,139,1,xx..,sc sc pausa ♪,0.2302,xxxx,sc sc sc sc,1,32,0.2302,0.1387,1.6603
4/4,4,xxxx,sc sc sc sc,d,desce,139,2,x_x_,♪ ♪,0.3022,x_x_,♪ ♪,0.381,16,0.1151,0.1143,1.0067
4/4,4,xxxx,sc sc sc sc,d,desce,139,3,x___,♩,0.2014,x_x_,♪ ♪,0.3571,10,0.0719,0.0277,2.5961
4/4,4,xxxx,sc sc sc sc,d,desce,139,4,x___,♩,0.2014,x__x,♪. sc,0.3214,9,0.0647,0.0072,9.0453
4/4,4,xxxx,sc sc sc sc,d,desce,139,5,x_x_,♪ ♪,0.3022,x___,♩,0.1905,8,0.0576,0.1463,0.3935
4/4,4,xxxx,sc sc sc sc,d,desce,139,6,x_x_,♪ ♪,0.3022,xx__,sc ♪.,0.1905,8,0.0576,0.0034,17.1141
4/4,4,xxxx,sc sc sc sc,d,desce,139,7,x__x,♪. sc,0.1007,xx__,sc ♪.,0.4286,6,0.0432,0.0076,5.6648
4/4,4,xxxx,sc sc sc sc,d,desce,139,8,x_x_,♪ ♪,0.3022,x__x,♪. sc,0.119,5,0.036,0.0117,3.0811
4/4,4,xxxx,sc sc sc sc,d,desce,139,9,xxxx,sc sc sc sc,0.1151,xxxx,sc sc sc sc,0.3125,5,0.036,0.028,1.284
4/4,4,xxxx,sc sc sc sc,d,desce,139,10,x_x_,♪ ♪,0.3022,xxx_,sc sc ♪,0.119,5,0.036,0.0031,11.6929
4/4,1,x__x,♪. sc,s,sobe,1045,1,x__x,♪. sc,0.401,x__x,♪. sc,0.8305,348,0.333,0.1958,1.7012
4/4,1,x__x,♪. sc,s,sobe,1045,2,x___,♩,0.3388,x___,♩,0.291,103,0.0986,0.1666,0.5915
4/4,1,x__x,♪. sc,s,sobe,1045,3,xx__,sc ♪.,0.1072,x__x,♪. sc,0.8482,95,0.0909,0.0609,1.4916
4/4,1,x__x,♪. sc,s,sobe,1045,4,x___,♩,0.3388,x__x,♪. sc,0.2316,82,0.0785,0.012,6.5593
4/4,1,x__x,♪. sc,s,sobe,1045,5,x___,♩,0.3388,____,(lig.) ♩,0.2034,72,0.0689,0.1043,0.6605
4/4,1,x__x,♪. sc,s,sobe,1045,6,x_x_,♪ ♪,0.0909,x_x_,♪ ♪,0.6632,63,0.0603,0.0809,0.7453
4/4,1,x__x,♪. sc,s,sobe,1045,7,x___,♩,0.3388,__x_,(lig.) ♪ ♪,0.1695,60,0.0574,0.0648,0.8859
4/4,1,x__x,♪. sc,s,sobe,1045,8,x__x,♪. sc,0.401,x_x_,♪ ♪,0.1074,45,0.0431,0.1109,0.3885
4/4,1,x__x,♪. sc,s,sobe,1045,9,x___,♩,0.3388,x_x_,♪ ♪,0.065,23,0.022,0.055,0.4
4/4,1,x__x,♪. sc,s,sobe,1045,10,x_x_,♪ ♪,0.0909,x__x,♪. sc,0.1474,14,0.0134,0.0017,7.7193
4/4,4,xxx_,sc sc ♪,r,repete,161,1,x___,♩,0.472,x_x_,♪ ♪,0.5263,40,0.2484,0.0464,5.359
4/4,4,xxx_,sc sc ♪,r,repete,161,2,x_x_,♪ ♪,0.441,x_x_,♪ ♪,0.5493,39,0.2422,0.145,1.6701
4/4,4,xxx_,sc sc ♪,r,repete,161,3,x___,♩,0.472,x__x,♪. sc,0.3289,25,0.1553,0.012,12.9668
4/4,4,xxx_,sc sc ♪,r,repete,161,4,x_x_,♪ ♪,0.441,x__x,♪. sc,0.2394,17,0.1056,0.0148,7.1298
4/4,4,xxx_,sc sc ♪,r,repete,161,5,x__x,♪. sc,0.0559,x__x,♪. sc,0.6667,6,0.0373,0.032,1.1637
4/4,4,xxx_,sc sc ♪,r,repete,161,6,x_x_,♪ ♪,0.441,x___,♩,0.0704,5,0.0311,0.1855,0.1674
4/4,4,xxx_,sc sc ♪,r,repete,161,7,x_x_,♪ ♪,0.441,xx__,sc ♪.,0.0563,4,0.0248,0.0043,5.824
4/4,4,xxx_,sc sc ♪,r,repete,161,8,x___,♩,0.472,xx__,sc ♪.,0.0395,3,0.0186,0.0018,10.6328
4/4,4,xxx_,sc sc ♪,r,repete,161,9,x___,♩,0.472,xxx_,sc sc ♪,0.0395,3,0.0186,0.0003,58.4802
4/4,4,xxx_,sc sc ♪,r,repete,161,10,x_x_,♪ ♪,0.441,xxx_,sc sc ♪,0.0423,3,0.0186,0.0039,4.7749
4/4,3,xxx_,sc sc ♪,r,repete,31,1,x___,♩,0.5806,x_x_,♪ ♪,0.8333,15,0.4839,0.0911,5.3093
4/4,3,xxx_,sc sc ♪,r,repete,31,2,x_x_,♪ ♪,0.2581,x_x_,♪ ♪,0.75,6,0.1935,0.2245,0.862
4/4,3,xxx_,sc sc ♪,r,repete,31,3,x__x,♪. sc,0.129,x_x_,♪ ♪,1,4,0.129,0.0407,3.1716
4/4,3,xxx_,sc sc ♪,r,repete,31,4,x___,♩,0.5806,xxx_,sc sc ♪,0.1667,3,0.0968,0.0007,145.3182
4/4,3,xxx_,sc sc ♪,r,repete,31,5,x_xx,♪ sc sc,0.0323,__xx,(lig.) ♪ sc sc,1,1,0.0323,0.001,32.0753
4/4,3,xxx_,sc sc ♪,r,repete,31,6,x_x_,♪ ♪,0.2581,x__x,♪. sc,0.125,1,0.0323,0.0044,7.363
4/4,3,xxx_,sc sc ♪,r,repete,31,7,x_x_,♪ ♪,0.2581,x___,♩,0.125,1,0.0323,0.0397,0.8117
4/4,2,xxx_,sc sc ♪,r,repete,131,1,x_x_,♪ ♪,0.5496,x_x_,♪ ♪,0.5556,40,0.3053,0.2285,1.3364
4/4,2,xxx_,sc sc ♪,r,repete,131,2,x_x_,♪ ♪,0.5496,x___,♩,0.3333,24,0.1832,0.2163,0.8471
4/4,2,xxx_,sc sc ♪,r,repete,131,3,x__x,♪. sc,0.2672,x__x,♪. sc,0.5714,20,0.1527,0.0725,2.1053
4/4,2,xxx_,sc sc ♪,r,repete,131,4,x__x,♪. sc,0.2672,x_x_,♪ ♪,0.2286,8,0.0611,0.0203,3.0054
4/4,2,xxx_,sc sc ♪,r,repete,131,5,x___,♩,0.1069,x__x,♪. sc,0.5714,8,0.0611,0.0013,48.2458
4/4,2,xxx_,sc sc ♪,r,repete,131,6,x_x_,♪ ♪,0.5496,x__x,♪. sc,0.0694,5,0.0382,0.012,3.1903
4/4,2,xxx_,sc sc ♪,r,repete,131,7,x___,♩,0.1069,x_x_,♪ ♪,0.3571,5,0.0382,0.0112,3.4145
4/4,2,xxx_,sc sc ♪,r,repete,131,8,x__x,♪. sc,0.2672,xx__,sc ♪.,0.1143,4,0.0305,0.0182,1.6791
4/4,2,xxx_,sc sc ♪,r,repete,131,9,xx__,sc ♪.,0.0458,x__x,♪. sc,0.6667,4,0.0305,0.0083,3.7001
4/4,2,xxx_,sc sc ♪,r,repete,131,10,x__x,♪. sc,0.2672,x___,♩,0.0857,3,0.0229,0.0813,0.2818
4/4,3,x__x,♪. sc,d,desce,1234,1,x__x,♪. sc,0.4052,x__x,♪. sc,0.758,379,0.3071,0.2084,1.474
4/4,3,x__x,♪. sc,d,desce,1234,2,x___,♩,0.3015,x__x,♪. sc,0.3065,114,0.0924,0.0122,7.5948
4/4,3,x__x,♪. sc,d,desce,1234,3,x___,♩,0.3015,x___,♩,0.2608,97,0.0786,0.2013,0.3905
4/4,3,x__x,♪. sc,d,desce,1234,4,xx__,sc ♪.,0.1305,x__x,♪. sc,0.5652,91,0.0737,0.0405,1.8186
4/4,3,x__x,♪. sc,d,desce,1234,5,x_x_,♪ ♪,0.1094,x_x_,♪ ♪,0.637,86,0.0697,0.0798,0.8733
4/4,3,x__x,♪. sc,d,desce,1234,6,x___,♩,0.3015,x_x_,♪ ♪,0.1586,59,0.0478,0.0884,0.5406
4/4,3,x__x,♪. sc,d,desce,1234,7,x__x,♪. sc,0.4052,x_x_,♪ ♪,0.11,55,0.0446,0.1009,0.4419
4/4,3,x__x,♪. sc,d,desce,1234,8,xx__,sc ♪.,0.1305,x___,♩,0.2174,35,0.0284,0.0191,1.4822
4/4,3,x__x,♪. sc,d,desce,1234,9,x___,♩,0.3015,__x_,(lig.) ♪ ♪,0.0914,34,0.0276,0.0298,0.924
4/4,3,x__x,♪. sc,d,desce,1234,10,x__x,♪. sc,0.4052,x___,♩,0.064,32,0.0259,0.0272,0.9538
4/4,2,xxxx,sc sc sc sc,s,sobe,104,1,xxxx,sc sc sc sc,0.3365,xxxx,sc sc sc sc,0.5429,19,0.1827,0.0411,4.4467
4/4,2,xxxx,sc sc sc sc,s,sobe,104,2,x_x_,♪ ♪,0.3558,x___,♩,0.2703,10,0.0962,0.1498,0.642
4/4,2,xxxx,sc sc sc sc,s,sobe,104,3,x_x_,♪ ♪,0.3558,x_x_,♪ ♪,0.2432,9,0.0865,0.1582,0.5469
4/4,2,xxxx,sc sc sc sc,s,sobe,104,4,xxxx,sc sc sc sc,0.3365,x___,♩,0.2286,8,0.0769,0.1243,0.6187
4/4,2,xxxx,sc sc sc sc,s,sobe,104,5,x__x,♪. sc,0.1346,x__x,♪. sc,0.5,7,0.0673,0.0371,1.8157
4/4,2,xxxx,sc sc sc sc,s,sobe,104,6,xxxx,sc sc sc sc,0.3365,x_x_,♪ ♪,0.2,7,0.0673,0.1124,0.5986
4/4,2,xxxx,sc sc sc sc,s,sobe,104,7,x_x_,♪ ♪,0.3558,x__x,♪. sc,0.1622,6,0.0577,0.0083,6.9632
4/4,2,xxxx,sc sc sc sc,s,sobe,104,8,x_x_,♪ ♪,0.3558,xxx_,sc sc ♪,0.1622,6,0.0577,0.005,11.5928
4/4,2,xxxx,sc sc sc sc,s,sobe,104,9,x__x,♪. sc,0.1346,xx__,sc ♪.,0.3571,5,0.0481,0.0093,5.172
4/4,2,xxxx,sc sc sc sc,s,sobe,104,10,x___,♩,0.0865,..x_,pausa ♪ ♪,0.4444,4,0.0385,0.0015,25.0791
4/4,4,x__x,♪. sc,d,desce,937,1,x__x,♪. sc,0.6318,x__x,♪. sc,0.5068,300,0.3202,0.2083,1.5372
4/4,4,x__x,♪. sc,d,desce,937,2,x__x,♪. sc,0.6318,x___,♩,0.2787,165,0.1761,0.2387,0.7377
4/4,4,x__x,♪. sc,d,desce,937,3,x_x_,♪ ♪,0.2412,x___,♩,0.3451,78,0.0832,0.1446,0.5757
4/4,4,x__x,♪. sc,d,desce,937,4,x_x_,♪ ♪,0.2412,x__x,♪. sc,0.2566,58,0.0619,0.0115,5.3637
4/4,4,x__x,♪. sc,d,desce,937,5,x__x,♪. sc,0.6318,xx__,sc ♪.,0.0929,55,0.0587,0.0491,1.1945
4/4,4,x__x,♪. sc,d,desce,937,6,x__x,♪. sc,0.6318,x_x_,♪ ♪,0.0693,41,0.0438,0.0589,0.7433
4/4,4,x__x,♪. sc,d,desce,937,7,x_x_,♪ ♪,0.2412,x_x_,♪ ♪,0.1681,38,0.0406,0.113,0.3588
4/4,4,x__x,♪. sc,d,desce,937,8,x___,♩,0.0555,x__x,♪. sc,0.5192,27,0.0288,0.0023,12.5902
4/4,4,x__x,♪. sc,d,desce,937,9,x_x_,♪ ♪,0.2412,xx__,sc ♪.,0.115,26,0.0277,0.0033,8.3472
4/4,4,x__x,♪. sc,d,desce,937,10,xx__,sc ♪.,0.048,xx__,sc ♪.,0.5556,25,0.0267,0.015,1.7823
4/4,2,xx__,sc ♪.,s,sobe,172,1,x__x,♪. sc,0.6802,x__x,♪. sc,0.3162,37,0.2151,0.2584,0.8324
4/4,2,xx__,sc ♪.,s,sobe,172,2,x__x,♪. sc,0.6802,xx__,sc ♪.,0.2906,34,0.1977,0.0648,3.0503
4/4,2,xx__,sc ♪.,s,sobe,172,3,x__x,♪. sc,0.6802,x___,♩,0.1709,20,0.1163,0.2897,0.4014
4/4,2,xx__,sc ♪.,s,sobe,172,4,xx__,sc ♪.,0.186,xx__,sc ♪.,0.5313,17,0.0988,0.043,2.2987
4/4,2,xx__,sc ♪.,s,sobe,172,5,x__x,♪. sc,0.6802,xxx_,sc sc ♪,0.0855,10,0.0581,0.0202,2.8778
4/4,2,xx__,sc ♪.,s,sobe,172,6,x__x,♪. sc,0.6802,x_x_,♪ ♪,0.0684,8,0.0465,0.0724,0.6423
4/4,2,xx__,sc ♪.,s,sobe,172,7,x__x,♪. sc,0.6802,xxxx,sc sc sc sc,0.0684,8,0.0465,0.0079,5.9092
4/4,2,xx__,sc ♪.,s,sobe,172,8,xx__,sc ♪.,0.186,x__x,♪. sc,0.1563,5,0.0291,0.03,0.9691
4/4,2,xx__,sc ♪.,s,sobe,172,9,xx__,sc ♪.,0.186,x___,♩,0.1563,5,0.0291,0.016,1.817
4/4,2,xx__,sc ♪.,s,sobe,172,10,x___,♩,0.0465,xx__,sc ♪.,0.625,5,0.0291,0,642.8541
4/4,1,x__x,♪. sc,d,desce,1114,1,x__x,♪. sc,0.3618,x__x,♪. sc,0.804,324,0.2908,0.1958,1.4858
4/4,1,x__x,♪. sc,d,desce,1114,2,x___,♩,0.4174,x___,♩,0.2817,131,0.1176,0.1666,0.7057
4/4,1,x__x,♪. sc,d,desce,1114,3,x___,♩,0.4174,____,(lig.) ♩,0.2602,121,0.1086,0.1043,1.0412
4/4,1,x__x,♪. sc,d,desce,1114,4,x___,♩,0.4174,x__x,♪. sc,0.2581,120,0.1077,0.012,9.0044
4/4,1,x__x,♪. sc,d,desce,1114,5,x_x_,♪ ♪,0.1131,x_x_,♪ ♪,0.5873,74,0.0664,0.0809,0.8212
4/4,1,x__x,♪. sc,d,desce,1114,6,xx__,sc ♪.,0.0754,x__x,♪. sc,0.8452,71,0.0637,0.0609,1.0458
4/4,1,x__x,♪. sc,d,desce,1114,7,x___,♩,0.4174,__x_,(lig.) ♪ ♪,0.1204,56,0.0503,0.0648,0.7756
4/4,1,x__x,♪. sc,d,desce,1114,8,x__x,♪. sc,0.3618,x_x_,♪ ♪,0.0918,37,0.0332,0.1109,0.2996
4/4,1,x__x,♪. sc,d,desce,1114,9,x_x_,♪ ♪,0.1131,x___,♩,0.1984,25,0.0224,0.0144,1.5601
4/4,1,x__x,♪. sc,d,desce,1114,10,x___,♩,0.4174,x_x_,♪ ♪,0.0495,23,0.0206,0.055,0.3752
4/4,2,_xx_,(lig.) sc sc ♪,s,sobe,50,1,_xx_,(lig.) sc sc ♪,0.52,_xx_,(lig.) sc sc ♪,0.6923,18,0.36,0.1862,1.9339
4/4,2,_xx_,(lig.) sc sc ♪,s,sobe,50,2,x_x_,♪ ♪,0.26,x_x_,♪ ♪,0.6923,9,0.18,0.158,1.1396
4/4,2,_xx_,(lig.) sc sc ♪,s,sobe,50,3,_xx_,(lig.) sc sc ♪,0.52,x_x_,♪ ♪,0.1923,5,0.1,0.0888,1.1255
4/4,2,_xx_,(lig.) sc sc ♪,s,sobe,50,4,_xxx,(lig.) sc sc sc sc,0.12,x_x_,♪ ♪,0.8333,5,0.1,0.0493,2.028
4/4,2,_xx_,(lig.) sc sc ♪,s,sobe,50,5,x_x_,♪ ♪,0.26,_xx_,(lig.) sc sc ♪,0.2308,3,0.06,0.0008,79.7987
4/4,2,_xx_,(lig.) sc sc ♪,s,sobe,50,6,x_xx,♪ sc sc,0.08,__x_,(lig.) ♪ ♪,0.5,2,0.04,0.0016,25.619
4/4,2,_xx_,(lig.) sc sc ♪,s,sobe,50,7,x_xx,♪ sc sc,0.08,x_x_,♪ ♪,0.5,2,0.04,0.0248,1.6156
4/4,2,_xx_,(lig.) sc sc ♪,s,sobe,50,8,_xx_,(lig.) sc sc ♪,0.52,_xxx,(lig.) sc sc sc sc,0.0769,2,0.04,0.0381,1.0505
4/4,2,_xx_,(lig.) sc sc ♪,s,sobe,50,9,x_x_,♪ ♪,0.26,x__x,♪. sc,0.0769,1,0.02,0.0083,2.4181
4/4,2,_xx_,(lig.) sc sc ♪,s,sobe,50,10,__x_,(lig.) ♪ ♪,0.02,_xx_,(lig.) sc sc ♪,1,1,0.02,0,694.5
4/4,2,_xx_,(lig.) sc sc ♪,d,desce,44,1,x_x_,♪ ♪,0.3636,x_x_,♪ ♪,0.5,8,0.1818,0.158,1.1511
4/4,2,_xx_,(lig.) sc sc ♪,d,desce,44,2,_xx_,(lig.) sc sc ♪,0.3864,_xx_,(lig.) sc sc ♪,0.3529,6,0.1364,0.1862,0.7325
4/4,2,_xx_,(lig.) sc sc ♪,d,desce,44,3,x_x_,♪ ♪,0.3636,_xx_,(lig.) sc sc ♪,0.375,6,0.1364,0.0008,181.3607
4/4,2,_xx_,(lig.) sc sc ♪,d,desce,44,4,_xx_,(lig.) sc sc ♪,0.3864,x_x_,♪ ♪,0.2941,5,0.1136,0.0888,1.279
4/4,2,_xx_,(lig.) sc sc ♪,d,desce,44,5,_xxx,(lig.) sc sc sc sc,0.1591,x_x_,♪ ♪,0.7143,5,0.1136,0.0493,2.3045
4/4,2,_xx_,(lig.) sc sc ♪,d,desce,44,6,_xx_,(lig.) sc sc ♪,0.3864,_xxx,(lig.) sc sc sc sc,0.2353,4,0.0909,0.0381,2.3875
4/4,2,_xx_,(lig.) sc sc ♪,d,desce,44,7,_xx_,(lig.) sc sc ♪,0.3864,__x_,(lig.) ♪ ♪,0.1176,2,0.0455,0.0677,0.6715
4/4,2,_xx_,(lig.) sc sc ♪,d,desce,44,8,x_xx,♪ sc sc,0.0455,__..,(lig.) ♪ pausa ♪,1,2,0.0455,0.0009,50.947
4/4,2,_xx_,(lig.) sc sc ♪,d,desce,44,9,_xxx,(lig.) sc sc sc sc,0.1591,__x_,(lig.) ♪ ♪,0.2857,2,0.0455,0.0493,0.9218
4/4,2,_xx_,(lig.) sc sc ♪,d,desce,44,10,x_x_,♪ ♪,0.3636,__..,(lig.) ♪ pausa ♪,0.0625,1,0.0227,0.0001,211.5875
4/4,3,_xx_,(lig.) sc sc ♪,s,sobe,46,1,_xx_,(lig.) sc sc ♪,0.5435,_xx_,(lig.) sc sc ♪,0.64,16,0.3478,0.1844,1.8861
4/4,3,_xx_,(lig.) sc sc ♪,s,sobe,46,2,_xx_,(lig.) sc sc ♪,0.5435,x_x_,♪ ♪,0.16,4,0.087,0.1573,0.5528
4/4,3,_xx_,(lig.) sc sc ♪,s,sobe,46,3,_xxx,(lig.) sc sc sc sc,0.087,__xx,(lig.) ♪ sc sc,1,4,0.087,0.0346,2.5121
4/4,3,_xx_,(lig.) sc sc ♪,s,sobe,46,4,__x_,(lig.) ♪ ♪,0.1304,_xx_,(lig.) sc sc ♪,0.5,3,0.0652,0.0059,11.0688
4/4,3,_xx_,(lig.) sc sc ♪,s,sobe,46,5,x_x_,♪ ♪,0.1739,x_xx,♪ sc sc,0.25,2,0.0435,0.0029,15.0892
4/4,3,_xx_,(lig.) sc sc ♪,s,sobe,46,6,x_x_,♪ ♪,0.1739,x_x_,♪ ♪,0.25,2,0.0435,0.1603,0.2713
4/4,3,_xx_,(lig.) sc sc ♪,s,sobe,46,7,_xx_,(lig.) sc sc ♪,0.5435,_xxx,(lig.) sc sc sc sc,0.08,2,0.0435,0.0325,1.336
4/4,3,_xx_,(lig.) sc sc ♪,s,sobe,46,8,_xx_,(lig.) sc sc ♪,0.5435,x_xx,♪ sc sc,0.08,2,0.0435,0.0163,2.6719
4/4,3,_xx_,(lig.) sc sc ♪,s,sobe,46,9,x___,♩,0.0652,x___,♩,0.6667,2,0.0435,0.0144,3.0115
4/4,3,_xx_,(lig.) sc sc ♪,s,sobe,46,10,x_x_,♪ ♪,0.1739,x___,♩,0.125,1,0.0217,0.0284,0.7663
4/4,3,x_xx,♪ sc sc,s,sobe,131,1,x_x_,♪ ♪,0.4656,x_x_,♪ ♪,0.7049,43,0.3282,0.3275,1.0022
4/4,3,x_xx,♪ sc sc,s,sobe,131,2,x___,♩,0.3282,____,(lig.) ♩,0.2558,11,0.084,0.0359,2.3417
4/4,3,x_xx,♪ sc sc,s,sobe,131,3,x___,♩,0.3282,__x_,(lig.) ♪ ♪,0.2326,10,0.0763,0.0232,3.297
4/4,3,x_xx,♪ sc sc,s,sobe,131,4,x___,♩,0.3282,x_x_,♪ ♪,0.2093,9,0.0687,0.0687,1.0006
4/4,3,x_xx,♪ sc sc,s,sobe,131,5,x_x_,♪ ♪,0.4656,x_xx,♪ sc sc,0.1475,9,0.0687,0.0059,11.6675
4/4,3,x_xx,♪ sc sc,s,sobe,131,6,x___,♩,0.3282,x___,♩,0.1628,7,0.0534,0.1563,0.3419
4/4,3,x_xx,♪ sc sc,s,sobe,131,7,x_x_,♪ ♪,0.4656,x___,♩,0.0984,6,0.0458,0.058,0.7901
4/4,3,x_xx,♪ sc sc,s,sobe,131,8,x_xx,♪ sc sc,0.084,x___,♩,0.4545,5,0.0382,0.0164,2.326
4/4,3,x_xx,♪ sc sc,s,sobe,131,9,x__x,♪. sc,0.0687,x__x,♪. sc,0.5556,5,0.0382,0.041,0.9306
4/4,3,x_xx,♪ sc sc,s,sobe,131,10,x_x_,♪ ♪,0.4656,x__x,♪. sc,0.0492,3,0.0229,0.0064,3.5836
4/4,4,x_xx,♪ sc sc,s,sobe,66,1,x_x_,♪ ♪,0.4848,x___,♩,0.4375,14,0.2121,0.2457,0.8633
4/4,4,x_xx,♪ sc sc,s,sobe,66,2,xxxx,sc sc sc sc,0.1212,x__x,♪. sc,0.875,7,0.1061,0.0114,9.3083
4/4,4,x_xx,♪ sc sc,s,sobe,66,3,x_x_,♪ ♪,0.4848,x_x_,♪ ♪,0.1875,6,0.0909,0.1921,0.4733
4/4,4,x_xx,♪ sc sc,s,sobe,66,4,x_x_,♪ ♪,0.4848,x_xx,♪ sc sc,0.1563,5,0.0758,0.003,25.653
4/4,4,x_xx,♪ sc sc,s,sobe,66,5,x__x,♪. sc,0.0909,x__x,♪. sc,0.8333,5,0.0758,0.0251,3.0146
4/4,4,x_xx,♪ sc sc,s,sobe,66,6,x___,♩,0.1667,x_x_,♪ ♪,0.3636,4,0.0606,0.0246,2.4656
4/4,4,x_xx,♪ sc sc,s,sobe,66,7,__xx,(lig.) ♪ sc sc,0.0455,__x_,(lig.) ♪ ♪,1,3,0.0455,0.0018,25.7702
4/4,4,x_xx,♪ sc sc,s,sobe,66,8,x_x_,♪ ♪,0.4848,x__x,♪. sc,0.0938,3,0.0455,0.0196,2.3176
4/4,4,x_xx,♪ sc sc,s,sobe,66,9,x___,♩,0.1667,x_xx,♪ sc sc,0.2727,3,0.0455,0.0009,48.189
4/4,4,x_xx,♪ sc sc,s,sobe,66,10,x___,♩,0.1667,x___,♩,0.2727,3,0.0455,0.1737,0.2616
4/4,1,__xx,(lig.) ♪ sc sc,s,sobe,86,1,x___,♩,0.3256,____,(lig.) ♩,0.5357,15,0.1744,0.0761,2.291
4/4,1,__xx,(lig.) ♪ sc sc,s,sobe,86,2,x_x_,♪ ♪,0.2558,x_x_,♪ ♪,0.6818,15,0.1744,0.221,0.7894
4/4,1,__xx,(lig.) ♪ sc sc,s,sobe,86,3,__xx,(lig.) ♪ sc sc,0.1163,__xx,(lig.) ♪ sc sc,1,10,0.1163,0.06,1.938
4/4,1,__xx,(lig.) ♪ sc sc,s,sobe,86,4,x__x,♪. sc,0.1628,x_x_,♪ ♪,0.6429,9,0.1047,0.0547,1.9138
4/4,1,__xx,(lig.) ♪ sc sc,s,sobe,86,5,x_x_,♪ ♪,0.2558,x_xx,♪ sc sc,0.2727,6,0.0698,0.0035,19.9892
4/4,1,__xx,(lig.) ♪ sc sc,s,sobe,86,6,x__x,♪. sc,0.1628,x__x,♪. sc,0.2857,4,0.0465,0.0966,0.4817
4/4,1,__xx,(lig.) ♪ sc sc,s,sobe,86,7,x___,♩,0.3256,x___,♩,0.1429,4,0.0465,0.1216,0.3825
4/4,1,__xx,(lig.) ♪ sc sc,s,sobe,86,8,x___,♩,0.3256,x_x_,♪ ♪,0.1429,4,0.0465,0.0402,1.1582
4/4,1,__xx,(lig.) ♪ sc sc,s,sobe,86,9,x___,♩,0.3256,__x_,(lig.) ♪ ♪,0.1429,4,0.0465,0.0473,0.9834
4/4,1,__xx,(lig.) ♪ sc sc,s,sobe,86,10,__x_,(lig.) ♪ ♪,0.0698,xxx_,sc sc ♪,0.5,3,0.0349,0.0011,30.5685
4/4,2,__x_,(lig.) ♪ ♪,d,desce,85,1,x___,♩,0.4353,x___,♩,0.5676,21,0.2471,0.2261,1.0929
4/4,2,__x_,(lig.) ♪ ♪,d,desce,85,2,x_x_,♪ ♪,0.2824,x___,♩,0.375,9,0.1059,0.1295,0.8179
4/4,2,__x_,(lig.) ♪ ♪,d,desce,85,3,x_x_,♪ ♪,0.2824,x_x_,♪ ♪,0.3333,8,0.0941,0.1368,0.6882
4/4,2,__x_,(lig.) ♪ ♪,d,desce,85,4,x___,♩,0.4353,__x_,(lig.) ♪ ♪,0.1622,6,0.0706,0.0026,26.6763
4/4,2,__x_,(lig.) ♪ ♪,d,desce,85,5,x_x_,♪ ♪,0.2824,__x_,(lig.) ♪ ♪,0.2083,5,0.0588,0.0013,46.0016
4/4,2,__x_,(lig.) ♪ ♪,d,desce,85,6,__x_,(lig.) ♪ ♪,0.1294,__x_,(lig.) ♪ ♪,0.4545,5,0.0588,0.0005,119.2818
4/4,2,__x_,(lig.) ♪ ♪,d,desce,85,7,x___,♩,0.4353,____,(lig.) ♩,0.1081,4,0.0471,0.0074,6.3349
4/4,2,__x_,(lig.) ♪ ♪,d,desce,85,8,_xx_,(lig.) sc sc ♪,0.0941,_xx_,(lig.) sc sc ♪,0.5,4,0.0471,0.0837,0.5623
4/4,2,__x_,(lig.) ♪ ♪,d,desce,85,9,__x_,(lig.) ♪ ♪,0.1294,x_x_,♪ ♪,0.3636,4,0.0471,0.0326,1.4433
4/4,2,__x_,(lig.) ♪ ♪,d,desce,85,10,xxx_,sc sc ♪,0.0353,x_xx,♪ sc sc,1,3,0.0353,0.0007,54.2431
4/4,3,xxx_,sc sc ♪,s,sobe,63,1,x___,♩,0.5397,x_x_,♪ ♪,0.4118,14,0.2222,0.0911,2.4383
4/4,3,xxx_,sc sc ♪,s,sobe,63,2,x_x_,♪ ♪,0.2222,x_x_,♪ ♪,0.5714,8,0.127,0.2245,0.5656
4/4,3,xxx_,sc sc ♪,s,sobe,63,3,x___,♩,0.5397,xxx_,sc sc ♪,0.2059,7,0.1111,0.0007,166.8468
4/4,3,xxx_,sc sc ♪,s,sobe,63,4,x__x,♪. sc,0.127,x_x_,♪ ♪,0.875,7,0.1111,0.0407,2.7311
4/4,3,xxx_,sc sc ♪,s,sobe,63,5,x___,♩,0.5397,x___,♩,0.1765,6,0.0952,0.2074,0.4591
4/4,3,xxx_,sc sc ♪,s,sobe,63,6,x___,♩,0.5397,____,(lig.) ♩,0.1176,4,0.0635,0.0476,1.334
4/4,3,xxx_,sc sc ♪,s,sobe,63,7,x_x_,♪ ♪,0.2222,xxx_,sc sc ♪,0.1429,2,0.0317,0.0011,28.9844
4/4,3,xxx_,sc sc ♪,s,sobe,63,8,x_x_,♪ ♪,0.2222,x_xx,♪ sc sc,0.1429,2,0.0317,0.004,7.864
4/4,3,xxx_,sc sc ♪,s,sobe,63,9,x_x_,♪ ♪,0.2222,x__x,♪. sc,0.1429,2,0.0317,0.0044,7.2461
4/4,3,xxx_,sc sc ♪,s,sobe,63,10,xxx_,sc sc ♪,0.0317,xxx_,sc sc ♪,1,2,0.0317,0.0018,18.0148
4/4,4,x_xx,♪ sc sc,d,desce,70,1,x_x_,♪ ♪,0.4714,x___,♩,0.3939,13,0.1857,0.2457,0.7558
4/4,4,x_xx,♪ sc sc,d,desce,70,2,x___,♩,0.2429,x_x_,♪ ♪,0.4118,7,0.1,0.0246,4.0682
4/4,4,x_xx,♪ sc sc,d,desce,70,3,x_x_,♪ ♪,0.4714,x_xx,♪ sc sc,0.2121,7,0.1,0.003,33.8619
4/4,4,x_xx,♪ sc sc,d,desce,70,4,x_x_,♪ ♪,0.4714,x_x_,♪ ♪,0.1818,6,0.0857,0.1921,0.4462
4/4,4,x_xx,♪ sc sc,d,desce,70,5,x___,♩,0.2429,x___,♩,0.2353,4,0.0571,0.1737,0.3289
4/4,4,x_xx,♪ sc sc,d,desce,70,6,x_x_,♪ ♪,0.4714,x__x,♪. sc,0.1212,4,0.0571,0.0196,2.9135
4/4,4,x_xx,♪ sc sc,d,desce,70,7,xxxx,sc sc sc sc,0.0857,x___,♩,0.5,3,0.0429,0.0233,1.8406
4/4,4,x_xx,♪ sc sc,d,desce,70,8,__x_,(lig.) ♪ ♪,0.0429,_xx_,(lig.) sc sc ♪,0.6667,2,0.0286,0.0003,95.7139
4/4,4,x_xx,♪ sc sc,d,desce,70,9,x__x,♪. sc,0.0714,x__x,♪. sc,0.4,2,0.0286,0.0251,1.1369
4/4,4,x_xx,♪ sc sc,d,desce,70,10,x___,♩,0.2429,x__x,♪. sc,0.1176,2,0.0286,0.0063,4.4999
4/4,3,x_x_,♪ ♪,r,repete,1101,1,x___,♩,0.6585,x_x_,♪ ♪,0.5503,399,0.3624,0.0996,3.6375
4/4,3,x_x_,♪ ♪,r,repete,1101,2,x_x_,♪ ♪,0.277,x_x_,♪ ♪,0.7869,240,0.218,0.3799,0.5738
4/4,3,x_x_,♪ ♪,r,repete,1101,3,x___,♩,0.6585,x___,♩,0.3007,218,0.198,0.2268,0.8731
4/4,3,x_x_,♪ ♪,r,repete,1101,4,x_x_,♪ ♪,0.277,x___,♩,0.1279,39,0.0354,0.0672,0.5268
4/4,3,x_x_,♪ ♪,r,repete,1101,5,x___,♩,0.6585,..x_,pausa ♪ ♪,0.0441,32,0.0291,0.01,2.9129
4/4,3,x_x_,♪ ♪,r,repete,1101,6,x___,♩,0.6585,__x_,(lig.) ♪ ♪,0.0428,31,0.0282,0.0336,0.8381
4/4,3,x_x_,♪ ♪,r,repete,1101,7,x___,♩,0.6585,____,(lig.) ♩,0.0331,24,0.0218,0.052,0.419
4/4,3,x_x_,♪ ♪,r,repete,1101,8,x__x,♪. sc,0.0254,x_x_,♪ ♪,0.7857,22,0.02,0.007,2.8364
4/4,3,x_x_,♪ ♪,r,repete,1101,9,__x_,(lig.) ♪ ♪,0.0136,x_x_,♪ ♪,0.7333,11,0.01,0.0026,3.9149
4/4,3,x_x_,♪ ♪,r,repete,1101,10,x___,♩,0.6585,....,pausa ♩,0.0124,9,0.0082,0.0103,0.7921
4/4,1,xx__,sc ♪.,s,sobe,91,1,xx__,sc ♪.,0.4835,x__x,♪. sc,0.7273,32,0.3516,0.2959,1.1884
4/4,1,xx__,sc ♪.,s,sobe,91,2,x__x,♪. sc,0.2527,x__x,♪. sc,0.5217,12,0.1319,0.1481,0.8906
4/4,1,xx__,sc ♪.,s,sobe,91,3,xx__,sc ♪.,0.4835,xx__,sc ♪.,0.1818,8,0.0879,0.0468,1.8771
4/4,1,xx__,sc ♪.,s,sobe,91,4,x_x_,♪ ♪,0.1429,x__x,♪. sc,0.5385,7,0.0769,0.0021,36.2261
4/4,1,xx__,sc ♪.,s,sobe,91,5,x__x,♪. sc,0.2527,x_x_,♪ ♪,0.2609,6,0.0659,0.0839,0.7863
4/4,1,xx__,sc ♪.,s,sobe,91,6,xx__,sc ♪.,0.4835,x_x_,♪ ♪,0.0909,4,0.044,0.0468,0.9386
4/4,1,xx__,sc ♪.,s,sobe,91,7,x_x_,♪ ♪,0.1429,x_x_,♪ ♪,0.3077,4,0.044,0.099,0.4441
4/4,1,xx__,sc ♪.,s,sobe,91,8,x__x,♪. sc,0.2527,xx__,sc ♪.,0.087,2,0.022,0.0033,6.715
4/4,1,xx__,sc ♪.,s,sobe,91,9,xxx_,sc sc ♪,0.0659,x__x,♪. sc,0.3333,2,0.022,0.0125,1.7536
4/4,1,xx__,sc ♪.,s,sobe,91,10,xxx_,sc sc ♪,0.0659,x_x_,♪ ♪,0.3333,2,0.022,0.0296,0.7424
4/4,2,xx__,sc ♪.,d,desce,282,1,x__x,♪. sc,0.7021,x__x,♪. sc,0.298,59,0.2092,0.2584,0.8096
4/4,2,xx__,sc ♪.,d,desce,282,2,x__x,♪. sc,0.7021,xx__,sc ♪.,0.2727,54,0.1915,0.0648,2.9548
4/4,2,xx__,sc ♪.,d,desce,282,3,x__x,♪. sc,0.7021,x___,♩,0.2576,51,0.1809,0.2897,0.6244
4/4,2,xx__,sc ♪.,d,desce,282,4,x__x,♪. sc,0.7021,x_x_,♪ ♪,0.1162,23,0.0816,0.0724,1.1263
4/4,2,xx__,sc ♪.,d,desce,282,5,x_x_,♪ ♪,0.1667,xx__,sc ♪.,0.3404,16,0.0567,0.0008,71.962
4/4,2,xx__,sc ♪.,d,desce,282,6,x_x_,♪ ♪,0.1667,x_x_,♪ ♪,0.2979,14,0.0496,0.0546,0.9099
4/4,2,xx__,sc ♪.,d,desce,282,7,x_x_,♪ ♪,0.1667,x___,♩,0.2766,13,0.0461,0.0516,0.8926
4/4,2,xx__,sc ♪.,d,desce,282,8,xx__,sc ♪.,0.0922,xx__,sc ♪.,0.4231,11,0.039,0.043,0.9072
4/4,2,xx__,sc ♪.,d,desce,282,9,x__x,♪. sc,0.7021,xxx_,sc sc ♪,0.0505,10,0.0355,0.0202,1.7553
4/4,2,xx__,sc ♪.,d,desce,282,10,xx__,sc ♪.,0.0922,x__x,♪. sc,0.2308,6,0.0213,0.03,0.7093
4/4,2,xx__,sc ♪.,r,repete,125,1,x__x,♪. sc,0.816,x__x,♪. sc,0.5,51,0.408,0.2584,1.5787
4/4,2,xx__,sc ♪.,r,repete,125,2,x__x,♪. sc,0.816,x___,♩,0.2941,30,0.24,0.2897,0.8286
4/4,2,xx__,sc ♪.,r,repete,125,3,x__x,♪. sc,0.816,xx__,sc ♪.,0.1176,12,0.096,0.0648,1.4814
4/4,2,xx__,sc ♪.,r,repete,125,4,xx__,sc ♪.,0.064,x__x,♪. sc,0.75,6,0.048,0.03,1.6001
4/4,2,xx__,sc ♪.,r,repete,125,5,x__x,♪. sc,0.816,x_x_,♪ ♪,0.0392,4,0.032,0.0724,0.4419
4/4,2,xx__,sc ♪.,r,repete,125,6,x__x,♪. sc,0.816,xxx_,sc sc ♪,0.0294,3,0.024,0.0202,1.188
4/4,2,xx__,sc ♪.,r,repete,125,7,x___,♩,0.048,x__x,♪. sc,0.5,3,0.024,0.0004,57.3773
4/4,2,xx__,sc ♪.,r,repete,125,8,x__x,♪. sc,0.816,x_xx,♪ sc sc,0.0196,2,0.016,0.006,2.6514
4/4,2,xx__,sc ♪.,r,repete,125,9,x_x_,♪ ♪,0.056,x_x_,♪ ♪,0.2857,2,0.016,0.0546,0.2933
4/4,2,xx__,sc ♪.,r,repete,125,10,x_x_,♪ ♪,0.056,x___,♩,0.2857,2,0.016,0.0516,0.3098
4/4,2,x_xx,♪ sc sc,s,sobe,129,1,x_x_,♪ ♪,0.4341,x_x_,♪ ♪,0.3571,20,0.155,0.1996,0.7768
4/4,2,x_xx,♪ sc sc,s,sobe,129,2,x_x_,♪ ♪,0.4341,x___,♩,0.3393,19,0.1473,0.1889,0.7796
4/4,2,x_xx,♪ sc sc,s,sobe,129,3,x_xx,♪ sc sc,0.186,x___,♩,0.3333,8,0.062,0.0675,0.9185
4/4,2,x_xx,♪ sc sc,s,sobe,129,4,x_xx,♪ sc sc,0.186,x_xx,♪ sc sc,0.3333,8,0.062,0.0169,3.674
4/4,2,x_xx,♪ sc sc,s,sobe,129,5,x___,♩,0.1705,x___,♩,0.3636,8,0.062,0.103,0.6023
4/4,2,x_xx,♪ sc sc,s,sobe,129,6,x_x_,♪ ♪,0.4341,xxx_,sc sc ♪,0.125,7,0.0543,0.0063,8.6443
4/4,2,x_xx,♪ sc sc,s,sobe,129,7,xxxx,sc sc sc sc,0.1008,x_x_,♪ ♪,0.4615,6,0.0465,0.036,1.2927
4/4,2,x_xx,♪ sc sc,s,sobe,129,8,x_x_,♪ ♪,0.4341,x__x,♪. sc,0.1071,6,0.0465,0.0105,4.4504
4/4,2,x_xx,♪ sc sc,s,sobe,129,9,xxxx,sc sc sc sc,0.1008,x___,♩,0.4615,6,0.0465,0.0398,1.169
4/4,2,x_xx,♪ sc sc,s,sobe,129,10,x___,♩,0.1705,__x_,(lig.) ♪ ♪,0.2273,5,0.0388,0.0012,32.1609
4/4,2,x__x,♪. sc,d,desce,1099,1,x__x,♪. sc,0.5778,x__x,♪. sc,0.526,334,0.3039,0.1958,1.5519
4/4,2,x__x,♪. sc,d,desce,1099,2,x__x,♪. sc,0.5778,x___,♩,0.2803,178,0.162,0.2195,0.7379
4/4,2,x__x,♪. sc,d,desce,1099,3,x_x_,♪ ♪,0.2666,x___,♩,0.5085,149,0.1356,0.14,0.9682
4/4,2,x__x,♪. sc,d,desce,1099,4,x_x_,♪ ♪,0.2666,x_x_,♪ ♪,0.256,75,0.0682,0.1479,0.4613
4/4,2,x__x,♪. sc,d,desce,1099,5,x__x,♪. sc,0.5778,x_x_,♪ ♪,0.085,54,0.0491,0.0549,0.8954
4/4,2,x__x,♪. sc,d,desce,1099,6,x_x_,♪ ♪,0.2666,x__x,♪. sc,0.1092,32,0.0291,0.0077,3.7589
4/4,2,x__x,♪. sc,d,desce,1099,7,x___,♩,0.0746,....,pausa ♩,0.3902,32,0.0291,0.0042,6.8648
4/4,2,x__x,♪. sc,d,desce,1099,8,x__x,♪. sc,0.5778,xx__,sc ♪.,0.0488,31,0.0282,0.0491,0.5744
4/4,2,x__x,♪. sc,d,desce,1099,9,x__x,♪. sc,0.5778,xxx_,sc sc ♪,0.0441,28,0.0255,0.0153,1.6642
4/4,2,x__x,♪. sc,d,desce,1099,10,xxxx,sc sc sc sc,0.0346,x_x_,♪ ♪,0.4211,16,0.0146,0.0124,1.1736
4/4,4,__x_,(lig.) ♪ ♪,d,desce,114,1,x_x_,♪ ♪,0.614,x___,♩,0.4,28,0.2456,0.2933,0.8374
4/4,4,__x_,(lig.) ♪ ♪,d,desce,114,2,x_x_,♪ ♪,0.614,x_x_,♪ ♪,0.3571,25,0.2193,0.2293,0.9565
4/4,4,__x_,(lig.) ♪ ♪,d,desce,114,3,x_x_,♪ ♪,0.614,x__x,♪. sc,0.1429,10,0.0877,0.0234,3.747
4/4,4,__x_,(lig.) ♪ ♪,d,desce,114,4,x___,♩,0.1667,x___,♩,0.4737,9,0.0789,0.1266,0.6235
4/4,4,__x_,(lig.) ♪ ♪,d,desce,114,5,__x_,(lig.) ♪ ♪,0.114,_xx_,(lig.) sc sc ♪,0.3846,5,0.0439,0.0013,32.5816
4/4,4,__x_,(lig.) ♪ ♪,d,desce,114,6,x___,♩,0.1667,____,(lig.) ♩,0.2632,5,0.0439,0.0012,36.5346
4/4,4,__x_,(lig.) ♪ ♪,d,desce,114,7,x_x_,♪ ♪,0.614,__x_,(lig.) ♪ ♪,0.0714,5,0.0439,0.0017,25.4377
4/4,4,__x_,(lig.) ♪ ♪,d,desce,114,8,x___,♩,0.1667,x_x_,♪ ♪,0.1579,3,0.0263,0.0179,1.4689
4/4,4,__x_,(lig.) ♪ ♪,d,desce,114,9,__x_,(lig.) ♪ ♪,0.114,x___,♩,0.2308,3,0.0263,0.0664,0.3965
4/4,4,__x_,(lig.) ♪ ♪,d,desce,114,10,__x_,(lig.) ♪ ♪,0.114,x_x_,♪ ♪,0.2308,3,0.0263,0.0334,0.7883
4/4,4,x_x_,♪ ♪,r,repete,628,1,x_x_,♪ ♪,0.6481,x___,♩,0.6413,261,0.4156,0.4083,1.018
4/4,4,x_x_,♪ ♪,r,repete,628,2,x_x_,♪ ♪,0.6481,x_x_,♪ ♪,0.258,105,0.1672,0.3191,0.5239
4/4,4,x_x_,♪ ♪,r,repete,628,3,x___,♩,0.1704,x___,♩,0.6822,73,0.1162,0.1161,1.001
4/4,4,x_x_,♪ ♪,r,repete,628,4,x___,♩,0.1704,x_x_,♪ ♪,0.2243,24,0.0382,0.0164,2.3261
4/4,4,x_x_,♪ ♪,r,repete,628,5,x__x,♪. sc,0.0446,x___,♩,0.5714,16,0.0255,0.0064,4.002
4/4,4,x_x_,♪ ♪,r,repete,628,6,x_x_,♪ ♪,0.6481,x__x,♪. sc,0.0344,14,0.0223,0.0326,0.6841
4/4,4,x_x_,♪ ♪,r,repete,628,7,x__x,♪. sc,0.0446,x_x_,♪ ♪,0.3214,9,0.0143,0.0016,9.1284
4/4,4,x_x_,♪ ♪,r,repete,628,8,x_x_,♪ ♪,0.6481,__x_,(lig.) ♪ ♪,0.0221,9,0.0143,0.0024,5.9714
4/4,4,x_x_,♪ ♪,r,repete,628,9,xxx_,sc sc ♪,0.0223,x_x_,♪ ♪,0.6429,9,0.0143,0.0014,10.563
4/4,4,x_x_,♪ ♪,r,repete,628,10,____,(lig.) ♩,0.0127,x___,♩,0.875,7,0.0111,0.0031,3.5892
4/4,1,x_xx,♪ sc sc,d,desce,80,1,x_x_,♪ ♪,0.3875,x_x_,♪ ♪,0.6452,20,0.25,0.3022,0.8273
4/4,1,x_xx,♪ sc sc,d,desce,80,2,x___,♩,0.1875,x___,♩,0.4667,7,0.0875,0.1077,0.8122
4/4,1,x_xx,♪ sc sc,d,desce,80,3,x__x,♪. sc,0.175,x__x,♪. sc,0.4286,6,0.075,0.107,0.7011
4/4,1,x_xx,♪ sc sc,d,desce,80,4,__x_,(lig.) ♪ ♪,0.0875,_xx_,(lig.) sc sc ♪,0.8571,6,0.075,0.0066,11.4129
4/4,1,x_xx,♪ sc sc,d,desce,80,5,x__x,♪. sc,0.175,x_x_,♪ ♪,0.3571,5,0.0625,0.0606,1.0317
4/4,1,x_xx,♪ sc sc,d,desce,80,6,x_x_,♪ ♪,0.3875,x_xx,♪ sc sc,0.129,4,0.05,0.0048,10.4745
4/4,1,x_xx,♪ sc sc,d,desce,80,7,x_x_,♪ ♪,0.3875,xxxx,sc sc sc sc,0.129,4,0.05,0.0027,18.4844
4/4,1,x_xx,♪ sc sc,d,desce,80,8,xxxx,sc sc sc sc,0.075,x_x_,♪ ♪,0.5,3,0.0375,0.0132,2.8454
4/4,1,x_xx,♪ sc sc,d,desce,80,9,x___,♩,0.1875,x_x_,♪ ♪,0.2,3,0.0375,0.0356,1.0541
4/4,1,x_xx,♪ sc sc,d,desce,80,10,x___,♩,0.1875,____,(lig.) ♩,0.1333,2,0.025,0.0674,0.3707
4/4,1,x_xx,♪ sc sc,s,sobe,199,1,x_x_,♪ ♪,0.3618,x_x_,♪ ♪,0.7917,57,0.2864,0.3022,0.9478
4/4,1,x_xx,♪ sc sc,s,sobe,199,2,x__x,♪. sc,0.2261,x_x_,♪ ♪,0.4667,21,0.1055,0.0606,1.7419
4/4,1,x_xx,♪ sc sc,s,sobe,199,3,x___,♩,0.2915,__x_,(lig.) ♪ ♪,0.3448,20,0.1005,0.0419,2.3984
4/4,1,x_xx,♪ sc sc,s,sobe,199,4,x__x,♪. sc,0.2261,x__x,♪. sc,0.3333,15,0.0754,0.107,0.7046
4/4,1,x_xx,♪ sc sc,s,sobe,199,5,x___,♩,0.2915,x_x_,♪ ♪,0.2414,14,0.0704,0.0356,1.9775
4/4,1,x_xx,♪ sc sc,s,sobe,199,6,x___,♩,0.2915,x___,♩,0.2241,13,0.0653,0.1077,0.6064
4/4,1,x_xx,♪ sc sc,s,sobe,199,7,xx__,sc ♪.,0.0452,x__x,♪. sc,0.8889,8,0.0402,0.0287,1.4001
4/4,1,x_xx,♪ sc sc,s,sobe,199,8,x_x_,♪ ♪,0.3618,x_xx,♪ sc sc,0.1111,8,0.0402,0.0048,8.4217
4/4,1,x_xx,♪ sc sc,s,sobe,199,9,x___,♩,0.2915,x__x,♪. sc,0.0862,5,0.0251,0.0077,3.2485
4/4,1,x_xx,♪ sc sc,s,sobe,199,10,x_x_,♪ ♪,0.3618,x__x,♪. sc,0.0694,5,0.0251,0.0065,3.875
4/4,3,x__x,♪. sc,r,repete,322,1,x___,♩,0.7547,x__x,♪. sc,0.3951,96,0.2981,0.0122,24.5101
4/4,3,x__x,♪. sc,r,repete,322,2,x___,♩,0.7547,x___,♩,0.2757,67,0.2081,0.2013,1.0337
4/4,3,x__x,♪. sc,r,repete,322,3,x___,♩,0.7547,x_x_,♪ ♪,0.144,35,0.1087,0.0884,1.2291
4/4,3,x__x,♪. sc,r,repete,322,4,x_x_,♪ ♪,0.1118,x_x_,♪ ♪,0.9167,33,0.1025,0.0798,1.2842
4/4,3,x__x,♪. sc,r,repete,322,5,x__x,♪. sc,0.118,x__x,♪. sc,0.8158,31,0.0963,0.2084,0.462
4/4,3,x__x,♪. sc,r,repete,322,6,x___,♩,0.7547,....,pausa ♩,0.0494,12,0.0373,0.0092,4.0681
4/4,3,x__x,♪. sc,r,repete,322,7,x___,♩,0.7547,..x_,pausa ♪ ♪,0.0412,10,0.0311,0.0089,3.5065
4/4,3,x__x,♪. sc,r,repete,322,8,x___,♩,0.7547,__x_,(lig.) ♪ ♪,0.037,9,0.028,0.0298,0.9373
4/4,3,x__x,♪. sc,r,repete,322,9,x___,♩,0.7547,xxxx,sc sc sc sc,0.0247,6,0.0186,0.0007,28.0115
4/4,3,x__x,♪. sc,r,repete,322,10,x__x,♪. sc,0.118,x_x_,♪ ♪,0.1579,6,0.0186,0.1009,0.1847
4/4,3,____,(lig.) ♩,s,sobe,2213,1,x___,♩,0.5097,x___,♩,0.4459,503,0.2273,0.2399,0.9474
4/4,3,____,(lig.) ♩,s,sobe,2213,2,x___,♩,0.5097,____,(lig.) ♩,0.398,449,0.2029,0.055,3.6859
4/4,3,____,(lig.) ♩,s,sobe,2213,3,....,pausa ♩,0.2463,x___,♩,0.5211,284,0.1283,0.1238,1.037
4/4,3,____,(lig.) ♩,s,sobe,2213,4,....,pausa ♩,0.2463,x_x_,♪ ♪,0.3394,185,0.0836,0.0941,0.888
4/4,3,____,(lig.) ♩,s,sobe,2213,5,____,(lig.) ♩,0.1441,x___,♩,0.4953,158,0.0714,0.0835,0.8555
4/4,3,____,(lig.) ♩,s,sobe,2213,6,..x_,pausa ♪ ♪,0.0429,x_x_,♪ ♪,0.9263,88,0.0398,0.036,1.1039
4/4,3,____,(lig.) ♩,s,sobe,2213,7,x___,♩,0.5097,x_x_,♪ ♪,0.07,79,0.0357,0.1054,0.3387
4/4,3,____,(lig.) ♩,s,sobe,2213,8,____,(lig.) ♩,0.1441,____,(lig.) ♩,0.2006,64,0.0289,0.0389,0.744
4/4,3,____,(lig.) ♩,s,sobe,2213,9,x_x_,♪ ♪,0.0411,x_x_,♪ ♪,0.6374,58,0.0262,0.0235,1.1171
4/4,3,____,(lig.) ♩,s,sobe,2213,10,____,(lig.) ♩,0.1441,x_x_,♪ ♪,0.1661,53,0.0239,0.0333,0.7188
4/4,4,____,(lig.) ♩,s,sobe,380,1,x___,♩,0.4737,x___,♩,0.9111,164,0.4316,0.3758,1.1485
4/4,4,____,(lig.) ♩,s,sobe,380,2,x_x_,♪ ♪,0.2316,x___,♩,0.7159,63,0.1658,0.0934,1.7759
4/4,4,____,(lig.) ♩,s,sobe,380,3,____,(lig.) ♩,0.1395,x___,♩,0.6981,37,0.0974,0.1748,0.5569
4/4,4,____,(lig.) ♩,s,sobe,380,4,....,pausa ♩,0.0605,x___,♩,0.8261,19,0.05,0.0551,0.9069
4/4,4,____,(lig.) ♩,s,sobe,380,5,x_x_,♪ ♪,0.2316,x_x_,♪ ♪,0.2045,18,0.0474,0.073,0.6491
4/4,4,____,(lig.) ♩,s,sobe,380,6,x__x,♪. sc,0.0421,x___,♩,0.625,10,0.0263,0.0117,2.2486
4/4,4,____,(lig.) ♩,s,sobe,380,7,x___,♩,0.4737,x_x_,♪ ♪,0.0444,8,0.0211,0.0532,0.396
4/4,4,____,(lig.) ♩,s,sobe,380,8,..x_,pausa ♪ ♪,0.0263,x___,♩,0.7,7,0.0184,0.0146,1.2631
4/4,4,____,(lig.) ♩,s,sobe,380,9,x__x,♪. sc,0.0421,x__x,♪. sc,0.3125,5,0.0132,0.0102,1.2885
4/4,4,____,(lig.) ♩,s,sobe,380,10,____,(lig.) ♩,0.1395,____,(lig.) ♩,0.0943,5,0.0132,0.003,4.3937
4/4,2,x_x_,♪ ♪,r,repete,677,1,x_x_,♪ ♪,0.6736,x___,♩,0.5899,269,0.3973,0.3615,1.0991
4/4,2,x_x_,♪ ♪,r,repete,677,2,x_x_,♪ ♪,0.6736,x_x_,♪ ♪,0.3465,158,0.2334,0.3819,0.6111
4/4,2,x_x_,♪ ♪,r,repete,677,3,x___,♩,0.195,x___,♩,0.6061,80,0.1182,0.1081,1.093
4/4,2,x_x_,♪ ♪,r,repete,677,4,x___,♩,0.195,x_x_,♪ ♪,0.2879,38,0.0561,0.0152,3.699
4/4,2,x_x_,♪ ♪,r,repete,677,5,__x_,(lig.) ♪ ♪,0.034,x___,♩,0.5652,13,0.0192,0.0058,3.2875
4/4,2,x_x_,♪ ♪,r,repete,677,6,x__x,♪. sc,0.0384,x___,♩,0.3462,9,0.0133,0.0069,1.9307
4/4,2,x_x_,♪ ♪,r,repete,677,7,x_x_,♪ ♪,0.6736,xxxx,sc sc sc sc,0.0154,7,0.0103,0.0045,2.3079
4/4,2,x_x_,♪ ♪,r,repete,677,8,x__x,♪. sc,0.0384,x__x,♪. sc,0.2692,7,0.0103,0.0061,1.6831
4/4,2,x_x_,♪ ♪,r,repete,677,9,__x_,(lig.) ♪ ♪,0.034,x_x_,♪ ♪,0.3043,7,0.0103,0.0024,4.3971
4/4,2,x_x_,♪ ♪,r,repete,677,10,x_x_,♪ ♪,0.6736,__x_,(lig.) ♪ ♪,0.0132,6,0.0089,0.0036,2.4817
4/4,1,x_x_,♪ ♪,r,repete,1088,1,x___,♩,0.7417,x___,♩,0.3804,307,0.2822,0.2085,1.3533
4/4,1,x_x_,♪ ♪,r,repete,1088,2,x___,♩,0.7417,__x_,(lig.) ♪ ♪,0.2986,241,0.2215,0.0811,2.7314
4/4,1,x_x_,♪ ♪,r,repete,1088,3,x_x_,♪ ♪,0.1985,x_x_,♪ ♪,0.7037,152,0.1397,0.3208,0.4354
4/4,1,x_x_,♪ ♪,r,repete,1088,4,x___,♩,0.7417,x_x_,♪ ♪,0.1772,143,0.1314,0.0689,1.9089
4/4,1,x_x_,♪ ♪,r,repete,1088,5,x___,♩,0.7417,____,(lig.) ♩,0.1078,87,0.08,0.1305,0.6126
4/4,1,x_x_,♪ ♪,r,repete,1088,6,x_x_,♪ ♪,0.1985,x___,♩,0.2222,48,0.0441,0.0571,0.7732
4/4,1,x_x_,♪ ♪,r,repete,1088,7,x__x,♪. sc,0.0368,x_x_,♪ ♪,0.425,17,0.0156,0.0127,1.2314
4/4,1,x_x_,♪ ♪,r,repete,1088,8,x__x,♪. sc,0.0368,x__x,♪. sc,0.4,16,0.0147,0.0224,0.6563
4/4,1,x_x_,♪ ♪,r,repete,1088,9,x___,♩,0.7417,x__x,♪. sc,0.0149,12,0.011,0.015,0.7368
4/4,1,x_x_,♪ ♪,r,repete,1088,10,x___,♩,0.7417,....,pausa ♩,0.0136,11,0.0101,0.0054,1.8686
4/4,1,__xx,(lig.) ♪ sc sc,d,desce,38,1,x_x_,♪ ♪,0.3158,x_x_,♪ ♪,0.9167,11,0.2895,0.221,1.3101
4/4,1,__xx,(lig.) ♪ sc sc,d,desce,38,2,x__x,♪. sc,0.2105,x__x,♪. sc,0.625,5,0.1316,0.0966,1.3627
4/4,1,__xx,(lig.) ♪ sc sc,d,desce,38,3,x___,♩,0.2368,x___,♩,0.3333,3,0.0789,0.1216,0.6492
4/4,1,__xx,(lig.) ♪ sc sc,d,desce,38,4,x__x,♪. sc,0.2105,x_x_,♪ ♪,0.25,2,0.0526,0.0547,0.9625
4/4,1,__xx,(lig.) ♪ sc sc,d,desce,38,5,x___,♩,0.2368,__x_,(lig.) ♪ ♪,0.2222,2,0.0526,0.0473,1.1128
4/4,1,__xx,(lig.) ♪ sc sc,d,desce,38,6,x___,♩,0.2368,__xx,(lig.) ♪ sc sc,0.2222,2,0.0526,0.0008,66.2255
4/4,1,__xx,(lig.) ♪ sc sc,d,desce,38,7,__xx,(lig.) ♪ sc sc,0.0789,__xx,(lig.) ♪ sc sc,0.6667,2,0.0526,0.06,0.8772
4/4,1,__xx,(lig.) ♪ sc sc,d,desce,38,8,x___,♩,0.2368,x__x,♪. sc,0.1111,1,0.0263,0.0087,3.0143
4/4,1,__xx,(lig.) ♪ sc sc,d,desce,38,9,xxxx,sc sc sc sc,0.0263,x_x_,♪ ♪,1,1,0.0263,0.0076,3.4496
4/4,1,__xx,(lig.) ♪ sc sc,d,desce,38,10,x___,♩,0.2368,....,pausa ♩,0.1111,1,0.0263,0.0032,8.3395
4/4,3,xx__,sc ♪.,d,desce,33,1,xx__,sc ♪.,0.303,x__x,♪. sc,0.5,5,0.1515,0.17,0.8914
4/4,3,xx__,sc ♪.,d,desce,33,2,x___,♩,0.3636,x__x,♪. sc,0.4167,5,0.1515,0.0042,35.6942
4/4,3,xx__,sc ♪.,d,desce,33,3,x_x_,♪ ♪,0.1818,x_x_,♪ ♪,0.6667,4,0.1212,0.1184,1.0241
4/4,3,xx__,sc ♪.,d,desce,33,4,x___,♩,0.3636,x___,♩,0.25,3,0.0909,0.0702,1.2942
4/4,3,xx__,sc ♪.,d,desce,33,5,x___,♩,0.3636,x_x_,♪ ♪,0.25,3,0.0909,0.0309,2.9457
4/4,3,xx__,sc ♪.,d,desce,33,6,x__x,♪. sc,0.1515,x__x,♪. sc,0.6,3,0.0909,0.1528,0.5949
4/4,3,xx__,sc ♪.,d,desce,33,7,xx__,sc ♪.,0.303,xx__,sc ♪.,0.2,2,0.0606,0.0392,1.548
4/4,3,xx__,sc ♪.,d,desce,33,8,xx__,sc ♪.,0.303,x___,♩,0.2,2,0.0606,0.0802,0.7556
4/4,3,xx__,sc ♪.,d,desce,33,9,x_x_,♪ ♪,0.1818,x___,♩,0.1667,1,0.0303,0.0209,1.4465
4/4,3,xx__,sc ♪.,d,desce,33,10,x___,♩,0.3636,__x_,(lig.) ♪ ♪,0.0833,1,0.0303,0.0104,2.912
4/4,4,xx__,sc ♪.,s,sobe,125,1,x___,♩,0.28,x__x,♪. sc,0.6571,23,0.184,0.0064,28.643
4/4,4,xx__,sc ♪.,s,sobe,125,2,x__x,♪. sc,0.44,xx__,sc ♪.,0.3636,20,0.16,0.0381,4.1958
4/4,4,xx__,sc ♪.,s,sobe,125,3,x__x,♪. sc,0.44,x__x,♪. sc,0.2909,16,0.128,0.1616,0.7919
4/4,4,xx__,sc ♪.,s,sobe,125,4,x__x,♪. sc,0.44,x_x_,♪ ♪,0.1636,9,0.072,0.0457,1.5761
4/4,4,xx__,sc ♪.,s,sobe,125,5,xx__,sc ♪.,0.12,xx__,sc ♪.,0.4667,7,0.056,0.0426,1.3132
4/4,4,xx__,sc ♪.,s,sobe,125,6,x___,♩,0.28,x___,♩,0.1714,6,0.048,0.1758,0.2731
4/4,4,xx__,sc ♪.,s,sobe,125,7,xx__,sc ♪.,0.12,x__x,♪. sc,0.3333,5,0.04,0.0282,1.4203
4/4,4,xx__,sc ♪.,s,sobe,125,8,x__x,♪. sc,0.44,xxxx,sc sc sc sc,0.0909,5,0.04,0.0079,5.0401
4/4,4,xx__,sc ♪.,s,sobe,125,9,x_x_,♪ ♪,0.088,x__x,♪. sc,0.4545,5,0.04,0.0071,5.6594
4/4,4,xx__,sc ♪.,s,sobe,125,10,x__x,♪. sc,0.44,x___,♩,0.0727,4,0.032,0.1852,0.1727
4/4,3,xx__,sc ♪.,s,sobe,63,1,xx__,sc ♪.,0.4762,xx__,sc ♪.,0.5333,16,0.254,0.0392,6.4868
4/4,3,xx__,sc ♪.,s,sobe,63,2,xx__,sc ♪.,0.4762,x__x,♪. sc,0.3,9,0.1429,0.17,0.8405
4/4,3,xx__,sc ♪.,s,sobe,63,3,x__x,♪. sc,0.2381,xx__,sc ♪.,0.3333,5,0.0794,0.0096,8.2769
4/4,3,xx__,sc ♪.,s,sobe,63,4,x_x_,♪ ♪,0.1429,x_x_,♪ ♪,0.5556,5,0.0794,0.1184,0.6706
4/4,3,xx__,sc ♪.,s,sobe,63,5,x_xx,♪ sc sc,0.0794,xxxx,sc sc sc sc,1,5,0.0794,0.0039,20.2925
4/4,3,xx__,sc ♪.,s,sobe,63,6,x__x,♪. sc,0.2381,x_x_,♪ ♪,0.2667,4,0.0635,0.074,0.8583
4/4,3,xx__,sc ♪.,s,sobe,63,7,x__x,♪. sc,0.2381,x__x,♪. sc,0.2667,4,0.0635,0.1528,0.4155
4/4,3,xx__,sc ♪.,s,sobe,63,8,xx__,sc ♪.,0.4762,x___,♩,0.1,3,0.0476,0.0802,0.5937
4/4,3,xx__,sc ♪.,s,sobe,63,9,xxx_,sc sc ♪,0.0476,x___,♩,0.6667,2,0.0317,0.0104,3.043
4/4,3,xx__,sc ♪.,s,sobe,63,10,x_x_,♪ ♪,0.1429,x___,♩,0.2222,2,0.0317,0.0209,1.5153
4/4,4,xx__,sc ♪.,d,desce,240,1,x__x,♪. sc,0.4708,x__x,♪. sc,0.3805,43,0.1792,0.1616,1.1085
4/4,4,xx__,sc ♪.,d,desce,240,2,x__x,♪. sc,0.4708,xx__,sc ♪.,0.3274,37,0.1542,0.0381,4.0428
4/4,4,xx__,sc ♪.,d,desce,240,3,x_x_,♪ ♪,0.2083,xx__,sc ♪.,0.42,21,0.0875,0.002,42.9779
4/4,4,xx__,sc ♪.,d,desce,240,4,x__x,♪. sc,0.4708,x___,♩,0.1239,14,0.0583,0.1852,0.3149
4/4,4,xx__,sc ♪.,d,desce,240,5,x___,♩,0.1583,xx__,sc ♪.,0.3158,12,0.05,0.0009,53.1868
4/4,4,xx__,sc ♪.,d,desce,240,6,x___,♩,0.1583,x__x,♪. sc,0.2895,11,0.0458,0.0064,7.1348
4/4,4,xx__,sc ♪.,d,desce,240,7,x_x_,♪ ♪,0.2083,x__x,♪. sc,0.2,10,0.0417,0.0071,5.8952
4/4,4,xx__,sc ♪.,d,desce,240,8,xx__,sc ♪.,0.1,xx__,sc ♪.,0.4167,10,0.0417,0.0426,0.977
4/4,4,xx__,sc ♪.,d,desce,240,9,x_x_,♪ ♪,0.2083,x___,♩,0.16,8,0.0333,0.0886,0.3764
4/4,4,xx__,sc ♪.,d,desce,240,10,x___,♩,0.1583,x___,♩,0.2105,8,0.0333,0.1758,0.1896
4/4,2,x___,♩,0,—,503,1,x___,♩,0.3757,x___,♩,0.8836,167,0.332,0.3088,1.075
4/4,2,x___,♩,0,—,503,2,__x_,(lig.) ♪ ♪,0.173,x___,♩,0.7701,67,0.1332,0.1056,1.2609
4/4,2,x___,♩,0,—,503,3,____,(lig.) ♩,0.1372,x___,♩,0.913,63,0.1252,0.1216,1.0296
4/4,2,x___,♩,0,—,503,4,x_x_,♪ ♪,0.2465,x___,♩,0.4839,60,0.1193,0.0606,1.9668
4/4,2,x___,♩,0,—,503,5,x_x_,♪ ♪,0.2465,x_x_,♪ ♪,0.4839,60,0.1193,0.0641,1.8618
4/4,2,x___,♩,0,—,503,6,x___,♩,0.3757,x_x_,♪ ♪,0.0952,18,0.0358,0.0433,0.8255
4/4,2,x___,♩,0,—,503,7,x__x,♪. sc,0.0537,x___,♩,0.5185,14,0.0278,0.0117,2.3781
4/4,2,x___,♩,0,—,503,8,__x_,(lig.) ♪ ♪,0.173,x_x_,♪ ♪,0.1609,14,0.0278,0.0425,0.6545
4/4,2,x___,♩,0,—,503,9,x__x,♪. sc,0.0537,x__x,♪. sc,0.3333,9,0.0179,0.0104,1.7134
4/4,2,x___,♩,0,—,503,10,__x_,(lig.) ♪ ♪,0.173,x__x,♪. sc,0.0575,5,0.0099,0.007,1.4279
4/4,1,____,(lig.) ♩,r,repete,280,1,x___,♩,0.8536,x___,♩,0.4477,107,0.3821,0.3347,1.1417
4/4,1,____,(lig.) ♩,r,repete,280,2,x___,♩,0.8536,____,(lig.) ♩,0.3724,89,0.3179,0.2095,1.5169
4/4,1,____,(lig.) ♩,r,repete,280,3,x___,♩,0.8536,__x_,(lig.) ♪ ♪,0.1046,25,0.0893,0.1302,0.6859
4/4,1,____,(lig.) ♩,r,repete,280,4,x_x_,♪ ♪,0.0893,x_x_,♪ ♪,0.8,20,0.0714,0.067,1.0654
4/4,1,____,(lig.) ♩,r,repete,280,5,x___,♩,0.8536,x_x_,♪ ♪,0.0502,12,0.0429,0.1105,0.3878
4/4,1,____,(lig.) ♩,r,repete,280,6,....,pausa ♩,0.0286,x___,♩,0.875,7,0.025,0.0284,0.8792
4/4,1,____,(lig.) ♩,r,repete,280,7,x_x_,♪ ♪,0.0893,x___,♩,0.16,4,0.0143,0.0119,1.1982
4/4,1,____,(lig.) ♩,r,repete,280,8,x___,♩,0.8536,x__x,♪. sc,0.0126,3,0.0107,0.024,0.4459
4/4,1,____,(lig.) ♩,r,repete,280,9,x___,♩,0.8536,__xx,(lig.) ♪ sc sc,0.0126,3,0.0107,0.0022,4.8982
4/4,1,____,(lig.) ♩,r,repete,280,10,x__x,♪. sc,0.0107,x__x,♪. sc,0.6667,2,0.0071,0.0079,0.899
4/4,4,x___,♩,0,—,60,1,x___,♩,0.4333,x___,♩,0.9231,24,0.4,0.4137,0.9669
4/4,4,x___,♩,0,—,60,2,____,(lig.) ♩,0.3,x___,♩,0.9444,17,0.2833,0.0948,2.9881
4/4,4,x___,♩,0,—,60,3,__x_,(lig.) ♪ ♪,0.15,x___,♩,1,9,0.15,0.0428,3.5024
4/4,4,x___,♩,0,—,60,4,x_x_,♪ ♪,0.0833,x___,♩,0.8,4,0.0667,0.1131,0.5894
4/4,4,x___,♩,0,—,60,5,x___,♩,0.4333,x_x_,♪ ♪,0.0769,2,0.0333,0.0585,0.5695
4/4,4,x___,♩,0,—,60,6,x_x_,♪ ♪,0.0833,x_x_,♪ ♪,0.2,1,0.0167,0.0884,0.1885
4/4,4,x___,♩,0,—,60,7,..x_,pausa ♪ ♪,0.0167,x___,♩,1,1,0.0167,0.0113,1.4775
4/4,4,x___,♩,0,—,60,8,xxxx,sc sc sc sc,0.0167,x_x_,♪ ♪,1,1,0.0167,0.0006,28.3406
4/4,4,x___,♩,0,—,60,9,____,(lig.) ♩,0.3,x_x_,♪ ♪,0.0556,1,0.0167,0.0096,1.7273
4/4,2,....,pausa ♩,s,sobe,49,1,x___,♩,0.6327,x___,♩,0.9032,28,0.5714,0.5208,1.0972
4/4,2,....,pausa ♩,s,sobe,49,2,....,pausa ♩,0.3061,....,pausa ♩,0.6,9,0.1837,0.142,1.2936
4/4,2,....,pausa ♩,s,sobe,49,3,....,pausa ♩,0.3061,x___,♩,0.3333,5,0.102,0.0548,1.8607
4/4,2,....,pausa ♩,s,sobe,49,4,x___,♩,0.6327,x_x_,♪ ♪,0.0968,3,0.0612,0.0731,0.8376
4/4,2,....,pausa ♩,s,sobe,49,5,....,pausa ♩,0.3061,..x_,pausa ♪ ♪,0.0667,1,0.0204,0.0443,0.4604
4/4,2,....,pausa ♩,s,sobe,49,6,xxx_,sc sc ♪,0.0204,x_..,♪ pausa ♪,1,1,0.0204,0.0003,61.2653
4/4,2,....,pausa ♩,s,sobe,49,7,x_xx,♪ sc sc,0.0204,x_xx,♪ sc sc,1,1,0.0204,0.0005,41.3042
4/4,2,....,pausa ♩,s,sobe,49,8,x_x_,♪ ♪,0.0204,x___,♩,1,1,0.0204,0.0172,1.1861
4/4,4,..x_,pausa ♪ ♪,d,desce,142,1,x_x_,♪ ♪,0.9296,x___,♩,0.8485,112,0.7887,0.4807,1.6409
4/4,4,..x_,pausa ♪ ♪,d,desce,142,2,x_x_,♪ ♪,0.9296,x_x_,♪ ♪,0.1439,19,0.1338,0.3758,0.3561
4/4,4,..x_,pausa ♪ ♪,d,desce,142,3,x__x,♪. sc,0.0423,x___,♩,0.8333,5,0.0352,0.0192,1.8302
4/4,4,..x_,pausa ♪ ♪,d,desce,142,4,x_xx,♪ sc sc,0.0282,x___,♩,1,4,0.0282,0.0025,11.3228
4/4,4,..x_,pausa ♪ ♪,d,desce,142,5,x__x,♪. sc,0.0423,x__x,♪. sc,0.1667,1,0.007,0.0168,0.4195
4/4,4,..x_,pausa ♪ ♪,d,desce,142,6,x_x_,♪ ♪,0.9296,x__x,♪. sc,0.0076,1,0.007,0.0384,0.1836
4/4,3,x_xx,♪ sc sc,d,desce,97,1,x_x_,♪ ♪,0.3505,x_x_,♪ ♪,0.4118,14,0.1443,0.3275,0.4407
4/4,3,x_xx,♪ sc sc,d,desce,97,2,x___,♩,0.2784,x___,♩,0.4444,12,0.1237,0.1563,0.7916
4/4,3,x_xx,♪ sc sc,d,desce,97,3,x_x_,♪ ♪,0.3505,x___,♩,0.2059,7,0.0722,0.058,1.2449
4/4,3,x_xx,♪ sc sc,d,desce,97,4,x_x_,♪ ♪,0.3505,x_xx,♪ sc sc,0.1765,6,0.0619,0.0059,10.5048
4/4,3,x_xx,♪ sc sc,d,desce,97,5,x___,♩,0.2784,__x_,(lig.) ♪ ♪,0.2222,6,0.0619,0.0232,2.6716
4/4,3,x_xx,♪ sc sc,d,desce,97,6,x___,♩,0.2784,____,(lig.) ♩,0.1852,5,0.0515,0.0359,1.4375
4/4,3,x_xx,♪ sc sc,d,desce,97,7,xxxx,sc sc sc sc,0.1031,xxxx,sc sc sc sc,0.5,5,0.0515,0.0107,4.812
4/4,3,x_xx,♪ sc sc,d,desce,97,8,x__x,♪. sc,0.0928,x___,♩,0.4444,4,0.0412,0.0054,7.7057
4/4,3,x_xx,♪ sc sc,d,desce,97,9,__..,(lig.) ♪ pausa ♪,0.0412,x_x_,♪ ♪,1,4,0.0412,0.0089,4.622
4/4,3,x_xx,♪ sc sc,d,desce,97,10,x_x_,♪ ♪,0.3505,xxxx,sc sc sc sc,0.1176,4,0.0412,0.0027,15.3121
4/4,2,x_xx,♪ sc sc,d,desce,98,1,x_x_,♪ ♪,0.3163,x_x_,♪ ♪,0.4516,14,0.1429,0.1996,0.7158
4/4,2,x_xx,♪ sc sc,d,desce,98,2,x_x_,♪ ♪,0.3163,x___,♩,0.3871,12,0.1224,0.1889,0.6481
4/4,2,x_xx,♪ sc sc,d,desce,98,3,x_xx,♪ sc sc,0.2653,x___,♩,0.3462,9,0.0918,0.0675,1.3602
4/4,2,x_xx,♪ sc sc,d,desce,98,4,xxxx,sc sc sc sc,0.1224,x___,♩,0.6667,8,0.0816,0.0398,2.0518
4/4,2,x_xx,♪ sc sc,d,desce,98,5,x_xx,♪ sc sc,0.2653,x_x_,♪ ♪,0.2692,7,0.0714,0.0892,0.8006
4/4,2,x_xx,♪ sc sc,d,desce,98,6,x_xx,♪ sc sc,0.2653,xxxx,sc sc sc sc,0.1923,5,0.051,0.0129,3.9672
4/4,2,x_xx,♪ sc sc,d,desce,98,7,x_xx,♪ sc sc,0.2653,x_xx,♪ sc sc,0.1538,4,0.0408,0.0169,2.4181
4/4,2,x_xx,♪ sc sc,d,desce,98,8,xxxx,sc sc sc sc,0.1224,x_x_,♪ ♪,0.3333,4,0.0408,0.036,1.1344
4/4,2,x_xx,♪ sc sc,d,desce,98,9,x___,♩,0.1224,x___,♩,0.3333,4,0.0408,0.103,0.3964
4/4,2,x_xx,♪ sc sc,d,desce,98,10,xxx_,sc sc ♪,0.051,x_x_,♪ ♪,0.6,3,0.0306,0.0131,2.3355
4/4,1,..x_,pausa ♪ ♪,s,sobe,222,1,x_x_,♪ ♪,0.3198,x_x_,♪ ♪,0.8873,63,0.2838,0.2353,1.206
4/4,1,..x_,pausa ♪ ♪,s,sobe,222,2,x___,♩,0.5541,x___,♩,0.3659,45,0.2027,0.2076,0.9762
4/4,1,..x_,pausa ♪ ♪,s,sobe,222,3,x___,♩,0.5541,__x_,(lig.) ♪ ♪,0.3089,38,0.1712,0.0808,2.1195
4/4,1,..x_,pausa ♪ ♪,s,sobe,222,4,x___,♩,0.5541,x_x_,♪ ♪,0.2276,28,0.1261,0.0686,1.8394
4/4,1,..x_,pausa ♪ ♪,s,sobe,222,5,x__x,♪. sc,0.0811,x_x_,♪ ♪,0.5556,10,0.045,0.0334,1.3475
4/4,1,..x_,pausa ♪ ♪,s,sobe,222,6,x__x,♪. sc,0.0811,x__x,♪. sc,0.3889,7,0.0315,0.059,0.5342
4/4,1,..x_,pausa ♪ ♪,s,sobe,222,7,x___,♩,0.5541,____,(lig.) ♩,0.0407,5,0.0225,0.13,0.1733
4/4,1,..x_,pausa ♪ ♪,s,sobe,222,8,x_x_,♪ ♪,0.3198,x___,♩,0.0423,3,0.0135,0.0418,0.3229
4/4,1,..x_,pausa ♪ ♪,s,sobe,222,9,x_x_,♪ ♪,0.3198,__x_,(lig.) ♪ ♪,0.0282,2,0.009,0.0026,3.5044
4/4,1,..x_,pausa ♪ ♪,s,sobe,222,10,x_xx,♪ sc sc,0.009,x_x_,♪ ♪,1,2,0.009,0.0026,3.5288
4/4,1,____,(lig.) ♩,s,sobe,748,1,x___,♩,0.8008,____,(lig.) ♩,0.4073,244,0.3262,0.2095,1.5568
4/4,1,____,(lig.) ♩,s,sobe,748,2,x___,♩,0.8008,x___,♩,0.3673,220,0.2941,0.3347,0.8787
4/4,1,____,(lig.) ♩,s,sobe,748,3,x___,♩,0.8008,__x_,(lig.) ♪ ♪,0.1269,76,0.1016,0.1302,0.7805
4/4,1,____,(lig.) ♩,s,sobe,748,4,x_x_,♪ ♪,0.1016,x_x_,♪ ♪,0.6316,48,0.0642,0.067,0.9571
4/4,1,____,(lig.) ♩,s,sobe,748,5,x___,♩,0.8008,x_x_,♪ ♪,0.0768,46,0.0615,0.1105,0.5564
4/4,1,____,(lig.) ♩,s,sobe,748,6,....,pausa ♩,0.0401,x___,♩,0.7333,22,0.0294,0.0284,1.0344
4/4,1,____,(lig.) ♩,s,sobe,748,7,x_x_,♪ ♪,0.1016,x___,♩,0.25,19,0.0254,0.0119,2.1304
4/4,1,____,(lig.) ♩,s,sobe,748,8,....,pausa ♩,0.0401,....,pausa ♩,0.2333,7,0.0094,0.0105,0.8886
4/4,1,____,(lig.) ♩,s,sobe,748,9,x__x,♪. sc,0.0147,x_x_,♪ ♪,0.4545,5,0.0067,0.0045,1.4855
4/4,1,____,(lig.) ♩,s,sobe,748,10,____,(lig.) ♩,0.0187,x___,♩,0.3571,5,0.0067,0.0061,1.1007
4/4,2,x___,♩,r,repete,2887,1,x___,♩,0.5113,x___,♩,0.7392,1091,0.3779,0.3088,1.2236
4/4,2,x___,♩,r,repete,2887,2,__x_,(lig.) ♪ ♪,0.1566,x___,♩,0.7633,345,0.1195,0.1056,1.1312
4/4,2,x___,♩,r,repete,2887,3,____,(lig.) ♩,0.1798,x___,♩,0.632,328,0.1136,0.1216,0.934
4/4,2,x___,♩,r,repete,2887,4,x_x_,♪ ♪,0.1237,x___,♩,0.7451,266,0.0921,0.0606,1.5192
4/4,2,x___,♩,r,repete,2887,5,x___,♩,0.5113,....,pausa ♩,0.1091,161,0.0558,0.0226,2.4691
4/4,2,x___,♩,r,repete,2887,6,x___,♩,0.5113,x_x_,♪ ♪,0.0827,122,0.0423,0.0433,0.9749
4/4,2,x___,♩,r,repete,2887,7,____,(lig.) ♩,0.1798,____,(lig.) ♩,0.2042,106,0.0367,0.0466,0.7881
4/4,2,x___,♩,r,repete,2887,8,__x_,(lig.) ♪ ♪,0.1566,x_x_,♪ ♪,0.2058,93,0.0322,0.0425,0.7575
4/4,2,x___,♩,r,repete,2887,9,x_x_,♪ ♪,0.1237,x_x_,♪ ♪,0.2213,79,0.0274,0.0641,0.4271
4/4,2,x___,♩,r,repete,2887,10,x___,♩,0.5113,..x_,pausa ♪ ♪,0.0352,52,0.018,0.0084,2.1551
4/4,1,....,pausa ♩,d,desce,464,1,x___,♩,0.8621,x___,♩,0.3175,127,0.2737,0.3395,0.8063
4/4,1,....,pausa ♩,d,desce,464,2,x___,♩,0.8621,__x_,(lig.) ♪ ♪,0.295,118,0.2543,0.132,1.9262
4/4,1,....,pausa ♩,d,desce,464,3,x___,♩,0.8621,____,(lig.) ♩,0.1925,77,0.1659,0.2125,0.7809
4/4,1,....,pausa ♩,d,desce,464,4,x___,♩,0.8621,x_x_,♪ ♪,0.1475,59,0.1272,0.1121,1.1343
4/4,1,....,pausa ♩,d,desce,464,5,x_x_,♪ ♪,0.0862,x_x_,♪ ♪,0.775,31,0.0668,0.0785,0.8513
4/4,1,....,pausa ♩,d,desce,464,6,x___,♩,0.8621,x__x,♪. sc,0.0375,15,0.0323,0.0244,1.3265
4/4,1,....,pausa ♩,d,desce,464,7,x_x_,♪ ♪,0.0862,x___,♩,0.2,8,0.0172,0.014,1.2353
4/4,1,....,pausa ♩,d,desce,464,8,....,pausa ♩,0.028,....,pausa ♩,0.4615,6,0.0129,0.0097,1.3353
4/4,1,....,pausa ♩,d,desce,464,9,....,pausa ♩,0.028,x___,♩,0.4615,6,0.0129,0.0261,0.4946
4/4,1,....,pausa ♩,d,desce,464,10,x__x,♪. sc,0.0172,x_x_,♪ ♪,0.5,4,0.0086,0.0046,1.8561
4/4,3,__x_,(lig.) ♪ ♪,r,repete,852,1,x___,♩,0.5939,x___,♩,0.5237,265,0.311,0.3353,0.9275
4/4,3,__x_,(lig.) ♪ ♪,r,repete,852,2,x_x_,♪ ♪,0.331,x_x_,♪ ♪,0.9149,258,0.3028,0.2141,1.4144
4/4,3,__x_,(lig.) ♪ ♪,r,repete,852,3,x___,♩,0.5939,__x_,(lig.) ♪ ♪,0.2688,136,0.1596,0.0497,3.2131
4/4,3,__x_,(lig.) ♪ ♪,r,repete,852,4,x___,♩,0.5939,x_x_,♪ ♪,0.1542,78,0.0915,0.1473,0.6214
4/4,3,__x_,(lig.) ♪ ♪,r,repete,852,5,x__x,♪. sc,0.0622,x__x,♪. sc,0.5472,29,0.034,0.0256,1.3275
4/4,3,__x_,(lig.) ♪ ♪,r,repete,852,6,x__x,♪. sc,0.0622,x_x_,♪ ♪,0.434,23,0.027,0.0124,2.175
4/4,3,__x_,(lig.) ♪ ♪,r,repete,852,7,x___,♩,0.5939,____,(lig.) ♩,0.0296,15,0.0176,0.0769,0.2288
4/4,3,__x_,(lig.) ♪ ♪,r,repete,852,8,x_x_,♪ ♪,0.331,x__x,♪. sc,0.0461,13,0.0153,0.0042,3.6526
4/4,3,__x_,(lig.) ♪ ♪,r,repete,852,9,x_x_,♪ ♪,0.331,x___,♩,0.0284,8,0.0094,0.0379,0.2478
4/4,3,__x_,(lig.) ♪ ♪,r,repete,852,10,x___,♩,0.5939,..x_,pausa ♪ ♪,0.0138,7,0.0082,0.0148,0.5568
4/4,1,____,(lig.) ♩,d,desce,1338,1,x___,♩,0.8348,____,(lig.) ♩,0.47,525,0.3924,0.2095,1.8726
4/4,1,____,(lig.) ♩,d,desce,1338,2,x___,♩,0.8348,x___,♩,0.3563,398,0.2975,0.3347,0.8887
4/4,1,____,(lig.) ♩,d,desce,1338,3,x___,♩,0.8348,__x_,(lig.) ♪ ♪,0.085,95,0.071,0.1302,0.5454
4/4,1,____,(lig.) ♩,d,desce,1338,4,x___,♩,0.8348,x_x_,♪ ♪,0.0716,80,0.0598,0.1105,0.541
4/4,1,____,(lig.) ♩,d,desce,1338,5,x_x_,♪ ♪,0.0747,x_x_,♪ ♪,0.65,65,0.0486,0.067,0.7246
4/4,1,____,(lig.) ♩,d,desce,1338,6,....,pausa ♩,0.0463,x___,♩,0.8065,50,0.0374,0.0284,1.3143
4/4,1,____,(lig.) ♩,d,desce,1338,7,x_x_,♪ ♪,0.0747,x___,♩,0.25,25,0.0187,0.0119,1.5671
4/4,1,____,(lig.) ♩,d,desce,1338,8,x__x,♪. sc,0.0157,x_x_,♪ ♪,0.619,13,0.0097,0.0045,2.1592
4/4,1,____,(lig.) ♩,d,desce,1338,9,....,pausa ♩,0.0463,....,pausa ♩,0.1774,11,0.0082,0.0105,0.7807
4/4,1,____,(lig.) ♩,d,desce,1338,10,x___,♩,0.8348,x__x,♪. sc,0.0072,8,0.006,0.024,0.2488
4/4,3,x___,♩,r,repete,3742,1,x___,♩,0.7322,x___,♩,0.6577,1802,0.4816,0.3813,1.2628
4/4,3,x___,♩,r,repete,3742,2,x___,♩,0.7322,x_x_,♪ ♪,0.1682,461,0.1232,0.1675,0.7354
4/4,3,x___,♩,r,repete,3742,3,x_x_,♪ ♪,0.1424,x_x_,♪ ♪,0.6398,341,0.0911,0.0849,1.0737
4/4,3,x___,♩,r,repete,3742,4,x_x_,♪ ♪,0.1424,x___,♩,0.3452,184,0.0492,0.015,3.273
4/4,3,x___,♩,r,repete,3742,5,x___,♩,0.7322,____,(lig.) ♩,0.0664,182,0.0486,0.0875,0.5559
4/4,3,x___,♩,r,repete,3742,6,x___,♩,0.7322,__x_,(lig.) ♪ ♪,0.0547,150,0.0401,0.0565,0.7096
4/4,3,x___,♩,r,repete,3742,7,....,pausa ♩,0.0583,x_x_,♪ ♪,0.6514,142,0.0379,0.0206,1.8383
4/4,3,x___,♩,r,repete,3742,8,..x_,pausa ♪ ♪,0.023,x_x_,♪ ♪,0.9884,85,0.0227,0.0193,1.1789
4/4,3,x___,♩,r,repete,3742,9,x___,♩,0.7322,....,pausa ♩,0.0255,70,0.0187,0.0174,1.0779
4/4,3,x___,♩,r,repete,3742,10,....,pausa ♩,0.0583,x___,♩,0.2523,55,0.0147,0.0271,0.5416
4/4,4,xxxx,sc sc sc sc,s,sobe,65,1,xxxx,sc sc sc sc,0.3231,xxxx,sc sc sc sc,0.7619,16,0.2462,0.028,8.7866
4/4,4,xxxx,sc sc sc sc,s,sobe,65,2,x_x_,♪ ♪,0.2769,x_x_,♪ ♪,0.5,9,0.1385,0.1143,1.211
4/4,4,xxxx,sc sc sc sc,s,sobe,65,3,x___,♩,0.2615,x__x,♪. sc,0.4706,8,0.1231,0.0072,17.1938
4/4,4,xxxx,sc sc sc sc,s,sobe,65,4,x_x_,♪ ♪,0.2769,x___,♩,0.3333,6,0.0923,0.1463,0.6311
4/4,4,xxxx,sc sc sc sc,s,sobe,65,5,x__x,♪. sc,0.0769,x__x,♪. sc,0.6,3,0.0462,0.0323,1.429
4/4,4,xxxx,sc sc sc sc,s,sobe,65,6,x___,♩,0.2615,x_xx,♪ sc sc,0.1765,3,0.0462,0.0011,43.4016
4/4,4,xxxx,sc sc sc sc,s,sobe,65,7,x_x_,♪ ♪,0.2769,x__x,♪. sc,0.1111,2,0.0308,0.0117,2.6355
4/4,4,xxxx,sc sc sc sc,s,sobe,65,8,x___,♩,0.2615,x_x_,♪ ♪,0.1176,2,0.0308,0.0277,1.1103
4/4,4,xxxx,sc sc sc sc,s,sobe,65,9,x___,♩,0.2615,x___,♩,0.1176,2,0.0308,0.1959,0.1571
4/4,4,xxxx,sc sc sc sc,s,sobe,65,10,xxxx,sc sc sc sc,0.3231,x___,♩,0.0952,2,0.0308,0.047,0.6543
4/4,3,__x_,(lig.) ♪ ♪,d,desce,2012,1,x___,♩,0.7073,x___,♩,0.6325,900,0.4473,0.3353,1.3339
4/4,3,__x_,(lig.) ♪ ♪,d,desce,2012,2,x_x_,♪ ♪,0.2411,x_x_,♪ ♪,0.7938,385,0.1914,0.2141,0.8938
4/4,3,__x_,(lig.) ♪ ♪,d,desce,2012,3,x___,♩,0.7073,x_x_,♪ ♪,0.1623,231,0.1148,0.1473,0.7793
4/4,3,__x_,(lig.) ♪ ♪,d,desce,2012,4,x___,♩,0.7073,__x_,(lig.) ♪ ♪,0.0942,134,0.0666,0.0497,1.3406
4/4,3,__x_,(lig.) ♪ ♪,d,desce,2012,5,x___,♩,0.7073,____,(lig.) ♩,0.0576,82,0.0408,0.0769,0.5297
4/4,3,__x_,(lig.) ♪ ♪,d,desce,2012,6,x__x,♪. sc,0.0383,x__x,♪. sc,0.7403,57,0.0283,0.0256,1.1049
4/4,3,__x_,(lig.) ♪ ♪,d,desce,2012,7,x_x_,♪ ♪,0.2411,x___,♩,0.1134,55,0.0273,0.0379,0.7214
4/4,3,__x_,(lig.) ♪ ♪,d,desce,2012,8,x___,♩,0.7073,....,pausa ♩,0.0211,30,0.0149,0.0153,0.977
4/4,3,__x_,(lig.) ♪ ♪,d,desce,2012,9,x___,♩,0.7073,..x_,pausa ♪ ♪,0.0169,24,0.0119,0.0148,0.8084
4/4,3,__x_,(lig.) ♪ ♪,d,desce,2012,10,x_x_,♪ ♪,0.2411,x__x,♪. sc,0.0454,22,0.0109,0.0042,2.6175
4/4,1,..xx,pausa ♪ sc sc,s,sobe,30,1,x_x_,♪ ♪,0.3333,x_x_,♪ ♪,0.9,9,0.3,0.28,1.0715
4/4,1,..xx,pausa ♪ sc sc,s,sobe,30,2,x___,♩,0.2667,x_x_,♪ ♪,0.75,6,0.2,0.0399,5.0097
4/4,1,..xx,pausa ♪ sc sc,s,sobe,30,3,x__x,♪. sc,0.2333,x_x_,♪ ♪,0.7143,5,0.1667,0.0596,2.7943
4/4,1,..xx,pausa ♪ sc sc,s,sobe,30,4,xx__,sc ♪.,0.1333,x__x,♪. sc,1,4,0.1333,0.0632,2.1105
4/4,1,..xx,pausa ♪ sc sc,s,sobe,30,5,x__x,♪. sc,0.2333,x__x,♪. sc,0.2857,2,0.0667,0.1053,0.633
4/4,1,..xx,pausa ♪ sc sc,s,sobe,30,6,x___,♩,0.2667,x___,♩,0.25,2,0.0667,0.1209,0.5514
4/4,1,..xx,pausa ♪ sc sc,s,sobe,30,7,x_x_,♪ ♪,0.3333,x_xx,♪ sc sc,0.1,1,0.0333,0.0044,7.5375
4/4,1,..xx,pausa ♪ sc sc,s,sobe,30,8,x_xx,♪ sc sc,0.0333,x_xx,♪ sc sc,1,1,0.0333,0.0038,8.7875
4/4,4,_xx_,(lig.) sc sc ♪,s,sobe,37,1,_xx_,(lig.) sc sc ♪,0.4865,_xx_,(lig.) sc sc ♪,0.7778,14,0.3784,0.2501,1.5129
4/4,4,_xx_,(lig.) sc sc ♪,s,sobe,37,2,x_x_,♪ ♪,0.2703,xxx_,sc sc ♪,0.3,3,0.0811,0.004,20.1582
4/4,4,_xx_,(lig.) sc sc ♪,s,sobe,37,3,_xxx,(lig.) sc sc sc sc,0.1351,__x_,(lig.) ♪ ♪,0.6,3,0.0811,0.0495,1.6396
4/4,4,_xx_,(lig.) sc sc ♪,s,sobe,37,4,_xx_,(lig.) sc sc ♪,0.4865,x_x_,♪ ♪,0.1667,3,0.0811,0.05,1.6209
4/4,4,_xx_,(lig.) sc sc ♪,s,sobe,37,5,x_x_,♪ ♪,0.2703,x_xx,♪ sc sc,0.2,2,0.0541,0.0023,23.5179
4/4,4,_xx_,(lig.) sc sc ♪,s,sobe,37,6,__x_,(lig.) ♪ ♪,0.0541,_xx_,(lig.) sc sc ♪,1,2,0.0541,0.0006,89.9635
4/4,4,_xx_,(lig.) sc sc ♪,s,sobe,37,7,x_x_,♪ ♪,0.2703,x_x_,♪ ♪,0.2,2,0.0541,0.1495,0.3616
4/4,4,_xx_,(lig.) sc sc ♪,s,sobe,37,8,x_xx,♪ sc sc,0.0541,__x_,(lig.) ♪ ♪,1,2,0.0541,0.0013,42.3027
4/4,4,_xx_,(lig.) sc sc ♪,s,sobe,37,9,_xxx,(lig.) sc sc sc sc,0.1351,xxx_,sc sc ♪,0.2,1,0.027,0.011,2.4595
4/4,4,_xx_,(lig.) sc sc ♪,s,sobe,37,10,_xx_,(lig.) sc sc ♪,0.4865,__x_,(lig.) ♪ ♪,0.0556,1,0.027,0.0357,0.7564
4/4,3,_xx_,(lig.) sc sc ♪,d,desce,40,1,_xx_,(lig.) sc sc ♪,0.425,_xx_,(lig.) sc sc ♪,0.5294,9,0.225,0.1844,1.2201
4/4,3,_xx_,(lig.) sc sc ♪,d,desce,40,2,x_x_,♪ ♪,0.3,x_x_,♪ ♪,0.4167,5,0.125,0.1603,0.78
4/4,3,_xx_,(lig.) sc sc ♪,d,desce,40,3,_xx_,(lig.) sc sc ♪,0.425,x_x_,♪ ♪,0.2353,4,0.1,0.1573,0.6357
4/4,3,_xx_,(lig.) sc sc ♪,d,desce,40,4,_xxx,(lig.) sc sc sc sc,0.1,__x_,(lig.) ♪ ♪,1,4,0.1,0.0346,2.8889
4/4,3,_xx_,(lig.) sc sc ♪,d,desce,40,5,_xx_,(lig.) sc sc ♪,0.425,_xxx,(lig.) sc sc sc sc,0.1765,3,0.075,0.0325,2.3045
4/4,3,_xx_,(lig.) sc sc ♪,d,desce,40,6,x_x_,♪ ♪,0.3,x_xx,♪ sc sc,0.1667,2,0.05,0.0029,17.3525
4/4,3,_xx_,(lig.) sc sc ♪,d,desce,40,7,x_x_,♪ ♪,0.3,xxx_,sc sc ♪,0.1667,2,0.05,0.0008,63.9565
4/4,3,_xx_,(lig.) sc sc ♪,d,desce,40,8,x_x_,♪ ♪,0.3,__x_,(lig.) ♪ ♪,0.1667,2,0.05,0.0017,28.6984
4/4,3,_xx_,(lig.) sc sc ♪,d,desce,40,9,__x_,(lig.) ♪ ♪,0.1,__x_,(lig.) ♪ ♪,0.25,1,0.025,0.0177,1.4144
4/4,3,_xx_,(lig.) sc sc ♪,d,desce,40,10,xxx_,sc sc ♪,0.025,__x_,(lig.) ♪ ♪,1,1,0.025,0.0004,56
4/4,4,_xx_,(lig.) sc sc ♪,d,desce,36,1,x_x_,♪ ♪,0.5,_xx_,(lig.) sc sc ♪,0.7222,13,0.3611,0.0009,390.6583
4/4,4,_xx_,(lig.) sc sc ♪,d,desce,36,2,_xx_,(lig.) sc sc ♪,0.3611,_xx_,(lig.) sc sc ♪,0.7692,10,0.2778,0.2501,1.1106
4/4,4,_xx_,(lig.) sc sc ♪,d,desce,36,3,x_x_,♪ ♪,0.5,_xxx,(lig.) sc sc sc sc,0.1111,2,0.0556,0.0002,277.9684
4/4,4,_xx_,(lig.) sc sc ♪,d,desce,36,4,_xx_,(lig.) sc sc ♪,0.3611,____,(lig.) ♩,0.1538,2,0.0556,0.0572,0.9718
4/4,4,_xx_,(lig.) sc sc ♪,d,desce,36,5,x_x_,♪ ♪,0.5,x_x_,♪ ♪,0.1111,2,0.0556,0.1495,0.3716
4/4,4,_xx_,(lig.) sc sc ♪,d,desce,36,6,_xxx,(lig.) sc sc sc sc,0.0278,xxx_,sc sc ♪,1,1,0.0278,0.011,2.5278
4/4,4,_xx_,(lig.) sc sc ♪,d,desce,36,7,__x_,(lig.) ♪ ♪,0.0556,_xx_,(lig.) sc sc ♪,0.5,1,0.0278,0.0006,46.2312
4/4,4,_xx_,(lig.) sc sc ♪,d,desce,36,8,x_xx,♪ sc sc,0.0278,__x_,(lig.) ♪ ♪,1,1,0.0278,0.0013,21.7389
4/4,4,_xx_,(lig.) sc sc ♪,d,desce,36,9,xx__,sc ♪.,0.0278,xx__,sc ♪.,1,1,0.0278,0.0053,5.2736
4/4,4,_xx_,(lig.) sc sc ♪,d,desce,36,10,__x_,(lig.) ♪ ♪,0.0556,x_x_,♪ ♪,0.5,1,0.0278,0.0149,1.8642
4/4,1,_xx_,(lig.) sc sc ♪,d,desce,30,1,_xx_,(lig.) sc sc ♪,0.4667,_xx_,(lig.) sc sc ♪,0.5,7,0.2333,0.2525,0.9242
4/4,1,_xx_,(lig.) sc sc ♪,d,desce,30,2,_xx_,(lig.) sc sc ♪,0.4667,x_x_,♪ ♪,0.2143,3,0.1,0.1893,0.5281
4/4,1,_xx_,(lig.) sc sc ♪,d,desce,30,3,_xx_,(lig.) sc sc ♪,0.4667,_xxx,(lig.) sc sc sc sc,0.2143,3,0.1,0.0746,1.3407
4/4,1,_xx_,(lig.) sc sc ♪,d,desce,30,4,____,(lig.) ♩,0.1667,__x_,(lig.) ♪ ♪,0.6,3,0.1,0.0077,12.9625
4/4,1,_xx_,(lig.) sc sc ♪,d,desce,30,5,x_x_,♪ ♪,0.1333,x_x_,♪ ♪,0.75,3,0.1,0.0916,1.0921
4/4,1,_xx_,(lig.) sc sc ♪,d,desce,30,6,__x_,(lig.) ♪ ♪,0.0667,_xx_,(lig.) sc sc ♪,1,2,0.0667,0.0162,4.1119
4/4,1,_xx_,(lig.) sc sc ♪,d,desce,30,7,x___,♩,0.0667,x___,♩,1,2,0.0667,0.0199,3.3441
4/4,1,_xx_,(lig.) sc sc ♪,d,desce,30,8,xxx_,sc sc ♪,0.0667,_xx_,(lig.) sc sc ♪,1,2,0.0667,0.0011,58.3567
4/4,1,_xx_,(lig.) sc sc ♪,d,desce,30,9,x_x_,♪ ♪,0.1333,__x_,(lig.) ♪ ♪,0.25,1,0.0333,0.001,33.3208
4/4,1,_xx_,(lig.) sc sc ♪,d,desce,30,10,____,(lig.) ♩,0.1667,____,(lig.) ♩,0.2,1,0.0333,0.0285,1.1678
4/4,4,x__x,♪. sc,r,repete,103,1,x_x_,♪ ♪,0.4078,x___,♩,0.6667,28,0.2718,0.1446,1.8802
4/4,4,x__x,♪. sc,r,repete,103,2,x__x,♪. sc,0.3786,x__x,♪. sc,0.4872,19,0.1845,0.2083,0.8857
4/4,4,x__x,♪. sc,r,repete,103,3,x__x,♪. sc,0.3786,x___,♩,0.4872,19,0.1845,0.2387,0.7728
4/4,4,x__x,♪. sc,r,repete,103,4,x___,♩,0.1942,x__x,♪. sc,0.45,9,0.0874,0.0023,38.1779
4/4,4,x__x,♪. sc,r,repete,103,5,x_x_,♪ ♪,0.4078,x__x,♪. sc,0.1667,7,0.068,0.0115,5.889
4/4,4,x__x,♪. sc,r,repete,103,6,x___,♩,0.1942,x___,♩,0.3,6,0.0583,0.0626,0.9301
4/4,4,x__x,♪. sc,r,repete,103,7,x___,♩,0.1942,x_x_,♪ ♪,0.25,5,0.0485,0.0089,5.4786
4/4,4,x__x,♪. sc,r,repete,103,8,x_x_,♪ ♪,0.4078,x_xx,♪ sc sc,0.0714,3,0.0291,0.0017,16.7616
4/4,4,x__x,♪. sc,r,repete,103,9,x_x_,♪ ♪,0.4078,x_x_,♪ ♪,0.0714,3,0.0291,0.113,0.2577
4/4,4,x__x,♪. sc,r,repete,103,10,x_xx,♪ sc sc,0.0194,x__x,♪. sc,1,2,0.0194,0.0017,11.4186
4/4,3,____,(lig.) ♩,d,desce,2620,1,x___,♩,0.4279,x___,♩,0.4648,521,0.1989,0.2399,0.8289
4/4,3,____,(lig.) ♩,d,desce,2620,2,....,pausa ♩,0.3347,x___,♩,0.5747,504,0.1924,0.1238,1.5544
4/4,3,____,(lig.) ♩,d,desce,2620,3,x___,♩,0.4279,____,(lig.) ♩,0.3541,397,0.1515,0.055,2.7528
4/4,3,____,(lig.) ♩,d,desce,2620,4,....,pausa ♩,0.3347,x_x_,♪ ♪,0.3044,267,0.1019,0.0941,1.0825
4/4,3,____,(lig.) ♩,d,desce,2620,5,____,(lig.) ♩,0.1561,x___,♩,0.4499,184,0.0702,0.0835,0.8415
4/4,3,____,(lig.) ♩,d,desce,2620,6,____,(lig.) ♩,0.1561,____,(lig.) ♩,0.2934,120,0.0458,0.0389,1.1783
4/4,3,____,(lig.) ♩,d,desce,2620,7,x___,♩,0.4279,x_x_,♪ ♪,0.1044,117,0.0447,0.1054,0.4237
4/4,3,____,(lig.) ♩,d,desce,2620,8,..x_,pausa ♪ ♪,0.0477,x_x_,♪ ♪,0.928,116,0.0443,0.036,1.2291
4/4,3,____,(lig.) ♩,d,desce,2620,9,....,pausa ♩,0.3347,....,pausa ♩,0.0696,61,0.0233,0.0173,1.3463
4/4,3,____,(lig.) ♩,d,desce,2620,10,____,(lig.) ♩,0.1561,x_x_,♪ ♪,0.1345,55,0.021,0.0333,0.6301
4/4,3,____,(lig.) ♩,r,repete,467,1,x___,♩,0.6253,x___,♩,0.5171,151,0.3233,0.2399,1.3478
4/4,3,____,(lig.) ♩,r,repete,467,2,x___,♩,0.6253,____,(lig.) ♩,0.25,73,0.1563,0.055,2.8398
4/4,3,____,(lig.) ♩,r,repete,467,3,____,(lig.) ♩,0.1756,x___,♩,0.5,41,0.0878,0.0835,1.0519
4/4,3,____,(lig.) ♩,r,repete,467,4,....,pausa ♩,0.1028,x___,♩,0.7292,35,0.0749,0.1238,0.6056
4/4,3,____,(lig.) ♩,r,repete,467,5,x___,♩,0.6253,x_x_,♪ ♪,0.0856,25,0.0535,0.1054,0.5079
4/4,3,____,(lig.) ♩,r,repete,467,6,x___,♩,0.6253,....,pausa ♩,0.0719,21,0.045,0.0109,4.1186
4/4,3,____,(lig.) ♩,r,repete,467,7,____,(lig.) ♩,0.1756,____,(lig.) ♩,0.2317,19,0.0407,0.0389,1.0467
4/4,3,____,(lig.) ♩,r,repete,467,8,____,(lig.) ♩,0.1756,x_x_,♪ ♪,0.1951,16,0.0343,0.0333,1.0283
4/4,3,____,(lig.) ♩,r,repete,467,9,x___,♩,0.6253,__x_,(lig.) ♪ ♪,0.0445,13,0.0278,0.0355,0.7832
4/4,3,____,(lig.) ♩,r,repete,467,10,x_x_,♪ ♪,0.045,x_x_,♪ ♪,0.619,13,0.0278,0.0235,1.1865
4/4,4,____,(lig.) ♩,r,repete,135,1,x___,♩,0.4667,x___,♩,0.8571,54,0.4,0.3758,1.0644
4/4,4,____,(lig.) ♩,r,repete,135,2,x_x_,♪ ♪,0.2667,x___,♩,0.5,18,0.1333,0.0934,1.4282
4/4,4,____,(lig.) ♩,r,repete,135,3,x_x_,♪ ♪,0.2667,x_x_,♪ ♪,0.4722,17,0.1259,0.073,1.7255
4/4,4,____,(lig.) ♩,r,repete,135,4,____,(lig.) ♩,0.1037,x___,♩,0.8571,12,0.0889,0.1748,0.5084
4/4,4,____,(lig.) ♩,r,repete,135,5,x___,♩,0.4667,x_x_,♪ ♪,0.1111,7,0.0519,0.0532,0.9753
4/4,4,____,(lig.) ♩,r,repete,135,6,..x_,pausa ♪ ♪,0.0296,x___,♩,1,4,0.0296,0.0146,2.0317
4/4,4,____,(lig.) ♩,r,repete,135,7,....,pausa ♩,0.0296,x___,♩,0.75,3,0.0222,0.0551,0.4031
4/4,4,____,(lig.) ♩,r,repete,135,8,xxxx,sc sc sc sc,0.037,x___,♩,0.6,3,0.0222,0.0012,19.1319
4/4,4,____,(lig.) ♩,r,repete,135,9,xxxx,sc sc sc sc,0.037,x_x_,♪ ♪,0.4,2,0.0148,0.0016,9.3667
4/4,4,____,(lig.) ♩,r,repete,135,10,xxx_,sc sc ♪,0.0148,x___,♩,1,2,0.0148,0.001,14.9867
4/4,3,xxxx,sc sc sc sc,s,sobe,58,1,xxxx,sc sc sc sc,0.2414,xxxx,sc sc sc sc,0.7857,11,0.1897,0.0245,7.7319
4/4,3,xxxx,sc sc sc sc,s,sobe,58,2,x_x_,♪ ♪,0.2241,x_x_,♪ ♪,0.7692,10,0.1724,0.2959,0.5828
4/4,3,xxxx,sc sc sc sc,s,sobe,58,3,x___,♩,0.5,x_xx,♪ sc sc,0.2069,6,0.1034,0.0018,57.7269
4/4,3,xxxx,sc sc sc sc,s,sobe,58,4,x___,♩,0.5,x__x,♪. sc,0.1724,5,0.0862,0.0125,6.9152
4/4,3,xxxx,sc sc sc sc,s,sobe,58,5,x___,♩,0.5,xxxx,sc sc sc sc,0.1724,5,0.0862,0.0007,126.4493
4/4,3,xxxx,sc sc sc sc,s,sobe,58,6,x___,♩,0.5,x_x_,♪ ♪,0.1379,4,0.069,0.0906,0.7609
4/4,3,xxxx,sc sc sc sc,s,sobe,58,7,x___,♩,0.5,__xx,(lig.) ♪ sc sc,0.1034,3,0.0517,0.0018,28.2493
4/4,3,xxxx,sc sc sc sc,s,sobe,58,8,x__x,♪. sc,0.0345,x_x_,♪ ♪,1,2,0.0345,0.0171,2.0133
4/4,3,xxxx,sc sc sc sc,s,sobe,58,9,x___,♩,0.5,____,(lig.) ♩,0.069,2,0.0345,0.0473,0.7285
4/4,3,xxxx,sc sc sc sc,s,sobe,58,10,x_x_,♪ ♪,0.2241,xxxx,sc sc sc sc,0.1538,2,0.0345,0.0024,14.1739
4/4,3,....,pausa ♩,s,sobe,119,1,....,pausa ♩,0.5462,x___,♩,0.5538,36,0.3025,0.2731,1.1076
4/4,3,....,pausa ♩,s,sobe,119,2,..x_,pausa ♪ ♪,0.2101,x_x_,♪ ♪,1,25,0.2101,0.1636,1.2841
4/4,3,....,pausa ♩,s,sobe,119,3,....,pausa ♩,0.5462,x_x_,♪ ♪,0.2769,18,0.1513,0.2078,0.728
4/4,3,....,pausa ♩,s,sobe,119,4,x___,♩,0.2269,x___,♩,0.5556,15,0.1261,0.1084,1.1627
4/4,3,....,pausa ♩,s,sobe,119,5,....,pausa ♩,0.5462,....,pausa ♩,0.1385,9,0.0756,0.0382,1.9815
4/4,3,....,pausa ♩,s,sobe,119,6,x___,♩,0.2269,____,(lig.) ♩,0.1481,4,0.0336,0.0249,1.3513
4/4,3,....,pausa ♩,s,sobe,119,7,x___,♩,0.2269,__x_,(lig.) ♪ ♪,0.1481,4,0.0336,0.0161,2.0928
4/4,3,....,pausa ♩,s,sobe,119,8,x___,♩,0.2269,x_x_,♪ ♪,0.1111,3,0.0252,0.0476,0.5293
4/4,3,....,pausa ♩,s,sobe,119,9,....,pausa ♩,0.5462,xxx_,sc sc ♪,0.0154,1,0.0084,0.0002,35.2268
4/4,3,....,pausa ♩,s,sobe,119,10,x_x_,♪ ♪,0.0168,x___,♩,0.5,1,0.0084,0.005,1.6798
4/4,4,....,pausa ♩,s,sobe,668,1,x___,♩,0.509,x___,♩,0.9029,307,0.4596,0.4026,1.1416
4/4,4,....,pausa ♩,s,sobe,668,2,x_x_,♪ ♪,0.3428,x___,♩,0.8035,184,0.2754,0.1906,1.4454
4/4,4,....,pausa ♩,s,sobe,668,3,....,pausa ♩,0.0868,x___,♩,0.8276,48,0.0719,0.057,1.2608
4/4,4,....,pausa ♩,s,sobe,668,4,x_x_,♪ ♪,0.3428,x_x_,♪ ♪,0.1659,38,0.0569,0.149,0.3819
4/4,4,....,pausa ♩,s,sobe,668,5,x__x,♪. sc,0.0464,x___,♩,0.8065,25,0.0374,0.0212,1.7689
4/4,4,....,pausa ♩,s,sobe,668,6,x___,♩,0.509,x_x_,♪ ♪,0.0441,15,0.0225,0.057,0.3943
4/4,4,....,pausa ♩,s,sobe,668,7,x___,♩,0.509,x__x,♪. sc,0.0324,11,0.0165,0.0147,1.1193
4/4,4,....,pausa ♩,s,sobe,668,8,..x_,pausa ♪ ♪,0.0135,x___,♩,1,9,0.0135,0.0098,1.3741
4/4,4,....,pausa ♩,s,sobe,668,9,....,pausa ♩,0.0868,....,pausa ♩,0.1379,8,0.012,0.0026,4.6004
4/4,4,....,pausa ♩,s,sobe,668,10,x_x_,♪ ♪,0.3428,x__x,♪. sc,0.0306,7,0.0105,0.0152,0.6889
4/4,1,xxxx,sc sc sc sc,s,sobe,48,1,x_x_,♪ ♪,0.4375,x_x_,♪ ♪,0.619,13,0.2708,0.2837,0.9546
4/4,1,xxxx,sc sc sc sc,s,sobe,48,2,x___,♩,0.3333,__x_,(lig.) ♪ ♪,0.3125,5,0.1042,0.0412,2.5303
4/4,1,xxxx,sc sc sc sc,s,sobe,48,3,x_x_,♪ ♪,0.4375,x___,♩,0.1905,4,0.0833,0.0505,1.6517
4/4,1,xxxx,sc sc sc sc,s,sobe,48,4,x___,♩,0.3333,x_x_,♪ ♪,0.1875,3,0.0625,0.035,1.7882
4/4,1,xxxx,sc sc sc sc,s,sobe,48,5,x___,♩,0.3333,x__x,♪. sc,0.1875,3,0.0625,0.0076,8.2251
4/4,1,xxxx,sc sc sc sc,s,sobe,48,6,x_x_,♪ ♪,0.4375,xxxx,sc sc sc sc,0.1429,3,0.0625,0.0025,24.612
4/4,1,xxxx,sc sc sc sc,s,sobe,48,7,x___,♩,0.3333,x___,♩,0.1875,3,0.0625,0.1058,0.5905
4/4,1,xxxx,sc sc sc sc,s,sobe,48,8,x_xx,♪ sc sc,0.0417,x___,♩,1,2,0.0417,0.0038,11.1
4/4,1,xxxx,sc sc sc sc,s,sobe,48,9,x__x,♪. sc,0.0417,x__x,♪. sc,0.5,1,0.0208,0.0697,0.2987
4/4,1,xxxx,sc sc sc sc,s,sobe,48,10,xx__,sc ♪.,0.0208,x__x,♪. sc,1,1,0.0208,0.028,0.7438
4/4,2,x__x,♪. sc,r,repete,168,1,x_x_,♪ ♪,0.4226,x___,♩,0.6761,48,0.2857,0.14,2.0403
4/4,2,x__x,♪. sc,r,repete,168,2,x__x,♪. sc,0.369,x___,♩,0.5,31,0.1845,0.2195,0.8407
4/4,2,x__x,♪. sc,r,repete,168,3,x__x,♪. sc,0.369,x__x,♪. sc,0.3065,19,0.1131,0.1958,0.5775
4/4,2,x__x,♪. sc,r,repete,168,4,x_x_,♪ ♪,0.4226,x_x_,♪ ♪,0.2394,17,0.1012,0.1479,0.684
4/4,2,x__x,♪. sc,r,repete,168,5,x___,♩,0.1726,x__x,♪. sc,0.3103,9,0.0536,0.0009,58.1162
4/4,2,x__x,♪. sc,r,repete,168,6,x__x,♪. sc,0.369,xx__,sc ♪.,0.129,8,0.0476,0.0491,0.9697
4/4,2,x__x,♪. sc,r,repete,168,7,x___,♩,0.1726,x___,♩,0.2069,6,0.0357,0.058,0.6158
4/4,2,x__x,♪. sc,r,repete,168,8,x___,♩,0.1726,x_x_,♪ ♪,0.1724,5,0.0298,0.0081,3.656
4/4,2,x__x,♪. sc,r,repete,168,9,x_x_,♪ ♪,0.4226,x__x,♪. sc,0.0704,5,0.0298,0.0077,3.8421
4/4,2,x__x,♪. sc,r,repete,168,10,x__x,♪. sc,0.369,x_x_,♪ ♪,0.0645,4,0.0238,0.0549,0.4339
4/4,3,xxx_,sc sc ♪,d,desce,52,1,x_x_,♪ ♪,0.3077,x_x_,♪ ♪,0.625,10,0.1923,0.2245,0.8565
4/4,3,xxx_,sc sc ♪,d,desce,52,2,x___,♩,0.2115,____,(lig.) ♩,0.8182,9,0.1731,0.0476,3.6364
4/4,3,xxx_,sc sc ♪,d,desce,52,3,x__x,♪. sc,0.1923,x__x,♪. sc,0.3,3,0.0577,0.084,0.6864
4/4,3,xxx_,sc sc ♪,d,desce,52,4,x__x,♪. sc,0.1923,x___,♩,0.3,3,0.0577,0.011,5.2609
4/4,3,xxx_,sc sc ♪,d,desce,52,5,x__x,♪. sc,0.1923,xxx_,sc sc ♪,0.2,2,0.0385,0.0005,76.5758
4/4,3,xxx_,sc sc ♪,d,desce,52,6,x_x_,♪ ♪,0.3077,xxx_,sc sc ♪,0.125,2,0.0385,0.0011,35.1158
4/4,3,xxx_,sc sc ♪,d,desce,52,7,x__x,♪. sc,0.1923,x_x_,♪ ♪,0.2,2,0.0385,0.0407,0.9454
4/4,3,xxx_,sc sc ♪,d,desce,52,8,x_..,♪ pausa ♪,0.0769,x_x_,♪ ♪,0.5,2,0.0385,0.0088,4.3846
4/4,3,xxx_,sc sc ♪,d,desce,52,9,x_..,♪ pausa ♪,0.0769,xxx_,sc sc ♪,0.5,2,0.0385,0.001,37.2692
4/4,3,xxx_,sc sc ♪,d,desce,52,10,x_xx,♪ sc sc,0.0577,x_x_,♪ ♪,0.6667,2,0.0385,0.0189,2.0397
4/4,1,x__x,♪. sc,r,repete,164,1,x___,♩,0.811,__x_,(lig.) ♪ ♪,0.4211,56,0.3415,0.0648,5.2685
4/4,1,x__x,♪. sc,r,repete,164,2,x___,♩,0.811,x__x,♪. sc,0.2331,31,0.189,0.012,15.8007
4/4,1,x__x,♪. sc,r,repete,164,3,x___,♩,0.811,x___,♩,0.2105,28,0.1707,0.1666,1.0246
4/4,1,x__x,♪. sc,r,repete,164,4,x_x_,♪ ♪,0.0915,x_x_,♪ ♪,0.8667,13,0.0793,0.0809,0.98
4/4,1,x__x,♪. sc,r,repete,164,5,x__x,♪. sc,0.0793,x__x,♪. sc,0.6154,8,0.0488,0.1958,0.2492
4/4,1,x__x,♪. sc,r,repete,164,6,x___,♩,0.811,x_x_,♪ ♪,0.0602,8,0.0488,0.055,0.8865
4/4,1,x__x,♪. sc,r,repete,164,7,x___,♩,0.811,____,(lig.) ♩,0.0451,6,0.0366,0.1043,0.3507
4/4,1,x__x,♪. sc,r,repete,164,8,x__x,♪. sc,0.0793,x_x_,♪ ♪,0.3846,5,0.0305,0.1109,0.275
4/4,1,x__x,♪. sc,r,repete,164,9,x_x_,♪ ♪,0.0915,x___,♩,0.1333,2,0.0122,0.0144,0.8478
4/4,1,x__x,♪. sc,r,repete,164,10,x___,♩,0.811,....,pausa ♩,0.015,2,0.0122,0.0043,2.8203
4/4,4,....,pausa ♩,d,desce,1403,1,x___,♩,0.5061,x___,♩,0.9042,642,0.4576,0.4026,1.1367
4/4,4,....,pausa ♩,d,desce,1403,2,x_x_,♪ ♪,0.3507,x___,♩,0.8638,425,0.3029,0.1906,1.5896
4/4,4,....,pausa ♩,d,desce,1403,3,....,pausa ♩,0.0641,x___,♩,0.9222,83,0.0592,0.057,1.038
4/4,4,....,pausa ♩,d,desce,1403,4,x__x,♪. sc,0.0535,x___,♩,0.84,63,0.0449,0.0212,2.1224
4/4,4,....,pausa ♩,d,desce,1403,5,x_x_,♪ ♪,0.3507,x_x_,♪ ♪,0.1138,56,0.0399,0.149,0.2679
4/4,4,....,pausa ♩,d,desce,1403,6,x___,♩,0.5061,x_x_,♪ ♪,0.0732,52,0.0371,0.057,0.6507
4/4,4,....,pausa ♩,d,desce,1403,7,..x_,pausa ♪ ♪,0.0207,x___,♩,0.5862,17,0.0121,0.0098,1.2358
4/4,4,....,pausa ♩,d,desce,1403,8,x___,♩,0.5061,x__x,♪. sc,0.0211,15,0.0107,0.0147,0.7267
4/4,4,....,pausa ♩,d,desce,1403,9,x_x_,♪ ♪,0.3507,x__x,♪. sc,0.0224,11,0.0078,0.0152,0.5155
4/4,4,....,pausa ♩,d,desce,1403,10,..x_,pausa ♪ ♪,0.0207,x_x_,♪ ♪,0.3448,10,0.0071,0.0056,1.2627
4/4,4,....,pausa ♩,r,repete,280,1,x_x_,♪ ♪,0.5357,x___,♩,0.86,129,0.4607,0.1906,2.4176
4/4,4,....,pausa ♩,r,repete,280,2,x___,♩,0.3393,x___,♩,0.8,76,0.2714,0.4026,0.6742
4/4,4,....,pausa ♩,r,repete,280,3,x_x_,♪ ♪,0.5357,x_x_,♪ ♪,0.1333,20,0.0714,0.149,0.4795
4/4,4,....,pausa ♩,r,repete,280,4,x__x,♪. sc,0.0536,x___,♩,0.8667,13,0.0464,0.0212,2.1944
4/4,4,....,pausa ♩,r,repete,280,5,x___,♩,0.3393,x_x_,♪ ♪,0.1158,11,0.0393,0.057,0.6898
4/4,4,....,pausa ♩,r,repete,280,6,....,pausa ♩,0.0429,x___,♩,0.75,9,0.0321,0.057,0.564
4/4,4,....,pausa ♩,r,repete,280,7,..x_,pausa ♪ ♪,0.025,x___,♩,0.7143,5,0.0179,0.0098,1.8213
4/4,4,....,pausa ♩,r,repete,280,8,x___,♩,0.3393,__x_,(lig.) ♪ ♪,0.0316,3,0.0107,0.0024,4.3793
4/4,4,....,pausa ♩,r,repete,280,9,....,pausa ♩,0.0429,....,pausa ♩,0.25,3,0.0107,0.0026,4.1157
4/4,4,....,pausa ♩,r,repete,280,10,x___,♩,0.3393,x__x,♪. sc,0.0316,3,0.0107,0.0147,0.7283
4/4,1,..x_,pausa ♪ ♪,d,desce,162,1,x_x_,♪ ♪,0.3148,x_x_,♪ ♪,0.8235,42,0.2593,0.2353,1.1018
4/4,1,..x_,pausa ♪ ♪,d,desce,162,2,x___,♩,0.5926,__x_,(lig.) ♪ ♪,0.3333,32,0.1975,0.0808,2.4459
4/4,1,..x_,pausa ♪ ♪,d,desce,162,3,x___,♩,0.5926,x___,♩,0.2917,28,0.1728,0.2076,0.8324
4/4,1,..x_,pausa ♪ ♪,d,desce,162,4,x___,♩,0.5926,x_x_,♪ ♪,0.25,24,0.1481,0.0686,2.1606
4/4,1,..x_,pausa ♪ ♪,d,desce,162,5,x__x,♪. sc,0.0741,x_x_,♪ ♪,0.5833,7,0.0432,0.0334,1.2926
4/4,1,..x_,pausa ♪ ♪,d,desce,162,6,x___,♩,0.5926,x__x,♪. sc,0.0521,5,0.0309,0.0149,2.0705
4/4,1,..x_,pausa ♪ ♪,d,desce,162,7,x__x,♪. sc,0.0741,x__x,♪. sc,0.4167,5,0.0309,0.059,0.5228
4/4,1,..x_,pausa ♪ ♪,d,desce,162,8,x_x_,♪ ♪,0.3148,x___,♩,0.098,5,0.0309,0.0418,0.7376
4/4,1,..x_,pausa ♪ ♪,d,desce,162,9,x___,♩,0.5926,____,(lig.) ♩,0.0313,3,0.0185,0.13,0.1425
4/4,1,..x_,pausa ♪ ♪,d,desce,162,10,x___,♩,0.5926,..x_,pausa ♪ ♪,0.0208,2,0.0123,0.001,12.6255
4/4,4,__x_,(lig.) ♪ ♪,s,sobe,70,1,x_x_,♪ ♪,0.5143,x_x_,♪ ♪,0.3889,14,0.2,0.2293,0.8723
4/4,4,__x_,(lig.) ♪ ♪,s,sobe,70,2,x_x_,♪ ♪,0.5143,x___,♩,0.3333,12,0.1714,0.2933,0.5845
4/4,4,__x_,(lig.) ♪ ♪,s,sobe,70,3,x_x_,♪ ♪,0.5143,__x_,(lig.) ♪ ♪,0.1389,5,0.0714,0.0017,41.427
4/4,4,__x_,(lig.) ♪ ♪,s,sobe,70,4,x___,♩,0.1714,____,(lig.) ♩,0.4167,5,0.0714,0.0012,59.4992
4/4,4,__x_,(lig.) ♪ ♪,s,sobe,70,5,x_x_,♪ ♪,0.5143,____,(lig.) ♩,0.1111,4,0.0571,0.0007,82.8541
4/4,4,__x_,(lig.) ♪ ♪,s,sobe,70,6,x___,♩,0.1714,x___,♩,0.25,3,0.0429,0.1266,0.3385
4/4,4,__x_,(lig.) ♪ ♪,s,sobe,70,7,_xxx,(lig.) sc sc sc sc,0.0429,__x_,(lig.) ♪ ♪,1,3,0.0429,0.0164,2.6111
4/4,4,__x_,(lig.) ♪ ♪,s,sobe,70,8,__x_,(lig.) ♪ ♪,0.1,____,(lig.) ♩,0.2857,2,0.0286,0.0004,70.7487
4/4,4,__x_,(lig.) ♪ ♪,s,sobe,70,9,_xx_,(lig.) sc sc ♪,0.0714,____,(lig.) ♩,0.4,2,0.0286,0.005,5.6885
4/4,4,__x_,(lig.) ♪ ♪,s,sobe,70,10,x__x,♪. sc,0.0286,x_x_,♪ ♪,1,2,0.0286,0.0022,13.2465
4/4,4,__x_,(lig.) ♪ ♪,r,repete,49,1,x_x_,♪ ♪,0.551,x___,♩,0.4815,13,0.2653,0.2933,0.9045
4/4,4,__x_,(lig.) ♪ ♪,r,repete,49,2,x_x_,♪ ♪,0.551,x_x_,♪ ♪,0.4074,11,0.2245,0.2293,0.9791
4/4,4,__x_,(lig.) ♪ ♪,r,repete,49,3,__x_,(lig.) ♪ ♪,0.1429,x_x_,♪ ♪,0.8571,6,0.1224,0.0334,3.6678
4/4,4,__x_,(lig.) ♪ ♪,r,repete,49,4,_xxx,(lig.) sc sc sc sc,0.0612,__x_,(lig.) ♪ ♪,1,3,0.0612,0.0164,3.7302
4/4,4,__x_,(lig.) ♪ ♪,r,repete,49,5,x_xx,♪ sc sc,0.0408,__x_,(lig.) ♪ ♪,1,2,0.0408,0.0006,72.1786
4/4,4,__x_,(lig.) ♪ ♪,r,repete,49,6,x___,♩,0.0816,x_x_,♪ ♪,0.5,2,0.0408,0.0179,2.2783
4/4,4,__x_,(lig.) ♪ ♪,r,repete,49,7,__xx,(lig.) ♪ sc sc,0.0612,__xx,(lig.) ♪ sc sc,0.6667,2,0.0408,0.0026,15.9864
4/4,4,__x_,(lig.) ♪ ♪,r,repete,49,8,__xx,(lig.) ♪ sc sc,0.0612,x_x_,♪ ♪,0.3333,1,0.0204,0.0071,2.8864
4/4,4,__x_,(lig.) ♪ ♪,r,repete,49,9,x_x_,♪ ♪,0.551,x_xx,♪ sc sc,0.037,1,0.0204,0.0035,5.7895
4/4,4,__x_,(lig.) ♪ ♪,r,repete,49,10,_xx_,(lig.) sc sc ♪,0.0408,_xx_,(lig.) sc sc ♪,0.5,1,0.0204,0.022,0.9287
4/4,1,....,pausa ♩,r,repete,92,1,x___,♩,0.7717,__x_,(lig.) ♪ ♪,0.3521,25,0.2717,0.132,2.0582
4/4,1,....,pausa ♩,r,repete,92,2,x___,♩,0.7717,x___,♩,0.2817,20,0.2174,0.3395,0.6404
4/4,1,....,pausa ♩,r,repete,92,3,x___,♩,0.7717,x_x_,♪ ♪,0.1549,11,0.1196,0.1121,1.0666
4/4,1,....,pausa ♩,r,repete,92,4,x_x_,♪ ♪,0.1522,x_x_,♪ ♪,0.6429,9,0.0978,0.0785,1.2464
4/4,1,....,pausa ♩,r,repete,92,5,x___,♩,0.7717,____,(lig.) ♩,0.1268,9,0.0978,0.2125,0.4603
4/4,1,....,pausa ♩,r,repete,92,6,x___,♩,0.7717,x__x,♪. sc,0.0704,5,0.0543,0.0244,2.2301
4/4,1,....,pausa ♩,r,repete,92,7,....,pausa ♩,0.0543,x___,♩,0.8,4,0.0435,0.0261,1.6629
4/4,1,....,pausa ♩,r,repete,92,8,x_x_,♪ ♪,0.1522,....,pausa ♩,0.1429,2,0.0217,0,526.0697
4/4,1,....,pausa ♩,r,repete,92,9,x_x_,♪ ♪,0.1522,x___,♩,0.1429,2,0.0217,0.014,1.5576
4/4,1,....,pausa ♩,r,repete,92,10,....,pausa ♩,0.0543,....,pausa ♩,0.2,1,0.0109,0.0097,1.1224
4/4,2,__x_,(lig.) ♪ ♪,r,repete,45,1,x_x_,♪ ♪,0.3111,__x_,(lig.) ♪ ♪,0.5,7,0.1556,0.0013,121.6487
4/4,2,__x_,(lig.) ♪ ♪,r,repete,45,2,_xx_,(lig.) sc sc ♪,0.4444,__x_,(lig.) ♪ ♪,0.3,6,0.1333,0.0304,4.3815
4/4,2,__x_,(lig.) ♪ ♪,r,repete,45,3,x_x_,♪ ♪,0.3111,x_x_,♪ ♪,0.3571,5,0.1111,0.1368,0.8125
4/4,2,__x_,(lig.) ♪ ♪,r,repete,45,4,_xx_,(lig.) sc sc ♪,0.4444,_xx_,(lig.) sc sc ♪,0.25,5,0.1111,0.0837,1.3277
4/4,2,__x_,(lig.) ♪ ♪,r,repete,45,5,_xx_,(lig.) sc sc ♪,0.4444,____,(lig.) ♩,0.15,3,0.0667,0.0095,7.0104
4/4,2,__x_,(lig.) ♪ ♪,r,repete,45,6,_xx_,(lig.) sc sc ♪,0.4444,__..,(lig.) ♪ pausa ♪,0.15,3,0.0667,0.0057,11.684
4/4,2,__x_,(lig.) ♪ ♪,r,repete,45,7,__x_,(lig.) ♪ ♪,0.1111,x_x_,♪ ♪,0.6,3,0.0667,0.0326,2.0446
4/4,2,__x_,(lig.) ♪ ♪,r,repete,45,8,__x_,(lig.) ♪ ♪,0.1111,__x_,(lig.) ♪ ♪,0.4,2,0.0444,0.0005,90.1241
4/4,2,__x_,(lig.) ♪ ♪,r,repete,45,9,x___,♩,0.0667,x___,♩,0.6667,2,0.0444,0.2261,0.1966
4/4,2,__x_,(lig.) ♪ ♪,r,repete,45,10,_xxx,(lig.) sc sc sc sc,0.0444,__x_,(lig.) ♪ ♪,1,2,0.0444,0.0146,3.0465
4/4,2,x_xx,♪ sc sc,r,repete,32,1,x_x_,♪ ♪,0.6563,x_xx,♪ sc sc,0.2857,6,0.1875,0.0017,108.3487
4/4,2,x_xx,♪ sc sc,r,repete,32,2,x_x_,♪ ♪,0.6563,x___,♩,0.2381,5,0.1563,0.1889,0.827
4/4,2,x_xx,♪ sc sc,r,repete,32,3,x_x_,♪ ♪,0.6563,x__x,♪. sc,0.1905,4,0.125,0.0105,11.9606
4/4,2,x_xx,♪ sc sc,r,repete,32,4,x_xx,♪ sc sc,0.1875,x_xx,♪ sc sc,0.6667,4,0.125,0.0169,7.4055
4/4,2,x_xx,♪ sc sc,r,repete,32,5,x_x_,♪ ♪,0.6563,__x_,(lig.) ♪ ♪,0.1429,3,0.0938,0.0019,50.2344
4/4,2,x_xx,♪ sc sc,r,repete,32,6,x_x_,♪ ♪,0.6563,x_x_,♪ ♪,0.0952,2,0.0625,0.1996,0.3131
4/4,2,x_xx,♪ sc sc,r,repete,32,7,x__x,♪. sc,0.0625,x__x,♪. sc,1,2,0.0625,0.0222,2.8195
4/4,2,x_xx,♪ sc sc,r,repete,32,8,xxx_,sc sc ♪,0.0625,x__x,♪. sc,1,2,0.0625,0.0067,9.3201
4/4,2,x_xx,♪ sc sc,r,repete,32,9,x_xx,♪ sc sc,0.1875,x___,♩,0.3333,2,0.0625,0.0675,0.9257
4/4,2,x_xx,♪ sc sc,r,repete,32,10,x_x_,♪ ♪,0.6563,____,(lig.) ♩,0.0476,1,0.0313,0.0007,46.0482
4/4,3,x_xx,♪ sc sc,r,repete,30,1,x_x_,♪ ♪,0.3667,__x_,(lig.) ♪ ♪,0.4545,5,0.1667,0.0036,46.8114
4/4,3,x_xx,♪ sc sc,r,repete,30,2,x___,♩,0.3,x___,♩,0.5556,5,0.1667,0.1563,1.0664
4/4,3,x_xx,♪ sc sc,r,repete,30,3,x_xx,♪ sc sc,0.2,x_xx,♪ sc sc,0.5,3,0.1,0.0055,18.2827
4/4,3,x_xx,♪ sc sc,r,repete,30,4,x_xx,♪ sc sc,0.2,x___,♩,0.3333,2,0.0667,0.0164,4.0628
4/4,3,x_xx,♪ sc sc,r,repete,30,5,x___,♩,0.3,____,(lig.) ♩,0.2222,2,0.0667,0.0359,1.8591
4/4,3,x_xx,♪ sc sc,r,repete,30,6,xxxx,sc sc sc sc,0.1,xxxx,sc sc sc sc,0.6667,2,0.0667,0.0107,6.2236
4/4,3,x_xx,♪ sc sc,r,repete,30,7,x_x_,♪ ♪,0.3667,x_x_,♪ ♪,0.0909,1,0.0333,0.3275,0.1018
4/4,3,x_xx,♪ sc sc,r,repete,30,8,x_x_,♪ ♪,0.3667,xxx_,sc sc ♪,0.0909,1,0.0333,0.0016,20.8645
4/4,3,x_xx,♪ sc sc,r,repete,30,9,x_x_,♪ ♪,0.3667,_xx_,(lig.) sc sc ♪,0.0909,1,0.0333,0.0006,56.1737
4/4,3,x_xx,♪ sc sc,r,repete,30,10,xxxx,sc sc sc sc,0.1,x_xx,♪ sc sc,0.3333,1,0.0333,0.0017,19.708
4/4,3,__xx,(lig.) ♪ sc sc,s,sobe,47,1,x_x_,♪ ♪,0.1702,x_x_,♪ ♪,1,8,0.1702,0.1363,1.2489
4/4,3,__xx,(lig.) ♪ sc sc,s,sobe,47,2,x___,♩,0.5532,____,(lig.) ♩,0.3077,8,0.1702,0.065,2.6204
4/4,3,__xx,(lig.) ♪ sc sc,s,sobe,47,3,x___,♩,0.5532,x___,♩,0.2308,6,0.1277,0.2831,0.4509
4/4,3,__xx,(lig.) ♪ sc sc,s,sobe,47,4,x___,♩,0.5532,__x_,(lig.) ♪ ♪,0.1923,5,0.1064,0.0419,2.5365
4/4,3,__xx,(lig.) ♪ sc sc,s,sobe,47,5,__xx,(lig.) ♪ sc sc,0.0851,__xx,(lig.) ♪ sc sc,1,4,0.0851,0.0211,4.0372
4/4,3,__xx,(lig.) ♪ sc sc,s,sobe,47,6,x___,♩,0.5532,__xx,(lig.) ♪ sc sc,0.0769,2,0.0426,0.0025,16.9351
4/4,3,__xx,(lig.) ♪ sc sc,s,sobe,47,7,x___,♩,0.5532,x_x_,♪ ♪,0.0769,2,0.0426,0.1244,0.3421
4/4,3,__xx,(lig.) ♪ sc sc,s,sobe,47,8,x_xx,♪ sc sc,0.0638,x_x_,♪ ♪,0.6667,2,0.0426,0.0145,2.9396
4/4,3,__xx,(lig.) ♪ sc sc,s,sobe,47,9,x__x,♪. sc,0.0426,x_x_,♪ ♪,1,2,0.0426,0.0199,2.1411
4/4,3,__xx,(lig.) ♪ sc sc,s,sobe,47,10,__x_,(lig.) ♪ ♪,0.0426,__x_,(lig.) ♪ ♪,1,2,0.0426,0.0035,12.2222
4/4,1,..x_,pausa ♪ ♪,r,repete,214,1,x_x_,♪ ♪,0.2664,x_x_,♪ ♪,0.9298,53,0.2477,0.2353,1.0525
4/4,1,..x_,pausa ♪ ♪,r,repete,214,2,x___,♩,0.6449,x_x_,♪ ♪,0.3623,50,0.2336,0.0686,3.4075
4/4,1,..x_,pausa ♪ ♪,r,repete,214,3,x___,♩,0.6449,x___,♩,0.2899,40,0.1869,0.2076,0.9002
4/4,1,..x_,pausa ♪ ♪,r,repete,214,4,x___,♩,0.6449,__x_,(lig.) ♪ ♪,0.2464,34,0.1589,0.0808,1.9673
4/4,1,..x_,pausa ♪ ♪,r,repete,214,5,x__x,♪. sc,0.0841,x__x,♪. sc,0.6111,11,0.0514,0.059,0.8708
4/4,1,..x_,pausa ♪ ♪,r,repete,214,6,x__x,♪. sc,0.0841,x_x_,♪ ♪,0.3333,6,0.028,0.0334,0.8387
4/4,1,..x_,pausa ♪ ♪,r,repete,214,7,x___,♩,0.6449,x__x,♪. sc,0.0435,6,0.028,0.0149,1.8808
4/4,1,..x_,pausa ♪ ♪,r,repete,214,8,x___,♩,0.6449,____,(lig.) ♩,0.0362,5,0.0234,0.13,0.1797
4/4,1,..x_,pausa ♪ ♪,r,repete,214,9,x_x_,♪ ♪,0.2664,x___,♩,0.0526,3,0.014,0.0418,0.335
4/4,1,..x_,pausa ♪ ♪,r,repete,214,10,x___,♩,0.6449,..x_,pausa ♪ ♪,0.0145,2,0.0093,0.001,9.5577
4/4,1,xxx_,sc sc ♪,d,desce,40,1,x___,♩,0.225,____,(lig.) ♩,0.6667,6,0.15,0.0564,2.6599
4/4,1,xxx_,sc sc ♪,d,desce,40,2,x_x_,♪ ♪,0.175,xxx_,sc sc ♪,0.4286,3,0.075,0.0016,47.389
4/4,1,xxx_,sc sc ♪,d,desce,40,3,__x_,(lig.) ♪ ♪,0.075,_xx_,(lig.) sc sc ♪,0.6667,2,0.05,0.0085,5.915
4/4,1,xxx_,sc sc ♪,d,desce,40,4,x__x,♪. sc,0.1,xxx_,sc sc ♪,0.5,2,0.05,0.0013,39.065
4/4,1,xxx_,sc sc ♪,d,desce,40,5,xxx_,sc sc ♪,0.15,x__x,♪. sc,0.3333,2,0.05,0.0155,3.2164
4/4,1,xxx_,sc sc ♪,d,desce,40,6,x_x_,♪ ♪,0.175,x_x_,♪ ♪,0.2857,2,0.05,0.2796,0.1788
4/4,1,xxx_,sc sc ♪,d,desce,40,7,x_..,♪ pausa ♪,0.1,xxx_,sc sc ♪,0.5,2,0.05,0.0027,18.2812
4/4,1,xxx_,sc sc ♪,d,desce,40,8,x_..,♪ pausa ♪,0.1,x_x_,♪ ♪,0.5,2,0.05,0.0055,9.1406
4/4,1,xxx_,sc sc ♪,d,desce,40,9,xxx_,sc sc ♪,0.15,____,(lig.) ♩,0.3333,2,0.05,0.0016,31.0917
4/4,1,xxx_,sc sc ♪,d,desce,40,10,x___,♩,0.225,x___,♩,0.2222,2,0.05,0.0901,0.5551
4/4,2,....,pausa ♩,d,desce,94,1,x___,♩,0.7021,x___,♩,0.9545,63,0.6702,0.5208,1.2869
4/4,2,....,pausa ♩,d,desce,94,2,....,pausa ♩,0.2234,x___,♩,0.5238,11,0.117,0.0548,2.1339
4/4,2,....,pausa ♩,d,desce,94,3,....,pausa ♩,0.2234,....,pausa ♩,0.381,8,0.0851,0.142,0.5994
4/4,2,....,pausa ♩,d,desce,94,4,x_x_,♪ ♪,0.0532,x___,♩,0.8,4,0.0426,0.0172,2.4732
4/4,2,....,pausa ♩,d,desce,94,5,x___,♩,0.7021,x_x_,♪ ♪,0.0455,3,0.0319,0.0731,0.4366
4/4,2,....,pausa ♩,d,desce,94,6,xxx_,sc sc ♪,0.0106,x_..,♪ pausa ♪,1,1,0.0106,0.0003,31.9362
4/4,2,....,pausa ♩,d,desce,94,7,..x_,pausa ♪ ♪,0.0106,x_x_,♪ ♪,1,1,0.0106,0.0033,3.2254
4/4,2,....,pausa ♩,d,desce,94,8,....,pausa ♩,0.2234,..x_,pausa ♪ ♪,0.0476,1,0.0106,0.0443,0.24
4/4,2,....,pausa ♩,d,desce,94,9,....,pausa ♩,0.2234,x_x_,♪ ♪,0.0476,1,0.0106,0.009,1.1801
4/4,2,....,pausa ♩,d,desce,94,10,x_x_,♪ ♪,0.0532,x_x_,♪ ♪,0.2,1,0.0106,0.0182,0.5853
4/4,3,....,pausa ♩,d,desce,200,1,....,pausa ♩,0.575,x___,♩,0.4174,48,0.24,0.2731,0.8787
4/4,3,....,pausa ♩,d,desce,200,2,....,pausa ♩,0.575,x_x_,♪ ♪,0.4174,48,0.24,0.2078,1.1551
4/4,3,....,pausa ♩,d,desce,200,3,..x_,pausa ♪ ♪,0.16,x_x_,♪ ♪,0.9375,30,0.15,0.1636,0.9169
4/4,3,....,pausa ♩,d,desce,200,4,x___,♩,0.205,x___,♩,0.439,18,0.09,0.1084,0.8301
4/4,3,....,pausa ♩,d,desce,200,5,....,pausa ♩,0.575,....,pausa ♩,0.0696,8,0.04,0.0382,1.048
4/4,3,....,pausa ♩,d,desce,200,6,x___,♩,0.205,____,(lig.) ♩,0.1951,8,0.04,0.0249,1.608
4/4,3,....,pausa ♩,d,desce,200,7,x___,♩,0.205,__x_,(lig.) ♪ ♪,0.1707,7,0.035,0.0161,2.1792
4/4,3,....,pausa ♩,d,desce,200,8,....,pausa ♩,0.575,x__x,♪. sc,0.0609,7,0.035,0.0289,1.2126
4/4,3,....,pausa ♩,d,desce,200,9,x_x_,♪ ♪,0.04,x_x_,♪ ♪,0.625,5,0.025,0.0283,0.8846
4/4,3,....,pausa ♩,d,desce,200,10,x___,♩,0.205,x_x_,♪ ♪,0.122,5,0.025,0.0476,0.5249
4/4,2,__x_,(lig.) ♪ ♪,s,sobe,45,1,x_x_,♪ ♪,0.2889,x_x_,♪ ♪,0.7692,10,0.2222,0.1368,1.625
4/4,2,__x_,(lig.) ♪ ♪,s,sobe,45,2,x___,♩,0.2889,x___,♩,0.5385,7,0.1556,0.2261,0.6881
4/4,2,__x_,(lig.) ♪ ♪,s,sobe,45,3,_xx_,(lig.) sc sc ♪,0.1556,x_x_,♪ ♪,0.5714,4,0.0889,0.0399,2.2255
4/4,2,__x_,(lig.) ♪ ♪,s,sobe,45,4,_xxx,(lig.) sc sc sc sc,0.0889,__x_,(lig.) ♪ ♪,1,4,0.0889,0.0146,6.0929
4/4,2,__x_,(lig.) ♪ ♪,s,sobe,45,5,x_xx,♪ sc sc,0.0667,__..,(lig.) ♪ pausa ♪,0.6667,2,0.0444,0.0002,181.3259
4/4,2,__x_,(lig.) ♪ ♪,s,sobe,45,6,x_x_,♪ ♪,0.2889,__x_,(lig.) ♪ ♪,0.1538,2,0.0444,0.0013,34.7568
4/4,2,__x_,(lig.) ♪ ♪,s,sobe,45,7,_xx_,(lig.) sc sc ♪,0.1556,__x_,(lig.) ♪ ♪,0.2857,2,0.0444,0.0304,1.4605
4/4,2,__x_,(lig.) ♪ ♪,s,sobe,45,8,x___,♩,0.2889,____,(lig.) ♩,0.1538,2,0.0444,0.0074,5.983
4/4,2,__x_,(lig.) ♪ ♪,s,sobe,45,9,x___,♩,0.2889,x_x_,♪ ♪,0.1538,2,0.0444,0.0317,1.4008
4/4,2,__x_,(lig.) ♪ ♪,s,sobe,45,10,x_..,♪ pausa ♪,0.0444,x_x_,♪ ♪,1,2,0.0444,0.0017,25.8844
4/4,2,____,(lig.) ♩,d,desce,61,1,____,(lig.) ♩,0.2459,____,(lig.) ♩,0.8,12,0.1967,0.04,4.9235
4/4,2,____,(lig.) ♩,d,desce,61,2,x___,♩,0.3115,x___,♩,0.4737,9,0.1475,0.3272,0.451
4/4,2,____,(lig.) ♩,d,desce,61,3,x___,♩,0.3115,____,(lig.) ♩,0.3158,6,0.0984,0.0108,9.1489
4/4,2,____,(lig.) ♩,d,desce,61,4,x_x_,♪ ♪,0.1803,x___,♩,0.4545,5,0.082,0.056,1.4645
4/4,2,____,(lig.) ♩,d,desce,61,5,....,pausa ♩,0.082,x___,♩,0.8,4,0.0656,0.0229,2.859
4/4,2,____,(lig.) ♩,d,desce,61,6,__..,(lig.) ♪ pausa ♪,0.0656,x_x_,♪ ♪,0.75,3,0.0492,0.009,5.4344
4/4,2,____,(lig.) ♩,d,desce,61,7,__x_,(lig.) ♪ ♪,0.0656,__x_,(lig.) ♪ ♪,0.5,2,0.0328,0.0002,136.623
4/4,2,____,(lig.) ♩,d,desce,61,8,x_x_,♪ ♪,0.1803,x_x_,♪ ♪,0.1818,2,0.0328,0.0591,0.5545
4/4,2,____,(lig.) ♩,d,desce,61,9,x___,♩,0.3115,....,pausa ♩,0.1053,2,0.0328,0.0239,1.3703
4/4,2,____,(lig.) ♩,d,desce,61,10,x_x_,♪ ♪,0.1803,__x_,(lig.) ♪ ♪,0.1818,2,0.0328,0.0006,59.304
4/4,2,____,(lig.) ♩,s,sobe,85,1,x___,♩,0.5412,x___,♩,0.6522,30,0.3529,0.3272,1.0788
4/4,2,____,(lig.) ♩,s,sobe,85,2,....,pausa ♩,0.1412,x___,♩,0.6667,8,0.0941,0.0229,4.1035
4/4,2,____,(lig.) ♩,s,sobe,85,3,x___,♩,0.5412,____,(lig.) ♩,0.1739,8,0.0941,0.0108,8.7542
4/4,2,____,(lig.) ♩,s,sobe,85,4,____,(lig.) ♩,0.1647,____,(lig.) ♩,0.4286,6,0.0706,0.04,1.7667
4/4,2,____,(lig.) ♩,s,sobe,85,5,____,(lig.) ♩,0.1647,__x_,(lig.) ♪ ♪,0.3571,5,0.0588,0.0009,65.1464
4/4,2,____,(lig.) ♩,s,sobe,85,6,x_x_,♪ ♪,0.0941,x_x_,♪ ♪,0.5,4,0.0471,0.0591,0.7959
4/4,2,____,(lig.) ♩,s,sobe,85,7,x___,♩,0.5412,x_x_,♪ ♪,0.087,4,0.0471,0.0459,1.0248
4/4,2,____,(lig.) ♩,s,sobe,85,8,....,pausa ♩,0.1412,....,pausa ♩,0.25,3,0.0353,0.0594,0.5944
4/4,2,____,(lig.) ♩,s,sobe,85,9,x_x_,♪ ♪,0.0941,_xx_,(lig.) sc sc ♪,0.25,2,0.0235,0.0003,83.5986
4/4,2,____,(lig.) ♩,s,sobe,85,10,__x_,(lig.) ♪ ♪,0.0471,x_x_,♪ ♪,0.5,2,0.0235,0.0159,1.4829
4/4,1,....,pausa ♩,s,sobe,176,1,x___,♩,0.8068,x___,♩,0.3662,52,0.2955,0.3395,0.8704
4/4,1,....,pausa ♩,s,sobe,176,2,x___,♩,0.8068,__x_,(lig.) ♪ ♪,0.3028,43,0.2443,0.132,1.8505
4/4,1,....,pausa ♩,s,sobe,176,3,x___,♩,0.8068,____,(lig.) ♩,0.162,23,0.1307,0.2125,0.6149
4/4,1,....,pausa ♩,s,sobe,176,4,x___,♩,0.8068,x_x_,♪ ♪,0.1338,19,0.108,0.1121,0.963
4/4,1,....,pausa ♩,s,sobe,176,5,x_x_,♪ ♪,0.1023,x_x_,♪ ♪,0.7222,13,0.0739,0.0785,0.9411
4/4,1,....,pausa ♩,s,sobe,176,6,....,pausa ♩,0.0568,....,pausa ♩,0.6,6,0.0341,0.0097,3.5204
4/4,1,....,pausa ♩,s,sobe,176,7,x_x_,♪ ♪,0.1023,x___,♩,0.2222,4,0.0227,0.014,1.6284
4/4,1,....,pausa ♩,s,sobe,176,8,x___,♩,0.8068,x__x,♪. sc,0.0211,3,0.017,0.0244,0.6994
4/4,1,....,pausa ♩,s,sobe,176,9,xxxx,sc sc sc sc,0.017,x_x_,♪ ♪,1,3,0.017,0.0014,12.5812
4/4,1,....,pausa ♩,s,sobe,176,10,....,pausa ♩,0.0568,x___,♩,0.2,2,0.0114,0.0261,0.4346
4/4,3,__xx,(lig.) ♪ sc sc,d,desce,41,1,x___,♩,0.5854,x___,♩,0.6667,16,0.3902,0.2831,1.3784
4/4,3,__xx,(lig.) ♪ sc sc,d,desce,41,2,x_x_,♪ ♪,0.1707,x_x_,♪ ♪,0.7143,5,0.122,0.1363,0.8948
4/4,3,__xx,(lig.) ♪ sc sc,d,desce,41,3,x___,♩,0.5854,x_x_,♪ ♪,0.1667,4,0.0976,0.1244,0.7844
4/4,3,__xx,(lig.) ♪ sc sc,d,desce,41,4,x__x,♪. sc,0.122,x__x,♪. sc,0.6,3,0.0732,0.0411,1.7821
4/4,3,__xx,(lig.) ♪ sc sc,d,desce,41,5,x__x,♪. sc,0.122,x_x_,♪ ♪,0.4,2,0.0488,0.0199,2.4544
4/4,3,__xx,(lig.) ♪ sc sc,d,desce,41,6,x_x_,♪ ♪,0.1707,xxxx,sc sc sc sc,0.1429,1,0.0244,0.0011,21.763
4/4,3,__xx,(lig.) ♪ sc sc,d,desce,41,7,x___,♩,0.5854,x__x,♪. sc,0.0417,1,0.0244,0.0171,1.4257
4/4,3,__xx,(lig.) ♪ sc sc,d,desce,41,8,x_x_,♪ ♪,0.1707,x_xx,♪ sc sc,0.1429,1,0.0244,0.0025,9.9536
4/4,3,__xx,(lig.) ♪ sc sc,d,desce,41,9,xxxx,sc sc sc sc,0.0244,xxx_,sc sc ♪,1,1,0.0244,0.0001,169.8293
4/4,3,__xx,(lig.) ♪ sc sc,d,desce,41,10,x___,♩,0.5854,__x_,(lig.) ♪ ♪,0.0417,1,0.0244,0.0419,0.5815
4/4,3,____,(lig.) ♩,0,—,69,1,x___,♩,0.913,x___,♩,0.4921,31,0.4493,0.2399,1.8727
4/4,3,____,(lig.) ♩,0,—,69,2,x___,♩,0.913,____,(lig.) ♩,0.3651,23,0.3333,0.055,6.0557
4/4,3,____,(lig.) ♩,0,—,69,3,x___,♩,0.913,__x_,(lig.) ♪ ♪,0.0794,5,0.0725,0.0355,2.0389
4/4,3,____,(lig.) ♩,0,—,69,4,x___,♩,0.913,x_x_,♪ ♪,0.0476,3,0.0435,0.1054,0.4125
4/4,3,____,(lig.) ♩,0,—,69,5,____,(lig.) ♩,0.0725,x___,♩,0.6,3,0.0435,0.0835,0.521
4/4,3,____,(lig.) ♩,0,—,69,6,____,(lig.) ♩,0.0725,____,(lig.) ♩,0.4,2,0.029,0.0389,0.7457
4/4,3,____,(lig.) ♩,0,—,69,7,x_x_,♪ ♪,0.0145,x_x_,♪ ♪,1,1,0.0145,0.0235,0.6177
4/4,3,____,(lig.) ♩,0,—,69,8,x___,♩,0.913,xx__,sc ♪.,0.0159,1,0.0145,0.0002,71.0883
4/4,3,xx..,sc sc pausa ♪,s,sobe,32,1,xxxx,sc sc sc sc,0.9688,xx..,sc sc pausa ♪,1,31,0.9688,0.1425,6.7998
4/4,3,xx..,sc sc pausa ♪,s,sobe,32,2,xx..,sc sc pausa ♪,0.0313,x___,♩,1,1,0.0313,0.0606,0.5156
4/4,1,xx..,sc sc pausa ♪,s,sobe,31,1,xxxx,sc sc sc sc,1,xx..,sc sc pausa ♪,0.9677,30,0.9677,0.1171,8.2629
4/4,1,xx..,sc sc pausa ♪,s,sobe,31,2,xxxx,sc sc sc sc,1,xxxx,sc sc sc sc,0.0323,1,0.0323,0.2758,0.117
4/4,4,..x_,pausa ♪ ♪,0,—,98,1,x_x_,♪ ♪,0.9184,x___,♩,0.9556,86,0.8776,0.4807,1.8257
4/4,4,..x_,pausa ♪ ♪,0,—,98,2,x__x,♪. sc,0.0714,x___,♩,1,7,0.0714,0.0192,3.7126
4/4,4,..x_,pausa ♪ ♪,0,—,98,3,x_x_,♪ ♪,0.9184,x_x_,♪ ♪,0.0333,3,0.0306,0.3758,0.0815
4/4,4,..x_,pausa ♪ ♪,0,—,98,4,x_xx,♪ sc sc,0.0102,x___,♩,1,1,0.0102,0.0025,4.1016
4/4,4,..x_,pausa ♪ ♪,0,—,98,5,x_x_,♪ ♪,0.9184,x__x,♪. sc,0.0111,1,0.0102,0.0384,0.266
4/4,4,..x_,pausa ♪ ♪,s,sobe,181,1,x_x_,♪ ♪,0.9448,x___,♩,0.8363,143,0.7901,0.4807,1.6436
4/4,4,..x_,pausa ♪ ♪,s,sobe,181,2,x_x_,♪ ♪,0.9448,x_x_,♪ ♪,0.1462,25,0.1381,0.3758,0.3676
4/4,4,..x_,pausa ♪ ♪,s,sobe,181,3,x__x,♪. sc,0.0387,x___,♩,0.8571,6,0.0331,0.0192,1.723
4/4,4,..x_,pausa ♪ ♪,s,sobe,181,4,x_x_,♪ ♪,0.9448,x__x,♪. sc,0.0117,2,0.011,0.0384,0.288
4/4,4,..x_,pausa ♪ ♪,s,sobe,181,5,xxx_,sc sc ♪,0.0055,x_x_,♪ ♪,1,1,0.0055,0.0005,10.1061
4/4,4,..x_,pausa ♪ ♪,s,sobe,181,6,x_xx,♪ sc sc,0.0055,x___,♩,1,1,0.0055,0.0025,2.2208
4/4,4,..x_,pausa ♪ ♪,s,sobe,181,7,x_x_,♪ ♪,0.9448,xxxx,sc sc sc sc,0.0058,1,0.0055,0.0051,1.0862
4/4,4,..x_,pausa ♪ ♪,s,sobe,181,8,x___,♩,0.0055,x_x_,♪ ♪,1,1,0.0055,0.0004,15.1414
4/4,4,..x_,pausa ♪ ♪,s,sobe,181,9,x__x,♪. sc,0.0387,x_x_,♪ ♪,0.1429,1,0.0055,0.0047,1.1645
4/4,4,..x_,pausa ♪ ♪,r,repete,220,1,x_x_,♪ ♪,0.9364,x___,♩,0.8252,170,0.7727,0.4807,1.6076
4/4,4,..x_,pausa ♪ ♪,r,repete,220,2,x_x_,♪ ♪,0.9364,x_x_,♪ ♪,0.1456,30,0.1364,0.3758,0.3629
4/4,4,..x_,pausa ♪ ♪,r,repete,220,3,x__x,♪. sc,0.0455,x___,♩,0.8,8,0.0364,0.0192,1.8901
4/4,4,..x_,pausa ♪ ♪,r,repete,220,4,x_x_,♪ ♪,0.9364,x__x,♪. sc,0.0291,6,0.0273,0.0384,0.7109
4/4,4,..x_,pausa ♪ ♪,r,repete,220,5,x__x,♪. sc,0.0455,x_x_,♪ ♪,0.2,2,0.0091,0.0047,1.9161
4/4,4,..x_,pausa ♪ ♪,r,repete,220,6,xxxx,sc sc sc sc,0.0091,x___,♩,1,2,0.0091,0.0008,11.1586
4/4,4,..x_,pausa ♪ ♪,r,repete,220,7,x___,♩,0.0045,__x_,(lig.) ♪ ♪,1,1,0.0045,0,290.0039
4/4,4,..x_,pausa ♪ ♪,r,repete,220,8,__x_,(lig.) ♪ ♪,0.0045,__xx,(lig.) ♪ sc sc,1,1,0.0045,0,4973.5773
4/4,1,x_..,♪ pausa ♪,r,repete,32,1,x_x_,♪ ♪,0.7188,x_x_,♪ ♪,0.9565,22,0.6875,0.491,1.4001
4/4,1,x_..,♪ pausa ♪,r,repete,32,2,x___,♩,0.1875,x_x_,♪ ♪,0.6667,4,0.125,0.0371,3.3721
4/4,1,x_..,♪ pausa ♪,r,repete,32,3,x___,♩,0.1875,____,(lig.) ♩,0.3333,2,0.0625,0.0703,0.8894
4/4,1,x_..,♪ pausa ♪,r,repete,32,4,xxx_,sc sc ♪,0.0625,x_x_,♪ ♪,1,2,0.0625,0.0147,4.2552
4/4,1,x_..,♪ pausa ♪,r,repete,32,5,x_x_,♪ ♪,0.7188,____,(lig.) ♩,0.0435,1,0.0313,0.002,15.5964
4/4,1,x_..,♪ pausa ♪,r,repete,32,6,x_..,♪ pausa ♪,0.0313,x_..,♪ pausa ♪,1,1,0.0313,0.0068,4.6165
3/8,1,x_x_x_,♪ ♪ ♪,s,sobe,594,1,x_x_x_,♪ ♪ ♪,0.4327,x_x_x_,♪ ♪ ♪,0.428,110,0.1852,0.1754,1.0558
3/8,1,x_x_x_,♪ ♪ ♪,s,sobe,594,2,x_x_x_,♪ ♪ ♪,0.4327,x___x_,♩ ♪,0.2685,69,0.1162,0.0854,1.36
3/8,1,x_x_x_,♪ ♪ ♪,s,sobe,594,3,x___x_,♩ ♪,0.2256,x___x_,♩ ♪,0.3881,52,0.0875,0.0769,1.1378
3/8,1,x_x_x_,♪ ♪ ♪,s,sobe,594,4,x___x_,♩ ♪,0.2256,x_x_x_,♪ ♪ ♪,0.3209,43,0.0724,0.0705,1.0267
3/8,1,x_x_x_,♪ ♪ ♪,s,sobe,594,5,x_____,♩.,0.0791,x_x_x_,♪ ♪ ♪,0.4255,20,0.0337,0.0183,1.8355
3/8,1,x_x_x_,♪ ♪ ♪,s,sobe,594,6,x_x_x_,♪ ♪ ♪,0.4327,x_____,♩.,0.0584,15,0.0253,0.0277,0.9114
3/8,1,x_x_x_,♪ ♪ ♪,s,sobe,594,7,x__xx_,♪. sc ♪,0.0471,x_x_x_,♪ ♪ ♪,0.5,14,0.0236,0.023,1.0251
3/8,1,x_x_x_,♪ ♪ ♪,s,sobe,594,8,x_x_x_,♪ ♪ ♪,0.4327,x___xx,♩ sc sc,0.0506,13,0.0219,0.0156,1.4056
3/8,1,x_x_x_,♪ ♪ ♪,s,sobe,594,9,x_x_x_,♪ ♪ ♪,0.4327,x___..,♩ pausa ♪,0.0506,13,0.0219,0.0158,1.3852
3/8,1,x_x_x_,♪ ♪ ♪,s,sobe,594,10,x___x_,♩ ♪,0.2256,x__xx_,♪. sc ♪,0.0746,10,0.0168,0.0164,1.0289
3/8,1,x___xx,♩ sc sc,d,desce,57,1,x___xx,♩ sc sc,0.3158,x___xx,♩ sc sc,0.3889,7,0.1228,0.0215,5.7248
3/8,1,x___xx,♩ sc sc,d,desce,57,2,x_x_x_,♪ ♪ ♪,0.2456,x_x_x_,♪ ♪ ♪,0.2857,4,0.0702,0.1269,0.5529
3/8,1,x___xx,♩ sc sc,d,desce,57,3,x___xx,♩ sc sc,0.3158,x_x_xx,♪ ♪ sc sc,0.2222,4,0.0702,0.0155,4.5175
3/8,1,x___xx,♩ sc sc,d,desce,57,4,x___xx,♩ sc sc,0.3158,x_x_x_,♪ ♪ ♪,0.2222,4,0.0702,0.0444,1.5811
3/8,1,x___xx,♩ sc sc,d,desce,57,5,x_x_x_,♪ ♪ ♪,0.2456,x___xx,♩ sc sc,0.2143,3,0.0526,0.0113,4.6716
3/8,1,x___xx,♩ sc sc,d,desce,57,6,x___x_,♩ ♪,0.1228,x_x_x_,♪ ♪ ♪,0.4286,3,0.0526,0.0419,1.2559
3/8,1,x___xx,♩ sc sc,d,desce,57,7,x_x_x_,♪ ♪ ♪,0.2456,x__xx_,♪. sc ♪,0.2143,3,0.0526,0.0217,2.4249
3/8,1,x___xx,♩ sc sc,d,desce,57,8,x___x_,♩ ♪,0.1228,x___x_,♩ ♪,0.4286,3,0.0526,0.0457,1.1509
3/8,1,x___xx,♩ sc sc,d,desce,57,9,x___xx,♩ sc sc,0.3158,x___x_,♩ ♪,0.1111,2,0.0351,0.0178,1.9764
3/8,1,x___xx,♩ sc sc,d,desce,57,10,x_.xxx,♪ pausa sc sc sc sc,0.0351,x___x_,♩ ♪,1,2,0.0351,0.0067,5.2105
3/8,1,x_x_x_,♪ ♪ ♪,d,desce,655,1,x_x_x_,♪ ♪ ♪,0.3802,x_x_x_,♪ ♪ ♪,0.4217,105,0.1603,0.1754,0.9139
3/8,1,x_x_x_,♪ ♪ ♪,d,desce,655,2,x___x_,♩ ♪,0.2244,x_x_x_,♪ ♪ ♪,0.449,66,0.1008,0.0705,1.429
3/8,1,x_x_x_,♪ ♪ ♪,d,desce,655,3,x_x_x_,♪ ♪ ♪,0.3802,x___x_,♩ ♪,0.2129,53,0.0809,0.0854,0.9474
3/8,1,x_x_x_,♪ ♪ ♪,d,desce,655,4,x___x_,♩ ♪,0.2244,x___x_,♩ ♪,0.3333,49,0.0748,0.0769,0.9723
3/8,1,x_x_x_,♪ ♪ ♪,d,desce,655,5,x_x_x_,♪ ♪ ♪,0.3802,x_____,♩.,0.1205,30,0.0458,0.0277,1.6531
3/8,1,x_x_x_,♪ ♪ ♪,d,desce,655,6,x__xx_,♪. sc ♪,0.0641,x_x_x_,♪ ♪ ♪,0.5238,22,0.0336,0.023,1.4608
3/8,1,x_x_x_,♪ ♪ ♪,d,desce,655,7,x___..,♩ pausa ♪,0.058,x_x_x_,♪ ♪ ♪,0.4474,17,0.026,0.0138,1.8741
3/8,1,x_x_x_,♪ ♪ ♪,d,desce,655,8,x___xx,♩ sc sc,0.0519,x_x_x_,♪ ♪ ♪,0.4118,14,0.0214,0.0113,1.8972
3/8,1,x_x_x_,♪ ♪ ♪,d,desce,655,9,x_x_x_,♪ ♪ ♪,0.3802,x___..,♩ pausa ♪,0.0522,13,0.0198,0.0158,1.2562
3/8,1,x_x_x_,♪ ♪ ♪,d,desce,655,10,x_____,♩.,0.0534,x_x_x_,♪ ♪ ♪,0.3143,11,0.0168,0.0183,0.9155
3/8,1,x___x_,♩ ♪,s,sobe,319,1,x___x_,♩ ♪,0.3699,x___x_,♩ ♪,0.5254,62,0.1944,0.1423,1.3655
3/8,1,x___x_,♩ ♪,s,sobe,319,2,x_x_x_,♪ ♪ ♪,0.3699,x_x_x_,♪ ♪ ♪,0.4407,52,0.163,0.1448,1.1257
3/8,1,x___x_,♩ ♪,s,sobe,319,3,x_x_x_,♪ ♪ ♪,0.3699,x___x_,♩ ♪,0.3136,37,0.116,0.0705,1.645
3/8,1,x___x_,♩ ♪,s,sobe,319,4,x___x_,♩ ♪,0.3699,x_x_x_,♪ ♪ ♪,0.3136,37,0.116,0.1304,0.8892
3/8,1,x___x_,♩ ♪,s,sobe,319,5,x___x_,♩ ♪,0.3699,x__xx_,♪. sc ♪,0.0678,8,0.0251,0.0303,0.8285
3/8,1,x___x_,♩ ♪,s,sobe,319,6,x_x_..,♪ ♪ pausa ♪,0.0219,x_x_x_,♪ ♪ ♪,1,7,0.0219,0.008,2.7424
3/8,1,x___x_,♩ ♪,s,sobe,319,7,x_x_x_,♪ ♪ ♪,0.3699,x_____,♩.,0.0508,6,0.0188,0.0229,0.8223
3/8,1,x___x_,♩ ♪,s,sobe,319,8,x__xx_,♪. sc ♪,0.0627,x_x_x_,♪ ♪ ♪,0.25,5,0.0157,0.0258,0.6086
3/8,1,x___x_,♩ ♪,s,sobe,319,9,x__xx_,♪. sc ♪,0.0627,x___x_,♩ ♪,0.25,5,0.0157,0.0123,1.2711
3/8,1,x___x_,♩ ♪,s,sobe,319,10,x_x_x_,♪ ♪ ♪,0.3699,x___xx,♩ sc sc,0.0424,5,0.0157,0.0129,1.2193
3/8,1,xxx_x_,sc sc ♪ ♪,s,sobe,33,1,x_x_x_,♪ ♪ ♪,0.4242,x_x_x_,♪ ♪ ♪,0.7143,10,0.303,0.0838,3.6178
3/8,1,xxx_x_,sc sc ♪ ♪,s,sobe,33,2,x_x_x_,♪ ♪ ♪,0.4242,xxx_x_,sc sc ♪ ♪,0.2143,3,0.0909,0.0027,33.2545
3/8,1,xxx_x_,sc sc ♪ ♪,s,sobe,33,3,xxx_x_,sc sc ♪ ♪,0.1515,x_x_x_,♪ ♪ ♪,0.4,2,0.0606,0.0226,2.6807
3/8,1,xxx_x_,sc sc ♪ ♪,s,sobe,33,4,xxx_x_,sc sc ♪ ♪,0.1515,xxx_x_,sc sc ♪ ♪,0.4,2,0.0606,0.0128,4.7427
3/8,1,xxx_x_,sc sc ♪ ♪,s,sobe,33,5,xxx___,sc sc ♩,0.0606,xxx_x_,sc sc ♪ ♪,1,2,0.0606,0.0062,9.7576
3/8,1,xxx_x_,sc sc ♪ ♪,s,sobe,33,6,x_x_.x,♪ ♪ pausa sc sc,0.0606,xxx_x_,sc sc ♪ ♪,1,2,0.0606,0.0052,11.6162
3/8,1,xxx_x_,sc sc ♪ ♪,s,sobe,33,7,x_xxxx,♪ sc sc sc sc,0.0303,xxx_x_,sc sc ♪ ♪,1,1,0.0303,0.0006,48.4007
3/8,1,xxx_x_,sc sc ♪ ♪,s,sobe,33,8,xxx_x_,sc sc ♪ ♪,0.1515,x__xx_,♪. sc ♪,0.2,1,0.0303,0.0059,5.1379
3/8,1,xxx_x_,sc sc ♪ ♪,s,sobe,33,9,x__xx_,♪. sc ♪,0.0303,x___xx,♩ sc sc,1,1,0.0303,0.001,29.8535
3/8,1,xxx_x_,sc sc ♪ ♪,s,sobe,33,10,x_____,♩.,0.0303,x___xx,♩ sc sc,1,1,0.0303,0.0016,19.1667
3/8,1,xxx_x_,sc sc ♪ ♪,d,desce,45,1,xxx_xx,sc sc ♪ sc sc,0.1333,xxx_x_,sc sc ♪ ♪,0.6667,4,0.0889,0.013,6.8148
3/8,1,xxx_x_,sc sc ♪ ♪,d,desce,45,2,x__xx_,♪. sc ♪,0.0667,x__xx_,♪. sc ♪,0.6667,2,0.0444,0.0147,3.0197
3/8,1,xxx_x_,sc sc ♪ ♪,d,desce,45,3,x_..xx,♪ pausa ♪ sc sc,0.0444,x__xxx,♪. sc sc sc,1,2,0.0444,0.0029,15.3333
3/8,1,xxx_x_,sc sc ♪ ♪,d,desce,45,4,xxx__x,sc sc ♪. sc,0.0667,xxx_x_,sc sc ♪ ♪,0.6667,2,0.0444,0.0092,4.8556
3/8,1,xxx_x_,sc sc ♪ ♪,d,desce,45,5,x_x_x_,♪ ♪ ♪,0.1333,x__xx_,♪. sc ♪,0.3333,2,0.0444,0.0143,3.1026
3/8,1,xxx_x_,sc sc ♪ ♪,d,desce,45,6,x_x_x_,♪ ♪ ♪,0.1333,x_____,♩.,0.3333,2,0.0444,0.0132,3.359
3/8,1,xxx_x_,sc sc ♪ ♪,d,desce,45,7,xxx_x_,sc sc ♪ ♪,0.0667,xxx_xx,sc sc ♪ sc sc,0.6667,2,0.0444,0.0059,7.5356
3/8,1,xxx_x_,sc sc ♪ ♪,d,desce,45,8,x_x_xx,♪ ♪ sc sc,0.0667,x_x___,♪ ♩,0.6667,2,0.0444,0.0005,98.1333
3/8,1,xxx_x_,sc sc ♪ ♪,d,desce,45,9,.xx_x_,pausa sc sc ♪ ♪,0.0222,x_x_x_,♪ ♪ ♪,1,1,0.0222,0.0087,2.5556
3/8,1,xxx_x_,sc sc ♪ ♪,d,desce,45,10,x_xxxx,♪ sc sc sc sc,0.0222,x___x_,♩ ♪,1,1,0.0222,0.0025,8.8735
3/8,1,....x_,pausa ♩ ♪,0,—,165,1,x_x_x_,♪ ♪ ♪,0.4424,x_x_x_,♪ ♪ ♪,0.6301,46,0.2788,0.1785,1.5614
3/8,1,....x_,pausa ♩ ♪,0,—,165,2,x___x_,♩ ♪,0.2303,x_x_x_,♪ ♪ ♪,0.4474,17,0.103,0.0837,1.2308
3/8,1,....x_,pausa ♩ ♪,0,—,165,3,x__xx_,♪. sc ♪,0.1576,x__xx_,♪. sc ♪,0.5769,15,0.0909,0.0475,1.9134
3/8,1,....x_,pausa ♩ ♪,0,—,165,4,x___x_,♩ ♪,0.2303,x___x_,♩ ♪,0.3684,14,0.0848,0.0913,0.9289
3/8,1,....x_,pausa ♩ ♪,0,—,165,5,x_x_x_,♪ ♪ ♪,0.4424,x___x_,♩ ♪,0.1096,8,0.0485,0.0869,0.5577
3/8,1,....x_,pausa ♩ ♪,0,—,165,6,x_x_x_,♪ ♪ ♪,0.4424,x__xx_,♪. sc ♪,0.0822,6,0.0364,0.0305,1.1909
3/8,1,....x_,pausa ♩ ♪,0,—,165,7,x__xx_,♪. sc ♪,0.1576,x___x_,♩ ♪,0.1923,5,0.0303,0.0259,1.1706
3/8,1,....x_,pausa ♩ ♪,0,—,165,8,x__xx_,♪. sc ♪,0.1576,x_x_x_,♪ ♪ ♪,0.1923,5,0.0303,0.0541,0.5605
3/8,1,....x_,pausa ♩ ♪,0,—,165,9,x_x_xx,♪ ♪ sc sc,0.0303,x_x_x_,♪ ♪ ♪,0.8,4,0.0242,0.0101,2.3902
3/8,1,....x_,pausa ♩ ♪,0,—,165,10,x___x_,♩ ♪,0.2303,x__xx_,♪. sc ♪,0.1053,4,0.0242,0.0194,1.2481
3/8,1,x_x_x_,♪ ♪ ♪,r,repete,444,1,x_x_x_,♪ ♪ ♪,0.4392,x_x_x_,♪ ♪ ♪,0.5641,110,0.2477,0.1754,1.4125
3/8,1,x_x_x_,♪ ♪ ♪,r,repete,444,2,x_x_x_,♪ ♪ ♪,0.4392,x___x_,♩ ♪,0.2,39,0.0878,0.0854,1.0284
3/8,1,x_x_x_,♪ ♪ ♪,r,repete,444,3,x__xx_,♪. sc ♪,0.1149,x_x_x_,♪ ♪ ♪,0.6275,32,0.0721,0.023,3.1346
3/8,1,x_x_x_,♪ ♪ ♪,r,repete,444,4,x___x_,♩ ♪,0.1712,x_x_x_,♪ ♪ ♪,0.4079,31,0.0698,0.0705,0.9902
3/8,1,x_x_x_,♪ ♪ ♪,r,repete,444,5,x___x_,♩ ♪,0.1712,x___x_,♩ ♪,0.3947,30,0.0676,0.0769,0.8782
3/8,1,x_x_x_,♪ ♪ ♪,r,repete,444,6,x___xx,♩ sc sc,0.0495,x_x_x_,♪ ♪ ♪,0.6818,15,0.0338,0.0113,2.9987
3/8,1,x_x_x_,♪ ♪ ♪,r,repete,444,7,x_x_x_,♪ ♪ ♪,0.4392,x_____,♩.,0.0564,11,0.0248,0.0277,0.8942
3/8,1,x_x_x_,♪ ♪ ♪,r,repete,444,8,x_x_xx,♪ ♪ sc sc,0.0473,x_x_x_,♪ ♪ ♪,0.3333,7,0.0158,0.0133,1.1876
3/8,1,x_x_x_,♪ ♪ ♪,r,repete,444,9,x_x_x_,♪ ♪ ♪,0.4392,x__xx_,♪. sc ♪,0.0359,7,0.0158,0.03,0.5256
3/8,1,x_x_x_,♪ ♪ ♪,r,repete,444,10,x__xx_,♪. sc ♪,0.1149,x___x_,♩ ♪,0.1176,6,0.0135,0.011,1.2276
3/8,1,xxx_x_,sc sc ♪ ♪,r,repete,30,1,x___x_,♩ ♪,0.2667,x_x_x_,♪ ♪ ♪,0.25,2,0.0667,0.0421,1.5839
3/8,1,xxx_x_,sc sc ♪ ♪,r,repete,30,2,x___x_,♩ ♪,0.2667,x_xxxx,♪ sc sc sc sc,0.25,2,0.0667,0.0022,30.1767
3/8,1,xxx_x_,sc sc ♪ ♪,r,repete,30,3,x__xx_,♪. sc ♪,0.0667,x__xx_,♪. sc ♪,1,2,0.0667,0.0147,4.5295
3/8,1,xxx_x_,sc sc ♪ ♪,r,repete,30,4,x_x_x_,♪ ♪ ♪,0.1,x___x_,♩ ♪,0.6667,2,0.0667,0.0408,1.6345
3/8,1,xxx_x_,sc sc ♪ ♪,r,repete,30,5,xxx_..,sc sc ♪ pausa ♪,0.0667,xxx_x_,sc sc ♪ ♪,1,2,0.0667,0.0072,9.2
3/8,1,xxx_x_,sc sc ♪ ♪,r,repete,30,6,xxx_x_,sc sc ♪ ♪,0.1333,x___x_,♩ ♪,0.5,2,0.0667,0.0138,4.8443
3/8,1,xxx_x_,sc sc ♪ ♪,r,repete,30,7,x___x_,♩ ♪,0.2667,xxx_x_,sc sc ♪ ♪,0.25,2,0.0667,0.0016,40.9541
3/8,1,xxx_x_,sc sc ♪ ♪,r,repete,30,8,x_xxx_,♪ sc sc ♪,0.0667,x_x_x_,♪ ♪ ♪,1,2,0.0667,0.0057,11.6127
3/8,1,xxx_x_,sc sc ♪ ♪,r,repete,30,9,x_x_x_,♪ ♪ ♪,0.1,x_____,♩.,0.3333,1,0.0333,0.0132,2.5193
3/8,1,xxx_x_,sc sc ♪ ♪,r,repete,30,10,xx....,sc sc pausa ♩,0.0667,xxx_x_,sc sc ♪ ♪,0.5,1,0.0333,0.0087,3.8333
3/8,1,x___x_,♩ ♪,r,repete,263,1,x_x_x_,♪ ♪ ♪,0.4563,x_x_x_,♪ ♪ ♪,0.4333,52,0.1977,0.1448,1.3654
3/8,1,x___x_,♩ ♪,r,repete,263,2,x___x_,♩ ♪,0.346,x___x_,♩ ♪,0.4835,44,0.1673,0.1423,1.1754
3/8,1,x___x_,♩ ♪,r,repete,263,3,x_x_x_,♪ ♪ ♪,0.4563,x___x_,♩ ♪,0.2833,34,0.1293,0.0705,1.8334
3/8,1,x___x_,♩ ♪,r,repete,263,4,x___x_,♩ ♪,0.346,x_x_x_,♪ ♪ ♪,0.3516,32,0.1217,0.1304,0.9328
3/8,1,x___x_,♩ ♪,r,repete,263,5,x__xx_,♪. sc ♪,0.1141,x_x_x_,♪ ♪ ♪,0.3333,10,0.038,0.0258,1.4764
3/8,1,x___x_,♩ ♪,r,repete,263,6,x__xx_,♪. sc ♪,0.1141,x__xx_,♪. sc ♪,0.2667,8,0.0304,0.0226,1.344
3/8,1,x___x_,♩ ♪,r,repete,263,7,x_x_x_,♪ ♪ ♪,0.4563,x___..,♩ pausa ♪,0.0667,8,0.0304,0.013,2.332
3/8,1,x___x_,♩ ♪,r,repete,263,8,x_x_x_,♪ ♪ ♪,0.4563,x_____,♩.,0.0583,7,0.0266,0.0229,1.1636
3/8,1,x___x_,♩ ♪,r,repete,263,9,x___x_,♩ ♪,0.346,x__xx_,♪. sc ♪,0.0659,6,0.0228,0.0303,0.7537
3/8,1,x___x_,♩ ♪,r,repete,263,10,x__xx_,♪. sc ♪,0.1141,x___x_,♩ ♪,0.2,6,0.0228,0.0123,1.8501
3/8,1,x___x_,♩ ♪,d,desce,415,1,x___x_,♩ ♪,0.412,x_x_x_,♪ ♪ ♪,0.3743,64,0.1542,0.1304,1.1823
3/8,1,x___x_,♩ ♪,d,desce,415,2,x___x_,♩ ♪,0.412,x___x_,♩ ♪,0.3333,57,0.1373,0.1423,0.965
3/8,1,x___x_,♩ ♪,d,desce,415,3,x_x_x_,♪ ♪ ♪,0.2651,x_x_x_,♪ ♪ ♪,0.4545,50,0.1205,0.1448,0.832
3/8,1,x___x_,♩ ♪,d,desce,415,4,x_x_x_,♪ ♪ ♪,0.2651,x___x_,♩ ♪,0.3273,36,0.0867,0.0705,1.2303
3/8,1,x___x_,♩ ♪,d,desce,415,5,x___x_,♩ ♪,0.412,x_____,♩.,0.0936,16,0.0386,0.0159,2.4317
3/8,1,x___x_,♩ ♪,d,desce,415,6,x__xx_,♪. sc ♪,0.0771,x__xx_,♪. sc ♪,0.4063,13,0.0313,0.0226,1.3841
3/8,1,x___x_,♩ ♪,d,desce,415,7,x__xx_,♪. sc ♪,0.0771,x___x_,♩ ♪,0.3125,10,0.0241,0.0123,1.9541
3/8,1,x___x_,♩ ♪,d,desce,415,8,x___..,♩ pausa ♪,0.0361,x_x_x_,♪ ♪ ♪,0.5333,8,0.0193,0.0081,2.3905
3/8,1,x___x_,♩ ♪,d,desce,415,9,x_xxxx,♪ sc sc sc sc,0.0265,x_x_x_,♪ ♪ ♪,0.6364,7,0.0169,0.0051,3.3196
3/8,1,x___x_,♩ ♪,d,desce,415,10,x_____,♩.,0.0482,x___x_,♩ ♪,0.35,7,0.0169,0.0073,2.3237
3/8,1,x_xxxx,♪ sc sc sc sc,d,desce,71,1,x_x_x_,♪ ♪ ♪,0.2958,x_x_x_,♪ ♪ ♪,0.4286,9,0.1268,0.1173,1.081
3/8,1,x_xxxx,♪ sc sc sc sc,d,desce,71,2,x_xxxx,♪ sc sc sc sc,0.2394,x_xxxx,♪ sc sc sc sc,0.4706,8,0.1127,0.031,3.6375
3/8,1,x_xxxx,♪ sc sc sc sc,d,desce,71,3,x_x_x_,♪ ♪ ♪,0.2958,x_xxxx,♪ sc sc sc sc,0.3333,7,0.0986,0.0049,20.1254
3/8,1,x_xxxx,♪ sc sc sc sc,d,desce,71,4,x___x_,♩ ♪,0.1127,x_x_x_,♪ ♪ ♪,0.625,5,0.0704,0.0332,2.1217
3/8,1,x_xxxx,♪ sc sc sc sc,d,desce,71,5,xxxxxx,sc sc sc sc sc sc,0.0704,xxxxxx,sc sc sc sc sc sc,0.6,3,0.0423,0.0028,15.0905
3/8,1,x_xxxx,♪ sc sc sc sc,d,desce,71,6,x_x_x_,♪ ♪ ♪,0.2958,x___x_,♩ ♪,0.0952,2,0.0282,0.0571,0.4933
3/8,1,x_xxxx,♪ sc sc sc sc,d,desce,71,7,x___x_,♩ ♪,0.1127,x___x_,♩ ♪,0.25,2,0.0282,0.0362,0.7778
3/8,1,x_xxxx,♪ sc sc sc sc,d,desce,71,8,x_xxxx,♪ sc sc sc sc,0.2394,x___..,♩ pausa ♪,0.1176,2,0.0282,0.0084,3.3344
3/8,1,x_xxxx,♪ sc sc sc sc,d,desce,71,9,x_xxxx,♪ sc sc sc sc,0.2394,x_x_x_,♪ ♪ ♪,0.1176,2,0.0282,0.0493,0.5716
3/8,1,x_xxxx,♪ sc sc sc sc,d,desce,71,10,x_x_xx,♪ ♪ sc sc,0.0423,x_x_x_,♪ ♪ ♪,0.6667,2,0.0282,0.0216,1.3051
3/8,1,x___xx,♩ sc sc,s,sobe,88,1,x_x_x_,♪ ♪ ♪,0.2955,x_x_x_,♪ ♪ ♪,0.4615,12,0.1364,0.1269,1.0745
3/8,1,x___xx,♩ sc sc,s,sobe,88,2,x_x_x_,♪ ♪ ♪,0.2955,x___x_,♩ ♪,0.2308,6,0.0682,0.0618,1.1033
3/8,1,x___xx,♩ sc sc,s,sobe,88,3,x___x_,♩ ♪,0.0909,x___x_,♩ ♪,0.5,4,0.0455,0.0457,0.994
3/8,1,x___xx,♩ sc sc,s,sobe,88,4,xxxxxx,sc sc sc sc sc sc,0.0795,x_x_x_,♪ ♪ ♪,0.4286,3,0.0341,0.0141,2.4107
3/8,1,x___xx,♩ sc sc,s,sobe,88,5,x__xx_,♪. sc ♪,0.0795,x_x_x_,♪ ♪ ♪,0.4286,3,0.0341,0.0227,1.5019
3/8,1,x___xx,♩ sc sc,s,sobe,88,6,x_x_xx,♪ ♪ sc sc,0.1364,x_x_xx,♪ ♪ sc sc,0.25,3,0.0341,0.0099,3.4286
3/8,1,x___xx,♩ sc sc,s,sobe,88,7,x__xxx,♪. sc sc sc,0.0795,x_x_x_,♪ ♪ ♪,0.4286,3,0.0341,0.0093,3.675
3/8,1,x___xx,♩ sc sc,s,sobe,88,8,x_x__x,♪ ♪. sc,0.0341,x_x__x,♪ ♪. sc,1,3,0.0341,0.0041,8.317
3/8,1,x___xx,♩ sc sc,s,sobe,88,9,x_x_x_,♪ ♪ ♪,0.2955,x__xx_,♪. sc ♪,0.1154,3,0.0341,0.0217,1.5707
3/8,1,x___xx,♩ sc sc,s,sobe,88,10,x___xx,♩ sc sc,0.1023,x__xx_,♪. sc ♪,0.2222,2,0.0227,0.0104,2.1946
3/8,1,x_xxxx,♪ sc sc sc sc,s,sobe,45,1,x_x_x_,♪ ♪ ♪,0.2444,x_x_x_,♪ ♪ ♪,0.4545,5,0.1111,0.1173,0.9475
3/8,1,x_xxxx,♪ sc sc sc sc,s,sobe,45,2,x_x_x_,♪ ♪ ♪,0.2444,x_x__x,♪ ♪. sc,0.2727,3,0.0667,0.0028,24.1931
3/8,1,x_xxxx,♪ sc sc sc sc,s,sobe,45,3,x_xxx_,♪ sc sc ♪,0.1111,x_x_x_,♪ ♪ ♪,0.6,3,0.0667,0.0185,3.6064
3/8,1,x_xxxx,♪ sc sc sc sc,s,sobe,45,4,x___..,♩ pausa ♪,0.1111,x_x_x_,♪ ♪ ♪,0.4,2,0.0444,0.0176,2.5223
3/8,1,x_xxxx,♪ sc sc sc sc,s,sobe,45,5,x_x_x_,♪ ♪ ♪,0.2444,x_____,♩.,0.1818,2,0.0444,0.0185,2.3993
3/8,1,x_xxxx,♪ sc sc sc sc,s,sobe,45,6,x_..x_,♪ pausa ♪ ♪,0.0444,x_xxxx,♪ sc sc sc sc,1,2,0.0444,0.0018,25
3/8,1,x_xxxx,♪ sc sc sc sc,s,sobe,45,7,x___xx,♩ sc sc,0.0667,xxxxxx,sc sc sc sc sc sc,0.6667,2,0.0444,0.0019,22.9167
3/8,1,x_xxxx,♪ sc sc sc sc,s,sobe,45,8,x___x_,♩ ♪,0.0889,x_xxxx,♪ sc sc sc sc,0.5,2,0.0444,0.0017,25.5117
3/8,1,x_xxxx,♪ sc sc sc sc,s,sobe,45,9,x_x_xx,♪ ♪ sc sc,0.0889,x_x_x_,♪ ♪ ♪,0.5,2,0.0444,0.0216,2.0592
3/8,1,x_xxxx,♪ sc sc sc sc,s,sobe,45,10,x___..,♩ pausa ♪,0.1111,x_x__x,♪ ♪. sc,0.2,1,0.0222,0.0006,36.5741
3/8,1,x___..,♩ pausa ♪,d,desce,100,1,x_x_x_,♪ ♪ ♪,0.38,x_x_x_,♪ ♪ ♪,0.5,19,0.19,0.1537,1.2359
3/8,1,x___..,♩ pausa ♪,d,desce,100,2,x___x_,♩ ♪,0.17,x_x_x_,♪ ♪ ♪,0.5294,9,0.09,0.0503,1.7882
3/8,1,x___..,♩ pausa ♪,d,desce,100,3,x_x_x_,♪ ♪ ♪,0.38,x___x_,♩ ♪,0.2105,8,0.08,0.0749,1.0686
3/8,1,x___..,♩ pausa ♪,d,desce,100,4,x___x_,♩ ♪,0.17,x___x_,♩ ♪,0.4118,7,0.07,0.0549,1.2746
3/8,1,x___..,♩ pausa ♪,d,desce,100,5,x_x_x_,♪ ♪ ♪,0.38,x__xx_,♪. sc ♪,0.1316,5,0.05,0.0263,1.9017
3/8,1,x___..,♩ pausa ♪,d,desce,100,6,x__xx_,♪. sc ♪,0.1,x__xx_,♪. sc ♪,0.5,5,0.05,0.0357,1.4002
3/8,1,x___..,♩ pausa ♪,d,desce,100,7,x__xx_,♪. sc ♪,0.1,x_x_x_,♪ ♪ ♪,0.3,3,0.03,0.0406,0.7383
3/8,1,x___..,♩ pausa ♪,d,desce,100,8,x_xxx_,♪ sc sc ♪,0.04,x_xxx_,♪ sc sc ♪,0.75,3,0.03,0.0116,2.5832
3/8,1,x___..,♩ pausa ♪,d,desce,100,9,....x_,pausa ♩ ♪,0.06,x__xx_,♪. sc ♪,0.3333,2,0.02,0.0085,2.3453
3/8,1,x___..,♩ pausa ♪,d,desce,100,10,x___..,♩ pausa ♪,0.03,x_x_x_,♪ ♪ ♪,0.6667,2,0.02,0.0139,1.4347
3/8,1,x_x__x,♪ ♪. sc,d,desce,34,1,x_x_x_,♪ ♪ ♪,0.2059,x_x__x,♪ ♪. sc,0.5714,4,0.1176,0.0021,54.9895
3/8,1,x_x__x,♪ ♪. sc,d,desce,34,2,x_x__x,♪ ♪. sc,0.2353,x_x_x_,♪ ♪ ♪,0.5,4,0.1176,0.0441,2.6672
3/8,1,x_x__x,♪ ♪. sc,d,desce,34,3,x___x_,♩ ♪,0.0882,x_xxxx,♪ sc sc sc sc,1,3,0.0882,0.0008,111.8313
3/8,1,x_x__x,♪ ♪. sc,d,desce,34,4,x_____,♩.,0.0882,______,(lig.) ♩.,1,3,0.0882,0.0016,55.8088
3/8,1,x_x__x,♪ ♪. sc,d,desce,34,5,xxxxxx,sc sc sc sc sc sc,0.0588,x___x_,♩ ♪,1,2,0.0588,0.0029,20.2941
3/8,1,x_x__x,♪ ♪. sc,d,desce,34,6,x_x_xx,♪ ♪ sc sc,0.0882,x_x_x_,♪ ♪ ♪,0.6667,2,0.0588,0.0279,2.1062
3/8,1,x_x__x,♪ ♪. sc,d,desce,34,7,x_x_x_,♪ ♪ ♪,0.2059,x___x_,♩ ♪,0.2857,2,0.0588,0.0443,1.3268
3/8,1,x_x__x,♪ ♪. sc,d,desce,34,8,x__xx_,♪. sc ♪,0.0882,x_x_x_,♪ ♪ ♪,0.6667,2,0.0588,0.0279,2.1073
3/8,1,x_x__x,♪ ♪. sc,d,desce,34,9,x_x___,♪ ♩,0.0588,x_x_x_,♪ ♪ ♪,1,2,0.0588,0.0152,3.8784
3/8,1,x_x__x,♪ ♪. sc,d,desce,34,10,x_x__x,♪ ♪. sc,0.2353,x__xx_,♪. sc ♪,0.125,1,0.0294,0.0176,1.667
3/8,1,x_x_xx,♪ ♪ sc sc,d,desce,60,1,x_x_x_,♪ ♪ ♪,0.2833,x_x_xx,♪ ♪ sc sc,0.2353,4,0.0667,0.0133,5.0217
3/8,1,x_x_xx,♪ ♪ sc sc,d,desce,60,2,x_x_..,♪ ♪ pausa ♪,0.0667,x_x_x_,♪ ♪ ♪,1,4,0.0667,0.0168,3.9724
3/8,1,x_x_xx,♪ ♪ sc sc,d,desce,60,3,x_x_x_,♪ ♪ ♪,0.2833,x___x_,♩ ♪,0.2353,4,0.0667,0.0786,0.8482
3/8,1,x_x_xx,♪ ♪ sc sc,d,desce,60,4,x_x_xx,♪ ♪ sc sc,0.0833,x_x_x_,♪ ♪ ♪,0.6,3,0.05,0.0361,1.3838
3/8,1,x_x_xx,♪ ♪ sc sc,d,desce,60,5,x___xx,♩ sc sc,0.1,x_x_x_,♪ ♪ ♪,0.3333,2,0.0333,0.0221,1.5086
3/8,1,x_x_xx,♪ ♪ sc sc,d,desce,60,6,x_x_x_,♪ ♪ ♪,0.2833,xxx_x_,sc sc ♪ ♪,0.1176,2,0.0333,0.0053,6.3274
3/8,1,x_x_xx,♪ ♪ sc sc,d,desce,60,7,x___..,♩ pausa ♪,0.0667,x_x_x_,♪ ♪ ♪,0.5,2,0.0333,0.021,1.585
3/8,1,x_x_xx,♪ ♪ sc sc,d,desce,60,8,x_x_x_,♪ ♪ ♪,0.2833,x_x_x_,♪ ♪ ♪,0.1176,2,0.0333,0.1614,0.2065
3/8,1,x_x_xx,♪ ♪ sc sc,d,desce,60,9,x_____,♩.,0.0833,x___..,♩ pausa ♪,0.4,2,0.0333,0.0009,35.2
3/8,1,x_x_xx,♪ ♪ sc sc,d,desce,60,10,x_xxxx,♪ sc sc sc sc,0.0333,x_x_xx,♪ ♪ sc sc,1,2,0.0333,0.0012,28.5714
3/8,1,x__xx_,♪. sc ♪,s,sobe,166,1,x__xx_,♪. sc ♪,0.3133,x___x_,♩ ♪,0.2308,12,0.0723,0.0434,1.6673
3/8,1,x__xx_,♪. sc ♪,s,sobe,166,2,x__xx_,♪. sc ♪,0.3133,x__xx_,♪. sc ♪,0.2115,11,0.0663,0.0796,0.8327
3/8,1,x__xx_,♪. sc ♪,s,sobe,166,3,x___x_,♩ ♪,0.2048,x__xx_,♪. sc ♪,0.2941,10,0.0602,0.0123,4.8853
3/8,1,x__xx_,♪. sc ♪,s,sobe,166,4,x_x_x_,♪ ♪ ♪,0.1988,x_x_x_,♪ ♪ ♪,0.303,10,0.0602,0.1344,0.4481
3/8,1,x__xx_,♪. sc ♪,s,sobe,166,5,x__xx_,♪. sc ♪,0.3133,x_x_x_,♪ ♪ ♪,0.1731,9,0.0542,0.0906,0.5987
3/8,1,x__xx_,♪. sc ♪,s,sobe,166,6,x___x_,♩ ♪,0.2048,x_x_x_,♪ ♪ ♪,0.2353,8,0.0482,0.0531,0.9069
3/8,1,x__xx_,♪. sc ♪,s,sobe,166,7,x_____,♩.,0.0843,x___x_,♩ ♪,0.5,7,0.0422,0.0114,3.6907
3/8,1,x__xx_,♪. sc ♪,s,sobe,166,8,x___x_,♩ ♪,0.2048,x___x_,♩ ♪,0.1471,5,0.0301,0.058,0.5195
3/8,1,x__xx_,♪. sc ♪,s,sobe,166,9,x_x_x_,♪ ♪ ♪,0.1988,x___xx,♩ sc sc,0.1515,5,0.0301,0.0119,2.5237
3/8,1,x__xx_,♪. sc ♪,s,sobe,166,10,x_x_x_,♪ ♪ ♪,0.1988,x___x_,♩ ♪,0.1515,5,0.0301,0.0655,0.4601
3/8,1,x_x_xx,♪ ♪ sc sc,s,sobe,72,1,x_x_x_,♪ ♪ ♪,0.2778,x_x_x_,♪ ♪ ♪,0.25,5,0.0694,0.1614,0.4302
3/8,1,x_x_xx,♪ ♪ sc sc,s,sobe,72,2,x_x_xx,♪ ♪ sc sc,0.125,x_x_x_,♪ ♪ ♪,0.5556,5,0.0694,0.0361,1.9219
3/8,1,x_x_xx,♪ ♪ sc sc,s,sobe,72,3,x_x_x_,♪ ♪ ♪,0.2778,x_x_xx,♪ ♪ sc sc,0.2,4,0.0556,0.0133,4.1848
3/8,1,x_x_xx,♪ ♪ sc sc,s,sobe,72,4,x___xx,♩ sc sc,0.0833,x_x_x_,♪ ♪ ♪,0.5,3,0.0417,0.0221,1.8857
3/8,1,x_x_xx,♪ ♪ sc sc,s,sobe,72,5,x_x_x_,♪ ♪ ♪,0.2778,x_____,♩.,0.15,3,0.0417,0.0255,1.6341
3/8,1,x_x_xx,♪ ♪ sc sc,s,sobe,72,6,x___x_,♩ ♪,0.0972,x__xx_,♪. sc ♪,0.4286,3,0.0417,0.0067,6.2321
3/8,1,x_x_xx,♪ ♪ sc sc,s,sobe,72,7,x_x_xx,♪ ♪ sc sc,0.125,x__xx_,♪. sc ♪,0.2222,2,0.0278,0.0039,7.1111
3/8,1,x_x_xx,♪ ♪ sc sc,s,sobe,72,8,x_x_x_,♪ ♪ ♪,0.2778,x___xx,♩ sc sc,0.1,2,0.0278,0.0143,1.9385
3/8,1,x_x_xx,♪ ♪ sc sc,s,sobe,72,9,x_x_x_,♪ ♪ ♪,0.2778,x___x_,♩ ♪,0.1,2,0.0278,0.0786,0.3534
3/8,1,x_x_xx,♪ ♪ sc sc,s,sobe,72,10,x__xxx,♪. sc sc sc,0.0694,x___x_,♩ ♪,0.4,2,0.0278,0.011,2.525
3/8,1,x__xx_,♪. sc ♪,d,desce,213,1,x__xx_,♪. sc ♪,0.2864,x__xx_,♪. sc ♪,0.2787,17,0.0798,0.0796,1.0029
3/8,1,x__xx_,♪. sc ♪,d,desce,213,2,x_x_x_,♪ ♪ ♪,0.3286,x__xx_,♪. sc ♪,0.2286,16,0.0751,0.023,3.2671
3/8,1,x__xx_,♪. sc ♪,d,desce,213,3,x_x_x_,♪ ♪ ♪,0.3286,x_x_x_,♪ ♪ ♪,0.2,14,0.0657,0.1344,0.4889
3/8,1,x__xx_,♪. sc ♪,d,desce,213,4,x___x_,♩ ♪,0.1596,x___x_,♩ ♪,0.4118,14,0.0657,0.058,1.1335
3/8,1,x__xx_,♪. sc ♪,d,desce,213,5,x__xx_,♪. sc ♪,0.2864,x_x_x_,♪ ♪ ♪,0.2131,13,0.061,0.0906,0.674
3/8,1,x__xx_,♪. sc ♪,d,desce,213,6,x__xx_,♪. sc ♪,0.2864,x_____,♩.,0.1803,11,0.0516,0.0187,2.7675
3/8,1,x__xx_,♪. sc ♪,d,desce,213,7,x_x_x_,♪ ♪ ♪,0.3286,x_____,♩.,0.1429,10,0.0469,0.0212,2.2107
3/8,1,x__xx_,♪. sc ♪,d,desce,213,8,x__xx_,♪. sc ♪,0.2864,x___x_,♩ ♪,0.1475,9,0.0423,0.0434,0.9745
3/8,1,x__xx_,♪. sc ♪,d,desce,213,9,x___x_,♩ ♪,0.1596,x__xx_,♪. sc ♪,0.2647,9,0.0423,0.0123,3.4266
3/8,1,x__xx_,♪. sc ♪,d,desce,213,10,x_x_x_,♪ ♪ ♪,0.3286,x___..,♩ pausa ♪,0.1143,8,0.0376,0.0121,3.1014
3/8,1,xxxxx_,sc sc sc sc ♪,d,desce,30,1,x_x_x_,♪ ♪ ♪,0.4667,xxxxx_,sc sc sc sc ♪,0.3571,5,0.1667,0.0032,51.864
3/8,1,xxxxx_,sc sc sc sc ♪,d,desce,30,2,x_x_x_,♪ ♪ ♪,0.4667,x_x_x_,♪ ♪ ♪,0.1429,2,0.0667,0.1538,0.4333
3/8,1,xxxxx_,sc sc sc sc ♪,d,desce,30,3,xxxxxx,sc sc sc sc sc sc,0.1,xxxxx_,sc sc sc sc ♪,0.6667,2,0.0667,0.0082,8.1667
3/8,1,xxxxx_,sc sc sc sc ♪,d,desce,30,4,x__xx_,♪. sc ♪,0.1,xxx_..,sc sc ♪ pausa ♪,0.6667,2,0.0667,0.0004,167.9067
3/8,1,xxxxx_,sc sc sc sc ♪,d,desce,30,5,x_x_x_,♪ ♪ ♪,0.4667,x_x_xx,♪ ♪ sc sc,0.1429,2,0.0667,0.0127,5.2687
3/8,1,xxxxx_,sc sc sc sc ♪,d,desce,30,6,x_x_x_,♪ ♪ ♪,0.4667,x_xxxx,♪ sc sc sc sc,0.0714,1,0.0333,0.0064,5.1864
3/8,1,xxxxx_,sc sc sc sc ♪,d,desce,30,7,x_x___,♪ ♩,0.0333,xxxxxx,sc sc sc sc sc sc,1,1,0.0333,0.0071,4.6822
3/8,1,xxxxx_,sc sc sc sc ♪,d,desce,30,8,x_x_xx,♪ ♪ sc sc,0.0667,xxxxx_,sc sc sc sc ♪,0.5,1,0.0333,0.0004,78.4
3/8,1,xxxxx_,sc sc sc sc ♪,d,desce,30,9,x_x_xx,♪ ♪ sc sc,0.0667,x___..,♩ pausa ♪,0.5,1,0.0333,0.0023,14.2545
3/8,1,xxxxx_,sc sc sc sc ♪,d,desce,30,10,x_x_x_,♪ ♪ ♪,0.4667,x_xxx_,♪ sc sc ♪,0.0714,1,0.0333,0.0058,5.7229
3/8,1,x__xxx,♪. sc sc sc,d,desce,47,1,x_x_x_,♪ ♪ ♪,0.2553,x___xx,♩ sc sc,0.3333,4,0.0851,0.0068,12.4629
3/8,1,x__xxx,♪. sc sc sc,d,desce,47,2,x___x_,♩ ♪,0.1915,x_x_x_,♪ ♪ ♪,0.3333,3,0.0638,0.0811,0.7866
3/8,1,x__xxx,♪. sc sc sc,d,desce,47,3,x__xx_,♪. sc ♪,0.0851,xxx_x_,sc sc ♪ ♪,0.5,2,0.0426,0.0022,19.4863
3/8,1,x__xxx,♪. sc sc sc,d,desce,47,4,x___x_,♩ ♪,0.1915,x___x_,♩ ♪,0.2222,2,0.0426,0.0885,0.4806
3/8,1,x__xxx,♪. sc sc sc,d,desce,47,5,x___xx,♩ sc sc,0.1702,x__xxx,♪. sc sc sc,0.25,2,0.0426,0.0062,6.8809
3/8,1,x__xxx,♪. sc sc sc,d,desce,47,6,x___xx,♩ sc sc,0.1702,x_x_xx,♪ ♪ sc sc,0.25,2,0.0426,0.013,3.2766
3/8,1,x__xxx,♪. sc sc sc,d,desce,47,7,x_x_x_,♪ ♪ ♪,0.2553,x__xxx,♪. sc sc sc,0.1667,2,0.0426,0.0017,24.9259
3/8,1,x__xxx,♪. sc sc sc,d,desce,47,8,x___x_,♩ ♪,0.1915,x__xx_,♪. sc ♪,0.2222,2,0.0426,0.0188,2.2599
3/8,1,x__xxx,♪. sc sc sc,d,desce,47,9,x___xx,♩ sc sc,0.1702,x___x_,♩ ♪,0.125,1,0.0213,0.0148,1.4335
3/8,1,x__xxx,♪. sc sc sc,d,desce,47,10,x_____,♩.,0.0426,x_..x_,♪ pausa ♪ ♪,0.5,1,0.0213,0.0017,12.7423
3/8,1,x___xx,♩ sc sc,r,repete,41,1,x_x_x_,♪ ♪ ♪,0.3659,x_x_x_,♪ ♪ ♪,0.4667,7,0.1707,0.1269,1.3453
3/8,1,x___xx,♩ sc sc,r,repete,41,2,x___x_,♩ ♪,0.2195,x_x_x_,♪ ♪ ♪,0.5556,5,0.122,0.0419,2.9099
3/8,1,x___xx,♩ sc sc,r,repete,41,3,x__xx_,♪. sc ♪,0.122,x__xx_,♪. sc ♪,0.6,3,0.0732,0.0199,3.6683
3/8,1,x___xx,♩ sc sc,r,repete,41,4,x_x_x_,♪ ♪ ♪,0.3659,x_x_xx,♪ ♪ sc sc,0.2,3,0.0732,0.0104,7.0101
3/8,1,x___xx,♩ sc sc,r,repete,41,5,x__xx_,♪. sc ♪,0.122,x_x_x_,♪ ♪ ♪,0.4,2,0.0488,0.0227,2.1491
3/8,1,x___xx,♩ sc sc,r,repete,41,6,x_x_xx,♪ ♪ sc sc,0.122,x_x_xx,♪ ♪ sc sc,0.4,2,0.0488,0.0099,4.9059
3/8,1,x___xx,♩ sc sc,r,repete,41,7,x_x_x_,♪ ♪ ♪,0.3659,x___xx,♩ sc sc,0.1333,2,0.0488,0.0113,4.3298
3/8,1,x___xx,♩ sc sc,r,repete,41,8,x_x_x_,♪ ♪ ♪,0.3659,x___x_,♩ ♪,0.1333,2,0.0488,0.0618,0.7893
3/8,1,x___xx,♩ sc sc,r,repete,41,9,x__xxx,♪. sc sc sc,0.0732,x_x_xx,♪ ♪ sc sc,0.6667,2,0.0488,0.0031,15.7756
3/8,1,x___xx,♩ sc sc,r,repete,41,10,x___x_,♩ ♪,0.2195,x___..,♩ pausa ♪,0.2222,2,0.0488,0.0027,18.3197
3/8,1,x_____,♩.,s,sobe,103,1,x_x_x_,♪ ♪ ♪,0.2718,x_x_x_,♪ ♪ ♪,0.3571,10,0.0971,0.1161,0.8361
3/8,1,x_____,♩.,s,sobe,103,2,x___x_,♩ ♪,0.1553,x___x_,♩ ♪,0.4375,7,0.068,0.0652,1.0429
3/8,1,x_____,♩.,s,sobe,103,3,x__xx_,♪. sc ♪,0.0874,x__xx_,♪. sc ♪,0.7778,7,0.068,0.018,3.7857
3/8,1,x_____,♩.,s,sobe,103,4,x_x_x_,♪ ♪ ♪,0.2718,x_____,♩.,0.2143,6,0.0583,0.0183,3.1757
3/8,1,x_____,♩.,s,sobe,103,5,x___x_,♩ ♪,0.1553,x_x_x_,♪ ♪ ♪,0.3125,5,0.0485,0.0597,0.8128
3/8,1,x_____,♩.,s,sobe,103,6,x_..x_,♪ pausa ♪ ♪,0.0388,x_x_x_,♪ ♪ ♪,1,4,0.0388,0.0109,3.5599
3/8,1,x_____,♩.,s,sobe,103,7,x_____,♩.,0.0874,x_x_x_,♪ ♪ ♪,0.3333,3,0.0291,0.029,1.0048
3/8,1,x_____,♩.,s,sobe,103,8,x___x_,♩ ♪,0.1553,x__xx_,♪. sc ♪,0.1875,3,0.0291,0.0139,2.1018
3/8,1,x_____,♩.,s,sobe,103,9,x_x_x_,♪ ♪ ♪,0.2718,x__xx_,♪. sc ♪,0.1071,3,0.0291,0.0199,1.4666
3/8,1,x_____,♩.,s,sobe,103,10,______,(lig.) ♩.,0.0485,x_x_x_,♪ ♪ ♪,0.6,3,0.0291,0.0182,1.6019
3/8,1,x_____,♩.,d,desce,85,1,x_x_x_,♪ ♪ ♪,0.2706,x_x_x_,♪ ♪ ♪,0.4348,10,0.1176,0.1161,1.0131
3/8,1,x_____,♩.,d,desce,85,2,x___x_,♩ ♪,0.2,x__xx_,♪. sc ♪,0.3529,6,0.0706,0.0139,5.0938
3/8,1,x_____,♩.,d,desce,85,3,x_____,♩.,0.0941,x_x_x_,♪ ♪ ♪,0.625,5,0.0588,0.029,2.0293
3/8,1,x_____,♩.,d,desce,85,4,x___x_,♩ ♪,0.2,x_x_x_,♪ ♪ ♪,0.2941,5,0.0588,0.0597,0.985
3/8,1,x_____,♩.,d,desce,85,5,x_x_x_,♪ ♪ ♪,0.2706,x__xx_,♪. sc ♪,0.1739,4,0.0471,0.0199,2.3696
3/8,1,x_____,♩.,d,desce,85,6,x_x_x_,♪ ♪ ♪,0.2706,x_____,♩.,0.1739,4,0.0471,0.0183,2.5654
3/8,1,x_____,♩.,d,desce,85,7,x___x_,♩ ♪,0.2,x___x_,♩ ♪,0.2353,4,0.0471,0.0652,0.7222
3/8,1,x_____,♩.,d,desce,85,8,x_____,♩.,0.0941,x___x_,♩ ♪,0.375,3,0.0353,0.0181,1.9545
3/8,1,x_____,♩.,d,desce,85,9,x__xx_,♪. sc ♪,0.0353,x___x_,♩ ♪,0.6667,2,0.0235,0.0098,2.4057
3/8,1,x_____,♩.,d,desce,85,10,____x_,(lig.) ♩ ♪,0.0471,x___x_,♩ ♪,0.5,2,0.0235,0.0182,1.2941
3/8,1,x_xxx_,♪ sc sc ♪,d,desce,56,1,x_xxx_,♪ sc sc ♪,0.3571,x_x_x_,♪ ♪ ♪,0.3,6,0.1071,0.0865,1.2382
3/8,1,x_xxx_,♪ sc sc ♪,d,desce,56,2,x_xxx_,♪ sc sc ♪,0.3571,x_xxx_,♪ sc sc ♪,0.25,5,0.0893,0.0687,1.2994
3/8,1,x_xxx_,♪ sc sc ♪,d,desce,56,3,x_x_x_,♪ ♪ ♪,0.2679,x___..,♩ pausa ♪,0.3333,5,0.0893,0.0125,7.1698
3/8,1,x_xxx_,♪ sc sc ♪,d,desce,56,4,x_x_x_,♪ ♪ ♪,0.2679,x_xxx_,♪ sc sc ♪,0.2667,4,0.0714,0.0052,13.6473
3/8,1,x_xxx_,♪ sc sc ♪,d,desce,56,5,x_x_x_,♪ ♪ ♪,0.2679,x_xxxx,♪ sc sc sc sc,0.1333,2,0.0357,0.0058,6.1839
3/8,1,x_xxx_,♪ sc sc ♪,d,desce,56,6,x__xx_,♪. sc ♪,0.0357,x__xx_,♪. sc ♪,1,2,0.0357,0.0137,2.608
3/8,1,x_xxx_,♪ sc sc ♪,d,desce,56,7,x_x_x_,♪ ♪ ♪,0.2679,x_..x_,♪ pausa ♪ ♪,0.1333,2,0.0357,0.0043,8.2452
3/8,1,x_xxx_,♪ sc sc ♪,d,desce,56,8,xxxxxx,sc sc sc sc sc sc,0.0357,x_xxx_,♪ sc sc ♪,1,2,0.0357,0.0015,24.5238
3/8,1,x_xxx_,♪ sc sc ♪,d,desce,56,9,x___xx,♩ sc sc,0.0357,x_xxx_,♪ sc sc ♪,1,2,0.0357,0.0005,72.8357
3/8,1,x_xxx_,♪ sc sc ♪,d,desce,56,10,x_xxx_,♪ sc sc ♪,0.3571,xxxxx_,sc sc sc sc ♪,0.1,2,0.0357,0.0127,2.8066
3/8,1,x___..,♩ pausa ♪,s,sobe,43,1,x_x_x_,♪ ♪ ♪,0.3023,x_x_x_,♪ ♪ ♪,0.5385,7,0.1628,0.1537,1.0589
3/8,1,x___..,♩ pausa ♪,s,sobe,43,2,x___x_,♩ ♪,0.1395,x___x_,♩ ♪,1,6,0.1395,0.0549,2.5407
3/8,1,x___..,♩ pausa ♪,s,sobe,43,3,x__xx_,♪. sc ♪,0.2093,x__xx_,♪. sc ♪,0.6667,6,0.1395,0.0357,3.9076
3/8,1,x___..,♩ pausa ♪,s,sobe,43,4,x___xx,♩ sc sc,0.0698,x___xx,♩ sc sc,0.6667,2,0.0465,0.0037,12.5437
3/8,1,x___..,♩ pausa ♪,s,sobe,43,5,x_x_x_,♪ ♪ ♪,0.3023,x__xx_,♪. sc ♪,0.1538,2,0.0465,0.0263,1.769
3/8,1,x___..,♩ pausa ♪,s,sobe,43,6,x_x_x_,♪ ♪ ♪,0.3023,xxxxxx,sc sc sc sc sc sc,0.1538,2,0.0465,0.0022,21.0674
3/8,1,x___..,♩ pausa ♪,s,sobe,43,7,x_xxx_,♪ sc sc ♪,0.0698,x_xxx_,♪ sc sc ♪,0.6667,2,0.0465,0.0116,4.0049
3/8,1,x___..,♩ pausa ♪,s,sobe,43,8,....x_,pausa ♩ ♪,0.0465,x__xx_,♪. sc ♪,0.5,1,0.0233,0.0085,2.7271
3/8,1,x___..,♩ pausa ♪,s,sobe,43,9,x___..,♩ pausa ♪,0.0233,x_x_x_,♪ ♪ ♪,1,1,0.0233,0.0139,1.6683
3/8,1,x___..,♩ pausa ♪,s,sobe,43,10,x_x_x_,♪ ♪ ♪,0.3023,x___..,♩ pausa ♪,0.0769,1,0.0233,0.0138,1.6793
3/8,1,x_x_xx,♪ ♪ sc sc,r,repete,46,1,x_x_x_,♪ ♪ ♪,0.587,x_x_x_,♪ ♪ ♪,0.5185,14,0.3043,0.1614,1.8855
3/8,1,x_x_xx,♪ ♪ sc sc,r,repete,46,2,x_x_x_,♪ ♪ ♪,0.587,x_x_xx,♪ ♪ sc sc,0.1852,5,0.1087,0.0133,8.1876
3/8,1,x_x_xx,♪ ♪ sc sc,r,repete,46,3,x_x_xx,♪ ♪ sc sc,0.087,x_x_x_,♪ ♪ ♪,1,4,0.087,0.0361,2.4066
3/8,1,x_x_xx,♪ ♪ sc sc,r,repete,46,4,x_x_x_,♪ ♪ ♪,0.587,x___xx,♩ sc sc,0.1111,3,0.0652,0.0143,4.5513
3/8,1,x_x_xx,♪ ♪ sc sc,r,repete,46,5,x_x_x_,♪ ♪ ♪,0.587,x___..,♩ pausa ♪,0.0741,2,0.0435,0.0145,2.9902
3/8,1,x_x_xx,♪ ♪ sc sc,r,repete,46,6,x__xx_,♪. sc ♪,0.0652,x__xx_,♪. sc ♪,0.6667,2,0.0435,0.0118,3.699
3/8,1,x_x_xx,♪ ♪ sc sc,r,repete,46,7,x___x_,♩ ♪,0.087,x_x_xx,♪ ♪ sc sc,0.5,2,0.0435,0.0018,24.83
3/8,1,x_x_xx,♪ ♪ sc sc,r,repete,46,8,x_x_x_,♪ ♪ ♪,0.587,x__xx_,♪. sc ♪,0.037,1,0.0217,0.0276,0.7875
3/8,1,x_x_xx,♪ ♪ sc sc,r,repete,46,9,x___x_,♩ ♪,0.087,x_x_x_,♪ ♪ ♪,0.25,1,0.0217,0.0288,0.7545
3/8,1,x_x_xx,♪ ♪ sc sc,r,repete,46,10,x__xx_,♪. sc ♪,0.0652,x___xx,♩ sc sc,0.3333,1,0.0217,0.0008,26.8174
3/8,1,x__xx_,♪. sc ♪,r,repete,101,1,x_x_x_,♪ ♪ ♪,0.4752,x__xx_,♪. sc ♪,0.375,18,0.1782,0.023,7.7513
3/8,1,x__xx_,♪. sc ♪,r,repete,101,2,x_x_x_,♪ ♪ ♪,0.4752,x___x_,♩ ♪,0.2917,14,0.1386,0.0655,2.1173
3/8,1,x__xx_,♪. sc ♪,r,repete,101,3,x__xx_,♪. sc ♪,0.2475,x_x_x_,♪ ♪ ♪,0.4,10,0.099,0.0906,1.0933
3/8,1,x__xx_,♪. sc ♪,r,repete,101,4,x__xx_,♪. sc ♪,0.2475,x__xx_,♪. sc ♪,0.32,8,0.0792,0.0796,0.9953
3/8,1,x__xx_,♪. sc ♪,r,repete,101,5,x_x_x_,♪ ♪ ♪,0.4752,x_____,♩.,0.125,6,0.0594,0.0212,2.7973
3/8,1,x__xx_,♪. sc ♪,r,repete,101,6,x_x_x_,♪ ♪ ♪,0.4752,x_x_x_,♪ ♪ ♪,0.125,6,0.0594,0.1344,0.4419
3/8,1,x__xx_,♪. sc ♪,r,repete,101,7,x__xx_,♪. sc ♪,0.2475,x___x_,♩ ♪,0.16,4,0.0396,0.0434,0.9134
3/8,1,x__xx_,♪. sc ♪,r,repete,101,8,x___x_,♩ ♪,0.0891,x___x_,♩ ♪,0.3333,3,0.0297,0.058,0.5123
3/8,1,x__xx_,♪. sc ♪,r,repete,101,9,x___x_,♩ ♪,0.0891,x__xx_,♪. sc ♪,0.3333,3,0.0297,0.0123,2.4088
3/8,1,x__xx_,♪. sc ♪,r,repete,101,10,x___xx,♩ sc sc,0.0396,x_x_x_,♪ ♪ ♪,0.5,2,0.0198,0.0059,3.3588
3/8,1,x_x_..,♪ ♪ pausa ♪,d,desce,41,1,x_x_x_,♪ ♪ ♪,0.6585,x_x_x_,♪ ♪ ♪,0.2963,8,0.1951,0.2699,0.7229
3/8,1,x_x_..,♪ ♪ pausa ♪,d,desce,41,2,x_x_x_,♪ ♪ ♪,0.6585,x__xx_,♪. sc ♪,0.2593,7,0.1707,0.0462,3.6989
3/8,1,x_x_..,♪ ♪ pausa ♪,d,desce,41,3,x_x_x_,♪ ♪ ♪,0.6585,x___x_,♩ ♪,0.1852,5,0.122,0.1314,0.9279
3/8,1,x_x_..,♪ ♪ pausa ♪,d,desce,41,4,x_x_x_,♪ ♪ ♪,0.6585,x_x_xx,♪ ♪ sc sc,0.1481,4,0.0976,0.0222,4.395
3/8,1,x_x_..,♪ ♪ pausa ♪,d,desce,41,5,....x_,pausa ♩ ♪,0.1707,x___x_,♩ ♪,0.4286,3,0.0732,0.043,1.7
3/8,1,x_x_..,♪ ♪ pausa ♪,d,desce,41,6,....x_,pausa ♩ ♪,0.1707,x_x_x_,♪ ♪ ♪,0.2857,2,0.0488,0.0758,0.6436
3/8,1,x_x_..,♪ ♪ pausa ♪,d,desce,41,7,x_xxxx,♪ sc sc sc sc,0.0732,x_xxxx,♪ sc sc sc sc,0.6667,2,0.0488,0.0117,4.1574
3/8,1,x_x_..,♪ ♪ pausa ♪,d,desce,41,8,....xx,pausa ♩ sc sc,0.0488,x___x_,♩ ♪,1,2,0.0488,0.0022,21.9512
3/8,1,x_x_..,♪ ♪ pausa ♪,d,desce,41,9,x___x_,♩ ♪,0.0244,x___x_,♩ ♪,1,1,0.0244,0.0084,2.9092
3/8,1,x_x_..,♪ ♪ pausa ♪,d,desce,41,10,....x_,pausa ♩ ♪,0.1707,x_x_..,♪ ♪ pausa ♪,0.1429,1,0.0244,0.0009,26.0671
3/8,1,x__xxx,♪. sc sc sc,s,sobe,42,1,x___x_,♩ ♪,0.2619,x__xxx,♪. sc sc sc,0.6364,7,0.1667,0.004,41.3068
3/8,1,x__xxx,♪. sc sc sc,s,sobe,42,2,x_x_xx,♪ ♪ sc sc,0.0952,x_x_x_,♪ ♪ ♪,1,4,0.0952,0.0236,4.036
3/8,1,x__xxx,♪. sc sc sc,s,sobe,42,3,x_x__x,♪ ♪. sc,0.0714,xxxxxx,sc sc sc sc sc sc,1,3,0.0714,0.0013,53.6667
3/8,1,x__xxx,♪. sc sc sc,s,sobe,42,4,x_x_x_,♪ ♪ ♪,0.119,x_x_x_,♪ ♪ ♪,0.6,3,0.0714,0.0769,0.9286
3/8,1,x__xxx,♪. sc sc sc,s,sobe,42,5,x__xx_,♪. sc ♪,0.0952,xxx_xx,sc sc ♪ sc sc,0.75,3,0.0714,0.001,71.96
3/8,1,x__xxx,♪. sc sc sc,s,sobe,42,6,x_____,♩.,0.0714,x__xxx,♪. sc sc sc,0.6667,2,0.0476,0.0011,42.7778
3/8,1,x__xxx,♪. sc sc sc,s,sobe,42,7,x___xx,♩ sc sc,0.0952,x___x_,♩ ♪,0.5,2,0.0476,0.0148,3.2083
3/8,1,x__xxx,♪. sc sc sc,s,sobe,42,8,x___x_,♩ ♪,0.2619,x_x_x_,♪ ♪ ♪,0.1818,2,0.0476,0.0811,0.5868
3/8,1,x__xxx,♪. sc sc sc,s,sobe,42,9,x___..,♩ pausa ♪,0.0952,x_xxx_,♪ sc sc ♪,0.5,2,0.0476,0.0023,21.0667
3/8,1,x__xxx,♪. sc sc sc,s,sobe,42,10,x_x_x_,♪ ♪ ♪,0.119,x__xx_,♪. sc ♪,0.2,1,0.0238,0.0132,1.8099
6/8,1,....x_,pausa ♩ ♪,0,—,1190,1,x_x_x_,♪ ♪ ♪,0.4143,x_x_x_,♪ ♪ ♪,0.7992,394,0.3311,0.243,1.3624
6/8,1,....x_,pausa ♩ ♪,0,—,1190,2,x___x_,♩ ♪,0.4244,x___x_,♩ ♪,0.4673,236,0.1983,0.2436,0.814
6/8,1,....x_,pausa ♩ ♪,0,—,1190,3,x___x_,♩ ♪,0.4244,x_x_x_,♪ ♪ ♪,0.4535,229,0.1924,0.1716,1.1217
6/8,1,....x_,pausa ♩ ♪,0,—,1190,4,x_x_x_,♪ ♪ ♪,0.4143,x___x_,♩ ♪,0.1521,75,0.063,0.0839,0.7508
6/8,1,....x_,pausa ♩ ♪,0,—,1190,5,x__xx_,♪. sc ♪,0.1143,x_x_x_,♪ ♪ ♪,0.5441,74,0.0622,0.0524,1.1861
6/8,1,....x_,pausa ♩ ♪,0,—,1190,6,x__xx_,♪. sc ♪,0.1143,x__xx_,♪. sc ♪,0.2574,35,0.0294,0.023,1.2771
6/8,1,....x_,pausa ♩ ♪,0,—,1190,7,x___x_,♩ ♪,0.4244,x__xx_,♪. sc ♪,0.0574,29,0.0244,0.0138,1.7603
6/8,1,....x_,pausa ♩ ♪,0,—,1190,8,x__xx_,♪. sc ♪,0.1143,x___x_,♩ ♪,0.1765,24,0.0202,0.0277,0.7282
6/8,1,....x_,pausa ♩ ♪,0,—,1190,9,x_x_x_,♪ ♪ ♪,0.4143,x__xx_,♪. sc ♪,0.0284,14,0.0118,0.0048,2.429
6/8,1,....x_,pausa ♩ ♪,0,—,1190,10,x_____,♩.,0.0176,x_x_x_,♪ ♪ ♪,0.4286,9,0.0076,0.0024,3.0915
6/8,2,x_x_x_,♪ ♪ ♪,d,desce,6512,1,x_x_x_,♪ ♪ ♪,0.6872,x_x_x_,♪ ♪ ♪,0.728,3258,0.5003,0.419,1.194
6/8,2,x_x_x_,♪ ♪ ♪,d,desce,6512,2,x___x_,♩ ♪,0.2176,x_x_x_,♪ ♪ ♪,0.6768,959,0.1473,0.1021,1.4424
6/8,2,x_x_x_,♪ ♪ ♪,d,desce,6512,3,x_x_x_,♪ ♪ ♪,0.6872,x_____,♩.,0.107,479,0.0736,0.0865,0.8501
6/8,2,x_x_x_,♪ ♪ ♪,d,desce,6512,4,x_x_x_,♪ ♪ ♪,0.6872,x___x_,♩ ♪,0.1041,466,0.0716,0.0993,0.7207
6/8,2,x_x_x_,♪ ♪ ♪,d,desce,6512,5,x___x_,♩ ♪,0.2176,x___x_,♩ ♪,0.1905,270,0.0415,0.0743,0.5577
6/8,2,x_x_x_,♪ ♪ ♪,d,desce,6512,6,x___xx,♩ sc sc,0.0287,x_x_x_,♪ ♪ ♪,0.6684,125,0.0192,0.0158,1.214
6/8,2,x_x_x_,♪ ♪ ♪,d,desce,6512,7,x_x_x_,♪ ♪ ♪,0.6872,x__xx_,♪. sc ♪,0.0201,90,0.0138,0.0212,0.6524
6/8,2,x_x_x_,♪ ♪ ♪,d,desce,6512,8,x___x_,♩ ♪,0.2176,x_____,♩.,0.0614,87,0.0134,0.0278,0.4799
6/8,2,x_x_x_,♪ ♪ ♪,d,desce,6512,9,x_____,♩.,0.0247,x_x_x_,♪ ♪ ♪,0.5217,84,0.0129,0.0125,1.0345
6/8,2,x_x_x_,♪ ♪ ♪,d,desce,6512,10,x_____,♩.,0.0247,x___x_,♩ ♪,0.3665,59,0.0091,0.0084,1.074
6/8,1,x___x_,♩ ♪,s,sobe,3437,1,x_x_x_,♪ ♪ ♪,0.5228,x_x_x_,♪ ♪ ♪,0.695,1249,0.3634,0.2956,1.2294
6/8,1,x___x_,♩ ♪,s,sobe,3437,2,x___x_,♩ ♪,0.2944,x___x_,♩ ♪,0.5425,549,0.1597,0.1697,0.9415
6/8,1,x___x_,♩ ♪,s,sobe,3437,3,x_x_x_,♪ ♪ ♪,0.5228,x___x_,♩ ♪,0.2393,430,0.1251,0.1021,1.2254
6/8,1,x___x_,♩ ♪,s,sobe,3437,4,x___x_,♩ ♪,0.2944,x_x_x_,♪ ♪ ♪,0.3607,365,0.1062,0.1195,0.8889
6/8,1,x___x_,♩ ♪,s,sobe,3437,5,x_____,♩.,0.0847,x___x_,♩ ♪,0.3471,101,0.0294,0.0341,0.8619
6/8,1,x___x_,♩ ♪,s,sobe,3437,6,x__xx_,♪. sc ♪,0.053,x_x_x_,♪ ♪ ♪,0.4945,90,0.0262,0.025,1.0458
6/8,1,x___x_,♩ ♪,s,sobe,3437,7,x_x_x_,♪ ♪ ♪,0.5228,x_____,♩.,0.0306,55,0.016,0.0124,1.2926
6/8,1,x___x_,♩ ♪,s,sobe,3437,8,x__xx_,♪. sc ♪,0.053,x___x_,♩ ♪,0.2582,47,0.0137,0.0132,1.0339
6/8,1,x___x_,♩ ♪,s,sobe,3437,9,x_____,♩.,0.0847,x_x_x_,♪ ♪ ♪,0.1271,37,0.0108,0.0157,0.686
6/8,1,x___x_,♩ ♪,s,sobe,3437,10,x_____,♩.,0.0847,....x_,pausa ♩ ♪,0.1168,34,0.0099,0.0164,0.6039
6/8,1,x_x_x_,♪ ♪ ♪,d,desce,6481,1,x_x_x_,♪ ♪ ♪,0.6436,x_x_x_,♪ ♪ ♪,0.6349,2648,0.4086,0.419,0.9751
6/8,1,x_x_x_,♪ ♪ ♪,d,desce,6481,2,x_x_x_,♪ ♪ ♪,0.6436,x___x_,♩ ♪,0.2486,1037,0.16,0.1447,1.1055
6/8,1,x_x_x_,♪ ♪ ♪,d,desce,6481,3,x___x_,♩ ♪,0.1677,x___x_,♩ ♪,0.4683,509,0.0785,0.0783,1.0035
6/8,1,x_x_x_,♪ ♪ ♪,d,desce,6481,4,x___x_,♩ ♪,0.1677,x_x_x_,♪ ♪ ♪,0.4278,465,0.0717,0.0551,1.3019
6/8,1,x_x_x_,♪ ♪ ♪,d,desce,6481,5,x_____,♩.,0.1063,x___x_,♩ ♪,0.3019,208,0.0321,0.0366,0.8768
6/8,1,x_x_x_,♪ ♪ ♪,d,desce,6481,6,x_x_x_,♪ ♪ ♪,0.6436,x___xx,♩ sc sc,0.046,192,0.0296,0.0194,1.5285
6/8,1,x_x_x_,♪ ♪ ♪,d,desce,6481,7,x_x_x_,♪ ♪ ♪,0.6436,x_____,♩.,0.03,125,0.0193,0.0176,1.0989
6/8,1,x_x_x_,♪ ♪ ♪,d,desce,6481,8,x_____,♩.,0.1063,x_____,♩.,0.1364,94,0.0145,0.0186,0.7789
6/8,1,x_x_x_,♪ ♪ ♪,d,desce,6481,9,x__xx_,♪. sc ♪,0.0315,x_x_x_,♪ ♪ ♪,0.4363,89,0.0137,0.0145,0.9454
6/8,1,x_x_x_,♪ ♪ ♪,d,desce,6481,10,x_____,♩.,0.1063,....x_,pausa ♩ ♪,0.1277,88,0.0136,0.0176,0.7721
6/8,2,x_x_x_,♪ ♪ ♪,r,repete,2944,1,x_x_x_,♪ ♪ ♪,0.5774,x_x_x_,♪ ♪ ♪,0.73,1241,0.4215,0.419,1.006
6/8,2,x_x_x_,♪ ♪ ♪,r,repete,2944,2,x___x_,♩ ♪,0.2796,x_x_x_,♪ ♪ ♪,0.6962,573,0.1946,0.1021,1.9063
6/8,2,x_x_x_,♪ ♪ ♪,r,repete,2944,3,x_x_x_,♪ ♪ ♪,0.5774,x_____,♩.,0.1112,189,0.0642,0.0865,0.7419
6/8,2,x_x_x_,♪ ♪ ♪,r,repete,2944,4,x_x_x_,♪ ♪ ♪,0.5774,x___x_,♩ ♪,0.0853,145,0.0493,0.0993,0.4961
6/8,2,x_x_x_,♪ ♪ ♪,r,repete,2944,5,x___x_,♩ ♪,0.2796,x___x_,♩ ♪,0.1446,119,0.0404,0.0743,0.5437
6/8,2,x_x_x_,♪ ♪ ♪,r,repete,2944,6,x___xx,♩ sc sc,0.0567,x_x_x_,♪ ♪ ♪,0.7006,117,0.0397,0.0158,2.5135
6/8,2,x_x_x_,♪ ♪ ♪,r,repete,2944,7,x___x_,♩ ♪,0.2796,x_____,♩.,0.0656,54,0.0183,0.0278,0.6588
6/8,2,x_x_x_,♪ ♪ ♪,r,repete,2944,8,x_____,♩.,0.0194,x_x_x_,♪ ♪ ♪,0.7544,43,0.0146,0.0125,1.1713
6/8,2,x_x_x_,♪ ♪ ♪,r,repete,2944,9,x_x_x_,♪ ♪ ♪,0.5774,x__xx_,♪. sc ♪,0.0218,37,0.0126,0.0212,0.5933
6/8,2,x_x_x_,♪ ♪ ♪,r,repete,2944,10,x__xx_,♪. sc ♪,0.0166,x_x_x_,♪ ♪ ♪,0.7143,35,0.0119,0.0039,3.0548
6/8,1,x___x_,♩ ♪,d,desce,2975,1,x_x_x_,♪ ♪ ♪,0.4185,x_x_x_,♪ ♪ ♪,0.6273,781,0.2625,0.2956,0.8881
6/8,1,x___x_,♩ ♪,d,desce,2975,2,x___x_,♩ ♪,0.3449,x___x_,♩ ♪,0.5624,577,0.1939,0.1697,1.1432
6/8,1,x___x_,♩ ♪,d,desce,2975,3,x_x_x_,♪ ♪ ♪,0.4185,x___x_,♩ ♪,0.2723,339,0.1139,0.1021,1.1161
6/8,1,x___x_,♩ ♪,d,desce,2975,4,x___x_,♩ ♪,0.3449,x_x_x_,♪ ♪ ♪,0.3109,319,0.1072,0.1195,0.8975
6/8,1,x___x_,♩ ♪,d,desce,2975,5,x_____,♩.,0.118,x___x_,♩ ♪,0.265,93,0.0313,0.0341,0.9169
6/8,1,x___x_,♩ ♪,d,desce,2975,6,x_____,♩.,0.118,....x_,pausa ♩ ♪,0.1966,69,0.0232,0.0164,1.4158
6/8,1,x___x_,♩ ♪,d,desce,2975,7,x__xx_,♪. sc ♪,0.0534,x_x_x_,♪ ♪ ♪,0.3459,55,0.0185,0.025,0.7384
6/8,1,x___x_,♩ ♪,d,desce,2975,8,x_____,♩.,0.118,x_____,♩.,0.1368,48,0.0161,0.0173,0.9302
6/8,1,x___x_,♩ ♪,d,desce,2975,9,x___x_,♩ ♪,0.3449,x_____,♩.,0.0448,46,0.0155,0.0088,1.7634
6/8,1,x___x_,♩ ♪,d,desce,2975,10,x_x_x_,♪ ♪ ♪,0.4185,x_____,♩.,0.0361,45,0.0151,0.0124,1.2218
6/8,2,x___x_,♩ ♪,r,repete,1892,1,x___x_,♩ ♪,0.4403,x___x_,♩ ♪,0.4466,372,0.1966,0.1697,1.1589
6/8,2,x___x_,♩ ♪,r,repete,1892,2,x_x_x_,♪ ♪ ♪,0.4556,x___x_,♩ ♪,0.3376,291,0.1538,0.0551,2.7909
6/8,2,x___x_,♩ ♪,r,repete,1892,3,x_x_x_,♪ ♪ ♪,0.4556,x_____,♩.,0.3271,282,0.149,0.048,3.1034
6/8,2,x___x_,♩ ♪,r,repete,1892,4,x___x_,♩ ♪,0.4403,x_____,♩.,0.2617,218,0.1152,0.0635,1.8136
6/8,2,x___x_,♩ ♪,r,repete,1892,5,x_x_x_,♪ ♪ ♪,0.4556,x_x_x_,♪ ♪ ♪,0.2401,207,0.1094,0.2326,0.4704
6/8,2,x___x_,♩ ♪,r,repete,1892,6,x___x_,♩ ♪,0.4403,x_x_x_,♪ ♪ ♪,0.2245,187,0.0988,0.233,0.4242
6/8,2,x___x_,♩ ♪,r,repete,1892,7,x_x_x_,♪ ♪ ♪,0.4556,x___..,♩ pausa ♪,0.0406,35,0.0185,0.0032,5.7643
6/8,2,x___x_,♩ ♪,r,repete,1892,8,x__xx_,♪. sc ♪,0.0433,x_____,♩.,0.3902,32,0.0169,0.0068,2.4977
6/8,2,x___x_,♩ ♪,r,repete,1892,9,x__xx_,♪. sc ♪,0.0433,x___x_,♩ ♪,0.3659,30,0.0159,0.0055,2.8714
6/8,2,x___x_,♩ ♪,r,repete,1892,10,x_____,♩.,0.0227,x___x_,♩ ♪,0.6744,29,0.0153,0.0082,1.868
6/8,1,x_x_x_,♪ ♪ ♪,s,sobe,4979,1,x_x_x_,♪ ♪ ♪,0.624,x_x_x_,♪ ♪ ♪,0.6675,2074,0.4165,0.419,0.9941
6/8,1,x_x_x_,♪ ♪ ♪,s,sobe,4979,2,x_x_x_,♪ ♪ ♪,0.624,x___x_,♩ ♪,0.2337,726,0.1458,0.1447,1.0074
6/8,1,x_x_x_,♪ ♪ ♪,s,sobe,4979,3,x___x_,♩ ♪,0.1546,x___x_,♩ ♪,0.4922,379,0.0761,0.0783,0.9726
6/8,1,x_x_x_,♪ ♪ ♪,s,sobe,4979,4,x___x_,♩ ♪,0.1546,x_x_x_,♪ ♪ ♪,0.4091,315,0.0633,0.0551,1.148
6/8,1,x_x_x_,♪ ♪ ♪,s,sobe,4979,5,x_____,♩.,0.1235,x___x_,♩ ♪,0.2846,175,0.0351,0.0366,0.9603
6/8,1,x_x_x_,♪ ♪ ♪,s,sobe,4979,6,x_x_x_,♪ ♪ ♪,0.624,x___xx,♩ sc sc,0.0383,119,0.0239,0.0194,1.2331
6/8,1,x_x_x_,♪ ♪ ♪,s,sobe,4979,7,x_____,♩.,0.1235,x_____,♩.,0.1577,97,0.0195,0.0186,1.0462
6/8,1,x_x_x_,♪ ♪ ♪,s,sobe,4979,8,x_____,♩.,0.1235,x_x_x_,♪ ♪ ♪,0.1431,88,0.0177,0.0168,1.0491
6/8,1,x_x_x_,♪ ♪ ♪,s,sobe,4979,9,x_____,♩.,0.1235,....x_,pausa ♩ ♪,0.1317,81,0.0163,0.0176,0.925
6/8,1,x_x_x_,♪ ♪ ♪,s,sobe,4979,10,x__xx_,♪. sc ♪,0.0353,x_x_x_,♪ ♪ ♪,0.4489,79,0.0159,0.0145,1.0924
6/8,2,x_x_x_,♪ ♪ ♪,s,sobe,4489,1,x_x_x_,♪ ♪ ♪,0.6926,x_x_x_,♪ ♪ ♪,0.77,2394,0.5333,0.419,1.2727
6/8,2,x_x_x_,♪ ♪ ♪,s,sobe,4489,2,x___x_,♩ ♪,0.2143,x_x_x_,♪ ♪ ♪,0.6871,661,0.1472,0.1021,1.4422
6/8,2,x_x_x_,♪ ♪ ♪,s,sobe,4489,3,x_x_x_,♪ ♪ ♪,0.6926,x___x_,♩ ♪,0.0872,271,0.0604,0.0993,0.608
6/8,2,x_x_x_,♪ ♪ ♪,s,sobe,4489,4,x_x_x_,♪ ♪ ♪,0.6926,x_____,♩.,0.0772,240,0.0535,0.0865,0.6179
6/8,2,x_x_x_,♪ ♪ ♪,s,sobe,4489,5,x___x_,♩ ♪,0.2143,x___x_,♩ ♪,0.1954,188,0.0419,0.0743,0.5633
6/8,2,x_x_x_,♪ ♪ ♪,s,sobe,4489,6,x_x_x_,♪ ♪ ♪,0.6926,x__xx_,♪. sc ♪,0.0219,68,0.0151,0.0212,0.7151
6/8,2,x_x_x_,♪ ♪ ♪,s,sobe,4489,7,x_____,♩.,0.0247,x_x_x_,♪ ♪ ♪,0.5676,63,0.014,0.0125,1.1255
6/8,2,x_x_x_,♪ ♪ ♪,s,sobe,4489,8,x___x_,♩ ♪,0.2143,x_____,♩.,0.0551,53,0.0118,0.0278,0.4241
6/8,2,x_x_x_,♪ ♪ ♪,s,sobe,4489,9,x___xx,♩ sc sc,0.0178,x_x_x_,♪ ♪ ♪,0.6125,49,0.0109,0.0158,0.6904
6/8,2,x_x_x_,♪ ♪ ♪,s,sobe,4489,10,x___x_,♩ ♪,0.2143,x__xx_,♪. sc ♪,0.0364,35,0.0078,0.0126,0.6181
6/8,2,x___x_,♩ ♪,d,desce,2606,1,x___x_,♩ ♪,0.5503,x___x_,♩ ♪,0.4505,646,0.2479,0.1697,1.4611
6/8,2,x___x_,♩ ♪,d,desce,2606,2,x___x_,♩ ♪,0.5503,x_x_x_,♪ ♪ ♪,0.2678,384,0.1474,0.233,0.6324
6/8,2,x___x_,♩ ♪,d,desce,2606,3,x_x_x_,♪ ♪ ♪,0.3327,x___x_,♩ ♪,0.3852,334,0.1282,0.0551,2.3256
6/8,2,x___x_,♩ ♪,d,desce,2606,4,x_x_x_,♪ ♪ ♪,0.3327,x_x_x_,♪ ♪ ♪,0.3552,308,0.1182,0.2326,0.5082
6/8,2,x___x_,♩ ♪,d,desce,2606,5,x___x_,♩ ♪,0.5503,x_____,♩.,0.1688,242,0.0929,0.0635,1.4617
6/8,2,x___x_,♩ ♪,d,desce,2606,6,x_x_x_,♪ ♪ ♪,0.3327,x_____,♩.,0.1926,167,0.0641,0.048,1.3343
6/8,2,x___x_,♩ ♪,d,desce,2606,7,x___x_,♩ ♪,0.5503,x__xx_,♪. sc ♪,0.0488,70,0.0269,0.0288,0.9332
6/8,2,x___x_,♩ ♪,d,desce,2606,8,x___xx,♩ sc sc,0.0299,x___x_,♩ ♪,0.4359,34,0.013,0.0053,2.4524
6/8,2,x___x_,♩ ♪,d,desce,2606,9,x_____,♩.,0.028,x_x_x_,♪ ♪ ♪,0.4521,33,0.0127,0.0121,1.0441
6/8,2,x___x_,♩ ♪,d,desce,2606,10,x_____,♩.,0.028,x___x_,♩ ♪,0.3699,27,0.0104,0.0082,1.2626
6/8,1,x_____,♩.,d,desce,319,1,x_x_x_,♪ ♪ ♪,0.4044,x_x_x_,♪ ♪ ♪,0.6899,89,0.279,0.2977,0.9371
6/8,1,x_____,♩.,d,desce,319,2,x___x_,♩ ♪,0.3511,x___x_,♩ ♪,0.5179,58,0.1818,0.1588,1.1452
6/8,1,x_____,♩.,d,desce,319,3,x___x_,♩ ♪,0.3511,x_x_x_,♪ ♪ ♪,0.4107,46,0.1442,0.1118,1.2899
6/8,1,x_____,♩.,d,desce,319,4,x_x_x_,♪ ♪ ♪,0.4044,x___x_,♩ ♪,0.1783,23,0.0721,0.1028,0.7011
6/8,1,x_____,♩.,d,desce,319,5,x_____,♩.,0.1066,x_____,♩.,0.3529,12,0.0376,0.0157,2.4019
6/8,1,x_____,♩.,d,desce,319,6,x_x_x_,♪ ♪ ♪,0.4044,x_____,♩.,0.0853,11,0.0345,0.0125,2.7654
6/8,1,x_____,♩.,d,desce,319,7,x__xx_,♪. sc ♪,0.0721,x_x_x_,♪ ♪ ♪,0.4783,11,0.0345,0.0333,1.0366
6/8,1,x_____,♩.,d,desce,319,8,x_____,♩.,0.1066,x_x_x_,♪ ♪ ♪,0.2647,9,0.0282,0.0142,1.9911
6/8,1,x_____,♩.,d,desce,319,9,x__xx_,♪. sc ♪,0.0721,x__xx_,♪. sc ♪,0.3043,7,0.0219,0.0146,1.5017
6/8,1,x_____,♩.,d,desce,319,10,x___x_,♩ ♪,0.3511,x__xx_,♪. sc ♪,0.0625,7,0.0219,0.009,2.4323
6/8,1,x_____,♩.,s,sobe,349,1,x_x_x_,♪ ♪ ♪,0.49,x_x_x_,♪ ♪ ♪,0.731,125,0.3582,0.2977,1.2031
6/8,1,x_____,♩.,s,sobe,349,2,x___x_,♩ ♪,0.2837,x___x_,♩ ♪,0.5657,56,0.1605,0.1588,1.0107
6/8,1,x_____,♩.,s,sobe,349,3,x___x_,♩ ♪,0.2837,x_x_x_,♪ ♪ ♪,0.3434,34,0.0974,0.1118,0.8714
6/8,1,x_____,♩.,s,sobe,349,4,x_x_x_,♪ ♪ ♪,0.49,x___x_,♩ ♪,0.1871,32,0.0917,0.1028,0.8916
6/8,1,x_____,♩.,s,sobe,349,5,x__xx_,♪. sc ♪,0.0802,x_x_x_,♪ ♪ ♪,0.6071,17,0.0487,0.0333,1.4643
6/8,1,x_____,♩.,s,sobe,349,6,x_____,♩.,0.0688,x_____,♩.,0.4583,11,0.0315,0.0157,2.0125
6/8,1,x_____,♩.,s,sobe,349,7,x_x_x_,♪ ♪ ♪,0.49,x_____,♩.,0.0468,8,0.0229,0.0125,1.8383
6/8,1,x_____,♩.,s,sobe,349,8,x__xx_,♪. sc ♪,0.0802,x__xx_,♪. sc ♪,0.25,7,0.0201,0.0146,1.3726
6/8,1,x_____,♩.,s,sobe,349,9,x_x_x_,♪ ♪ ♪,0.49,x__xx_,♪. sc ♪,0.0234,4,0.0115,0.0059,1.9317
6/8,1,x_____,♩.,s,sobe,349,10,x_____,♩.,0.0688,x_x_x_,♪ ♪ ♪,0.1667,4,0.0115,0.0142,0.8089
6/8,1,x_x_x_,♪ ♪ ♪,r,repete,843,1,x_x_x_,♪ ♪ ♪,0.7699,x_x_x_,♪ ♪ ♪,0.7119,462,0.548,0.419,1.3079
6/8,1,x_x_x_,♪ ♪ ♪,r,repete,843,2,x_x_x_,♪ ♪ ♪,0.7699,x___x_,♩ ♪,0.2111,137,0.1625,0.1447,1.1228
6/8,1,x_x_x_,♪ ♪ ♪,r,repete,843,3,x___x_,♩ ♪,0.0676,x___x_,♩ ♪,0.6491,37,0.0439,0.0783,0.5608
6/8,1,x_x_x_,♪ ♪ ♪,r,repete,843,4,x_x_x_,♪ ♪ ♪,0.7699,x_____,♩.,0.0231,15,0.0178,0.0176,1.0138
6/8,1,x_x_x_,♪ ♪ ♪,r,repete,843,5,x_____,♩.,0.0724,x___x_,♩ ♪,0.2459,15,0.0178,0.0366,0.4861
6/8,1,x_x_x_,♪ ♪ ♪,r,repete,843,6,x__xx_,♪. sc ♪,0.0249,x_x_x_,♪ ♪ ♪,0.5714,12,0.0142,0.0145,0.98
6/8,1,x_x_x_,♪ ♪ ♪,r,repete,843,7,x_____,♩.,0.0724,x_____,♩.,0.1803,11,0.013,0.0186,0.7007
6/8,1,x_x_x_,♪ ♪ ♪,r,repete,843,8,x_____,♩.,0.0724,....x_,pausa ♩ ♪,0.1639,10,0.0119,0.0176,0.6745
6/8,1,x_x_x_,♪ ♪ ♪,r,repete,843,9,x_x_x_,♪ ♪ ♪,0.7699,x___xx,♩ sc sc,0.0154,10,0.0119,0.0194,0.612
6/8,1,x_x_x_,♪ ♪ ♪,r,repete,843,10,x_x_x_,♪ ♪ ♪,0.7699,x___..,♩ pausa ♪,0.0123,8,0.0095,0.0047,2.0238
6/8,2,x___x_,♩ ♪,s,sobe,2127,1,x___x_,♩ ♪,0.5646,x___x_,♩ ♪,0.4405,529,0.2487,0.1697,1.4659
6/8,2,x___x_,♩ ♪,s,sobe,2127,2,x___x_,♩ ♪,0.5646,x_x_x_,♪ ♪ ♪,0.2981,358,0.1683,0.233,0.7224
6/8,2,x___x_,♩ ♪,s,sobe,2127,3,x_x_x_,♪ ♪ ♪,0.33,x_x_x_,♪ ♪ ♪,0.4772,335,0.1575,0.2326,0.6772
6/8,2,x___x_,♩ ♪,s,sobe,2127,4,x_x_x_,♪ ♪ ♪,0.33,x___x_,♩ ♪,0.359,252,0.1185,0.0551,2.1498
6/8,2,x___x_,♩ ♪,s,sobe,2127,5,x___x_,♩ ♪,0.5646,x_____,♩.,0.174,209,0.0983,0.0635,1.5466
6/8,2,x___x_,♩ ♪,s,sobe,2127,6,x_x_x_,♪ ♪ ♪,0.33,x_____,♩.,0.0969,68,0.032,0.048,0.6657
6/8,2,x___x_,♩ ♪,s,sobe,2127,7,x___x_,♩ ♪,0.5646,x__xx_,♪. sc ♪,0.0391,47,0.0221,0.0288,0.7677
6/8,2,x___x_,♩ ♪,s,sobe,2127,8,x_____,♩.,0.0259,x___x_,♩ ♪,0.4545,25,0.0118,0.0082,1.4324
6/8,2,x___x_,♩ ♪,s,sobe,2127,9,x__xx_,♪. sc ♪,0.0273,x_____,♩.,0.3793,22,0.0103,0.0068,1.5274
6/8,2,x___x_,♩ ♪,s,sobe,2127,10,x_____,♩.,0.0259,x_x_x_,♪ ♪ ♪,0.3818,21,0.0099,0.0121,0.814
6/8,2,x_____,♩.,d,desce,979,1,x___x_,♩ ♪,0.237,x___x_,♩ ♪,0.4353,101,0.1032,0.091,1.1331
6/8,2,x_____,♩.,d,desce,979,2,....x_,pausa ♩ ♪,0.1961,x___x_,♩ ♪,0.5208,100,0.1021,0.0628,1.626
6/8,2,x_____,♩.,d,desce,979,3,x___x_,♩ ♪,0.237,x_x_x_,♪ ♪ ♪,0.3621,84,0.0858,0.125,0.6862
6/8,2,x_____,♩.,d,desce,979,4,....x_,pausa ♩ ♪,0.1961,x_x_x_,♪ ♪ ♪,0.3073,59,0.0603,0.0494,1.2201
6/8,2,x_____,♩.,d,desce,979,5,__..x_,(lig.) ♪ pausa ♪ ♪,0.0817,x___x_,♩ ♪,0.525,42,0.0429,0.0294,1.4573
6/8,2,x_____,♩.,d,desce,979,6,x_x_x_,♪ ♪ ♪,0.0858,x_x_x_,♪ ♪ ♪,0.4762,40,0.0409,0.0816,0.5008
6/8,2,x_____,♩.,d,desce,979,7,x_____,♩.,0.1216,x_x_x_,♪ ♪ ♪,0.3277,39,0.0398,0.0641,0.6218
6/8,2,x_____,♩.,d,desce,979,8,x_____,♩.,0.1216,x___x_,♩ ♪,0.2857,34,0.0347,0.0433,0.8012
6/8,2,x_____,♩.,d,desce,979,9,____x_,(lig.) ♩ ♪,0.0613,x___x_,♩ ♪,0.5667,34,0.0347,0.0202,1.7175
6/8,2,x_____,♩.,d,desce,979,10,x_____,♩.,0.1216,x_____,♩.,0.2605,31,0.0317,0.0157,2.0219
6/8,1,____x_,(lig.) ♩ ♪,s,sobe,48,1,x___x_,♩ ♪,0.4375,x___x_,♩ ♪,0.9048,19,0.3958,0.2154,1.8381
6/8,1,____x_,(lig.) ♩ ♪,s,sobe,48,2,x_x_x_,♪ ♪ ♪,0.2917,x_x_x_,♪ ♪ ♪,0.6429,9,0.1875,0.2277,0.8236
6/8,1,____x_,(lig.) ♩ ♪,s,sobe,48,3,__x_x_,(lig.) ♪ ♪ ♪,0.0833,x_x_x_,♪ ♪ ♪,1,4,0.0833,0.0131,6.3656
6/8,1,____x_,(lig.) ♩ ♪,s,sobe,48,4,x__xx_,♪. sc ♪,0.1458,x_x_x_,♪ ♪ ♪,0.4286,3,0.0625,0.0454,1.3762
6/8,1,____x_,(lig.) ♩ ♪,s,sobe,48,5,x_x_x_,♪ ♪ ♪,0.2917,____x_,(lig.) ♩ ♪,0.1429,2,0.0417,0.0002,190.8013
6/8,1,____x_,(lig.) ♩ ♪,s,sobe,48,6,x___x_,♩ ♪,0.4375,x_x_x_,♪ ♪ ♪,0.0952,2,0.0417,0.1516,0.2748
6/8,1,____x_,(lig.) ♩ ♪,s,sobe,48,7,x_x_x_,♪ ♪ ♪,0.2917,x___x_,♩ ♪,0.1429,2,0.0417,0.0786,0.5298
6/8,1,____x_,(lig.) ♩ ♪,s,sobe,48,8,x__xx_,♪. sc ♪,0.1458,x__xx_,♪. sc ♪,0.2857,2,0.0417,0.0199,2.0887
6/8,1,____x_,(lig.) ♩ ♪,s,sobe,48,9,x__xx_,♪. sc ♪,0.1458,x___x_,♩ ♪,0.2857,2,0.0417,0.024,1.7369
6/8,1,____x_,(lig.) ♩ ♪,s,sobe,48,10,x_____,♩.,0.0417,x_x_x_,♪ ♪ ♪,0.5,1,0.0208,0.0081,2.5848
6/8,1,____x_,(lig.) ♩ ♪,d,desce,72,1,x_x_x_,♪ ♪ ♪,0.3611,x_x_x_,♪ ♪ ♪,0.7308,19,0.2639,0.2277,1.1591
6/8,1,____x_,(lig.) ♩ ♪,d,desce,72,2,x___x_,♩ ♪,0.3611,x___x_,♩ ♪,0.6538,17,0.2361,0.2154,1.0964
6/8,1,____x_,(lig.) ♩ ♪,d,desce,72,3,x___x_,♩ ♪,0.3611,x_x_x_,♪ ♪ ♪,0.2692,7,0.0972,0.1516,0.6411
6/8,1,____x_,(lig.) ♩ ♪,d,desce,72,4,x_x_x_,♪ ♪ ♪,0.3611,x___x_,♩ ♪,0.1538,4,0.0556,0.0786,0.7065
6/8,1,____x_,(lig.) ♩ ♪,d,desce,72,5,x__xx_,♪. sc ♪,0.0694,x_x_x_,♪ ♪ ♪,0.6,3,0.0417,0.0454,0.9175
6/8,1,____x_,(lig.) ♩ ♪,d,desce,72,6,____x_,(lig.) ♩ ♪,0.0278,____x_,(lig.) ♩ ♪,1,2,0.0278,0.0044,6.25
6/8,1,____x_,(lig.) ♩ ♪,d,desce,72,7,x___x_,♩ ♪,0.3611,x__xx_,♪. sc ♪,0.0769,2,0.0278,0.0122,2.2699
6/8,1,____x_,(lig.) ♩ ♪,d,desce,72,8,x_____,♩.,0.0972,____x_,(lig.) ♩ ♪,0.2857,2,0.0278,0.0031,9.0667
6/8,1,____x_,(lig.) ♩ ♪,d,desce,72,9,x_x_x_,♪ ♪ ♪,0.3611,__x_x_,(lig.) ♪ ♪ ♪,0.0385,1,0.0139,0.0015,9.3837
6/8,1,____x_,(lig.) ♩ ♪,d,desce,72,10,__x_x_,(lig.) ♪ ♪ ♪,0.0139,x_x_x_,♪ ♪ ♪,1,1,0.0139,0.0131,1.0609
6/8,1,__x_x_,(lig.) ♪ ♪ ♪,d,desce,71,1,x_x_x_,♪ ♪ ♪,0.3662,x_x_x_,♪ ♪ ♪,0.7308,19,0.2676,0.2816,0.9504
6/8,1,__x_x_,(lig.) ♪ ♪ ♪,d,desce,71,2,__x_x_,(lig.) ♪ ♪ ♪,0.2113,__x_x_,(lig.) ♪ ♪ ♪,0.8,12,0.169,0.0808,2.0908
6/8,1,__x_x_,(lig.) ♪ ♪ ♪,d,desce,71,3,x_____,♩.,0.169,__x_x_,(lig.) ♪ ♪ ♪,0.8333,10,0.1408,0.0024,58.0261
6/8,1,__x_x_,(lig.) ♪ ♪ ♪,d,desce,71,4,x_x_x_,♪ ♪ ♪,0.3662,__x_x_,(lig.) ♪ ♪ ♪,0.1923,5,0.0704,0.0018,38.4696
6/8,1,__x_x_,(lig.) ♪ ♪ ♪,d,desce,71,5,x___x_,♩ ♪,0.1127,x_x_x_,♪ ♪ ♪,0.625,5,0.0704,0.0198,3.5546
6/8,1,__x_x_,(lig.) ♪ ♪ ♪,d,desce,71,6,____x_,(lig.) ♩ ♪,0.0704,____x_,(lig.) ♩ ♪,0.6,3,0.0423,0.0341,1.2404
6/8,1,__x_x_,(lig.) ♪ ♪ ♪,d,desce,71,7,__x_x_,(lig.) ♪ ♪ ♪,0.2113,x_x_x_,♪ ♪ ♪,0.2,3,0.0423,0.0677,0.6239
6/8,1,__x_x_,(lig.) ♪ ♪ ♪,d,desce,71,8,x___x_,♩ ♪,0.1127,x___x_,♩ ♪,0.375,3,0.0423,0.0281,1.5018
6/8,1,__x_x_,(lig.) ♪ ♪ ♪,d,desce,71,9,x_x_x_,♪ ♪ ♪,0.3662,x___x_,♩ ♪,0.0769,2,0.0282,0.0973,0.2896
6/8,1,__x_x_,(lig.) ♪ ♪ ♪,d,desce,71,10,____x_,(lig.) ♩ ♪,0.0704,__x_x_,(lig.) ♪ ♪ ♪,0.2,1,0.0141,0.017,0.8269
6/8,2,x_____,♩.,s,sobe,1333,1,x___x_,♩ ♪,0.2918,x___x_,♩ ♪,0.4344,169,0.1268,0.091,1.3925
6/8,2,x_____,♩.,s,sobe,1333,2,x___x_,♩ ♪,0.2918,x_x_x_,♪ ♪ ♪,0.3548,138,0.1035,0.125,0.828
6/8,2,x_____,♩.,s,sobe,1333,3,x_x_x_,♪ ♪ ♪,0.1673,x_x_x_,♪ ♪ ♪,0.5157,115,0.0863,0.0816,1.0574
6/8,2,x_____,♩.,s,sobe,1333,4,....x_,pausa ♩ ♪,0.1178,x___x_,♩ ♪,0.586,92,0.069,0.0628,1.0986
6/8,2,x_____,♩.,s,sobe,1333,5,x_____,♩.,0.1313,x_x_x_,♪ ♪ ♪,0.3886,68,0.051,0.0641,0.7962
6/8,2,x_____,♩.,s,sobe,1333,6,x_x_x_,♪ ♪ ♪,0.1673,x___x_,♩ ♪,0.2601,58,0.0435,0.0193,2.2507
6/8,2,x_____,♩.,s,sobe,1333,7,x_____,♩.,0.1313,x___x_,♩ ♪,0.2457,43,0.0323,0.0433,0.7442
6/8,2,x_____,♩.,s,sobe,1333,8,__..x_,(lig.) ♪ pausa ♪ ♪,0.0563,x___x_,♩ ♪,0.5333,40,0.03,0.0294,1.0193
6/8,2,x_____,♩.,s,sobe,1333,9,....x_,pausa ♩ ♪,0.1178,x_x_x_,♪ ♪ ♪,0.2484,39,0.0293,0.0494,0.5923
6/8,2,x_____,♩.,s,sobe,1333,10,x___x_,♩ ♪,0.2918,x__xx_,♪. sc ♪,0.0925,36,0.027,0.0154,1.7484
6/8,2,x__xxx,♪. sc sc sc,d,desce,72,1,x_x_x_,♪ ♪ ♪,0.1944,x_x_x_,♪ ♪ ♪,0.6429,9,0.125,0.2616,0.4778
6/8,2,x__xxx,♪. sc sc sc,d,desce,72,2,x___x_,♩ ♪,0.3611,x___x_,♩ ♪,0.3077,8,0.1111,0.0977,1.1368
6/8,2,x__xxx,♪. sc sc sc,d,desce,72,3,x___xx,♩ sc sc,0.2917,x_x_x_,♪ ♪ ♪,0.381,8,0.1111,0.0893,1.2449
6/8,2,x__xxx,♪. sc sc sc,d,desce,72,4,x___x_,♩ ♪,0.3611,x_x_x_,♪ ♪ ♪,0.2692,7,0.0972,0.1342,0.7243
6/8,2,x__xxx,♪. sc sc sc,d,desce,72,5,x___xx,♩ sc sc,0.2917,x__xx_,♪. sc ♪,0.2857,6,0.0833,0.0176,4.7366
6/8,2,x__xxx,♪. sc sc sc,d,desce,72,6,x__xxx,♪. sc sc sc,0.0972,x_x_x_,♪ ♪ ♪,0.7143,5,0.0694,0.0243,2.8612
6/8,2,x__xxx,♪. sc sc sc,d,desce,72,7,x___x_,♩ ♪,0.3611,x__xx_,♪. sc ♪,0.1538,4,0.0556,0.0166,3.3504
6/8,2,x__xxx,♪. sc sc sc,d,desce,72,8,x___x_,♩ ♪,0.3611,x__xxx,♪. sc sc sc,0.1154,3,0.0417,0.0015,27.8919
6/8,2,x__xxx,♪. sc sc sc,d,desce,72,9,x___xx,♩ sc sc,0.2917,x__xxx,♪. sc sc sc,0.1429,3,0.0417,0.0019,21.5777
6/8,2,x__xxx,♪. sc sc sc,d,desce,72,10,x_x_x_,♪ ♪ ♪,0.1944,x_____,♩.,0.2143,3,0.0417,0.054,0.7712
6/8,2,x__xx_,♪. sc ♪,s,sobe,433,1,x_x_x_,♪ ♪ ♪,0.4065,x_x_x_,♪ ♪ ♪,0.2898,51,0.1178,0.2873,0.4099
6/8,2,x__xx_,♪. sc ♪,s,sobe,433,2,x_x_x_,♪ ♪ ♪,0.4065,x__xx_,♪. sc ♪,0.267,47,0.1085,0.0145,7.473
6/8,2,x__xx_,♪. sc ♪,s,sobe,433,3,x_x_x_,♪ ♪ ♪,0.4065,x_____,♩.,0.2386,42,0.097,0.0593,1.6349
6/8,2,x__xx_,♪. sc ♪,s,sobe,433,4,x__xx_,♪. sc ♪,0.2286,x__xx_,♪. sc ♪,0.3131,31,0.0716,0.0434,1.6509
6/8,2,x__xx_,♪. sc ♪,s,sobe,433,5,x__xx_,♪. sc ♪,0.2286,x_____,♩.,0.2929,29,0.067,0.0455,1.4708
6/8,2,x__xx_,♪. sc ♪,s,sobe,433,6,x___x_,♩ ♪,0.2125,x__xx_,♪. sc ♪,0.2935,27,0.0624,0.0132,4.7144
6/8,2,x__xx_,♪. sc ♪,s,sobe,433,7,x___x_,♩ ♪,0.2125,x_x_x_,♪ ♪ ♪,0.2935,27,0.0624,0.1071,0.5824
6/8,2,x__xx_,♪. sc ♪,s,sobe,433,8,x_x_x_,♪ ♪ ♪,0.4065,x___x_,♩ ♪,0.108,19,0.0439,0.0681,0.6445
6/8,2,x__xx_,♪. sc ♪,s,sobe,433,9,x__xx_,♪. sc ♪,0.2286,x_x_x_,♪ ♪ ♪,0.1818,18,0.0416,0.0588,0.7068
6/8,2,x__xx_,♪. sc ♪,s,sobe,433,10,x___x_,♩ ♪,0.2125,x___x_,♩ ♪,0.1848,17,0.0393,0.078,0.5036
6/8,1,x__xx_,♪. sc ♪,d,desce,342,1,x_x_x_,♪ ♪ ♪,0.3158,x_x_x_,♪ ♪ ♪,0.4259,46,0.1345,0.1953,0.6888
6/8,1,x__xx_,♪. sc ♪,d,desce,342,2,x_x_x_,♪ ♪ ♪,0.3158,x___x_,♩ ♪,0.287,31,0.0906,0.0675,1.3439
6/8,1,x__xx_,♪. sc ♪,d,desce,342,3,x___x_,♩ ♪,0.1754,x___x_,♩ ♪,0.5,30,0.0877,0.0972,0.9027
6/8,1,x__xx_,♪. sc ♪,d,desce,342,4,x__xx_,♪. sc ♪,0.2281,x___x_,♩ ♪,0.2821,22,0.0643,0.0522,1.2335
6/8,1,x__xx_,♪. sc ♪,d,desce,342,5,x_x_x_,♪ ♪ ♪,0.3158,x__xx_,♪. sc ♪,0.1944,21,0.0614,0.0039,15.7778
6/8,1,x__xx_,♪. sc ♪,d,desce,342,6,x__xx_,♪. sc ♪,0.2281,x__xx_,♪. sc ♪,0.2436,19,0.0556,0.0434,1.2811
6/8,1,x__xx_,♪. sc ♪,d,desce,342,7,x_____,♩.,0.2105,x___x_,♩ ♪,0.25,18,0.0526,0.064,0.823
6/8,1,x__xx_,♪. sc ♪,d,desce,342,8,x_____,♩.,0.2105,....x_,pausa ♩ ♪,0.2083,15,0.0439,0.0307,1.4274
6/8,1,x__xx_,♪. sc ♪,d,desce,342,9,x__xx_,♪. sc ♪,0.2281,x_x_x_,♪ ♪ ♪,0.1795,14,0.0409,0.0987,0.4146
6/8,1,x__xx_,♪. sc ♪,d,desce,342,10,x___x_,♩ ♪,0.1754,x__xx_,♪. sc ♪,0.2333,14,0.0409,0.0055,7.4131
6/8,1,x___x_,♩ ♪,r,repete,1347,1,x___x_,♩ ♪,0.4001,x___x_,♩ ♪,0.5863,316,0.2346,0.1697,1.3828
6/8,1,x___x_,♩ ♪,r,repete,1347,2,x_x_x_,♪ ♪ ♪,0.3601,x_x_x_,♪ ♪ ♪,0.6,291,0.216,0.2956,0.7309
6/8,1,x___x_,♩ ♪,r,repete,1347,3,x___x_,♩ ♪,0.4001,x_x_x_,♪ ♪ ♪,0.308,166,0.1232,0.1195,1.0316
6/8,1,x___x_,♩ ♪,r,repete,1347,4,x_x_x_,♪ ♪ ♪,0.3601,x___x_,♩ ♪,0.2907,141,0.1047,0.1021,1.0253
6/8,1,x___x_,♩ ♪,r,repete,1347,5,x_____,♩.,0.1225,x___x_,♩ ♪,0.3636,60,0.0445,0.0341,1.3065
6/8,1,x___x_,♩ ♪,r,repete,1347,6,x__xx_,♪. sc ♪,0.0742,x_x_x_,♪ ♪ ♪,0.5,50,0.0371,0.025,1.4825
6/8,1,x___x_,♩ ♪,r,repete,1347,7,x_____,♩.,0.1225,....x_,pausa ♩ ♪,0.1636,27,0.02,0.0164,1.2236
6/8,1,x___x_,♩ ♪,r,repete,1347,8,x__xx_,♪. sc ♪,0.0742,x___x_,♩ ♪,0.26,26,0.0193,0.0132,1.4593
6/8,1,x___x_,♩ ♪,r,repete,1347,9,x_x_x_,♪ ♪ ♪,0.3601,x_____,♩.,0.0351,17,0.0126,0.0124,1.0194
6/8,1,x___x_,♩ ♪,r,repete,1347,10,x_____,♩.,0.1225,x_x_x_,♪ ♪ ♪,0.097,16,0.0119,0.0157,0.7569
6/8,2,x__xx_,♪. sc ♪,d,desce,770,1,x_x_x_,♪ ♪ ♪,0.4662,x_x_x_,♪ ♪ ♪,0.3203,115,0.1494,0.2873,0.5198
6/8,2,x__xx_,♪. sc ♪,d,desce,770,2,x_x_x_,♪ ♪ ♪,0.4662,x_____,♩.,0.2702,97,0.126,0.0593,2.1233
6/8,2,x__xx_,♪. sc ♪,d,desce,770,3,x_x_x_,♪ ♪ ♪,0.4662,x__xx_,♪. sc ♪,0.2284,82,0.1065,0.0145,7.3317
6/8,2,x__xx_,♪. sc ♪,d,desce,770,4,x___x_,♩ ♪,0.2442,x_x_x_,♪ ♪ ♪,0.3351,63,0.0818,0.1071,0.7642
6/8,2,x__xx_,♪. sc ♪,d,desce,770,5,x___x_,♩ ♪,0.2442,x___x_,♩ ♪,0.2713,51,0.0662,0.078,0.8496
6/8,2,x__xx_,♪. sc ♪,d,desce,770,6,x__xx_,♪. sc ♪,0.2026,x__xx_,♪. sc ♪,0.3077,48,0.0623,0.0434,1.4375
6/8,2,x__xx_,♪. sc ♪,d,desce,770,7,x_x_x_,♪ ♪ ♪,0.4662,x___x_,♩ ♪,0.1226,44,0.0571,0.0681,0.8394
6/8,2,x__xx_,♪. sc ♪,d,desce,770,8,x__xx_,♪. sc ♪,0.2026,x_____,♩.,0.2564,40,0.0519,0.0455,1.1408
6/8,2,x__xx_,♪. sc ♪,d,desce,770,9,x___x_,♩ ♪,0.2442,x__xx_,♪. sc ♪,0.2021,38,0.0494,0.0132,3.7311
6/8,2,x__xx_,♪. sc ♪,d,desce,770,10,x__xx_,♪. sc ♪,0.2026,x_x_x_,♪ ♪ ♪,0.2372,37,0.0481,0.0588,0.817
6/8,1,x__xx_,♪. sc ♪,s,sobe,271,1,x___x_,♩ ♪,0.2362,x___x_,♩ ♪,0.6406,41,0.1513,0.0972,1.5569
6/8,1,x__xx_,♪. sc ♪,s,sobe,271,2,x__xx_,♪. sc ♪,0.2214,x___x_,♩ ♪,0.4167,25,0.0923,0.0522,1.7689
6/8,1,x__xx_,♪. sc ♪,s,sobe,271,3,x_x_x_,♪ ♪ ♪,0.2694,x_x_x_,♪ ♪ ♪,0.3288,24,0.0886,0.1953,0.4535
6/8,1,x__xx_,♪. sc ♪,s,sobe,271,4,x_x_x_,♪ ♪ ♪,0.2694,x___x_,♩ ♪,0.2329,17,0.0627,0.0675,0.93
6/8,1,x__xx_,♪. sc ♪,s,sobe,271,5,x__xx_,♪. sc ♪,0.2214,x_x_x_,♪ ♪ ♪,0.2833,17,0.0627,0.0987,0.6354
6/8,1,x__xx_,♪. sc ♪,s,sobe,271,6,x_____,♩.,0.1808,x___x_,♩ ♪,0.2653,13,0.048,0.064,0.7501
6/8,1,x__xx_,♪. sc ♪,s,sobe,271,7,x_x_x_,♪ ♪ ♪,0.2694,x___xx,♩ sc sc,0.1781,13,0.048,0.009,5.311
6/8,1,x__xx_,♪. sc ♪,s,sobe,271,8,x_x_x_,♪ ♪ ♪,0.2694,x__xx_,♪. sc ♪,0.1644,12,0.0443,0.0039,11.378
6/8,1,x__xx_,♪. sc ♪,s,sobe,271,9,x___x_,♩ ♪,0.2362,x__xx_,♪. sc ♪,0.1406,9,0.0332,0.0055,6.0141
6/8,1,x__xx_,♪. sc ♪,s,sobe,271,10,x_____,♩.,0.1808,....x_,pausa ♩ ♪,0.1429,7,0.0258,0.0307,0.8406
6/8,2,x__xx_,♪. sc ♪,r,repete,320,1,x_x_x_,♪ ♪ ♪,0.4969,x_____,♩.,0.3711,59,0.1844,0.0593,3.1076
6/8,2,x__xx_,♪. sc ♪,r,repete,320,2,x_x_x_,♪ ♪ ♪,0.4969,x_x_x_,♪ ♪ ♪,0.239,38,0.1187,0.2873,0.4133
6/8,2,x__xx_,♪. sc ♪,r,repete,320,3,x___x_,♩ ♪,0.2625,x_x_x_,♪ ♪ ♪,0.3095,26,0.0813,0.1071,0.7589
6/8,2,x__xx_,♪. sc ♪,r,repete,320,4,x_x_x_,♪ ♪ ♪,0.4969,x__xx_,♪. sc ♪,0.1635,26,0.0813,0.0145,5.5938
6/8,2,x__xx_,♪. sc ♪,r,repete,320,5,x___x_,♩ ♪,0.2625,x__xx_,♪. sc ♪,0.2976,25,0.0781,0.0132,5.9066
6/8,2,x__xx_,♪. sc ♪,r,repete,320,6,x_x_x_,♪ ♪ ♪,0.4969,x___x_,♩ ♪,0.1447,23,0.0719,0.0681,1.0557
6/8,2,x__xx_,♪. sc ♪,r,repete,320,7,x__xx_,♪. sc ♪,0.15,x_x_x_,♪ ♪ ♪,0.3333,16,0.05,0.0588,0.8501
6/8,2,x__xx_,♪. sc ♪,r,repete,320,8,x__xx_,♪. sc ♪,0.15,x__xx_,♪. sc ♪,0.3125,15,0.0469,0.0434,1.0809
6/8,2,x__xx_,♪. sc ♪,r,repete,320,9,x___x_,♩ ♪,0.2625,x___x_,♩ ♪,0.1667,14,0.0437,0.078,0.5612
6/8,2,x__xx_,♪. sc ♪,r,repete,320,10,x___x_,♩ ♪,0.2625,x_____,♩.,0.1548,13,0.0406,0.0292,1.3916
6/8,1,x__xxx,♪. sc sc sc,d,desce,32,1,x_x_x_,♪ ♪ ♪,0.4688,x_x_x_,♪ ♪ ♪,0.4,6,0.1875,0.2672,0.7016
6/8,1,x__xxx,♪. sc sc sc,d,desce,32,2,x_x_x_,♪ ♪ ♪,0.4688,x___xx,♩ sc sc,0.3333,5,0.1563,0.0124,12.6402
6/8,1,x__xxx,♪. sc sc sc,d,desce,32,3,x___x_,♩ ♪,0.2188,x___x_,♩ ♪,0.5714,4,0.125,0.1191,1.0498
6/8,1,x__xxx,♪. sc sc sc,d,desce,32,4,x_____,♩.,0.0938,x_____,♩.,0.6667,2,0.0625,0.0225,2.7771
6/8,1,x__xxx,♪. sc sc sc,d,desce,32,5,x___x_,♩ ♪,0.2188,x__xxx,♪. sc sc sc,0.2857,2,0.0625,0.0004,153.1875
6/8,1,x__xxx,♪. sc sc sc,d,desce,32,6,x_x_x_,♪ ♪ ♪,0.4688,x_____,♩.,0.1333,2,0.0625,0.0112,5.5836
6/8,1,x__xxx,♪. sc sc sc,d,desce,32,7,x_xxxx,♪ sc sc sc sc,0.0313,x_x_x_,♪ ♪ ♪,1,1,0.0313,0.0087,3.6059
6/8,1,x__xxx,♪. sc sc sc,d,desce,32,8,x_x_x_,♪ ♪ ♪,0.4688,x___x_,♩ ♪,0.0667,1,0.0313,0.0923,0.3385
6/8,1,x__xxx,♪. sc sc sc,d,desce,32,9,x___..,♩ pausa ♪,0.0313,....x_,pausa ♩ ♪,1,1,0.0313,0.0208,1.5037
6/8,1,x__xxx,♪. sc sc sc,d,desce,32,10,x__xx_,♪. sc ♪,0.0625,x___x_,♩ ♪,0.5,1,0.0313,0.021,1.485
6/8,2,xxx_x_,sc sc ♪ ♪,d,desce,205,1,x_x_x_,♪ ♪ ♪,0.6,x_x_x_,♪ ♪ ♪,0.6911,85,0.4146,0.3864,1.0732
6/8,2,xxx_x_,sc sc ♪ ♪,d,desce,205,2,x___x_,♩ ♪,0.239,x_x_x_,♪ ♪ ♪,0.5102,25,0.122,0.1056,1.1547
6/8,2,xxx_x_,sc sc ♪ ♪,d,desce,205,3,x_x_x_,♪ ♪ ♪,0.6,x_____,♩.,0.1057,13,0.0634,0.0798,0.7948
6/8,2,xxx_x_,sc sc ♪ ♪,d,desce,205,4,x___x_,♩ ♪,0.239,x___x_,♩ ♪,0.2449,12,0.0585,0.0769,0.7612
6/8,2,xxx_x_,sc sc ♪ ♪,d,desce,205,5,xxx_x_,sc sc ♪ ♪,0.1073,x_x_x_,♪ ♪ ♪,0.4545,10,0.0488,0.0511,0.9538
6/8,2,xxx_x_,sc sc ♪ ♪,d,desce,205,6,x_x_x_,♪ ♪ ♪,0.6,xxx_x_,sc sc ♪ ♪,0.0732,9,0.0439,0.0062,7.1289
6/8,2,xxx_x_,sc sc ♪ ♪,d,desce,205,7,x___x_,♩ ♪,0.239,xxx_x_,sc sc ♪ ♪,0.1633,8,0.039,0.0024,16.6002
6/8,2,xxx_x_,sc sc ♪ ♪,d,desce,205,8,xxx_x_,sc sc ♪ ♪,0.1073,x_____,♩.,0.3182,7,0.0341,0.016,2.1301
6/8,2,xxx_x_,sc sc ♪ ♪,d,desce,205,9,x_x_x_,♪ ♪ ♪,0.6,x__xx_,♪. sc ♪,0.0488,6,0.0293,0.0195,1.4985
6/8,2,xxx_x_,sc sc ♪ ♪,d,desce,205,10,x_x_x_,♪ ♪ ♪,0.6,x___x_,♩ ♪,0.0325,4,0.0195,0.0915,0.2131
6/8,1,__..x_,(lig.) ♪ pausa ♪ ♪,d,desce,60,1,x___x_,♩ ♪,0.5667,x___x_,♩ ♪,0.6471,22,0.3667,0.258,1.4214
6/8,1,__..x_,(lig.) ♪ pausa ♪ ♪,d,desce,60,2,x_x_x_,♪ ♪ ♪,0.25,x_x_x_,♪ ♪ ♪,0.7333,11,0.1833,0.2026,0.9049
6/8,1,__..x_,(lig.) ♪ pausa ♪ ♪,d,desce,60,3,x___x_,♩ ♪,0.5667,x_x_x_,♪ ♪ ♪,0.2647,9,0.15,0.1816,0.8258
6/8,1,__..x_,(lig.) ♪ pausa ♪ ♪,d,desce,60,4,xxx_x_,sc sc ♪ ♪,0.05,x_x_x_,♪ ♪ ♪,1,3,0.05,0.0144,3.4797
6/8,1,__..x_,(lig.) ♪ pausa ♪ ♪,d,desce,60,5,x___x_,♩ ♪,0.5667,x__xx_,♪. sc ♪,0.0882,3,0.05,0.0147,3.411
6/8,1,__..x_,(lig.) ♪ pausa ♪ ♪,d,desce,60,6,x_x_x_,♪ ♪ ♪,0.25,x___x_,♩ ♪,0.2,3,0.05,0.07,0.7145
6/8,1,__..x_,(lig.) ♪ pausa ♪ ♪,d,desce,60,7,x__xx_,♪. sc ♪,0.0667,x_x_x_,♪ ♪ ♪,0.5,2,0.0333,0.0508,0.6567
6/8,1,__..x_,(lig.) ♪ pausa ♪ ♪,d,desce,60,8,x_x_x_,♪ ♪ ♪,0.25,__x_x_,(lig.) ♪ ♪ ♪,0.0667,1,0.0167,0.0013,12.6544
6/8,1,__..x_,(lig.) ♪ pausa ♪ ♪,d,desce,60,9,x__x_x,♪. ♪ sc,0.0167,x_x_x_,♪ ♪ ♪,1,1,0.0167,0.0039,4.25
6/8,1,__..x_,(lig.) ♪ pausa ♪ ♪,d,desce,60,10,x__xx_,♪. sc ♪,0.0667,x__xx_,♪. sc ♪,0.25,1,0.0167,0.0223,0.7475
6/8,1,__x_x_,(lig.) ♪ ♪ ♪,s,sobe,61,1,x_x_x_,♪ ♪ ♪,0.4098,x_x_x_,♪ ♪ ♪,0.68,17,0.2787,0.2816,0.9897
6/8,1,__x_x_,(lig.) ♪ ♪ ♪,s,sobe,61,2,x_x_x_,♪ ♪ ♪,0.4098,__x_x_,(lig.) ♪ ♪ ♪,0.28,7,0.1148,0.0018,62.6866
6/8,1,__x_x_,(lig.) ♪ ♪ ♪,s,sobe,61,3,__x_x_,(lig.) ♪ ♪ ♪,0.1475,__x_x_,(lig.) ♪ ♪ ♪,0.5556,5,0.082,0.0808,1.014
6/8,1,__x_x_,(lig.) ♪ ♪ ♪,s,sobe,61,4,x_____,♩.,0.1475,__x_x_,(lig.) ♪ ♪ ♪,0.5556,5,0.082,0.0024,33.7693
6/8,1,__x_x_,(lig.) ♪ ♪ ♪,s,sobe,61,5,__x_x_,(lig.) ♪ ♪ ♪,0.1475,x_x_x_,♪ ♪ ♪,0.3333,3,0.0492,0.0677,0.7261
6/8,1,__x_x_,(lig.) ♪ ♪ ♪,s,sobe,61,6,____x_,(lig.) ♩ ♪,0.0984,x_x_x_,♪ ♪ ♪,0.5,3,0.0492,0.0277,1.7769
6/8,1,__x_x_,(lig.) ♪ ♪ ♪,s,sobe,61,7,_xx_x_,(lig.) sc sc ♪ ♪,0.0984,x_x_x_,♪ ♪ ♪,0.3333,2,0.0328,0.0236,1.3906
6/8,1,__x_x_,(lig.) ♪ ♪ ♪,s,sobe,61,8,x_____,♩.,0.1475,__..x_,(lig.) ♪ pausa ♪ ♪,0.2222,2,0.0328,0.0089,3.6761
6/8,1,__x_x_,(lig.) ♪ ♪ ♪,s,sobe,61,9,x_____,♩.,0.1475,....x_,pausa ♩ ♪,0.2222,2,0.0328,0.0202,1.627
6/8,1,__x_x_,(lig.) ♪ ♪ ♪,s,sobe,61,10,x___..,♩ pausa ♪,0.0328,....x_,pausa ♩ ♪,1,2,0.0328,0.0071,4.6224
6/8,1,....xx,pausa ♩ sc sc,d,desce,173,1,x_x_x_,♪ ♪ ♪,0.6243,x_x_x_,♪ ♪ ♪,0.8056,87,0.5029,0.3252,1.5462
6/8,1,....xx,pausa ♩ sc sc,d,desce,173,2,x___x_,♩ ♪,0.2543,x_x_x_,♪ ♪ ♪,0.6136,27,0.1561,0.1075,1.4519
6/8,1,....xx,pausa ♩ sc sc,d,desce,173,3,x_x_x_,♪ ♪ ♪,0.6243,x___x_,♩ ♪,0.1204,13,0.0751,0.1123,0.6689
6/8,1,....xx,pausa ♩ sc sc,d,desce,173,4,x___x_,♩ ♪,0.2543,x___x_,♩ ♪,0.2955,13,0.0751,0.1527,0.4922
6/8,1,....xx,pausa ♩ sc sc,d,desce,173,5,x__xx_,♪. sc ♪,0.0694,x_x_x_,♪ ♪ ♪,0.5833,7,0.0405,0.0568,0.7128
6/8,1,....xx,pausa ♩ sc sc,d,desce,173,6,x_x_x_,♪ ♪ ♪,0.6243,x__xx_,♪. sc ♪,0.037,4,0.0231,0.0065,3.567
6/8,1,....xx,pausa ♩ sc sc,d,desce,173,7,x__xx_,♪. sc ♪,0.0694,x__xx_,♪. sc ♪,0.25,3,0.0173,0.0249,0.6954
6/8,1,....xx,pausa ♩ sc sc,d,desce,173,8,x___x_,♩ ♪,0.2543,x__xx_,♪. sc ♪,0.0455,2,0.0116,0.0087,1.3327
6/8,1,....xx,pausa ♩ sc sc,d,desce,173,9,x___xx,♩ sc sc,0.0116,x___x_,♩ ♪,1,2,0.0116,0.0077,1.5106
6/8,1,....xx,pausa ♩ sc sc,d,desce,173,10,xxx_..,sc sc ♪ pausa ♪,0.0116,....xx,pausa ♩ sc sc,1,2,0.0116,0.0037,3.1075
6/8,1,x___..,♩ pausa ♪,s,sobe,54,1,x_x_x_,♪ ♪ ♪,0.3704,x_x_x_,♪ ♪ ♪,0.45,9,0.1667,0.2596,0.6419
6/8,1,x___..,♩ pausa ♪,s,sobe,54,2,x___x_,♩ ♪,0.3148,x___x_,♩ ♪,0.5294,9,0.1667,0.1733,0.9616
6/8,1,x___..,♩ pausa ♪,s,sobe,54,3,x___x_,♩ ♪,0.3148,x_x_x_,♪ ♪ ♪,0.4118,7,0.1296,0.1221,1.0621
6/8,1,x___..,♩ pausa ♪,s,sobe,54,4,x_____,♩.,0.1667,x_____,♩.,0.5556,5,0.0926,0.0211,4.3893
6/8,1,x___..,♩ pausa ♪,s,sobe,54,5,x_x_x_,♪ ♪ ♪,0.3704,x___x_,♩ ♪,0.25,5,0.0926,0.0897,1.0325
6/8,1,x___..,♩ pausa ♪,s,sobe,54,6,x_x_x_,♪ ♪ ♪,0.3704,x___..,♩ pausa ♪,0.15,3,0.0556,0.0029,19.1219
6/8,1,x___..,♩ pausa ♪,s,sobe,54,7,x_____,♩.,0.1667,x_x_x_,♪ ♪ ♪,0.3333,3,0.0556,0.0191,2.9108
6/8,1,x___..,♩ pausa ♪,s,sobe,54,8,x__xx_,♪. sc ♪,0.0926,x_x_x_,♪ ♪ ♪,0.4,2,0.037,0.0291,1.2743
6/8,1,x___..,♩ pausa ♪,s,sobe,54,9,x_x_x_,♪ ♪ ♪,0.3704,x_x___,♪ ♩,0.1,2,0.037,0.0014,26.7706
6/8,1,x___..,♩ pausa ♪,s,sobe,54,10,x__xx_,♪. sc ♪,0.0926,x___x_,♩ ♪,0.4,2,0.037,0.0154,2.4123
6/8,1,x_____,♩.,r,repete,205,1,x_x_x_,♪ ♪ ♪,0.4927,x_x_x_,♪ ♪ ♪,0.6139,62,0.3024,0.2977,1.0159
6/8,1,x_____,♩.,r,repete,205,2,x___x_,♩ ♪,0.2927,x_x_x_,♪ ♪ ♪,0.4833,29,0.1415,0.1118,1.2654
6/8,1,x_____,♩.,r,repete,205,3,x_x_x_,♪ ♪ ♪,0.4927,x___x_,♩ ♪,0.2376,24,0.1171,0.1028,1.1385
6/8,1,x_____,♩.,r,repete,205,4,x___x_,♩ ♪,0.2927,x___x_,♩ ♪,0.35,21,0.1024,0.1588,0.6452
6/8,1,x_____,♩.,r,repete,205,5,x_x_x_,♪ ♪ ♪,0.4927,x_____,♩.,0.1386,14,0.0683,0.0125,5.4768
6/8,1,x_____,♩.,r,repete,205,6,x__xx_,♪. sc ♪,0.0732,x_x_x_,♪ ♪ ♪,0.5333,8,0.039,0.0333,1.1731
6/8,1,x_____,♩.,r,repete,205,7,x_____,♩.,0.1024,x_x_x_,♪ ♪ ♪,0.3333,7,0.0341,0.0142,2.4098
6/8,1,x_____,♩.,r,repete,205,8,x___x_,♩ ♪,0.2927,x_____,♩.,0.1167,7,0.0341,0.0082,4.1613
6/8,1,x_____,♩.,r,repete,205,9,x_____,♩.,0.1024,x_____,♩.,0.2857,6,0.0293,0.0157,1.8688
6/8,1,x_____,♩.,r,repete,205,10,x__xx_,♪. sc ♪,0.0732,x__xx_,♪. sc ♪,0.3333,5,0.0244,0.0146,1.6691
6/8,1,x___..,♩ pausa ♪,r,repete,86,1,x_x_x_,♪ ♪ ♪,0.4884,x_x_x_,♪ ♪ ♪,0.8095,34,0.3953,0.2596,1.5228
6/8,1,x___..,♩ pausa ♪,r,repete,86,2,x___x_,♩ ♪,0.2326,x___x_,♩ ♪,0.5,10,0.1163,0.1733,0.6709
6/8,1,x___..,♩ pausa ♪,r,repete,86,3,x___x_,♩ ♪,0.2326,x_x_x_,♪ ♪ ♪,0.35,7,0.0814,0.1221,0.6669
6/8,1,x___..,♩ pausa ♪,r,repete,86,4,x_____,♩.,0.1047,x_x_x_,♪ ♪ ♪,0.5556,5,0.0581,0.0191,3.0462
6/8,1,x___..,♩ pausa ♪,r,repete,86,5,x_x_x_,♪ ♪ ♪,0.4884,x___x_,♩ ♪,0.119,5,0.0581,0.0897,0.6483
6/8,1,x___..,♩ pausa ♪,r,repete,86,6,x___..,♩ pausa ♪,0.0349,x___..,♩ pausa ♪,1,3,0.0349,0.0013,26.051
6/8,1,x___..,♩ pausa ♪,r,repete,86,7,x__xx_,♪. sc ♪,0.0698,x_x_x_,♪ ♪ ♪,0.3333,2,0.0233,0.0291,0.8001
6/8,1,x___..,♩ pausa ♪,r,repete,86,8,x__xx_,♪. sc ♪,0.0698,x___x_,♩ ♪,0.3333,2,0.0233,0.0154,1.5147
6/8,1,x___..,♩ pausa ♪,r,repete,86,9,x_____,♩.,0.1047,x___x_,♩ ♪,0.2222,2,0.0233,0.0415,0.5609
6/8,1,x___..,♩ pausa ♪,r,repete,86,10,x_____,♩.,0.1047,x___..,♩ pausa ♪,0.2222,2,0.0233,0.003,7.717
6/8,2,x_xxxx,♪ sc sc sc sc,d,desce,61,1,x_x_x_,♪ ♪ ♪,0.4754,x_x_x_,♪ ♪ ♪,0.4828,14,0.2295,0.3125,0.7344
6/8,2,x_xxxx,♪ sc sc sc sc,d,desce,61,2,x_xxxx,♪ sc sc sc sc,0.2459,x_x_x_,♪ ♪ ♪,0.6667,10,0.1639,0.1241,1.3206
6/8,2,x_xxxx,♪ sc sc sc sc,d,desce,61,3,x_x_x_,♪ ♪ ♪,0.4754,x_xxxx,♪ sc sc sc sc,0.3103,9,0.1475,0.0013,110.2463
6/8,2,x_xxxx,♪ sc sc sc sc,d,desce,61,4,x_xxxx,♪ sc sc sc sc,0.2459,x_xxxx,♪ sc sc sc sc,0.3333,5,0.082,0.0434,1.8866
6/8,2,x_xxxx,♪ sc sc sc sc,d,desce,61,5,x___x_,♩ ♪,0.1311,x_x_x_,♪ ♪ ♪,0.375,3,0.0492,0.0591,0.8315
6/8,2,x_xxxx,♪ sc sc sc sc,d,desce,61,6,x_x_x_,♪ ♪ ♪,0.4754,x_____,♩.,0.1034,3,0.0492,0.0645,0.7621
6/8,2,x_xxxx,♪ sc sc sc sc,d,desce,61,7,x___x_,♩ ♪,0.1311,x__xx_,♪. sc ♪,0.25,2,0.0328,0.0073,4.487
6/8,2,x_xxxx,♪ sc sc sc sc,d,desce,61,8,x___x_,♩ ♪,0.1311,x_xxxx,♪ sc sc sc sc,0.25,2,0.0328,0.0002,132.8165
6/8,2,x_xxxx,♪ sc sc sc sc,d,desce,61,9,x_x_x_,♪ ♪ ♪,0.4754,x__xx_,♪. sc ♪,0.069,2,0.0328,0.0158,2.0752
6/8,2,x_xxxx,♪ sc sc sc sc,d,desce,61,10,x_x_x_,♪ ♪ ♪,0.4754,xxxxxx,sc sc sc sc sc sc,0.0345,1,0.0164,0.0003,55.1232
6/8,1,x___xx,♩ sc sc,s,sobe,491,1,x_x_x_,♪ ♪ ♪,0.556,x_x_x_,♪ ♪ ♪,0.7985,218,0.444,0.3418,1.2988
6/8,1,x___xx,♩ sc sc,s,sobe,491,2,x___x_,♩ ♪,0.2138,x_x_x_,♪ ♪ ♪,0.4476,47,0.0957,0.0857,1.1163
6/8,1,x___xx,♩ sc sc,s,sobe,491,3,x___x_,♩ ♪,0.2138,x___x_,♩ ♪,0.4381,46,0.0937,0.1218,0.7694
6/8,1,x___xx,♩ sc sc,s,sobe,491,4,x_x_x_,♪ ♪ ♪,0.556,x___x_,♩ ♪,0.0952,26,0.053,0.1181,0.4485
6/8,1,x___xx,♩ sc sc,s,sobe,491,5,x__xx_,♪. sc ♪,0.1161,x_x_x_,♪ ♪ ♪,0.4386,25,0.0509,0.0462,1.102
6/8,1,x___xx,♩ sc sc,s,sobe,491,6,x__xx_,♪. sc ♪,0.1161,x__xx_,♪. sc ♪,0.4386,25,0.0509,0.0203,2.5088
6/8,1,x___xx,♩ sc sc,s,sobe,491,7,x_x_x_,♪ ♪ ♪,0.556,x__xx_,♪. sc ♪,0.0623,17,0.0346,0.0068,5.0821
6/8,1,x___xx,♩ sc sc,s,sobe,491,8,x_____,♩.,0.0428,x_x_x_,♪ ♪ ♪,0.4286,9,0.0183,0.0072,2.5458
6/8,1,x___xx,♩ sc sc,s,sobe,491,9,x_x_x_,♪ ♪ ♪,0.556,x___xx,♩ sc sc,0.0183,5,0.0102,0.0158,0.644
6/8,1,x___xx,♩ sc sc,s,sobe,491,10,x___xx,♩ sc sc,0.0204,x___xx,♩ sc sc,0.5,5,0.0102,0.0065,1.5762
6/8,2,x_____,♩.,r,repete,245,1,x___x_,♩ ♪,0.4694,x___x_,♩ ♪,0.4435,51,0.2082,0.091,2.2864
6/8,2,x_____,♩.,r,repete,245,2,x___x_,♩ ♪,0.4694,x_x_x_,♪ ♪ ♪,0.3304,38,0.1551,0.125,1.2405
6/8,2,x_____,♩.,r,repete,245,3,x_____,♩.,0.1306,x_x_x_,♪ ♪ ♪,0.5625,18,0.0735,0.0641,1.1467
6/8,2,x_____,♩.,r,repete,245,4,x___x_,♩ ♪,0.4694,x_____,♩.,0.0957,11,0.0449,0.0341,1.3169
6/8,2,x_____,♩.,r,repete,245,5,x___xx,♩ sc sc,0.0449,x___x_,♩ ♪,0.8182,9,0.0367,0.008,4.5897
6/8,2,x_____,♩.,r,repete,245,6,x_..x_,♪ pausa ♪ ♪,0.0653,x___x_,♩ ♪,0.5625,9,0.0367,0.0121,3.0263
6/8,2,x_____,♩.,r,repete,245,7,x___x_,♩ ♪,0.4694,x__xx_,♪. sc ♪,0.0696,8,0.0327,0.0154,2.1139
6/8,2,x_____,♩.,r,repete,245,8,....x_,pausa ♩ ♪,0.0327,x___x_,♩ ♪,1,8,0.0327,0.0628,0.5198
6/8,2,x_____,♩.,r,repete,245,9,____x_,(lig.) ♩ ♪,0.0653,x_x_x_,♪ ♪ ♪,0.5,8,0.0327,0.0169,1.9378
6/8,2,x_____,♩.,r,repete,245,10,x_____,♩.,0.1306,x___x_,♩ ♪,0.2188,7,0.0286,0.0433,0.6592
6/8,1,x_x___,♪ ♩,s,sobe,33,1,x_x_x_,♪ ♪ ♪,0.3333,x_x___,♪ ♩,0.5455,6,0.1818,0.0011,171.0343
6/8,1,x_x___,♪ ♩,s,sobe,33,2,x_x___,♪ ♩,0.2121,x_x___,♪ ♩,0.7143,5,0.1515,0.0332,4.5692
6/8,1,x_x___,♪ ♩,s,sobe,33,3,x_x_x_,♪ ♪ ♪,0.3333,x_x_x_,♪ ♪ ♪,0.3636,4,0.1212,0.1995,0.6076
6/8,1,x_x___,♪ ♩,s,sobe,33,4,x_x___,♪ ♩,0.2121,x_x_x_,♪ ♪ ♪,0.2857,2,0.0606,0.0155,3.9165
6/8,1,x_x___,♪ ♩,s,sobe,33,5,__....,(lig.) ♪ pausa ♩,0.0606,xxx__x,sc sc ♪. sc,1,2,0.0606,0.0321,1.8864
6/8,1,x_x___,♪ ♩,s,sobe,33,6,x_xxx_,♪ sc sc ♪,0.0303,__x_x_,(lig.) ♪ ♪ ♪,1,1,0.0303,0.0004,67.9091
6/8,1,x_x___,♪ ♩,s,sobe,33,7,x___x_,♩ ♪,0.1212,x_____,♩.,0.25,1,0.0303,0.002,15.5356
6/8,1,x_x___,♪ ♩,s,sobe,33,8,x___x_,♩ ♪,0.1212,____xx,(lig.) ♩ sc sc,0.25,1,0.0303,0,2811.9394
6/8,1,x_x___,♪ ♩,s,sobe,33,9,x___x_,♩ ♪,0.1212,x_x__x,♪ ♪. sc,0.25,1,0.0303,0.0001,562.3879
6/8,1,x_x___,♪ ♩,s,sobe,33,10,x___xx,♩ sc sc,0.0303,x___x_,♩ ♪,1,1,0.0303,0.0052,5.8687
6/8,2,x_x___,♪ ♩,s,sobe,30,1,x_x___,♪ ♩,0.3333,x_x___,♪ ♩,0.5,5,0.1667,0.0332,5.0261
6/8,2,x_x___,♪ ♩,s,sobe,30,2,....x_,pausa ♩ ♪,0.2,x___x_,♩ ♪,0.5,3,0.1,0.1456,0.687
6/8,2,x_x___,♪ ♩,s,sobe,30,3,x___x_,♩ ♪,0.2,x___x_,♩ ♪,0.5,3,0.1,0.0328,3.0492
6/8,2,x_x___,♪ ♩,s,sobe,30,4,x_x___,♪ ♩,0.3333,x_x_x_,♪ ♪ ♪,0.2,2,0.0667,0.0415,1.6084
6/8,2,x_x___,♪ ♩,s,sobe,30,5,....x_,pausa ♩ ♪,0.2,x_x_x_,♪ ♪ ♪,0.3333,2,0.0667,0.1145,0.5825
6/8,2,x_x___,♪ ♩,s,sobe,30,6,x_x_x_,♪ ♪ ♪,0.0667,x_x_x_,♪ ♪ ♪,1,2,0.0667,0.0406,1.6408
6/8,2,x_x___,♪ ♩,s,sobe,30,7,x___x_,♩ ♪,0.2,x_____,♩.,0.3333,2,0.0667,0.0123,5.4284
6/8,2,x_x___,♪ ♩,s,sobe,30,8,x_x___,♪ ♩,0.3333,x_xxx_,♪ sc sc ♪,0.1,1,0.0333,0.0033,10.0522
6/8,2,x_x___,♪ ♩,s,sobe,30,9,xxx__x,sc sc ♪. sc,0.0667,x_x___,♪ ♩,0.5,1,0.0333,0.0031,10.9
6/8,2,x_x___,♪ ♩,s,sobe,30,10,__....,(lig.) ♪ pausa ♩,0.0333,x_x___,♪ ♩,1,1,0.0333,0.0046,7.2667
6/8,1,x__xx_,♪. sc ♪,r,repete,55,1,x_x_x_,♪ ♪ ♪,0.4182,x_x_x_,♪ ♪ ♪,0.6087,14,0.2545,0.1953,1.3035
6/8,1,x__xx_,♪. sc ♪,r,repete,55,2,x__xx_,♪. sc ♪,0.2727,x___x_,♩ ♪,0.6,9,0.1636,0.0522,3.1377
6/8,1,x__xx_,♪. sc ♪,r,repete,55,3,x___x_,♩ ♪,0.1818,x___x_,♩ ♪,0.8,8,0.1455,0.0972,1.4968
6/8,1,x__xx_,♪. sc ♪,r,repete,55,4,x__xx_,♪. sc ♪,0.2727,x_x_x_,♪ ♪ ♪,0.2667,4,0.0727,0.0987,0.7367
6/8,1,x__xx_,♪. sc ♪,r,repete,55,5,x_____,♩.,0.0909,....x_,pausa ♩ ♪,0.6,3,0.0545,0.0307,1.7751
6/8,1,x__xx_,♪. sc ♪,r,repete,55,6,x_x_x_,♪ ♪ ♪,0.4182,x_..x_,♪ pausa ♪ ♪,0.1304,3,0.0545,0.0007,77.086
6/8,1,x__xx_,♪. sc ♪,r,repete,55,7,x__xx_,♪. sc ♪,0.2727,x__xx_,♪. sc ♪,0.1333,2,0.0364,0.0434,0.8385
6/8,1,x__xx_,♪. sc ♪,r,repete,55,8,x_x_x_,♪ ♪ ♪,0.4182,x___x_,♩ ♪,0.087,2,0.0364,0.0675,0.5391
6/8,1,x__xx_,♪. sc ♪,r,repete,55,9,x_x_x_,♪ ♪ ♪,0.4182,x__xxx,♪. sc sc sc,0.087,2,0.0364,0.0004,91.9623
6/8,1,x__xx_,♪. sc ♪,r,repete,55,10,x_x_x_,♪ ♪ ♪,0.4182,x___xx,♩ sc sc,0.0435,1,0.0182,0.009,2.013
6/8,1,xxx_x_,sc sc ♪ ♪,d,desce,93,1,x_x_x_,♪ ♪ ♪,0.5699,x_x_x_,♪ ♪ ♪,0.4528,24,0.2581,0.3413,0.756
6/8,1,xxx_x_,sc sc ♪ ♪,d,desce,93,2,x_x_x_,♪ ♪ ♪,0.5699,x___x_,♩ ♪,0.3396,18,0.1935,0.1179,1.6416
6/8,1,xxx_x_,sc sc ♪ ♪,d,desce,93,3,x_____,♩.,0.1398,x___x_,♩ ♪,0.6154,8,0.086,0.0453,1.9007
6/8,1,xxx_x_,sc sc ♪ ♪,d,desce,93,4,x___x_,♩ ♪,0.1613,x_x_x_,♪ ♪ ♪,0.4667,7,0.0753,0.0566,1.3308
6/8,1,xxx_x_,sc sc ♪ ♪,d,desce,93,5,x_x_x_,♪ ♪ ♪,0.5699,x_____,♩.,0.0943,5,0.0538,0.0143,3.7605
6/8,1,xxx_x_,sc sc ♪ ♪,d,desce,93,6,x___x_,♩ ♪,0.1613,x___x_,♩ ♪,0.3333,5,0.0538,0.0803,0.6694
6/8,1,xxx_x_,sc sc ♪ ♪,d,desce,93,7,x_x_x_,♪ ♪ ♪,0.5699,x___xx,♩ sc sc,0.0755,4,0.043,0.0158,2.7242
6/8,1,xxx_x_,sc sc ♪ ♪,d,desce,93,8,xxx_x_,sc sc ♪ ♪,0.0538,x___x_,♩ ♪,0.4,2,0.0215,0.0146,1.4768
6/8,1,xxx_x_,sc sc ♪ ♪,d,desce,93,9,x_____,♩.,0.1398,x_x_x_,♪ ♪ ♪,0.1538,2,0.0215,0.0208,1.0323
6/8,1,xxx_x_,sc sc ♪ ♪,d,desce,93,10,x___x_,♩ ♪,0.1613,xxx_x_,sc sc ♪ ♪,0.1333,2,0.0215,0.0006,34.7288
6/8,1,....xx,pausa ♩ sc sc,s,sobe,232,1,x_x_x_,♪ ♪ ♪,0.4353,x_x_x_,♪ ♪ ♪,0.7921,80,0.3448,0.3252,1.0602
6/8,1,....xx,pausa ♩ sc sc,s,sobe,232,2,x___x_,♩ ♪,0.2802,x_x_x_,♪ ♪ ♪,0.4769,31,0.1336,0.1075,1.243
6/8,1,....xx,pausa ♩ sc sc,s,sobe,232,3,x___x_,♩ ♪,0.2802,x___x_,♩ ♪,0.3692,24,0.1034,0.1527,0.6777
6/8,1,....xx,pausa ♩ sc sc,s,sobe,232,4,x__xx_,♪. sc ♪,0.1638,x_x_x_,♪ ♪ ♪,0.5263,20,0.0862,0.0568,1.5186
6/8,1,....xx,pausa ♩ sc sc,s,sobe,232,5,x__xx_,♪. sc ♪,0.1638,x__xx_,♪. sc ♪,0.3158,12,0.0517,0.0249,2.0743
6/8,1,....xx,pausa ♩ sc sc,s,sobe,232,6,x_x_x_,♪ ♪ ♪,0.4353,x___x_,♩ ♪,0.099,10,0.0431,0.1123,0.3837
6/8,1,....xx,pausa ♩ sc sc,s,sobe,232,7,x___x_,♩ ♪,0.2802,x__xx_,♪. sc ♪,0.0923,6,0.0259,0.0087,2.9813
6/8,1,....xx,pausa ♩ sc sc,s,sobe,232,8,x_x_x_,♪ ♪ ♪,0.4353,x__xx_,♪. sc ♪,0.0495,5,0.0216,0.0065,3.3249
6/8,1,....xx,pausa ♩ sc sc,s,sobe,232,9,x_____,♩.,0.0345,x_x_x_,♪ ♪ ♪,0.625,5,0.0216,0.0032,6.8064
6/8,1,....xx,pausa ♩ sc sc,s,sobe,232,10,x__xx_,♪. sc ♪,0.1638,x___x_,♩ ♪,0.1053,4,0.0172,0.03,0.575
6/8,2,x_x_xx,♪ ♪ sc sc,s,sobe,40,1,x_x_x_,♪ ♪ ♪,0.525,x_x_x_,♪ ♪ ♪,0.5714,12,0.3,0.3042,0.9863
6/8,2,x_x_xx,♪ ♪ sc sc,s,sobe,40,2,x___x_,♩ ♪,0.15,x_x_x_,♪ ♪ ♪,1,6,0.15,0.0687,2.1847
6/8,2,x_x_xx,♪ ♪ sc sc,s,sobe,40,3,x_x_x_,♪ ♪ ♪,0.525,x___x_,♩ ♪,0.1905,4,0.1,0.0721,1.3875
6/8,2,x_x_xx,♪ ♪ sc sc,s,sobe,40,4,x_____,♩.,0.1,x_x_x_,♪ ♪ ♪,0.5,2,0.05,0.0216,2.3137
6/8,2,x_x_xx,♪ ♪ sc sc,s,sobe,40,5,x_____,♩.,0.1,x_xxx_,♪ sc sc ♪,0.5,2,0.05,0.0001,468.52
6/8,2,x_x_xx,♪ ♪ sc sc,s,sobe,40,6,x_x_x_,♪ ♪ ♪,0.525,x_____,♩.,0.0952,2,0.05,0.0628,0.7961
6/8,2,x_x_xx,♪ ♪ sc sc,s,sobe,40,7,x_x_x_,♪ ♪ ♪,0.525,x_x_xx,♪ ♪ sc sc,0.0952,2,0.05,0.0012,40.6456
6/8,2,x_x_xx,♪ ♪ sc sc,s,sobe,40,8,__x_x_,(lig.) ♪ ♪ ♪,0.075,x_x_xx,♪ ♪ sc sc,0.6667,2,0.05,0.0007,72.3667
6/8,2,x_x_xx,♪ ♪ sc sc,s,sobe,40,9,xxx_x_,sc sc ♪ ♪,0.025,x_x___,♪ ♩,1,1,0.025,0.0001,169
6/8,2,x_x_xx,♪ ♪ sc sc,s,sobe,40,10,x___xx,♩ sc sc,0.05,x_x_x_,♪ ♪ ♪,0.5,1,0.025,0.0447,0.5597
6/8,1,x___xx,♩ sc sc,d,desce,220,1,x_x_x_,♪ ♪ ♪,0.4545,x_x_x_,♪ ♪ ♪,0.75,75,0.3409,0.3418,0.9973
6/8,1,x___xx,♩ sc sc,d,desce,220,2,x___x_,♩ ♪,0.2909,x_x_x_,♪ ♪ ♪,0.4063,26,0.1182,0.0857,1.3782
6/8,1,x___xx,♩ sc sc,d,desce,220,3,x___x_,♩ ♪,0.2909,x___x_,♩ ♪,0.3281,21,0.0955,0.1218,0.7839
6/8,1,x___xx,♩ sc sc,d,desce,220,4,x_x_x_,♪ ♪ ♪,0.4545,x___x_,♩ ♪,0.1,10,0.0455,0.1181,0.385
6/8,1,x___xx,♩ sc sc,d,desce,220,5,x__xx_,♪. sc ♪,0.0955,x_x_x_,♪ ♪ ♪,0.3333,7,0.0318,0.0462,0.6887
6/8,1,x___xx,♩ sc sc,d,desce,220,6,x__xx_,♪. sc ♪,0.0955,x__xx_,♪. sc ♪,0.2381,5,0.0227,0.0203,1.1198
6/8,1,x___xx,♩ sc sc,d,desce,220,7,x_x_x_,♪ ♪ ♪,0.4545,x___xx,♩ sc sc,0.05,5,0.0227,0.0158,1.4374
6/8,1,x___xx,♩ sc sc,d,desce,220,8,x___x_,♩ ♪,0.2909,x___xx,♩ sc sc,0.0625,4,0.0182,0.0053,3.4176
6/8,1,x___xx,♩ sc sc,d,desce,220,9,x___x_,♩ ♪,0.2909,x__xx_,♪. sc ♪,0.0625,4,0.0182,0.0069,2.6276
6/8,1,x___xx,♩ sc sc,d,desce,220,10,x_x_x_,♪ ♪ ♪,0.4545,x__xx_,♪. sc ♪,0.04,4,0.0182,0.0068,2.6688
6/8,1,x_xxxx,♪ sc sc sc sc,d,desce,30,1,x_x_x_,♪ ♪ ♪,0.6,x_x_x_,♪ ♪ ♪,0.3889,7,0.2333,0.4014,0.5813
6/8,1,x_xxxx,♪ sc sc sc sc,d,desce,30,2,x_xxxx,♪ sc sc sc sc,0.2333,x_xxxx,♪ sc sc sc sc,0.5714,4,0.1333,0.0434,3.0689
6/8,1,x_xxxx,♪ sc sc sc sc,d,desce,30,3,x_x_x_,♪ ♪ ♪,0.6,x___xx,♩ sc sc,0.1667,3,0.1,0.0186,5.3861
6/8,1,x_xxxx,♪ sc sc sc sc,d,desce,30,4,x_x_x_,♪ ♪ ♪,0.6,x_____,♩.,0.1111,2,0.0667,0.0168,3.9653
6/8,1,x_xxxx,♪ sc sc sc sc,d,desce,30,5,x_x_x_,♪ ♪ ♪,0.6,xxx_x_,sc sc ♪ ♪,0.1111,2,0.0667,0.0025,26.8684
6/8,1,x_xxxx,♪ sc sc sc sc,d,desce,30,6,x_x_x_,♪ ♪ ♪,0.6,x___x_,♩ ♪,0.1111,2,0.0667,0.1386,0.4808
6/8,1,x_xxxx,♪ sc sc sc sc,d,desce,30,7,x_x_x_,♪ ♪ ♪,0.6,x__xxx,♪. sc sc sc,0.0556,1,0.0333,0.0008,41.0097
6/8,1,x_xxxx,♪ sc sc sc sc,d,desce,30,8,xxx_x_,sc sc ♪ ♪,0.0333,x___xx,♩ sc sc,1,1,0.0333,0.0007,48.0333
6/8,1,x_xxxx,♪ sc sc sc sc,d,desce,30,9,x_x_x_,♪ ♪ ♪,0.6,xxxxxx,sc sc sc sc sc sc,0.0556,1,0.0333,0.0005,64.9321
6/8,1,x_xxxx,♪ sc sc sc sc,d,desce,30,10,x_xxxx,♪ sc sc sc sc,0.2333,x_____,♩.,0.1429,1,0.0333,0.0077,4.3476
6/8,1,x___xx,♩ sc sc,r,repete,84,1,x_x_x_,♪ ♪ ♪,0.4524,x_x_x_,♪ ♪ ♪,0.6053,23,0.2738,0.3418,0.801
6/8,1,x___xx,♩ sc sc,r,repete,84,2,x___x_,♩ ♪,0.2143,x___x_,♩ ♪,0.5556,10,0.119,0.1218,0.9776
6/8,1,x___xx,♩ sc sc,r,repete,84,3,x_x_x_,♪ ♪ ♪,0.4524,x___x_,♩ ♪,0.1579,6,0.0714,0.1181,0.6049
6/8,1,x___xx,♩ sc sc,r,repete,84,4,x___xx,♩ sc sc,0.1071,x___x_,♩ ♪,0.5556,5,0.0595,0.0144,4.1461
6/8,1,x___xx,♩ sc sc,r,repete,84,5,x___x_,♩ ♪,0.2143,x_x_x_,♪ ♪ ♪,0.2222,4,0.0476,0.0857,0.5553
6/8,1,x___xx,♩ sc sc,r,repete,84,6,x___xx,♩ sc sc,0.1071,x___xx,♩ sc sc,0.4444,4,0.0476,0.0065,7.3708
6/8,1,x___xx,♩ sc sc,r,repete,84,7,x_x_x_,♪ ♪ ♪,0.4524,x___xx,♩ sc sc,0.0789,3,0.0357,0.0158,2.2588
6/8,1,x___xx,♩ sc sc,r,repete,84,8,x__xx_,♪. sc ♪,0.0476,x_x_x_,♪ ♪ ♪,0.75,3,0.0357,0.0462,0.773
6/8,1,x___xx,♩ sc sc,r,repete,84,9,x_x_x_,♪ ♪ ♪,0.4524,x_____,♩.,0.0526,2,0.0238,0.0143,1.6629
6/8,1,x___xx,♩ sc sc,r,repete,84,10,x_x_xx,♪ ♪ sc sc,0.0238,x_x_x_,♪ ♪ ♪,1,2,0.0238,0.006,3.9916
6/8,2,x_x___,♪ ♩,r,repete,30,1,....x_,pausa ♩ ♪,0.4,x___x_,♩ ♪,0.4167,5,0.1667,0.1456,1.145
6/8,2,x_x___,♪ ♩,r,repete,30,2,....x_,pausa ♩ ♪,0.4,x__xx_,♪. sc ♪,0.3333,4,0.1333,0.036,3.7026
6/8,2,x_x___,♪ ♩,r,repete,30,3,....x_,pausa ♩ ♪,0.4,x_x_x_,♪ ♪ ♪,0.25,3,0.1,0.1145,0.8737
6/8,2,x_x___,♪ ♩,r,repete,30,4,____x_,(lig.) ♩ ♪,0.0667,x___x_,♩ ♪,1,2,0.0667,0.0151,4.404
6/8,2,x_x___,♪ ♩,r,repete,30,5,______,(lig.) ♩.,0.0667,x_x___,♪ ♩,1,2,0.0667,0.0011,61.7667
6/8,2,x_x___,♪ ♩,r,repete,30,6,xxx_x_,sc sc ♪ ♪,0.0667,x_x_xx,♪ ♪ sc sc,0.5,1,0.0333,0.0002,157.4444
6/8,2,x_x___,♪ ♩,r,repete,30,7,xxx___,sc sc ♩,0.0667,xxx___,sc sc ♩,0.5,1,0.0333,0.0061,5.45
6/8,2,x_x___,♪ ♩,r,repete,30,8,__x___,(lig.) ♪ ♩,0.0333,x_x_x_,♪ ♪ ♪,1,1,0.0333,0.0046,7.2667
6/8,2,x_x___,♪ ♩,r,repete,30,9,x_x___,♪ ♩,0.0667,x_x_x_,♪ ♪ ♪,0.5,1,0.0333,0.0415,0.8042
6/8,2,x_x___,♪ ♩,r,repete,30,10,x_x___,♪ ♩,0.0667,x_x___,♪ ♩,0.5,1,0.0333,0.0332,1.0052
6/8,2,x___xx,♩ sc sc,s,sobe,35,1,x_x_x_,♪ ♪ ♪,0.2857,x_x_x_,♪ ♪ ♪,0.4,4,0.1143,0.1265,0.9032
6/8,2,x___xx,♩ sc sc,s,sobe,35,2,x___x_,♩ ♪,0.3714,x___xx,♩ sc sc,0.3077,4,0.1143,0.0022,52.3772
6/8,2,x___xx,♩ sc sc,s,sobe,35,3,x___xx,♩ sc sc,0.1714,x___x_,♩ ♪,0.5,3,0.0857,0.045,1.9054
6/8,2,x___xx,♩ sc sc,s,sobe,35,4,x___x_,♩ ♪,0.3714,x_x_x_,♪ ♪ ♪,0.2308,3,0.0857,0.1913,0.4481
6/8,2,x___xx,♩ sc sc,s,sobe,35,5,x___x_,♩ ♪,0.3714,x___x_,♩ ♪,0.2308,3,0.0857,0.1393,0.6154
6/8,2,x___xx,♩ sc sc,s,sobe,35,6,x__xx_,♪. sc ♪,0.0571,x_____,♩.,1,2,0.0571,0.0065,8.7619
6/8,2,x___xx,♩ sc sc,s,sobe,35,7,x_x_x_,♪ ♪ ♪,0.2857,x___x_,♩ ♪,0.2,2,0.0571,0.03,1.9059
6/8,2,x___xx,♩ sc sc,s,sobe,35,8,x_x_x_,♪ ♪ ♪,0.2857,x__xx_,♪. sc ♪,0.2,2,0.0571,0.0064,8.9331
6/8,2,x___xx,♩ sc sc,s,sobe,35,9,x___xx,♩ sc sc,0.1714,x_____,♩.,0.3333,2,0.0571,0.0108,5.307
6/8,2,x___xx,♩ sc sc,s,sobe,35,10,x___x_,♩ ♪,0.3714,x__xx_,♪. sc ♪,0.1538,2,0.0571,0.0236,2.4183
6/8,2,x___..,♩ pausa ♪,s,sobe,103,1,....x_,pausa ♩ ♪,0.5631,x___x_,♩ ♪,0.569,33,0.3204,0.2764,1.1592
6/8,2,x___..,♩ pausa ♪,s,sobe,103,2,....x_,pausa ♩ ♪,0.5631,x_x_x_,♪ ♪ ♪,0.2414,14,0.1359,0.2173,0.6254
6/8,2,x___..,♩ pausa ♪,s,sobe,103,3,......,pausa ♩.,0.1068,x_x_x_,♪ ♪ ♪,0.6364,7,0.068,0.019,3.5706
6/8,2,x___..,♩ pausa ♪,s,sobe,103,4,x___..,♩ pausa ♪,0.0777,x_x_x_,♪ ♪ ♪,0.625,5,0.0485,0.0219,2.2195
6/8,2,x___..,♩ pausa ♪,s,sobe,103,5,....x_,pausa ♩ ♪,0.5631,x__xx_,♪. sc ♪,0.069,4,0.0388,0.0684,0.568
6/8,2,x___..,♩ pausa ♪,s,sobe,103,6,....xx,pausa ♩ sc sc,0.1165,x___x_,♩ ♪,0.3333,4,0.0388,0.0314,1.2378
6/8,2,x___..,♩ pausa ♪,s,sobe,103,7,....xx,pausa ♩ sc sc,0.1165,x_x_x_,♪ ♪ ♪,0.25,3,0.0291,0.0527,0.5528
6/8,2,x___..,♩ pausa ♪,s,sobe,103,8,x___x_,♩ ♪,0.068,x___x_,♩ ♪,0.4286,3,0.0291,0.0153,1.8985
6/8,2,x___..,♩ pausa ♪,s,sobe,103,9,....x_,pausa ♩ ♪,0.5631,x_xxx_,♪ sc sc ♪,0.0517,3,0.0291,0.0019,15.1219
6/8,2,x___..,♩ pausa ♪,s,sobe,103,10,......,pausa ♩.,0.1068,x___x_,♩ ♪,0.2727,3,0.0291,0.0425,0.6846
6/8,2,x_____,♩.,0,—,33,1,x_____,♩.,0.3939,x_x_x_,♪ ♪ ♪,0.7692,10,0.303,0.0641,4.7297
6/8,2,x_____,♩.,0,—,33,2,x_x_x_,♪ ♪ ♪,0.4848,x_____,♩.,0.375,6,0.1818,0.0168,10.7918
6/8,2,x_____,♩.,0,—,33,3,x_x_x_,♪ ♪ ♪,0.4848,x_x_x_,♪ ♪ ♪,0.3125,5,0.1515,0.0816,1.857
6/8,2,x_____,♩.,0,—,33,4,x_x_x_,♪ ♪ ♪,0.4848,x___x_,♩ ♪,0.1875,3,0.0909,0.0193,4.7025
6/8,2,x_____,♩.,0,—,33,5,x___x_,♩ ♪,0.0909,x___x_,♩ ♪,1,3,0.0909,0.091,0.9985
6/8,2,x_____,♩.,0,—,33,6,x_____,♩.,0.3939,x__xx_,♪. sc ♪,0.1538,2,0.0606,0.0104,5.8047
6/8,2,x_____,♩.,0,—,33,7,x_x_x_,♪ ♪ ♪,0.4848,x__xx_,♪. sc ♪,0.0625,1,0.0303,0.0041,7.3469
6/8,2,x_____,♩.,0,—,33,8,x_____,♩.,0.3939,x_____,♩.,0.0769,1,0.0303,0.0157,1.9349
6/8,2,x_____,♩.,0,—,33,9,____x_,(lig.) ♩ ♪,0.0303,x___xx,♩ sc sc,1,1,0.0303,0.0009,32.9697
6/8,2,x_____,♩.,0,—,33,10,x_x_x_,♪ ♪ ♪,0.4848,xx__x_,sc ♪. ♪,0.0625,1,0.0303,0.0004,70.9644
6/8,1,xx__x_,sc ♪. ♪,d,desce,38,1,x_x_x_,♪ ♪ ♪,0.4737,x___x_,♩ ♪,0.4444,8,0.2105,0.0923,2.2806
6/8,1,xx__x_,sc ♪. ♪,d,desce,38,2,x_x_x_,♪ ♪ ♪,0.4737,x_x_x_,♪ ♪ ♪,0.2222,4,0.1053,0.2672,0.3939
6/8,1,xx__x_,sc ♪. ♪,d,desce,38,3,x_____,♩.,0.1842,x___x_,♩ ♪,0.2857,2,0.0526,0.0344,1.5297
6/8,1,xx__x_,sc ♪. ♪,d,desce,38,4,x_x_x_,♪ ♪ ♪,0.4737,x___xx,♩ sc sc,0.1111,2,0.0526,0.0124,4.2578
6/8,1,xx__x_,sc ♪. ♪,d,desce,38,5,xx__x_,sc ♪. ♪,0.1579,x__xx_,♪. sc ♪,0.3333,2,0.0526,0.0121,4.3636
6/8,1,xx__x_,sc ♪. ♪,d,desce,38,6,x_x_x_,♪ ♪ ♪,0.4737,xx__x_,sc ♪. ♪,0.1111,2,0.0526,0.0006,92.3935
6/8,1,xx__x_,sc ♪. ♪,d,desce,38,7,xx__x_,sc ♪. ♪,0.1579,x_x_x_,♪ ♪ ♪,0.3333,2,0.0526,0.082,0.6417
6/8,1,xx__x_,sc ♪. ♪,d,desce,38,8,x__xx_,♪. sc ♪,0.1316,x___x_,♩ ♪,0.2,1,0.0263,0.0463,0.5684
6/8,1,xx__x_,sc ♪. ♪,d,desce,38,9,x_____,♩.,0.1842,______,(lig.) ♩.,0.1429,1,0.0263,0.0015,17.7589
6/8,1,xx__x_,sc ♪. ♪,d,desce,38,10,x___x_,♩ ♪,0.0526,xx__x_,sc ♪. ♪,0.5,1,0.0263,0,2515.5
6/8,2,x_x___,♪ ♩,d,desce,47,1,....x_,pausa ♩ ♪,0.3404,x___x_,♩ ♪,0.75,12,0.2553,0.1456,1.754
6/8,2,x_x___,♪ ♩,d,desce,47,2,....xx,pausa ♩ sc sc,0.1915,x___x_,♩ ♪,0.4444,4,0.0851,0.0295,2.884
6/8,2,x_x___,♪ ♩,d,desce,47,3,....x_,pausa ♩ ♪,0.3404,x_x_x_,♪ ♪ ♪,0.1875,3,0.0638,0.1145,0.5577
6/8,2,x_x___,♪ ♩,d,desce,47,4,....xx,pausa ♩ sc sc,0.1915,x_x_x_,♪ ♪ ♪,0.3333,3,0.0638,0.0496,1.288
6/8,2,x_x___,♪ ♩,d,desce,47,5,x___x_,♩ ♪,0.1064,x___x_,♩ ♪,0.6,3,0.0638,0.0328,1.9463
6/8,2,x_x___,♪ ♩,d,desce,47,6,__..x_,(lig.) ♪ pausa ♪ ♪,0.0638,x__xx_,♪. sc ♪,0.6667,2,0.0426,0.0031,13.8335
6/8,2,x_x___,♪ ♩,d,desce,47,7,....xx,pausa ♩ sc sc,0.1915,x__xx_,♪. sc ♪,0.2222,2,0.0426,0.0126,3.3733
6/8,2,x_x___,♪ ♩,d,desce,47,8,__xx__,(lig.) ♪ sc ♪.,0.0213,x_x___,♪ ♩,1,1,0.0213,0.0092,2.3191
6/8,2,x_x___,♪ ♩,d,desce,47,9,__....,(lig.) ♪ pausa ♩,0.0213,x_x___,♪ ♩,1,1,0.0213,0.0046,4.6383
6/8,2,x_x___,♪ ♩,d,desce,47,10,x_x___,♪ ♩,0.0638,x___x_,♩ ♪,0.3333,1,0.0213,0.0099,2.1388
6/8,2,x___xx,♩ sc sc,d,desce,60,1,x___x_,♩ ♪,0.5167,x___x_,♩ ♪,0.5161,16,0.2667,0.1393,1.9147
6/8,2,x___xx,♩ sc sc,d,desce,60,2,x___x_,♩ ♪,0.5167,x___xx,♩ sc sc,0.1613,5,0.0833,0.0022,38.1917
6/8,2,x___xx,♩ sc sc,d,desce,60,3,x___x_,♩ ♪,0.5167,x__xx_,♪. sc ♪,0.1613,5,0.0833,0.0236,3.5267
6/8,2,x___xx,♩ sc sc,d,desce,60,4,x___xx,♩ sc sc,0.1833,x_x_x_,♪ ♪ ♪,0.3636,4,0.0667,0.0995,0.6698
6/8,2,x___xx,♩ sc sc,d,desce,60,5,x___xx,♩ sc sc,0.1833,x___xx,♩ sc sc,0.3636,4,0.0667,0.0065,10.3192
6/8,2,x___xx,♩ sc sc,d,desce,60,6,x_x_x_,♪ ♪ ♪,0.0833,x__xx_,♪. sc ♪,0.6,3,0.05,0.0064,7.8165
6/8,2,x___xx,♩ sc sc,d,desce,60,7,x___x_,♩ ♪,0.5167,x_____,♩.,0.0968,3,0.05,0.0522,0.9587
6/8,2,x___xx,♩ sc sc,d,desce,60,8,x_..xx,♪ pausa ♪ sc sc,0.0333,x___x_,♩ ♪,1,2,0.0333,0.0088,3.7917
6/8,2,x___xx,♩ sc sc,d,desce,60,9,x___x_,♩ ♪,0.5167,x_x_x_,♪ ♪ ♪,0.0645,2,0.0333,0.1913,0.1743
6/8,2,x___xx,♩ sc sc,d,desce,60,10,x_____,♩.,0.0667,x_x_x_,♪ ♪ ♪,0.5,2,0.0333,0.0225,1.4831
6/8,1,__..x_,(lig.) ♪ pausa ♪ ♪,s,sobe,45,1,x_x_x_,♪ ♪ ♪,0.4222,x_x_x_,♪ ♪ ♪,0.8947,17,0.3778,0.2026,1.8647
6/8,1,__..x_,(lig.) ♪ pausa ♪ ♪,s,sobe,45,2,x___x_,♩ ♪,0.2889,x___x_,♩ ♪,0.6923,9,0.2,0.258,0.7753
6/8,1,__..x_,(lig.) ♪ pausa ♪ ♪,s,sobe,45,3,x__xx_,♪. sc ♪,0.1556,x_x_x_,♪ ♪ ♪,0.8571,6,0.1333,0.0508,2.6269
6/8,1,__..x_,(lig.) ♪ pausa ♪ ♪,s,sobe,45,4,x___x_,♩ ♪,0.2889,x_x_x_,♪ ♪ ♪,0.2308,3,0.0667,0.1816,0.367
6/8,1,__..x_,(lig.) ♪ pausa ♪ ♪,s,sobe,45,5,x_x_x_,♪ ♪ ♪,0.4222,x___x_,♩ ♪,0.1053,2,0.0444,0.07,0.6351
6/8,1,__..x_,(lig.) ♪ pausa ♪ ♪,s,sobe,45,6,__..x_,(lig.) ♪ pausa ♪ ♪,0.0444,__..x_,(lig.) ♪ pausa ♪ ♪,1,2,0.0444,0.0078,5.6667
6/8,1,__..x_,(lig.) ♪ pausa ♪ ♪,s,sobe,45,7,x__xx_,♪. sc ♪,0.1556,x__xx_,♪. sc ♪,0.1429,1,0.0222,0.0223,0.9967
6/8,1,__..x_,(lig.) ♪ pausa ♪ ♪,s,sobe,45,8,x_____,♩.,0.0444,____x_,(lig.) ♩ ♪,0.5,1,0.0222,0.0017,12.8444
6/8,1,__..x_,(lig.) ♪ pausa ♪ ♪,s,sobe,45,9,x_____,♩.,0.0444,__x_x_,(lig.) ♪ ♪ ♪,0.5,1,0.0222,0.0006,38.832
6/8,1,__..x_,(lig.) ♪ pausa ♪ ♪,s,sobe,45,10,x_x_xx,♪ ♪ sc sc,0.0222,x_x_x_,♪ ♪ ♪,1,1,0.0222,0.0028,7.8578
6/8,1,x_x_xx,♪ ♪ sc sc,r,repete,31,1,x_x_x_,♪ ♪ ♪,0.4516,x_x_x_,♪ ♪ ♪,0.5714,8,0.2581,0.2284,1.13
6/8,1,x_x_xx,♪ ♪ sc sc,r,repete,31,2,x___x_,♩ ♪,0.2581,x_x_x_,♪ ♪ ♪,0.375,3,0.0968,0.0887,1.0906
6/8,1,x_x_xx,♪ ♪ sc sc,r,repete,31,3,x___x_,♩ ♪,0.2581,x___x_,♩ ♪,0.375,3,0.0968,0.126,0.768
6/8,1,x_x_xx,♪ ♪ sc sc,r,repete,31,4,x_x_xx,♪ ♪ sc sc,0.0645,x_x_x_,♪ ♪ ♪,1,2,0.0645,0.0249,2.5944
6/8,1,x_x_xx,♪ ♪ sc sc,r,repete,31,5,x__xxx,♪. sc sc sc,0.0645,x___xx,♩ sc sc,1,2,0.0645,0.003,21.6381
6/8,1,x_x_xx,♪ ♪ sc sc,r,repete,31,6,x_x_x_,♪ ♪ ♪,0.4516,__x_xx,(lig.) ♪ ♪ sc sc,0.0714,1,0.0323,0.0001,331.325
6/8,1,x_x_xx,♪ ♪ sc sc,r,repete,31,7,xxx___,sc sc ♩,0.0323,....x_,pausa ♩ ♪,1,1,0.0323,0.004,8.0184
6/8,1,x_x_xx,♪ ♪ sc sc,r,repete,31,8,x___x_,♩ ♪,0.2581,x___xx,♩ sc sc,0.125,1,0.0323,0.0055,5.8592
6/8,1,x_x_xx,♪ ♪ sc sc,r,repete,31,9,x_x_x_,♪ ♪ ♪,0.4516,x___..,♩ pausa ♪,0.0714,1,0.0323,0.0026,12.6219
6/8,1,x_x_xx,♪ ♪ sc sc,r,repete,31,10,x_x_x_,♪ ♪ ♪,0.4516,x_..x_,♪ pausa ♪ ♪,0.0714,1,0.0323,0.0008,38.9794
6/8,1,x___..,♩ pausa ♪,d,desce,107,1,x___x_,♩ ♪,0.4299,x___x_,♩ ♪,0.5652,26,0.243,0.1733,1.4019
6/8,1,x___..,♩ pausa ♪,d,desce,107,2,x_x_x_,♪ ♪ ♪,0.3178,x_x_x_,♪ ♪ ♪,0.6176,21,0.1963,0.2596,0.7559
6/8,1,x___..,♩ pausa ♪,d,desce,107,3,x___x_,♩ ♪,0.4299,x_x_x_,♪ ♪ ♪,0.3043,14,0.1308,0.1221,1.072
6/8,1,x___..,♩ pausa ♪,d,desce,107,4,x_____,♩.,0.1776,x_x_x_,♪ ♪ ♪,0.6842,13,0.1215,0.0191,6.3657
6/8,1,x___..,♩ pausa ♪,d,desce,107,5,x_x_x_,♪ ♪ ♪,0.3178,x___x_,♩ ♪,0.1765,6,0.0561,0.0897,0.6253
6/8,1,x___..,♩ pausa ♪,d,desce,107,6,x_x_x_,♪ ♪ ♪,0.3178,x___xx,♩ sc sc,0.1176,4,0.0374,0.012,3.113
6/8,1,x___..,♩ pausa ♪,d,desce,107,7,x__xx_,♪. sc ♪,0.0467,x_x_x_,♪ ♪ ♪,0.6,3,0.028,0.0291,0.9647
6/8,1,x___..,♩ pausa ♪,d,desce,107,8,x_____,♩.,0.1776,x___x_,♩ ♪,0.1579,3,0.028,0.0415,0.6762
6/8,1,x___..,♩ pausa ♪,d,desce,107,9,x_____,♩.,0.1776,x_____,♩.,0.1053,2,0.0187,0.0211,0.8861
6/8,1,x___..,♩ pausa ♪,d,desce,107,10,x__xx_,♪. sc ♪,0.0467,x__xx_,♪. sc ♪,0.4,2,0.0187,0.0128,1.464
6/8,2,x_x_xx,♪ ♪ sc sc,d,desce,31,1,x_x_x_,♪ ♪ ♪,0.2903,x_x_x_,♪ ♪ ♪,0.5556,5,0.1613,0.3042,0.5303
6/8,2,x_x_xx,♪ ♪ sc sc,d,desce,31,2,x___x_,♩ ♪,0.1613,x_x_x_,♪ ♪ ♪,0.6,3,0.0968,0.0687,1.4095
6/8,2,x_x_xx,♪ ♪ sc sc,d,desce,31,3,x_x_x_,♪ ♪ ♪,0.2903,x_____,♩.,0.3333,3,0.0968,0.0628,1.5408
6/8,2,x_x_xx,♪ ♪ sc sc,d,desce,31,4,x_x_xx,♪ ♪ sc sc,0.1935,x___x_,♩ ♪,0.5,3,0.0968,0.0302,3.2074
6/8,2,x_x_xx,♪ ♪ sc sc,d,desce,31,5,x_x_xx,♪ ♪ sc sc,0.1935,x_x_xx,♪ ♪ sc sc,0.3333,2,0.0645,0.0065,9.9785
6/8,2,x_x_xx,♪ ♪ sc sc,d,desce,31,6,x___xx,♩ sc sc,0.1935,x_x_xx,♪ ♪ sc sc,0.3333,2,0.0645,0.0011,60.0889
6/8,2,x_x_xx,♪ ♪ sc sc,d,desce,31,7,x___xx,♩ sc sc,0.1935,x__xx_,♪. sc ♪,0.3333,2,0.0645,0.0088,7.3279
6/8,2,x_x_xx,♪ ♪ sc sc,d,desce,31,8,x___x_,♩ ♪,0.1613,x___x_,♩ ♪,0.2,1,0.0323,0.05,0.6452
6/8,2,x_x_xx,♪ ♪ sc sc,d,desce,31,9,x_x_x_,♪ ♪ ♪,0.2903,x___x_,♩ ♪,0.1111,1,0.0323,0.0721,0.4476
6/8,2,x_x_xx,♪ ♪ sc sc,d,desce,31,10,x_____,♩.,0.0323,x_x_xx,♪ ♪ sc sc,1,1,0.0323,0.0002,201.514
6/8,1,____x_,(lig.) ♩ ♪,r,repete,39,1,x_x_x_,♪ ♪ ♪,0.3846,x_x_x_,♪ ♪ ♪,0.9333,14,0.359,0.2277,1.5767
6/8,1,____x_,(lig.) ♩ ♪,r,repete,39,2,x___x_,♩ ♪,0.4872,x___x_,♩ ♪,0.6842,13,0.3333,0.2154,1.5479
6/8,1,____x_,(lig.) ♩ ♪,r,repete,39,3,x___x_,♩ ♪,0.4872,x_x_x_,♪ ♪ ♪,0.2105,4,0.1026,0.1516,0.6763
6/8,1,____x_,(lig.) ♩ ♪,r,repete,39,4,x__xx_,♪. sc ♪,0.1026,x__xx_,♪. sc ♪,0.5,2,0.0513,0.0199,2.5707
6/8,1,____x_,(lig.) ♩ ♪,r,repete,39,5,x__xx_,♪. sc ♪,0.1026,x_x_x_,♪ ♪ ♪,0.5,2,0.0513,0.0454,1.1292
6/8,1,____x_,(lig.) ♩ ♪,r,repete,39,6,x___x_,♩ ♪,0.4872,x__xx_,♪. sc ♪,0.0526,1,0.0256,0.0122,2.0953
6/8,1,____x_,(lig.) ♩ ♪,r,repete,39,7,x_x_x_,♪ ♪ ♪,0.3846,x___x_,♩ ♪,0.0667,1,0.0256,0.0786,0.3261
6/8,1,____x_,(lig.) ♩ ♪,r,repete,39,8,x___x_,♩ ♪,0.4872,x___xx,♩ sc sc,0.0526,1,0.0256,0.0094,2.7253
6/8,1,____x_,(lig.) ♩ ♪,r,repete,39,9,x___xx,♩ sc sc,0.0256,x___x_,♩ ♪,1,1,0.0256,0.008,3.1909
6/8,2,x__xxx,♪. sc sc sc,s,sobe,50,1,x_x_x_,♪ ♪ ♪,0.68,x_x_x_,♪ ♪ ♪,0.5294,18,0.36,0.2616,1.376
6/8,2,x__xxx,♪. sc sc sc,s,sobe,50,2,x_x_x_,♪ ♪ ♪,0.68,x__xxx,♪. sc sc sc,0.3235,11,0.22,0.002,110.4565
6/8,2,x__xxx,♪. sc sc sc,s,sobe,50,3,x___x_,♩ ♪,0.22,x_x_x_,♪ ♪ ♪,0.7273,8,0.16,0.1342,1.192
6/8,2,x__xxx,♪. sc sc sc,s,sobe,50,4,x___xx,♩ sc sc,0.04,x_x_x_,♪ ♪ ♪,1,2,0.04,0.0893,0.4482
6/8,2,x__xxx,♪. sc sc sc,s,sobe,50,5,x_x_x_,♪ ♪ ♪,0.68,x___x_,♩ ♪,0.0588,2,0.04,0.062,0.6452
6/8,2,x__xxx,♪. sc sc sc,s,sobe,50,6,x__xxx,♪. sc sc sc,0.02,x___x_,♩ ♪,1,1,0.02,0.0137,1.4579
6/8,2,x__xxx,♪. sc sc sc,s,sobe,50,7,x_x_x_,♪ ♪ ♪,0.68,x_____,♩.,0.0294,1,0.02,0.054,0.3702
6/8,2,x__xxx,♪. sc sc sc,s,sobe,50,8,x_x_xx,♪ ♪ sc sc,0.02,x__xxx,♪. sc sc sc,1,1,0.02,0.0001,154.28
6/8,2,x__xxx,♪. sc sc sc,s,sobe,50,9,x___x_,♩ ♪,0.22,x__xx_,♪. sc ♪,0.0909,1,0.02,0.0166,1.2061
6/8,2,x__xxx,♪. sc sc sc,s,sobe,50,10,x___x_,♩ ♪,0.22,x_x_..,♪ ♪ pausa ♪,0.0909,1,0.02,0.0016,12.171
6/8,1,....x_,pausa ♩ ♪,d,desce,249,1,x___x_,♩ ♪,0.5221,x___x_,♩ ♪,0.5385,70,0.2811,0.2436,1.1539
6/8,1,....x_,pausa ♩ ♪,d,desce,249,2,x_x_x_,♪ ♪ ♪,0.3253,x_x_x_,♪ ♪ ♪,0.7778,63,0.253,0.243,1.0411
6/8,1,....x_,pausa ♩ ♪,d,desce,249,3,x___x_,♩ ♪,0.5221,x_x_x_,♪ ♪ ♪,0.3769,49,0.1968,0.1716,1.1471
6/8,1,....x_,pausa ♩ ♪,d,desce,249,4,x__xx_,♪. sc ♪,0.0843,x_x_x_,♪ ♪ ♪,0.7143,15,0.0602,0.0524,1.149
6/8,1,....x_,pausa ♩ ♪,d,desce,249,5,x_x_x_,♪ ♪ ♪,0.3253,x___x_,♩ ♪,0.1481,12,0.0482,0.0839,0.5741
6/8,1,....x_,pausa ♩ ♪,d,desce,249,6,x___x_,♩ ♪,0.5221,x__xx_,♪. sc ♪,0.0538,7,0.0281,0.0138,2.0306
6/8,1,....x_,pausa ♩ ♪,d,desce,249,7,x__xx_,♪. sc ♪,0.0843,x__xx_,♪. sc ♪,0.2381,5,0.0201,0.023,0.8719
6/8,1,....x_,pausa ♩ ♪,d,desce,249,8,x___x_,♩ ♪,0.5221,x___xx,♩ sc sc,0.0231,3,0.012,0.0106,1.1319
6/8,1,....x_,pausa ♩ ♪,d,desce,249,9,x___xx,♩ sc sc,0.0161,x___x_,♩ ♪,0.75,3,0.012,0.003,3.9898
6/8,1,....x_,pausa ♩ ♪,d,desce,249,10,x_xxx_,♪ sc sc ♪,0.012,x_x_x_,♪ ♪ ♪,1,3,0.012,0.0016,7.6946
6/8,1,....x_,pausa ♩ ♪,r,repete,194,1,x___x_,♩ ♪,0.5103,x___x_,♩ ♪,0.697,69,0.3557,0.2436,1.4599
6/8,1,....x_,pausa ♩ ♪,r,repete,194,2,x_x_x_,♪ ♪ ♪,0.2526,x_x_x_,♪ ♪ ♪,0.8163,40,0.2062,0.243,0.8484
6/8,1,....x_,pausa ♩ ♪,r,repete,194,3,x___x_,♩ ♪,0.5103,x_x_x_,♪ ♪ ♪,0.2828,28,0.1443,0.1716,0.8413
6/8,1,....x_,pausa ♩ ♪,r,repete,194,4,x__xx_,♪. sc ♪,0.1856,x_x_x_,♪ ♪ ♪,0.6389,23,0.1186,0.0524,2.2613
6/8,1,....x_,pausa ♩ ♪,r,repete,194,5,x__xx_,♪. sc ♪,0.1856,x__xx_,♪. sc ♪,0.2222,8,0.0412,0.023,1.7906
6/8,1,....x_,pausa ♩ ♪,r,repete,194,6,x_x_x_,♪ ♪ ♪,0.2526,x___x_,♩ ♪,0.1633,8,0.0412,0.0839,0.4912
6/8,1,....x_,pausa ♩ ♪,r,repete,194,7,x__xx_,♪. sc ♪,0.1856,x___x_,♩ ♪,0.0833,3,0.0155,0.0277,0.5584
6/8,1,....x_,pausa ♩ ♪,r,repete,194,8,x__xx_,♪. sc ♪,0.1856,xxx_x_,sc sc ♪ ♪,0.0556,2,0.0103,0.0004,23.2028
6/8,1,....x_,pausa ♩ ♪,r,repete,194,9,x___xx,♩ sc sc,0.0103,x_x_x_,♪ ♪ ♪,1,2,0.0103,0.0014,7.3156
6/8,1,....x_,pausa ♩ ♪,r,repete,194,10,x_x_xx,♪ ♪ sc sc,0.0052,x_..x_,♪ pausa ♪ ♪,1,1,0.0052,0,109.8969
6/8,1,....x_,pausa ♩ ♪,s,sobe,211,1,x___x_,♩ ♪,0.5972,x___x_,♩ ♪,0.5714,72,0.3412,0.2436,1.4006
6/8,1,....x_,pausa ♩ ♪,s,sobe,211,2,x___x_,♩ ♪,0.5972,x_x_x_,♪ ♪ ♪,0.3889,49,0.2322,0.1716,1.3537
6/8,1,....x_,pausa ♩ ♪,s,sobe,211,3,x_x_x_,♪ ♪ ♪,0.2559,x_x_x_,♪ ♪ ♪,0.7593,41,0.1943,0.243,0.7995
6/8,1,....x_,pausa ♩ ♪,s,sobe,211,4,x_x_x_,♪ ♪ ♪,0.2559,x___x_,♩ ♪,0.2037,11,0.0521,0.0839,0.621
6/8,1,....x_,pausa ♩ ♪,s,sobe,211,5,x__xx_,♪. sc ♪,0.0948,x_x_x_,♪ ♪ ♪,0.5,10,0.0474,0.0524,0.904
6/8,1,....x_,pausa ♩ ♪,s,sobe,211,6,x__xx_,♪. sc ♪,0.0948,x___x_,♩ ♪,0.25,5,0.0237,0.0277,0.8556
6/8,1,....x_,pausa ♩ ♪,s,sobe,211,7,x__xx_,♪. sc ♪,0.0948,x__xx_,♪. sc ♪,0.25,5,0.0237,0.023,1.0289
6/8,1,....x_,pausa ♩ ♪,s,sobe,211,8,x___x_,♩ ♪,0.5972,x___xx,♩ sc sc,0.0238,3,0.0142,0.0106,1.3358
6/8,1,....x_,pausa ♩ ♪,s,sobe,211,9,x_____,♩.,0.0142,x___x_,♩ ♪,0.6667,2,0.0095,0.0053,1.7834
6/8,1,....x_,pausa ♩ ♪,s,sobe,211,10,x___xx,♩ sc sc,0.0142,x___x_,♩ ♪,0.6667,2,0.0095,0.003,3.1389
6/8,1,x_x_xx,♪ ♪ sc sc,s,sobe,32,1,x_x_x_,♪ ♪ ♪,0.4375,x_x_x_,♪ ♪ ♪,0.6429,9,0.2813,0.2284,1.2315
6/8,1,x_x_xx,♪ ♪ sc sc,s,sobe,32,2,x__xx_,♪. sc ♪,0.2188,x_x_x_,♪ ♪ ♪,0.7143,5,0.1563,0.0509,3.0701
6/8,1,x_x_xx,♪ ♪ sc sc,s,sobe,32,3,x___x_,♩ ♪,0.1563,x_x_x_,♪ ♪ ♪,0.4,2,0.0625,0.0887,0.7043
6/8,1,x_x_xx,♪ ♪ sc sc,s,sobe,32,4,x_____,♩.,0.0625,__x_x_,(lig.) ♪ ♪ ♪,1,2,0.0625,0.0017,37.2616
6/8,1,x_x_xx,♪ ♪ sc sc,s,sobe,32,5,x___x_,♩ ♪,0.1563,x_x_xx,♪ ♪ sc sc,0.2,1,0.0313,0.0008,37.7585
6/8,1,x_x_xx,♪ ♪ sc sc,s,sobe,32,6,x___x_,♩ ♪,0.1563,x___x_,♩ ♪,0.2,1,0.0313,0.126,0.248
6/8,1,x_x_xx,♪ ♪ sc sc,s,sobe,32,7,x___x_,♩ ♪,0.1563,x___..,♩ pausa ♪,0.2,1,0.0313,0.0024,12.7713
6/8,1,x_x_xx,♪ ♪ sc sc,s,sobe,32,8,x___xx,♩ sc sc,0.0313,x___x_,♩ ♪,1,1,0.0313,0.0037,8.4583
6/8,1,x_x_xx,♪ ♪ sc sc,s,sobe,32,9,x_x_x_,♪ ♪ ♪,0.4375,x___xx,♩ sc sc,0.0714,1,0.0313,0.0106,2.9583
6/8,1,x_x_xx,♪ ♪ sc sc,s,sobe,32,10,x_x_x_,♪ ♪ ♪,0.4375,x_x_xx,♪ ♪ sc sc,0.0714,1,0.0313,0.0014,22.1359
6/8,1,__..x_,(lig.) ♪ pausa ♪ ♪,r,repete,63,1,x___x_,♩ ♪,0.5873,x___x_,♩ ♪,0.6216,23,0.3651,0.258,1.4153
6/8,1,__..x_,(lig.) ♪ pausa ♪ ♪,r,repete,63,2,x_x_x_,♪ ♪ ♪,0.2698,x_x_x_,♪ ♪ ♪,0.9412,16,0.254,0.2026,1.2536
6/8,1,__..x_,(lig.) ♪ pausa ♪ ♪,r,repete,63,3,x___x_,♩ ♪,0.5873,x_x_x_,♪ ♪ ♪,0.2973,11,0.1746,0.1816,0.9612
6/8,1,__..x_,(lig.) ♪ pausa ♪ ♪,r,repete,63,4,x__xx_,♪. sc ♪,0.127,x_x_x_,♪ ♪ ♪,0.75,6,0.0952,0.0508,1.8764
6/8,1,__..x_,(lig.) ♪ pausa ♪ ♪,r,repete,63,5,x___x_,♩ ♪,0.5873,x__xx_,♪. sc ♪,0.0811,3,0.0476,0.0147,3.2486
6/8,1,__..x_,(lig.) ♪ pausa ♪ ♪,r,repete,63,6,x_x_x_,♪ ♪ ♪,0.2698,x__xx_,♪. sc ♪,0.0588,1,0.0159,0.004,3.9313
6/8,1,__..x_,(lig.) ♪ pausa ♪ ♪,r,repete,63,7,x__xx_,♪. sc ♪,0.127,x__xx_,♪. sc ♪,0.125,1,0.0159,0.0223,0.7119
6/8,1,__..x_,(lig.) ♪ pausa ♪ ♪,r,repete,63,8,x_____,♩.,0.0159,x_x_x_,♪ ♪ ♪,1,1,0.0159,0.0046,3.4874
6/8,1,__..x_,(lig.) ♪ pausa ♪ ♪,r,repete,63,9,x__xx_,♪. sc ♪,0.127,x___x_,♩ ♪,0.125,1,0.0159,0.0268,0.592
6/8,1,x_x_xx,♪ ♪ sc sc,d,desce,45,1,x___x_,♩ ♪,0.2667,x___x_,♩ ♪,0.5,6,0.1333,0.126,1.0581
6/8,1,x_x_xx,♪ ♪ sc sc,d,desce,45,2,x_x_x_,♪ ♪ ♪,0.2444,x_x_x_,♪ ♪ ♪,0.4545,5,0.1111,0.2284,0.4865
6/8,1,x_x_xx,♪ ♪ sc sc,d,desce,45,3,x___x_,♩ ♪,0.2667,x_x_x_,♪ ♪ ♪,0.4167,5,0.1111,0.0887,1.2522
6/8,1,x_x_xx,♪ ♪ sc sc,d,desce,45,4,x_x_xx,♪ ♪ sc sc,0.0889,x_x_xx,♪ ♪ sc sc,0.75,3,0.0667,0.0065,10.3111
6/8,1,x_x_xx,♪ ♪ sc sc,d,desce,45,5,x_x_x_,♪ ♪ ♪,0.2444,x___x_,♩ ♪,0.2727,3,0.0667,0.0789,0.8451
6/8,1,x_x_xx,♪ ♪ sc sc,d,desce,45,6,x_____,♩.,0.1556,x___x_,♩ ♪,0.2857,2,0.0444,0.029,1.5335
6/8,1,x_x_xx,♪ ♪ sc sc,d,desce,45,7,xxx_..,sc sc ♪ pausa ♪,0.0444,....xx,pausa ♩ sc sc,1,2,0.0444,0.0144,3.0933
6/8,1,x_x_xx,♪ ♪ sc sc,d,desce,45,8,x_x_x_,♪ ♪ ♪,0.2444,x_x_xx,♪ ♪ sc sc,0.1818,2,0.0444,0.0014,31.4822
6/8,1,x_x_xx,♪ ♪ sc sc,d,desce,45,9,x__xx_,♪. sc ♪,0.0889,x_x_x_,♪ ♪ ♪,0.5,2,0.0444,0.0509,0.8733
6/8,1,x_x_xx,♪ ♪ sc sc,d,desce,45,10,x_____,♩.,0.1556,____xx,(lig.) ♩ sc sc,0.2857,2,0.0444,0.0013,34.5266
6/8,2,xx__x_,sc ♪. ♪,d,desce,46,1,x_x_x_,♪ ♪ ♪,0.6739,x_x_x_,♪ ♪ ♪,0.6774,21,0.4565,0.2689,1.6978
6/8,2,xx__x_,sc ♪. ♪,d,desce,46,2,x_x_x_,♪ ♪ ♪,0.6739,x_____,♩.,0.1613,5,0.1087,0.0555,1.9576
6/8,2,xx__x_,sc ♪. ♪,d,desce,46,3,x___x_,♩ ♪,0.1522,x__xx_,♪. sc ♪,0.5714,4,0.087,0.0186,4.6731
6/8,2,xx__x_,sc ♪. ♪,d,desce,46,4,xx__x_,sc ♪. ♪,0.1522,xx__x_,sc ♪. ♪,0.5714,4,0.087,0.0265,3.277
6/8,2,xx__x_,sc ♪. ♪,d,desce,46,5,xx__x_,sc ♪. ♪,0.1522,x__xx_,♪. sc ♪,0.2857,2,0.0435,0.0265,1.6385
6/8,2,xx__x_,sc ♪. ♪,d,desce,46,6,x___x_,♩ ♪,0.1522,x___x_,♩ ♪,0.2857,2,0.0435,0.1097,0.3964
6/8,2,xx__x_,sc ♪. ♪,d,desce,46,7,x_x_x_,♪ ♪ ♪,0.6739,xxx_x_,sc sc ♪ ♪,0.0323,1,0.0217,0.0043,5.0723
6/8,2,xx__x_,sc ♪. ♪,d,desce,46,8,x___x_,♩ ♪,0.1522,x_x_x_,♪ ♪ ♪,0.1429,1,0.0217,0.1506,0.1443
6/8,2,xx__x_,sc ♪. ♪,d,desce,46,9,x__xx_,♪. sc ♪,0.0217,x___xx,♩ sc sc,1,1,0.0217,0.0008,28.4444
6/8,2,xx__x_,sc ♪. ♪,d,desce,46,10,x_x_x_,♪ ♪ ♪,0.6739,xx__x_,sc ♪. ♪,0.0323,1,0.0217,0.0014,15.4476
6/8,1,......,pausa ♩.,s,sobe,30,1,x___x_,♩ ♪,0.5,x___x_,♩ ♪,0.7333,11,0.3667,0.2875,1.2753
6/8,1,......,pausa ♩.,s,sobe,30,2,x_x_x_,♪ ♪ ♪,0.3,x_x_x_,♪ ♪ ♪,0.7778,7,0.2333,0.1632,1.4299
6/8,1,......,pausa ♩.,s,sobe,30,3,x___x_,♩ ♪,0.5,x_x_x_,♪ ♪ ♪,0.2667,4,0.1333,0.2025,0.6586
6/8,1,......,pausa ♩.,s,sobe,30,4,x__xx_,♪. sc ♪,0.0667,x_x_x_,♪ ♪ ♪,1,2,0.0667,0.0263,2.5323
6/8,1,......,pausa ♩.,s,sobe,30,5,x_x_x_,♪ ♪ ♪,0.3,x__xxx,♪. sc sc sc,0.1111,1,0.0333,0.0003,100.8796
6/8,1,......,pausa ♩.,s,sobe,30,6,x_____,♩.,0.1,x___x_,♩ ♪,0.3333,1,0.0333,0.0365,0.9122
6/8,1,......,pausa ♩.,s,sobe,30,7,x_____,♩.,0.1,xxxxxx,sc sc sc sc sc sc,0.3333,1,0.0333,0.0001,225.9111
6/8,1,......,pausa ♩.,s,sobe,30,8,x__xxx,♪. sc sc sc,0.0333,x___x_,♩ ♪,1,1,0.0333,0.0044,7.6475
6/8,1,......,pausa ♩.,s,sobe,30,9,x_x_x_,♪ ♪ ♪,0.3,x___x_,♩ ♪,0.1111,1,0.0333,0.0564,0.5914
6/8,1,......,pausa ♩.,s,sobe,30,10,x_____,♩.,0.1,______,(lig.) ♩.,0.3333,1,0.0333,0.0016,21.1792
6/8,2,x___..,♩ pausa ♪,d,desce,124,1,....x_,pausa ♩ ♪,0.629,x___x_,♩ ♪,0.5513,43,0.3468,0.2764,1.2546
6/8,2,x___..,♩ pausa ♪,d,desce,124,2,....x_,pausa ♩ ♪,0.629,x_x_x_,♪ ♪ ♪,0.2692,21,0.1694,0.2173,0.7793
6/8,2,x___..,♩ pausa ♪,d,desce,124,3,....x_,pausa ♩ ♪,0.629,x__xx_,♪. sc ♪,0.1282,10,0.0806,0.0684,1.1794
6/8,2,x___..,♩ pausa ♪,d,desce,124,4,....xx,pausa ♩ sc sc,0.1048,x_x_x_,♪ ♪ ♪,0.5385,7,0.0565,0.0527,1.0714
6/8,2,x___..,♩ pausa ♪,d,desce,124,5,x_____,♩.,0.0887,x_x_x_,♪ ♪ ♪,0.3636,4,0.0323,0.027,1.1944
6/8,2,x___..,♩ pausa ♪,d,desce,124,6,......,pausa ♩.,0.0565,x___x_,♩ ♪,0.5714,4,0.0323,0.0425,0.7582
6/8,2,x___..,♩ pausa ♪,d,desce,124,7,x_x_x_,♪ ♪ ♪,0.0484,x___x_,♩ ♪,0.5,3,0.0242,0.0058,4.1781
6/8,2,x___..,♩ pausa ♪,d,desce,124,8,x_____,♩.,0.0887,x__xx_,♪. sc ♪,0.2727,3,0.0242,0.0044,5.4968
6/8,2,x___..,♩ pausa ♪,d,desce,124,9,......,pausa ♩.,0.0565,x_x_x_,♪ ♪ ♪,0.4286,3,0.0242,0.019,1.2711
6/8,2,x___..,♩ pausa ♪,d,desce,124,10,....xx,pausa ♩ sc sc,0.1048,x___x_,♩ ♪,0.1538,2,0.0161,0.0314,0.5141
6/8,1,....xx,pausa ♩ sc sc,r,repete,42,1,x___x_,♩ ♪,0.5238,x___x_,♩ ♪,0.5455,12,0.2857,0.1527,1.8716
6/8,1,....xx,pausa ♩ sc sc,r,repete,42,2,x___x_,♩ ♪,0.5238,x_x_x_,♪ ♪ ♪,0.4545,10,0.2381,0.1075,2.2149
6/8,1,....xx,pausa ♩ sc sc,r,repete,42,3,x_x_x_,♪ ♪ ♪,0.2619,x_x_x_,♪ ♪ ♪,0.6364,7,0.1667,0.3252,0.5124
6/8,1,....xx,pausa ♩ sc sc,r,repete,42,4,x__xx_,♪. sc ♪,0.1429,x_x_x_,♪ ♪ ♪,0.6667,4,0.0952,0.0568,1.6777
6/8,1,....xx,pausa ♩ sc sc,r,repete,42,5,x_x_x_,♪ ♪ ♪,0.2619,x___x_,♩ ♪,0.2727,3,0.0714,0.1123,0.6358
6/8,1,....xx,pausa ♩ sc sc,r,repete,42,6,x__xx_,♪. sc ♪,0.1429,x__xx_,♪. sc ♪,0.1667,1,0.0238,0.0249,0.9548
6/8,1,....xx,pausa ♩ sc sc,r,repete,42,7,x_x_xx,♪ ♪ sc sc,0.0476,x_x_xx,♪ ♪ sc sc,0.5,1,0.0238,0.0025,9.4815
6/8,1,....xx,pausa ♩ sc sc,r,repete,42,8,x_x_xx,♪ ♪ sc sc,0.0476,x_x_x_,♪ ♪ ♪,0.5,1,0.0238,0.0097,2.4652
6/8,1,....xx,pausa ♩ sc sc,r,repete,42,9,x___xx,♩ sc sc,0.0238,x___xx,♩ sc sc,1,1,0.0238,0.0034,6.9136
6/8,1,....xx,pausa ♩ sc sc,r,repete,42,10,x__xx_,♪. sc ♪,0.1429,x_x_xx,♪ ♪ sc sc,0.1667,1,0.0238,0.0008,29.6952
6/8,1,x_..x_,♪ pausa ♪ ♪,r,repete,59,1,x___x_,♩ ♪,0.4576,x___x_,♩ ♪,0.7037,19,0.322,0.2001,1.6096
6/8,1,x_..x_,♪ pausa ♪ ♪,r,repete,59,2,x_x_x_,♪ ♪ ♪,0.2712,x_x_x_,♪ ♪ ♪,0.8125,13,0.2203,0.234,0.9417
6/8,1,x_..x_,♪ pausa ♪ ♪,r,repete,59,3,x___x_,♩ ♪,0.4576,x_x_x_,♪ ♪ ♪,0.2593,7,0.1186,0.1409,0.8421
6/8,1,x_..x_,♪ pausa ♪ ♪,r,repete,59,4,x_____,♩.,0.1017,x_..x_,♪ pausa ♪ ♪,0.6667,4,0.0678,0.0027,25.5323
6/8,1,x_..x_,♪ pausa ♪ ♪,r,repete,59,5,x__xx_,♪. sc ♪,0.0847,x_x_x_,♪ ♪ ♪,0.6,3,0.0508,0.0354,1.4383
6/8,1,x_..x_,♪ pausa ♪ ♪,r,repete,59,6,x_x_x_,♪ ♪ ♪,0.2712,x___x_,♩ ♪,0.125,2,0.0339,0.0808,0.4194
6/8,1,x_..x_,♪ pausa ♪ ♪,r,repete,59,7,x_..x_,♪ pausa ♪ ♪,0.0508,x_x_x_,♪ ♪ ♪,0.6667,2,0.0339,0.0054,6.2676
6/8,1,x_..x_,♪ pausa ♪ ♪,r,repete,59,8,x__xx_,♪. sc ♪,0.0847,x__xx_,♪. sc ♪,0.4,2,0.0339,0.0155,2.1829
6/8,1,x_..x_,♪ pausa ♪ ♪,r,repete,59,9,x_____,♩.,0.1017,x___x_,♩ ♪,0.3333,2,0.0339,0.0235,1.4433
6/8,1,x_..x_,♪ pausa ♪ ♪,r,repete,59,10,xxx_xx,sc sc ♪ sc sc,0.0169,xxx_x_,sc sc ♪ ♪,1,1,0.0169,0.0006,28.3051
6/8,1,......,pausa ♩.,d,desce,37,1,x___x_,♩ ♪,0.5946,x___x_,♩ ♪,0.4091,9,0.2432,0.2875,0.846
6/8,1,......,pausa ♩.,d,desce,37,2,x___x_,♩ ♪,0.5946,x_x_x_,♪ ♪ ♪,0.4091,9,0.2432,0.2025,1.2015
6/8,1,......,pausa ♩.,d,desce,37,3,x_x_x_,♪ ♪ ♪,0.2162,x_x_x_,♪ ♪ ♪,0.875,7,0.1892,0.1632,1.1594
6/8,1,......,pausa ♩.,d,desce,37,4,x_____,♩.,0.1622,x_____,♩.,0.6667,4,0.1081,0.0186,5.815
6/8,1,......,pausa ♩.,d,desce,37,5,x_____,♩.,0.1622,x___x_,♩ ♪,0.3333,2,0.0541,0.0365,1.4792
6/8,1,......,pausa ♩.,d,desce,37,6,x___x_,♩ ♪,0.5946,x__xx_,♪. sc ♪,0.0909,2,0.0541,0.0163,3.3085
6/8,1,......,pausa ♩.,d,desce,37,7,x_x_x_,♪ ♪ ♪,0.2162,x__xx_,♪. sc ♪,0.125,1,0.027,0.0033,8.3106
6/8,1,......,pausa ♩.,d,desce,37,8,x___x_,♩ ♪,0.5946,x___xx,♩ sc sc,0.0455,1,0.027,0.0126,2.1516
6/8,1,......,pausa ♩.,d,desce,37,9,x__xx_,♪. sc ♪,0.027,x_x_.x,♪ ♪ pausa sc sc,1,1,0.027,0.0001,363.4155
6/8,1,......,pausa ♩.,d,desce,37,10,x___x_,♩ ♪,0.5946,xxx_x_,sc sc ♪ ♪,0.0455,1,0.027,0.0022,12.1925
6/8,2,x_x_..,♪ ♪ pausa ♪,d,desce,95,1,....x_,pausa ♩ ♪,0.7474,x___x_,♩ ♪,0.5352,38,0.4,0.3536,1.1311
6/8,2,x_x_..,♪ ♪ pausa ♪,d,desce,95,2,....x_,pausa ♩ ♪,0.7474,x_x_x_,♪ ♪ ♪,0.2676,19,0.2,0.2781,0.7192
6/8,2,x_x_..,♪ ♪ pausa ♪,d,desce,95,3,....x_,pausa ♩ ♪,0.7474,x__xx_,♪. sc ♪,0.1268,9,0.0947,0.0875,1.0829
6/8,2,x_x_..,♪ ♪ pausa ♪,d,desce,95,4,....xx,pausa ♩ sc sc,0.1684,x__xx_,♪. sc ♪,0.375,6,0.0632,0.0186,3.4039
6/8,2,x_x_..,♪ ♪ pausa ♪,d,desce,95,5,....xx,pausa ♩ sc sc,0.1684,x___x_,♩ ♪,0.375,6,0.0632,0.0434,1.4551
6/8,2,x_x_..,♪ ♪ pausa ♪,d,desce,95,6,....xx,pausa ♩ sc sc,0.1684,x_x_x_,♪ ♪ ♪,0.25,4,0.0421,0.0729,0.5776
6/8,2,x_x_..,♪ ♪ pausa ♪,d,desce,95,7,....x_,pausa ♩ ♪,0.7474,x___xx,♩ sc sc,0.0563,4,0.0421,0.0053,7.8855
6/8,2,x_x_..,♪ ♪ pausa ♪,d,desce,95,8,x_x_x_,♪ ♪ ♪,0.0526,x___x_,♩ ♪,0.6,3,0.0316,0.0059,5.3927
6/8,2,x_x_..,♪ ♪ pausa ♪,d,desce,95,9,x_____,♩.,0.0211,x___x_,♩ ♪,1,2,0.0211,0.0071,2.9537
6/8,2,x_x_..,♪ ♪ pausa ♪,d,desce,95,10,x_x_x_,♪ ♪ ♪,0.0526,x_x_x_,♪ ♪ ♪,0.4,2,0.0211,0.0247,0.8519
6/8,1,x_..x_,♪ pausa ♪ ♪,d,desce,47,1,x_x_x_,♪ ♪ ♪,0.4255,x_x_x_,♪ ♪ ♪,0.8,16,0.3404,0.234,1.4549
6/8,1,x_..x_,♪ pausa ♪ ♪,d,desce,47,2,x___x_,♩ ♪,0.3191,x___x_,♩ ♪,0.6667,10,0.2128,0.2001,1.0634
6/8,1,x_..x_,♪ pausa ♪ ♪,d,desce,47,3,x__xx_,♪. sc ♪,0.1277,x__xx_,♪. sc ♪,0.6667,4,0.0851,0.0155,5.4805
6/8,1,x_..x_,♪ pausa ♪ ♪,d,desce,47,4,x_x_x_,♪ ♪ ♪,0.4255,x__xx_,♪. sc ♪,0.15,3,0.0638,0.0047,13.6875
6/8,1,x_..x_,♪ pausa ♪ ♪,d,desce,47,5,x___x_,♩ ♪,0.3191,x_x_x_,♪ ♪ ♪,0.2,3,0.0638,0.1409,0.4531
6/8,1,x_..x_,♪ pausa ♪ ♪,d,desce,47,6,x___x_,♩ ♪,0.3191,x__xx_,♪. sc ♪,0.1333,2,0.0426,0.0114,3.7429
6/8,1,x_..x_,♪ pausa ♪ ♪,d,desce,47,7,x_____,♩.,0.0638,....x_,pausa ♩ ♪,0.6667,2,0.0426,0.0113,3.7707
6/8,1,x_..x_,♪ pausa ♪ ♪,d,desce,47,8,x_____,♩.,0.0638,x_..x_,♪ pausa ♪ ♪,0.3333,1,0.0213,0.0027,8.0128
6/8,1,x_..x_,♪ pausa ♪ ♪,d,desce,47,9,x_x_..,♪ ♪ pausa ♪,0.0213,....x_,pausa ♩ ♪,1,1,0.0213,0.0045,4.6887
6/8,1,x_..x_,♪ pausa ♪ ♪,d,desce,47,10,xx_xx_,sc ♪ sc ♪,0.0213,xx_xx_,sc ♪ sc ♪,1,1,0.0213,0.003,7.1064
6/8,1,x_..x_,♪ pausa ♪ ♪,s,sobe,59,1,x_x_x_,♪ ♪ ♪,0.3729,x_x_x_,♪ ♪ ♪,0.6364,14,0.2373,0.234,1.0141
6/8,1,x_..x_,♪ pausa ♪ ♪,s,sobe,59,2,x___x_,♩ ♪,0.3729,x___x_,♩ ♪,0.5455,12,0.2034,0.2001,1.0166
6/8,1,x_..x_,♪ pausa ♪ ♪,s,sobe,59,3,x___x_,♩ ♪,0.3729,x_x_x_,♪ ♪ ♪,0.3636,8,0.1356,0.1409,0.9624
6/8,1,x_..x_,♪ pausa ♪ ♪,s,sobe,59,4,x_x_x_,♪ ♪ ♪,0.3729,x_..x_,♪ pausa ♪ ♪,0.0909,2,0.0339,0.0008,39.9799
6/8,1,x_..x_,♪ pausa ♪ ♪,s,sobe,59,5,x_x_x_,♪ ♪ ♪,0.3729,x_xxx_,♪ sc sc ♪,0.0909,2,0.0339,0.0004,79.9597
6/8,1,x_..x_,♪ pausa ♪ ♪,s,sobe,59,6,x_x_x_,♪ ♪ ♪,0.3729,x___x_,♩ ♪,0.0909,2,0.0339,0.0808,0.4194
6/8,1,x_..x_,♪ pausa ♪ ♪,s,sobe,59,7,x_..x_,♪ pausa ♪ ♪,0.0508,x_..x_,♪ pausa ♪ ♪,0.6667,2,0.0339,0.023,1.4747
6/8,1,x_..x_,♪ pausa ♪ ♪,s,sobe,59,8,x__xx_,♪. sc ♪,0.0339,x_x_x_,♪ ♪ ♪,1,2,0.0339,0.0354,0.9589
6/8,1,x_..x_,♪ pausa ♪ ♪,s,sobe,59,9,x_x___,♪ ♩,0.0339,....x_,pausa ♩ ♪,1,2,0.0339,0.0037,9.0743
6/8,1,x_..x_,♪ pausa ♪ ♪,s,sobe,59,10,x_x_x_,♪ ♪ ♪,0.3729,x_..xx,♪ pausa ♪ sc sc,0.0455,1,0.0169,0,679.6579
6/8,2,x_x_xx,♪ ♪ sc sc,r,repete,31,1,x_x_x_,♪ ♪ ♪,0.5806,x___x_,♩ ♪,0.3889,7,0.2258,0.0721,3.1331
6/8,2,x_x_xx,♪ ♪ sc sc,r,repete,31,2,x_x_x_,♪ ♪ ♪,0.5806,x_x_x_,♪ ♪ ♪,0.3333,6,0.1935,0.3042,0.6363
6/8,2,x_x_xx,♪ ♪ sc sc,r,repete,31,3,x___x_,♩ ♪,0.1613,x___x_,♩ ♪,0.4,2,0.0645,0.05,1.2904
6/8,2,x_x_xx,♪ ♪ sc sc,r,repete,31,4,x_x_xx,♪ ♪ sc sc,0.1613,xxx_..,sc sc ♪ pausa ♪,0.4,2,0.0645,0.0022,29.9355
6/8,2,x_x_xx,♪ ♪ sc sc,r,repete,31,5,x___x_,♩ ♪,0.1613,x_x_x_,♪ ♪ ♪,0.4,2,0.0645,0.0687,0.9396
6/8,2,x_x_xx,♪ ♪ sc sc,r,repete,31,6,x_x_x_,♪ ♪ ♪,0.5806,x_x_xx,♪ ♪ sc sc,0.1111,2,0.0645,0.0012,52.446
6/8,2,x_x_xx,♪ ♪ sc sc,r,repete,31,7,x_x_xx,♪ ♪ sc sc,0.1613,xxx___,sc sc ♩,0.2,1,0.0323,0.0011,29.9355
6/8,2,x_x_xx,♪ ♪ sc sc,r,repete,31,8,x_x_xx,♪ ♪ sc sc,0.1613,x_x_x_,♪ ♪ ♪,0.2,1,0.0323,0.0431,0.7484
6/8,2,x_x_xx,♪ ♪ sc sc,r,repete,31,9,x_x_xx,♪ ♪ sc sc,0.1613,x___x_,♩ ♪,0.2,1,0.0323,0.0302,1.0691
6/8,2,x_x_xx,♪ ♪ sc sc,r,repete,31,10,x_..x_,♪ pausa ♪ ♪,0.0323,x_x_xx,♪ ♪ sc sc,1,1,0.0323,0.0001,560.2581
6/8,2,x___xx,♩ sc sc,r,repete,39,1,x___xx,♩ sc sc,0.2564,x_x_x_,♪ ♪ ♪,0.6,6,0.1538,0.0995,1.5456
6/8,2,x___xx,♩ sc sc,r,repete,39,2,x_x_x_,♪ ♪ ♪,0.3077,x_x_x_,♪ ♪ ♪,0.5,6,0.1538,0.1265,1.2158
6/8,2,x___xx,♩ sc sc,r,repete,39,3,x___x_,♩ ♪,0.359,x___x_,♩ ♪,0.3571,5,0.1282,0.1393,0.9205
6/8,2,x___xx,♩ sc sc,r,repete,39,4,x___x_,♩ ♪,0.359,x_____,♩.,0.2857,4,0.1026,0.0522,1.9665
6/8,2,x___xx,♩ sc sc,r,repete,39,5,x___x_,♩ ♪,0.359,x_x_x_,♪ ♪ ♪,0.2143,3,0.0769,0.1913,0.4022
6/8,2,x___xx,♩ sc sc,r,repete,39,6,x_x_x_,♪ ♪ ♪,0.3077,x_____,♩.,0.25,3,0.0769,0.0261,2.944
6/8,2,x___xx,♩ sc sc,r,repete,39,7,x___xx,♩ sc sc,0.2564,x_____,♩.,0.3,3,0.0769,0.0108,7.144
6/8,2,x___xx,♩ sc sc,r,repete,39,8,x___x_,♩ ♪,0.359,x___..,♩ pausa ♪,0.1429,2,0.0513,0.0038,13.3834
6/8,2,x___xx,♩ sc sc,r,repete,39,9,x_x_x_,♪ ♪ ♪,0.3077,x___x_,♩ ♪,0.1667,2,0.0513,0.03,1.7104
6/8,2,x___xx,♩ sc sc,r,repete,39,10,x_____,♩.,0.0513,x___xx,♩ sc sc,0.5,1,0.0256,0.0005,51.339
9/8,1,....x_,pausa ♩ ♪,0,—,52,1,x_x_x_,♪ ♪ ♪,0.4615,x_x_x_,♪ ♪ ♪,0.6667,16,0.3077,0.349,0.8817
9/8,1,....x_,pausa ♩ ♪,0,—,52,2,x___x_,♩ ♪,0.2692,x_x_x_,♪ ♪ ♪,0.7143,10,0.1923,0.1228,1.5658
9/8,1,....x_,pausa ♩ ♪,0,—,52,3,x_x_x_,♪ ♪ ♪,0.4615,x___x_,♩ ♪,0.3333,8,0.1538,0.0935,1.6447
9/8,1,....x_,pausa ♩ ♪,0,—,52,4,x__xx_,♪. sc ♪,0.0962,x_x_x_,♪ ♪ ♪,0.8,4,0.0769,0.0827,0.9306
9/8,1,....x_,pausa ♩ ♪,0,—,52,5,xxx_x_,sc sc ♪ ♪,0.0962,x__xx_,♪. sc ♪,0.6,3,0.0577,0.0092,6.24
9/8,1,....x_,pausa ♩ ♪,0,—,52,6,x___x_,♩ ♪,0.2692,x___x_,♩ ♪,0.2143,3,0.0577,0.1257,0.4589
9/8,1,....x_,pausa ♩ ♪,0,—,52,7,x_____,♩.,0.0385,x_x_x_,♪ ♪ ♪,1,2,0.0385,0.0236,1.6316
9/8,1,....x_,pausa ♩ ♪,0,—,52,8,xxx_x_,sc sc ♪ ♪,0.0962,x___x_,♩ ♪,0.2,1,0.0192,0.0037,5.2
9/8,1,....x_,pausa ♩ ♪,0,—,52,9,xxx_x_,sc sc ♪ ♪,0.0962,x_x_x_,♪ ♪ ♪,0.2,1,0.0192,0.074,0.26
9/8,1,....x_,pausa ♩ ♪,0,—,52,10,x___x_,♩ ♪,0.2692,x__xx_,♪. sc ♪,0.0714,1,0.0192,0.0039,4.9911
9/8,2,x_x_x_,♪ ♪ ♪,d,desce,392,1,x_x_x_,♪ ♪ ♪,0.6658,x_x_x_,♪ ♪ ♪,0.613,160,0.4082,0.4461,0.9149
9/8,2,x_x_x_,♪ ♪ ♪,d,desce,392,2,x_x_x_,♪ ♪ ♪,0.6658,x___x_,♩ ♪,0.272,71,0.1811,0.2397,0.7556
9/8,2,x_x_x_,♪ ♪ ♪,d,desce,392,3,x___x_,♩ ♪,0.2857,x___x_,♩ ♪,0.5089,57,0.1454,0.0875,1.6622
9/8,2,x_x_x_,♪ ♪ ♪,d,desce,392,4,x___x_,♩ ♪,0.2857,x_x_x_,♪ ♪ ♪,0.3929,44,0.1122,0.0953,1.1781
9/8,2,x_x_x_,♪ ♪ ♪,d,desce,392,5,x___x_,♩ ♪,0.2857,x_____,♩.,0.0982,11,0.0281,0.0121,2.3142
9/8,2,x_x_x_,♪ ♪ ♪,d,desce,392,6,x_x_x_,♪ ♪ ♪,0.6658,x_____,♩.,0.0307,8,0.0204,0.0311,0.6568
9/8,2,x_x_x_,♪ ♪ ♪,d,desce,392,7,x_x_x_,♪ ♪ ♪,0.6658,x___xx,♩ sc sc,0.0268,7,0.0179,0.0155,1.1493
9/8,2,x_x_x_,♪ ♪ ♪,d,desce,392,8,x__xx_,♪. sc ♪,0.0128,xxx_x_,sc sc ♪ ♪,0.6,3,0.0077,0.0014,5.3998
9/8,2,x_x_x_,♪ ♪ ♪,d,desce,392,9,x_x_x_,♪ ♪ ♪,0.6658,__x_x_,(lig.) ♪ ♪ ♪,0.0115,3,0.0077,0.0052,1.4777
9/8,2,x_x_x_,♪ ♪ ♪,d,desce,392,10,x___xx,♩ sc sc,0.0102,x__xxx,♪. sc sc sc,0.75,3,0.0077,0.0033,2.2908
9/8,3,x_x_x_,♪ ♪ ♪,s,sobe,352,1,x_x_x_,♪ ♪ ♪,0.5,x_x_x_,♪ ♪ ♪,0.5966,105,0.2983,0.3337,0.894
9/8,3,x_x_x_,♪ ♪ ♪,s,sobe,352,2,x___x_,♩ ♪,0.4091,x_x_x_,♪ ♪ ♪,0.6389,92,0.2614,0.1734,1.5076
9/8,3,x_x_x_,♪ ♪ ♪,s,sobe,352,3,x_x_x_,♪ ♪ ♪,0.5,x___x_,♩ ♪,0.3068,54,0.1534,0.1876,0.8177
9/8,3,x_x_x_,♪ ♪ ♪,s,sobe,352,4,x___x_,♩ ♪,0.4091,x___x_,♩ ♪,0.2222,32,0.0909,0.1049,0.8669
9/8,3,x_x_x_,♪ ♪ ♪,s,sobe,352,5,x___x_,♩ ♪,0.4091,x__xx_,♪. sc ♪,0.0833,12,0.0341,0.0164,2.083
9/8,3,x_x_x_,♪ ♪ ♪,s,sobe,352,6,x_____,♩.,0.0369,x___x_,♩ ♪,0.6154,8,0.0227,0.0195,1.1675
9/8,3,x_x_x_,♪ ♪ ♪,s,sobe,352,7,x_x_x_,♪ ♪ ♪,0.5,__x_x_,(lig.) ♪ ♪ ♪,0.0341,6,0.017,0.0079,2.1641
9/8,3,x_x_x_,♪ ♪ ♪,s,sobe,352,8,x___x_,♩ ♪,0.4091,x_____,♩.,0.0347,5,0.0142,0.0055,2.6037
9/8,3,x_x_x_,♪ ♪ ♪,s,sobe,352,9,x_x_x_,♪ ♪ ♪,0.5,xxx_x_,sc sc ♪ ♪,0.0284,5,0.0142,0.0229,0.6199
9/8,3,x_x_x_,♪ ♪ ♪,s,sobe,352,10,x_x_x_,♪ ♪ ♪,0.5,x__xx_,♪. sc ♪,0.0284,5,0.0142,0.0122,1.1669
9/8,1,x___x_,♩ ♪,s,sobe,246,1,x_x_x_,♪ ♪ ♪,0.5488,x_x_x_,♪ ♪ ♪,0.6889,93,0.378,0.4135,0.9143
9/8,1,x___x_,♩ ♪,s,sobe,246,2,x___x_,♩ ♪,0.2967,x___x_,♩ ♪,0.5068,37,0.1504,0.1544,0.9739
9/8,1,x___x_,♩ ♪,s,sobe,246,3,x_x_x_,♪ ♪ ♪,0.5488,x___x_,♩ ♪,0.2741,37,0.1504,0.1108,1.3571
9/8,1,x___x_,♩ ♪,s,sobe,246,4,x___x_,♩ ♪,0.2967,x_x_x_,♪ ♪ ♪,0.3014,22,0.0894,0.1509,0.5927
9/8,1,x___x_,♩ ♪,s,sobe,246,5,x__xx_,♪. sc ♪,0.0813,x_x_x_,♪ ♪ ♪,0.95,19,0.0772,0.0444,1.7403
9/8,1,x___x_,♩ ♪,s,sobe,246,6,x___x_,♩ ♪,0.2967,xxx_x_,sc sc ♪ ♪,0.1233,9,0.0366,0.0083,4.4162
9/8,1,x___x_,♩ ♪,s,sobe,246,7,xxx_x_,sc sc ♪ ♪,0.0244,x_x_x_,♪ ♪ ♪,0.6667,4,0.0163,0.0206,0.7897
9/8,1,x___x_,♩ ♪,s,sobe,246,8,x_x_x_,♪ ♪ ♪,0.5488,x__xx_,♪. sc ♪,0.0296,4,0.0163,0.0043,3.8145
9/8,1,x___x_,♩ ♪,s,sobe,246,9,x_____,♩.,0.0163,x_x_x_,♪ ♪ ♪,1,4,0.0163,0.0105,1.5417
9/8,1,x___x_,♩ ♪,s,sobe,246,10,x___x_,♩ ♪,0.2967,x__xx_,♪. sc ♪,0.0411,3,0.0122,0.0047,2.5761
9/8,1,x_x_x_,♪ ♪ ♪,s,sobe,258,1,x_x_x_,♪ ♪ ♪,0.5814,x_x_x_,♪ ♪ ♪,0.7733,116,0.4496,0.4276,1.0514
9/8,1,x_x_x_,♪ ♪ ♪,s,sobe,258,2,x___x_,♩ ♪,0.3062,x_x_x_,♪ ♪ ♪,0.6329,50,0.1938,0.145,1.3361
9/8,1,x_x_x_,♪ ♪ ♪,s,sobe,258,3,x___x_,♩ ♪,0.3062,x___x_,♩ ♪,0.2911,23,0.0891,0.1485,0.6005
9/8,1,x_x_x_,♪ ♪ ♪,s,sobe,258,4,x_x_x_,♪ ♪ ♪,0.5814,x___x_,♩ ♪,0.1333,20,0.0775,0.1146,0.6763
9/8,1,x_x_x_,♪ ♪ ♪,s,sobe,258,5,__x_x_,(lig.) ♪ ♪ ♪,0.0349,x_x_x_,♪ ♪ ♪,0.6667,6,0.0233,0.0064,3.6584
9/8,1,x_x_x_,♪ ♪ ♪,s,sobe,258,6,xxx_x_,sc sc ♪ ♪,0.0233,x_x_x_,♪ ♪ ♪,0.8333,5,0.0194,0.0299,0.6487
9/8,1,x_x_x_,♪ ♪ ♪,s,sobe,258,7,x_____,♩.,0.0271,x___x_,♩ ♪,0.7143,5,0.0194,0.0031,6.188
9/8,1,x_x_x_,♪ ♪ ♪,s,sobe,258,8,x__xx_,♪. sc ♪,0.0194,x_x_x_,♪ ♪ ♪,1,5,0.0194,0.0177,1.0927
9/8,1,x_x_x_,♪ ♪ ♪,s,sobe,258,9,x_x_x_,♪ ♪ ♪,0.5814,x___xx,♩ sc sc,0.0267,4,0.0155,0.0025,6.1546
9/8,1,x_x_x_,♪ ♪ ♪,s,sobe,258,10,x_x_x_,♪ ♪ ♪,0.5814,..x_x_,pausa ♪ ♪ ♪,0.0267,4,0.0155,0.0038,4.103
9/8,2,x_x_x_,♪ ♪ ♪,s,sobe,342,1,x_x_x_,♪ ♪ ♪,0.7895,x_x_x_,♪ ♪ ♪,0.6148,166,0.4854,0.4461,1.088
9/8,2,x_x_x_,♪ ♪ ♪,s,sobe,342,2,x_x_x_,♪ ♪ ♪,0.7895,x___x_,♩ ♪,0.2889,78,0.2281,0.2397,0.9514
9/8,2,x_x_x_,♪ ♪ ♪,s,sobe,342,3,x___x_,♩ ♪,0.1725,x___x_,♩ ♪,0.6271,37,0.1082,0.0875,1.2367
9/8,2,x_x_x_,♪ ♪ ♪,s,sobe,342,4,x___x_,♩ ♪,0.1725,x_x_x_,♪ ♪ ♪,0.3729,22,0.0643,0.0953,0.6752
9/8,2,x_x_x_,♪ ♪ ♪,s,sobe,342,5,x_x_x_,♪ ♪ ♪,0.7895,x_____,♩.,0.0519,14,0.0409,0.0311,1.3174
9/8,2,x_x_x_,♪ ♪ ♪,s,sobe,342,6,x_x_x_,♪ ♪ ♪,0.7895,x___xx,♩ sc sc,0.0185,5,0.0146,0.0155,0.941
9/8,2,x_x_x_,♪ ♪ ♪,s,sobe,342,7,..x_x_,pausa ♪ ♪ ♪,0.0088,x_x_x_,♪ ♪ ♪,1,3,0.0088,0.0042,2.1006
9/8,2,x_x_x_,♪ ♪ ♪,s,sobe,342,8,xxx_x_,sc sc ♪ ♪,0.0146,x_x_x_,♪ ♪ ♪,0.6,3,0.0088,0.0049,1.7724
9/8,2,x_x_x_,♪ ♪ ♪,s,sobe,342,9,x_x_x_,♪ ♪ ♪,0.7895,xxx__x,sc sc ♪. sc,0.0074,2,0.0058,0.0015,3.9521
9/8,2,x_x_x_,♪ ♪ ♪,s,sobe,342,10,xxx_x_,sc sc ♪ ♪,0.0146,x___x_,♩ ♪,0.4,2,0.0058,0.0026,2.2155
9/8,1,x_x_x_,♪ ♪ ♪,d,desce,548,1,x_x_x_,♪ ♪ ♪,0.5456,x_x_x_,♪ ♪ ♪,0.7826,234,0.427,0.4276,0.9986
9/8,1,x_x_x_,♪ ♪ ♪,d,desce,548,2,x___x_,♩ ♪,0.3321,x_x_x_,♪ ♪ ♪,0.489,89,0.1624,0.145,1.1197
9/8,1,x_x_x_,♪ ♪ ♪,d,desce,548,3,x___x_,♩ ♪,0.3321,x___x_,♩ ♪,0.4835,88,0.1606,0.1485,1.0817
9/8,1,x_x_x_,♪ ♪ ♪,d,desce,548,4,x_x_x_,♪ ♪ ♪,0.5456,x___x_,♩ ♪,0.1839,55,0.1004,0.1146,0.8756
9/8,1,x_x_x_,♪ ♪ ♪,d,desce,548,5,xxx_x_,sc sc ♪ ♪,0.0474,x_x_x_,♪ ♪ ♪,0.8077,21,0.0383,0.0299,1.2828
9/8,1,x_x_x_,♪ ♪ ♪,d,desce,548,6,x__xx_,♪. sc ♪,0.0219,x_x_x_,♪ ♪ ♪,0.9167,11,0.0201,0.0177,1.1318
9/8,1,x_x_x_,♪ ♪ ♪,d,desce,548,7,xx__x_,sc ♪. ♪,0.0146,x___x_,♩ ♪,0.75,6,0.0109,0.0078,1.4097
9/8,1,x_x_x_,♪ ♪ ♪,d,desce,548,8,xxx_x_,sc sc ♪ ♪,0.0474,xxx_x_,sc sc ♪ ♪,0.1923,5,0.0091,0.0037,2.4434
9/8,1,x_x_x_,♪ ♪ ♪,d,desce,548,9,x_____,♩.,0.0164,x_x_x_,♪ ♪ ♪,0.5556,5,0.0091,0.0119,0.7667
9/8,1,x_x_x_,♪ ♪ ♪,d,desce,548,10,x___x_,♩ ♪,0.3321,xxx_x_,sc sc ♪ ♪,0.022,4,0.0073,0.008,0.9166
9/8,2,x_x_x_,♪ ♪ ♪,r,repete,128,1,x_x_x_,♪ ♪ ♪,0.9063,x_x_x_,♪ ♪ ♪,0.5862,68,0.5313,0.4461,1.1908
9/8,2,x_x_x_,♪ ♪ ♪,r,repete,128,2,x_x_x_,♪ ♪ ♪,0.9063,x___x_,♩ ♪,0.3017,35,0.2734,0.2397,1.1407
9/8,2,x_x_x_,♪ ♪ ♪,r,repete,128,3,x___x_,♩ ♪,0.0625,x_x_x_,♪ ♪ ♪,0.75,6,0.0469,0.0953,0.492
9/8,2,x_x_x_,♪ ♪ ♪,r,repete,128,4,x_x_x_,♪ ♪ ♪,0.9063,x___xx,♩ sc sc,0.0345,4,0.0313,0.0155,2.0114
9/8,2,x_x_x_,♪ ♪ ♪,r,repete,128,5,x_x_x_,♪ ♪ ♪,0.9063,x_..x_,♪ pausa ♪ ♪,0.0259,3,0.0234,0.0044,5.2798
9/8,2,x_x_x_,♪ ♪ ♪,r,repete,128,6,x_x_x_,♪ ♪ ♪,0.9063,__x_x_,(lig.) ♪ ♪ ♪,0.0172,2,0.0156,0.0052,3.017
9/8,2,x_x_x_,♪ ♪ ♪,r,repete,128,7,x_x_x_,♪ ♪ ♪,0.9063,x_____,♩.,0.0172,2,0.0156,0.0311,0.5028
9/8,2,x_x_x_,♪ ♪ ♪,r,repete,128,8,x_x_x_,♪ ♪ ♪,0.9063,__xxx_,(lig.) ♪ sc sc ♪,0.0086,1,0.0078,0.0015,5.2798
9/8,2,x_x_x_,♪ ♪ ♪,r,repete,128,9,x_x_xx,♪ ♪ sc sc,0.0156,x___x_,♩ ♪,0.5,1,0.0078,0.0003,23.3854
9/8,2,x_x_x_,♪ ♪ ♪,r,repete,128,10,x_x_xx,♪ ♪ sc sc,0.0156,x_x_x_,♪ ♪ ♪,0.5,1,0.0078,0.0003,23.3854
9/8,3,x_x_x_,♪ ♪ ♪,r,repete,32,1,x_x_x_,♪ ♪ ♪,0.6563,x_x_x_,♪ ♪ ♪,0.7619,16,0.5,0.3337,1.4985
9/8,3,x_x_x_,♪ ♪ ♪,r,repete,32,2,x___x_,♩ ♪,0.2813,x_x_x_,♪ ♪ ♪,0.7778,7,0.2188,0.1734,1.2618
9/8,3,x_x_x_,♪ ♪ ♪,r,repete,32,3,x_x_x_,♪ ♪ ♪,0.6563,xxx_x_,sc sc ♪ ♪,0.0952,2,0.0625,0.0229,2.7277
9/8,3,x_x_x_,♪ ♪ ♪,r,repete,32,4,x_x_x_,♪ ♪ ♪,0.6563,x___x_,♩ ♪,0.0952,2,0.0625,0.1876,0.3331
9/8,3,x_x_x_,♪ ♪ ♪,r,repete,32,5,x___x_,♩ ♪,0.2813,xxx_x_,sc sc ♪ ♪,0.1111,1,0.0313,0.0085,3.6824
9/8,3,x_x_x_,♪ ♪ ♪,r,repete,32,6,x___x_,♩ ♪,0.2813,__x_x_,(lig.) ♪ ♪ ♪,0.1111,1,0.0313,0.0042,7.3648
9/8,3,x_x_x_,♪ ♪ ♪,r,repete,32,7,x_..x_,♪ pausa ♪ ♪,0.0313,x_x_x_,♪ ♪ ♪,1,1,0.0313,0.0037,8.5167
9/8,3,x_x_x_,♪ ♪ ♪,r,repete,32,8,x_x_x_,♪ ♪ ♪,0.6563,__x_x_,(lig.) ♪ ♪ ♪,0.0476,1,0.0313,0.0079,3.9675
9/8,3,x_x_x_,♪ ♪ ♪,r,repete,32,9,x___xx,♩ sc sc,0.0313,x_x_x_,♪ ♪ ♪,1,1,0.0313,0.0171,1.825
9/8,1,x___x_,♩ ♪,d,desce,237,1,x_x_x_,♪ ♪ ♪,0.5443,x_x_x_,♪ ♪ ♪,0.7442,96,0.4051,0.4135,0.9796
9/8,1,x___x_,♩ ♪,d,desce,237,2,x___x_,♩ ♪,0.3755,x_x_x_,♪ ♪ ♪,0.5056,45,0.1899,0.1509,1.2583
9/8,1,x___x_,♩ ♪,d,desce,237,3,x___x_,♩ ♪,0.3755,x___x_,♩ ♪,0.4831,43,0.1814,0.1544,1.1748
9/8,1,x___x_,♩ ♪,d,desce,237,4,x_x_x_,♪ ♪ ♪,0.5443,x___x_,♩ ♪,0.2403,31,0.1308,0.1108,1.1802
9/8,1,x___x_,♩ ♪,d,desce,237,5,xxx_x_,sc sc ♪ ♪,0.0295,x_x_x_,♪ ♪ ♪,1,7,0.0295,0.0206,1.4344
9/8,1,x___x_,♩ ♪,d,desce,237,6,x__xx_,♪. sc ♪,0.0295,x_x_x_,♪ ♪ ♪,0.7143,5,0.0211,0.0444,0.4754
9/8,1,x___x_,♩ ♪,d,desce,237,7,x_____,♩.,0.0084,x_x_x_,♪ ♪ ♪,1,2,0.0084,0.0105,0.8001
9/8,1,x___x_,♩ ♪,d,desce,237,8,x_x_x_,♪ ♪ ♪,0.5443,xxx_x_,sc sc ♪ ♪,0.0155,2,0.0084,0.0049,1.7322
9/8,1,x___x_,♩ ♪,d,desce,237,9,x__xx_,♪. sc ♪,0.0295,x__xx_,♪. sc ♪,0.1429,1,0.0042,0.0036,1.1647
9/8,1,x___x_,♩ ♪,d,desce,237,10,x___x_,♩ ♪,0.3755,x_..x_,♪ pausa ♪ ♪,0.0112,1,0.0042,0.0024,1.7826
9/8,3,x_x_x_,♪ ♪ ♪,d,desce,587,1,x_x_x_,♪ ♪ ♪,0.644,x_x_x_,♪ ♪ ♪,0.6164,233,0.3969,0.3337,1.1896
9/8,3,x_x_x_,♪ ♪ ♪,d,desce,587,2,x_x_x_,♪ ♪ ♪,0.644,x___x_,♩ ♪,0.2593,98,0.167,0.1876,0.8899
9/8,3,x_x_x_,♪ ♪ ♪,d,desce,587,3,x___x_,♩ ♪,0.2641,x_x_x_,♪ ♪ ♪,0.5613,87,0.1482,0.1734,0.8549
9/8,3,x_x_x_,♪ ♪ ♪,d,desce,587,4,x___x_,♩ ♪,0.2641,x___x_,♩ ♪,0.2645,41,0.0698,0.1049,0.6661
9/8,3,x_x_x_,♪ ♪ ♪,d,desce,587,5,x_____,♩.,0.0375,x_x_x_,♪ ♪ ♪,0.6364,14,0.0239,0.0168,1.4228
9/8,3,x_x_x_,♪ ♪ ♪,d,desce,587,6,x_x_x_,♪ ♪ ♪,0.644,xxx_x_,sc sc ♪ ♪,0.0344,13,0.0221,0.0229,0.9665
9/8,3,x_x_x_,♪ ♪ ♪,d,desce,587,7,x___xx,♩ sc sc,0.0239,x_x_x_,♪ ♪ ♪,0.9286,13,0.0221,0.0171,1.2934
9/8,3,x_x_x_,♪ ♪ ♪,d,desce,587,8,x___x_,♩ ♪,0.2641,x__xx_,♪. sc ♪,0.071,11,0.0187,0.0164,1.145
9/8,3,x_x_x_,♪ ♪ ♪,d,desce,587,9,x_x_x_,♪ ♪ ♪,0.644,x_____,♩.,0.0238,9,0.0153,0.0115,1.3383
9/8,3,x_x_x_,♪ ♪ ♪,d,desce,587,10,x_x_x_,♪ ♪ ♪,0.644,x__xx_,♪. sc ♪,0.0238,9,0.0153,0.0122,1.2596
9/8,2,xxx_x_,sc sc ♪ ♪,d,desce,45,1,x_x_x_,♪ ♪ ♪,0.7556,x___x_,♩ ♪,0.5882,20,0.4444,0.2439,1.8225
9/8,2,xxx_x_,sc sc ♪ ♪,d,desce,45,2,x_x_x_,♪ ♪ ♪,0.7556,x_x_x_,♪ ♪ ♪,0.2941,10,0.2222,0.4539,0.4896
9/8,2,xxx_x_,sc sc ♪ ♪,d,desce,45,3,xxx_x_,sc sc ♪ ♪,0.1111,xxx_x_,sc sc ♪ ♪,0.8,4,0.0889,0.0142,6.24
9/8,2,xxx_x_,sc sc ♪ ♪,d,desce,45,4,x__xx_,♪. sc ♪,0.0889,x___x_,♩ ♪,0.75,3,0.0667,0.0437,1.5253
9/8,2,xxx_x_,sc sc ♪ ♪,d,desce,45,5,x___x_,♩ ♪,0.0444,x___x_,♩ ♪,1,2,0.0444,0.0166,2.6772
9/8,2,xxx_x_,sc sc ♪ ♪,d,desce,45,6,x_x_x_,♪ ♪ ♪,0.7556,x___xx,♩ sc sc,0.0588,2,0.0444,0.0158,2.8119
9/8,2,xxx_x_,sc sc ♪ ♪,d,desce,45,7,x_x_x_,♪ ♪ ♪,0.7556,x_____,♩.,0.0588,2,0.0444,0.0316,1.4059
9/8,2,xxx_x_,sc sc ♪ ♪,d,desce,45,8,xxx_x_,sc sc ♪ ♪,0.1111,x_x_x_,♪ ♪ ♪,0.2,1,0.0222,0.0534,0.416
9/8,2,xxx_x_,sc sc ♪ ♪,d,desce,45,9,x__xx_,♪. sc ♪,0.0889,x_x_x_,♪ ♪ ♪,0.25,1,0.0222,0.0087,2.5422
9/8,2,x___x_,♩ ♪,d,desce,204,1,x___x_,♩ ♪,0.4706,x_x_x_,♪ ♪ ♪,0.6458,62,0.3039,0.2195,1.3847
9/8,2,x___x_,♩ ♪,d,desce,204,2,x_x_x_,♪ ♪ ♪,0.4363,x_x_x_,♪ ♪ ♪,0.5169,46,0.2255,0.2692,0.8378
9/8,2,x___x_,♩ ♪,d,desce,204,3,x_x_x_,♪ ♪ ♪,0.4363,x___x_,♩ ♪,0.3708,33,0.1618,0.1446,1.1186
9/8,2,x___x_,♩ ♪,d,desce,204,4,x___x_,♩ ♪,0.4706,x___x_,♩ ♪,0.2813,27,0.1324,0.2015,0.6567
9/8,2,x___x_,♩ ♪,d,desce,204,5,x_x_x_,♪ ♪ ♪,0.4363,x_____,♩.,0.1011,9,0.0441,0.0187,2.3533
9/8,2,x___x_,♩ ♪,d,desce,204,6,x_x_xx,♪ ♪ sc sc,0.0294,x_____,♩.,1,6,0.0294,0.0075,3.9146
9/8,2,x___x_,♩ ♪,d,desce,204,7,xxx_x_,sc sc ♪ ♪,0.0392,x_x_x_,♪ ♪ ♪,0.5,4,0.0196,0.0139,1.4092
9/8,2,x___x_,♩ ♪,d,desce,204,8,xxx_x_,sc sc ♪ ♪,0.0392,x___x_,♩ ♪,0.5,4,0.0196,0.0074,2.6423
9/8,2,x___x_,♩ ♪,d,desce,204,9,x___x_,♩ ♪,0.4706,x_..x_,♪ pausa ♪ ♪,0.0417,4,0.0196,0.01,1.9654
9/8,2,x___x_,♩ ♪,d,desce,204,10,x_..x_,♪ pausa ♪ ♪,0.0098,x_x_x_,♪ ♪ ♪,1,2,0.0098,0.0052,1.8839
9/8,2,x___x_,♩ ♪,r,repete,92,1,x_x_x_,♪ ♪ ♪,0.587,x_x_x_,♪ ♪ ♪,0.7222,39,0.4239,0.2692,1.575
9/8,2,x___x_,♩ ♪,r,repete,92,2,x___x_,♩ ♪,0.2935,x_x_x_,♪ ♪ ♪,0.6296,17,0.1848,0.2195,0.8419
9/8,2,x___x_,♩ ♪,r,repete,92,3,x_x_x_,♪ ♪ ♪,0.587,x___x_,♩ ♪,0.2593,14,0.1522,0.1446,1.0522
9/8,2,x___x_,♩ ♪,r,repete,92,4,x___x_,♩ ♪,0.2935,x___x_,♩ ♪,0.3333,9,0.0978,0.2015,0.4854
9/8,2,x___x_,♩ ♪,r,repete,92,5,xxx_x_,sc sc ♪ ♪,0.0652,x_x_x_,♪ ♪ ♪,1,6,0.0652,0.0139,4.6873
9/8,2,x___x_,♩ ♪,r,repete,92,6,x_____,♩.,0.0326,____x_,(lig.) ♩ ♪,1,3,0.0326,0.0079,4.1428
9/8,2,x___x_,♩ ♪,r,repete,92,7,x___x_,♩ ♪,0.2935,x_____,♩.,0.037,1,0.0109,0.0279,0.3891
9/8,2,x___x_,♩ ♪,r,repete,92,8,x__xx_,♪. sc ♪,0.0217,x_x___,♪ ♩,0.5,1,0.0109,0.0013,8.3546
9/8,2,x___x_,♩ ♪,r,repete,92,9,x__xx_,♪. sc ♪,0.0217,x___x_,♩ ♪,0.5,1,0.0109,0.0065,1.6709
9/8,2,x___x_,♩ ♪,r,repete,92,10,x_x_x_,♪ ♪ ♪,0.587,x_____,♩.,0.0185,1,0.0109,0.0187,0.5798
9/8,2,x___x_,♩ ♪,s,sobe,252,1,x_x_x_,♪ ♪ ♪,0.4167,x_x_x_,♪ ♪ ♪,0.6095,64,0.254,0.2692,0.9436
9/8,2,x___x_,♩ ♪,s,sobe,252,2,x___x_,♩ ♪,0.5397,x_x_x_,♪ ♪ ♪,0.4412,60,0.2381,0.2195,1.0848
9/8,2,x___x_,♩ ♪,s,sobe,252,3,x___x_,♩ ♪,0.5397,x___x_,♩ ♪,0.3897,53,0.2103,0.2015,1.0436
9/8,2,x___x_,♩ ♪,s,sobe,252,4,x_x_x_,♪ ♪ ♪,0.4167,x___x_,♩ ♪,0.3714,39,0.1548,0.1446,1.0701
9/8,2,x___x_,♩ ♪,s,sobe,252,5,x___x_,♩ ♪,0.5397,x_____,♩.,0.1103,15,0.0595,0.0279,2.1308
9/8,2,x___x_,♩ ♪,s,sobe,252,6,x___x_,♩ ♪,0.5397,x_x___,♪ ♩,0.0294,4,0.0159,0.006,2.6517
9/8,2,x___x_,♩ ♪,s,sobe,252,7,x___x_,♩ ♪,0.5397,x_..x_,♪ pausa ♪ ♪,0.0221,3,0.0119,0.01,1.1933
9/8,2,x___x_,♩ ♪,s,sobe,252,8,x_____,♩.,0.0159,____x_,(lig.) ♩ ♪,0.5,2,0.0079,0.0079,1.0083
9/8,2,x___x_,♩ ♪,s,sobe,252,9,x_____,♩.,0.0159,x_____,♩.,0.5,2,0.0079,0.0079,1.0083
9/8,2,x___x_,♩ ♪,s,sobe,252,10,x_..x_,♪ pausa ♪ ♪,0.0079,x_x_x_,♪ ♪ ♪,1,2,0.0079,0.0052,1.525
9/8,3,x___x_,♩ ♪,d,desce,195,1,x___x_,♩ ♪,0.5077,x___x_,♩ ♪,0.5758,57,0.2923,0.1428,2.0473
9/8,3,x___x_,♩ ♪,d,desce,195,2,x___x_,♩ ♪,0.5077,x_x_x_,♪ ♪ ♪,0.3838,38,0.1949,0.236,0.8256
9/8,3,x___x_,♩ ♪,d,desce,195,3,x_x_x_,♪ ♪ ♪,0.4,x___x_,♩ ♪,0.4744,37,0.1897,0.1495,1.2695
9/8,3,x___x_,♩ ♪,d,desce,195,4,x_x_x_,♪ ♪ ♪,0.4,x_x_x_,♪ ♪ ♪,0.4615,36,0.1846,0.2658,0.6944
9/8,3,x___x_,♩ ♪,d,desce,195,5,x_____,♩.,0.0615,x___x_,♩ ♪,0.5,6,0.0308,0.0283,1.0857
9/8,3,x___x_,♩ ♪,d,desce,195,6,x_____,♩.,0.0615,x_x_x_,♪ ♪ ♪,0.5,6,0.0308,0.0244,1.2608
9/8,3,x___x_,♩ ♪,d,desce,195,7,x_x_x_,♪ ♪ ♪,0.4,x_____,♩.,0.0385,3,0.0154,0.0091,1.6855
9/8,3,x___x_,♩ ♪,d,desce,195,8,x_..x_,♪ pausa ♪ ♪,0.0154,x___x_,♩ ♪,1,3,0.0154,0.0067,2.304
9/8,3,x___x_,♩ ♪,d,desce,195,9,x___x_,♩ ♪,0.5077,xxx_x_,sc sc ♪ ♪,0.0202,2,0.0103,0.0116,0.8877
9/8,3,x___x_,♩ ♪,d,desce,195,10,x___x_,♩ ♪,0.5077,__x_x_,(lig.) ♪ ♪ ♪,0.0202,2,0.0103,0.0058,1.7754
9/8,1,x_____,♩.,s,sobe,46,1,x_x_x_,♪ ♪ ♪,0.4565,x_x_x_,♪ ♪ ♪,0.8095,17,0.3696,0.3084,1.1983
9/8,1,x_____,♩.,s,sobe,46,2,x___x_,♩ ♪,0.4783,x___x_,♩ ♪,0.7273,16,0.3478,0.2212,1.5727
9/8,1,x_____,♩.,s,sobe,46,3,x___x_,♩ ♪,0.4783,x_x_x_,♪ ♪ ♪,0.2727,6,0.1304,0.2161,0.6036
9/8,1,x_____,♩.,s,sobe,46,4,x_x_x_,♪ ♪ ♪,0.4565,x___x_,♩ ♪,0.1905,4,0.087,0.0827,1.0519
9/8,1,x_____,♩.,s,sobe,46,5,x_..x_,♪ pausa ♪ ♪,0.0652,x_..x_,♪ pausa ♪ ♪,0.6667,2,0.0435,0.0329,1.3217
9/8,1,x_____,♩.,s,sobe,46,6,x_..x_,♪ pausa ♪ ♪,0.0652,x___x_,♩ ♪,0.3333,1,0.0217,0.0164,1.3217
9/8,1,x___x_,♩ ♪,r,repete,39,1,x_x_x_,♪ ♪ ♪,0.5641,x_x_x_,♪ ♪ ♪,0.8182,18,0.4615,0.4135,1.1162
9/8,1,x___x_,♩ ♪,r,repete,39,2,x___x_,♩ ♪,0.2821,x___x_,♩ ♪,0.4545,5,0.1282,0.1544,0.8301
9/8,1,x___x_,♩ ♪,r,repete,39,3,x_x_x_,♪ ♪ ♪,0.5641,x___x_,♩ ♪,0.1818,4,0.1026,0.1108,0.9254
9/8,1,x___x_,♩ ♪,r,repete,39,4,x___x_,♩ ♪,0.2821,x_x_x_,♪ ♪ ♪,0.3636,4,0.1026,0.1509,0.6797
9/8,1,x___x_,♩ ♪,r,repete,39,5,x___x_,♩ ♪,0.2821,x__xx_,♪. sc ♪,0.1818,2,0.0513,0.0047,10.8329
9/8,1,x___x_,♩ ♪,r,repete,39,6,xx__x_,sc ♪. ♪,0.0513,x___x_,♩ ♪,1,2,0.0513,0.0031,16.7628
9/8,1,x___x_,♩ ♪,r,repete,39,7,xxx_x_,sc sc ♪ ♪,0.0256,x_x_x_,♪ ♪ ♪,1,1,0.0256,0.0206,1.2452
9/8,1,x___x_,♩ ♪,r,repete,39,8,x_____,♩.,0.0513,____xx,(lig.) ♩ sc sc,0.5,1,0.0256,0.0006,46.1909
9/8,1,x___x_,♩ ♪,r,repete,39,9,x_____,♩.,0.0513,____x_,(lig.) ♩ ♪,0.5,1,0.0256,0.0006,46.1909
9/8,1,x___x_,♩ ♪,r,repete,39,10,__x_x_,(lig.) ♪ ♪ ♪,0.0256,x_x_x_,♪ ♪ ♪,1,1,0.0256,0.0064,4.0231
9/8,3,x___x_,♩ ♪,s,sobe,228,1,x_x_x_,♪ ♪ ♪,0.5175,x___x_,♩ ♪,0.5,59,0.2588,0.1495,1.7313
9/8,3,x___x_,♩ ♪,s,sobe,228,2,x_x_x_,♪ ♪ ♪,0.5175,x_x_x_,♪ ♪ ♪,0.4407,52,0.2281,0.2658,0.8579
9/8,3,x___x_,♩ ♪,s,sobe,228,3,x___x_,♩ ♪,0.3816,x_x_x_,♪ ♪ ♪,0.5517,48,0.2105,0.236,0.8919
9/8,3,x___x_,♩ ♪,s,sobe,228,4,x___x_,♩ ♪,0.3816,x___x_,♩ ♪,0.4138,36,0.1579,0.1428,1.1059
9/8,3,x___x_,♩ ♪,s,sobe,228,5,x_____,♩.,0.0614,x___x_,♩ ♪,0.6429,9,0.0395,0.0283,1.3929
9/8,3,x___x_,♩ ♪,s,sobe,228,6,x_x_x_,♪ ♪ ♪,0.5175,xxx_x_,sc sc ♪ ♪,0.0424,5,0.0219,0.0183,1.2013
9/8,3,x___x_,♩ ♪,s,sobe,228,7,x_____,♩.,0.0614,x_x_x_,♪ ♪ ♪,0.3571,5,0.0219,0.0244,0.8986
9/8,3,x___x_,♩ ♪,s,sobe,228,8,x_..x_,♪ pausa ♪ ♪,0.0219,x_x_x_,♪ ♪ ♪,0.6,3,0.0132,0.0134,0.9853
9/8,3,x___x_,♩ ♪,s,sobe,228,9,x_x___,♪ ♩,0.0132,x___x_,♩ ♪,1,3,0.0132,0.0128,1.0263
9/8,3,x___x_,♩ ♪,s,sobe,228,10,x_x_x_,♪ ♪ ♪,0.5175,x_____,♩.,0.0169,2,0.0088,0.0091,0.961
