compasso,figura_codigo,figura,direcao_de_entrada,direcao_de_entrada_por_extenso,contorno_codigo,contorno,ocorrencias,ocorrencias_da_figura,P_contorno_dado_figura_e_entrada
2/4,x_x_,♪ ♪,0,—,r,repete,302,647,0.4668
2/4,x_x_,♪ ♪,0,—,s2,sobe 2,66,647,0.102
2/4,x_x_,♪ ♪,0,—,s1,sobe 1,61,647,0.0943
2/4,x_x_,♪ ♪,0,—,d2,desce 2,57,647,0.0881
2/4,x_x_,♪ ♪,0,—,s3,sobe 3,56,647,0.0866
2/4,x_x_,♪ ♪,0,—,d1,desce 1,47,647,0.0726
2/4,x_x_,♪ ♪,0,—,d3,desce 3,33,647,0.051
2/4,x_x_,♪ ♪,0,—,s5,sobe 5,9,647,0.0139
2/4,x_x_,♪ ♪,0,—,s4,sobe 4,8,647,0.0124
2/4,x_x_,♪ ♪,0,—,d5,desce 5,7,647,0.0108
2/4,x_x_,♪ ♪,ds,desce por salto,r,repete,1202,5402,0.2225
2/4,x_x_,♪ ♪,ds,desce por salto,s2,sobe 2,1190,5402,0.2203
2/4,x_x_,♪ ♪,ds,desce por salto,d1,desce 1,932,5402,0.1725
2/4,x_x_,♪ ♪,ds,desce por salto,d2,desce 2,690,5402,0.1277
2/4,x_x_,♪ ♪,ds,desce por salto,s1,sobe 1,507,5402,0.0939
2/4,x_x_,♪ ♪,ds,desce por salto,s3,sobe 3,366,5402,0.0678
2/4,x_x_,♪ ♪,ds,desce por salto,s5,sobe 5,232,5402,0.0429
2/4,x_x_,♪ ♪,ds,desce por salto,s4,sobe 4,145,5402,0.0268
2/4,x_x_,♪ ♪,ds,desce por salto,d3,desce 3,104,5402,0.0193
2/4,x_x_,♪ ♪,ds,desce por salto,d4,desce 4,25,5402,0.0046
2/4,x_x_,♪ ♪,ds,desce por salto,d5,desce 5,9,5402,0.0017
2/4,xxxx,sc sc sc sc,sg,sobe por grau,d1d1d1,"desce 1, desce 1, desce 1",372,2769,0.1343
2/4,xxxx,sc sc sc sc,sg,sobe por grau,d1s1s1,"desce 1, sobe 1, sobe 1",182,2769,0.0657
2/4,xxxx,sc sc sc sc,sg,sobe por grau,s1s1d2,"sobe 1, sobe 1, desce 2",180,2769,0.065
2/4,xxxx,sc sc sc sc,sg,sobe por grau,s1s1s1,"sobe 1, sobe 1, sobe 1",132,2769,0.0477
2/4,xxxx,sc sc sc sc,sg,sobe por grau,d2s1d2,"desce 2, sobe 1, desce 2",106,2769,0.0383
2/4,xxxx,sc sc sc sc,sg,sobe por grau,d2d2s2,"desce 2, desce 2, sobe 2",89,2769,0.0321
2/4,xxxx,sc sc sc sc,sg,sobe por grau,d1s1d2,"desce 1, sobe 1, desce 2",88,2769,0.0318
2/4,xxxx,sc sc sc sc,sg,sobe por grau,s1d1d1,"sobe 1, desce 1, desce 1",81,2769,0.0293
2/4,xxxx,sc sc sc sc,sg,sobe por grau,s2d1d1,"sobe 2, desce 1, desce 1",71,2769,0.0256
2/4,xxxx,sc sc sc sc,sg,sobe por grau,d1d1s1,"desce 1, desce 1, sobe 1",64,2769,0.0231
2/4,xxxx,sc sc sc sc,sg,sobe por grau,d1s1s2,"desce 1, sobe 1, sobe 2",60,2769,0.0217
2/4,xxxx,sc sc sc sc,sg,sobe por grau,s2d2d2,"sobe 2, desce 2, desce 2",59,2769,0.0213
2/4,xxxx,sc sc sc sc,sg,sobe por grau,s2d2d1,"sobe 2, desce 2, desce 1",52,2769,0.0188
2/4,xxxx,sc sc sc sc,sg,sobe por grau,d1d2s2,"desce 1, desce 2, sobe 2",49,2769,0.0177
2/4,xxxx,sc sc sc sc,sg,sobe por grau,d1d1s2,"desce 1, desce 1, sobe 2",43,2769,0.0155
2/4,xxxx,sc sc sc sc,sg,sobe por grau,s1d1d2,"sobe 1, desce 1, desce 2",40,2769,0.0144
2/4,xxxx,sc sc sc sc,sg,sobe por grau,s1s1d1,"sobe 1, sobe 1, desce 1",38,2769,0.0137
2/4,xxxx,sc sc sc sc,sg,sobe por grau,d2d1d1,"desce 2, desce 1, desce 1",36,2769,0.013
2/4,xxxx,sc sc sc sc,sg,sobe por grau,d2d1s1,"desce 2, desce 1, sobe 1",35,2769,0.0126
2/4,xxxx,sc sc sc sc,sg,sobe por grau,d1d1d2,"desce 1, desce 1, desce 2",34,2769,0.0123
2/4,xxxx,sc sc sc sc,sg,sobe por grau,d1d2d1,"desce 1, desce 2, desce 1",29,2769,0.0105
2/4,xxxx,sc sc sc sc,sg,sobe por grau,s2d1d2,"sobe 2, desce 1, desce 2",27,2769,0.0098
2/4,xxxx,sc sc sc sc,sg,sobe por grau,d2d1d2,"desce 2, desce 1, desce 2",26,2769,0.0094
2/4,xxxx,sc sc sc sc,sg,sobe por grau,d2d2d2,"desce 2, desce 2, desce 2",24,2769,0.0087
2/4,xxxx,sc sc sc sc,sg,sobe por grau,s2s2d2,"sobe 2, sobe 2, desce 2",23,2769,0.0083
2/4,xxxx,sc sc sc sc,sg,sobe por grau,d1d2d2,"desce 1, desce 2, desce 2",23,2769,0.0083
2/4,xxxx,sc sc sc sc,sg,sobe por grau,s2d1s2,"sobe 2, desce 1, sobe 2",22,2769,0.0079
2/4,xxxx,sc sc sc sc,sg,sobe por grau,s2d4s2,"sobe 2, desce 4, sobe 2",21,2769,0.0076
2/4,xxxx,sc sc sc sc,sg,sobe por grau,s2d3d2,"sobe 2, desce 3, desce 2",21,2769,0.0076
2/4,xxxx,sc sc sc sc,sg,sobe por grau,d2s2d2,"desce 2, sobe 2, desce 2",20,2769,0.0072
2/4,xxxx,sc sc sc sc,sg,sobe por grau,d1s1d3,"desce 1, sobe 1, desce 3",20,2769,0.0072
2/4,xxxx,sc sc sc sc,sg,sobe por grau,s3d1s1,"sobe 3, desce 1, sobe 1",20,2769,0.0072
2/4,xxxx,sc sc sc sc,sg,sobe por grau,d1s1d1,"desce 1, sobe 1, desce 1",17,2769,0.0061
2/4,xxxx,sc sc sc sc,sg,sobe por grau,rrr,"repete, repete, repete",15,2769,0.0054
2/4,xxxx,sc sc sc sc,sg,sobe por grau,s2d3s1,"sobe 2, desce 3, sobe 1",15,2769,0.0054
2/4,xxxx,sc sc sc sc,sg,sobe por grau,d1d2s1,"desce 1, desce 2, sobe 1",15,2769,0.0054
2/4,xxxx,sc sc sc sc,sg,sobe por grau,d2s4d4,"desce 2, sobe 4, desce 4",15,2769,0.0054
2/4,xxxx,sc sc sc sc,sg,sobe por grau,s3d1d1,"sobe 3, desce 1, desce 1",14,2769,0.0051
2/4,xxxx,sc sc sc sc,sg,sobe por grau,s1s1s2,"sobe 1, sobe 1, sobe 2",14,2769,0.0051
2/4,xxxx,sc sc sc sc,sg,sobe por grau,s3rd1,"sobe 3, repete, desce 1",14,2769,0.0051
2/4,xxxx,sc sc sc sc,sg,sobe por grau,s2s1s1,"sobe 2, sobe 1, sobe 1",13,2769,0.0047
2/4,xxxx,sc sc sc sc,sg,sobe por grau,d3d2s2,"desce 3, desce 2, sobe 2",13,2769,0.0047
2/4,xxxx,sc sc sc sc,sg,sobe por grau,s2s3s2,"sobe 2, sobe 3, sobe 2",12,2769,0.0043
2/4,xxxx,sc sc sc sc,sg,sobe por grau,d2d3s3,"desce 2, desce 3, sobe 3",11,2769,0.004
2/4,xxxx,sc sc sc sc,sg,sobe por grau,d2d3d2,"desce 2, desce 3, desce 2",11,2769,0.004
2/4,xxxx,sc sc sc sc,sg,sobe por grau,d3s1d2,"desce 3, sobe 1, desce 2",11,2769,0.004
2/4,xxxx,sc sc sc sc,sg,sobe por grau,s3d5s2,"sobe 3, desce 5, sobe 2",11,2769,0.004
2/4,xxxx,sc sc sc sc,sg,sobe por grau,d2s1s1,"desce 2, sobe 1, sobe 1",11,2769,0.004
2/4,xxxx,sc sc sc sc,sg,sobe por grau,s5d1d1,"sobe 5, desce 1, desce 1",10,2769,0.0036
2/4,xxxx,sc sc sc sc,sg,sobe por grau,d2d2s1,"desce 2, desce 2, sobe 1",10,2769,0.0036
2/4,xxxx,sc sc sc sc,sg,sobe por grau,d3d2d2,"desce 3, desce 2, desce 2",10,2769,0.0036
2/4,xxxx,sc sc sc sc,sg,sobe por grau,s2d2s2,"sobe 2, desce 2, sobe 2",9,2769,0.0033
2/4,xxxx,sc sc sc sc,sg,sobe por grau,d1s2d2,"desce 1, sobe 2, desce 2",9,2769,0.0033
2/4,xxxx,sc sc sc sc,sg,sobe por grau,rd1s1,"repete, desce 1, sobe 1",8,2769,0.0029
2/4,xxxx,sc sc sc sc,sg,sobe por grau,s1d1s1,"sobe 1, desce 1, sobe 1",8,2769,0.0029
2/4,xxxx,sc sc sc sc,sg,sobe por grau,s2d3s2,"sobe 2, desce 3, sobe 2",7,2769,0.0025
2/4,xxxx,sc sc sc sc,sg,sobe por grau,d3s1d1,"desce 3, sobe 1, desce 1",7,2769,0.0025
2/4,xxxx,sc sc sc sc,sg,sobe por grau,d2s1d1,"desce 2, sobe 1, desce 1",7,2769,0.0025
2/4,xxxx,sc sc sc sc,sg,sobe por grau,d4s2s2,"desce 4, sobe 2, sobe 2",7,2769,0.0025
2/4,xxxx,sc sc sc sc,sg,sobe por grau,d2s3d1,"desce 2, sobe 3, desce 1",7,2769,0.0025
2/4,xxxx,sc sc sc sc,sg,sobe por grau,s1d2d2,"sobe 1, desce 2, desce 2",6,2769,0.0022
2/4,xxxx,sc sc sc sc,sg,sobe por grau,s2d2d3,"sobe 2, desce 2, desce 3",6,2769,0.0022
2/4,xxxx,sc sc sc sc,sg,sobe por grau,rrd1,"repete, repete, desce 1",6,2769,0.0022
2/4,xxxx,sc sc sc sc,sg,sobe por grau,s3rs1,"sobe 3, repete, sobe 1",6,2769,0.0022
2/4,xxxx,sc sc sc sc,sg,sobe por grau,s2d3s3,"sobe 2, desce 3, sobe 3",6,2769,0.0022
2/4,xxxx,sc sc sc sc,sg,sobe por grau,d2s5d5,"desce 2, sobe 5, desce 5",6,2769,0.0022
2/4,xxxx,sc sc sc sc,sg,sobe por grau,d2rs2,"desce 2, repete, sobe 2",6,2769,0.0022
2/4,xxxx,sc sc sc sc,sg,sobe por grau,d3d1s1,"desce 3, desce 1, sobe 1",6,2769,0.0022
2/4,xxxx,sc sc sc sc,sg,sobe por grau,d4d1s1,"desce 4, desce 1, sobe 1",6,2769,0.0022
2/4,xxxx,sc sc sc sc,sg,sobe por grau,s2d5s2,"sobe 2, desce 5, sobe 2",5,2769,0.0018
2/4,xxxx,sc sc sc sc,sg,sobe por grau,s1d2d1,"sobe 1, desce 2, desce 1",5,2769,0.0018
2/4,xxxx,sc sc sc sc,sg,sobe por grau,d2d2d1,"desce 2, desce 2, desce 1",5,2769,0.0018
2/4,xxxx,sc sc sc sc,sg,sobe por grau,s3d1s2,"sobe 3, desce 1, sobe 2",5,2769,0.0018
2/4,xxxx,sc sc sc sc,sg,sobe por grau,d3s5d2,"desce 3, sobe 5, desce 2",5,2769,0.0018
2/4,xxxx,sc sc sc sc,sg,sobe por grau,s3d3d2,"sobe 3, desce 3, desce 2",5,2769,0.0018
2/4,xxxx,sc sc sc sc,sg,sobe por grau,d2s2s2,"desce 2, sobe 2, sobe 2",5,2769,0.0018
2/4,xxxx,sc sc sc sc,sg,sobe por grau,d2s1s2,"desce 2, sobe 1, sobe 2",4,2769,0.0014
2/4,xxxx,sc sc sc sc,sg,sobe por grau,s1d2s1,"sobe 1, desce 2, sobe 1",4,2769,0.0014
2/4,xxxx,sc sc sc sc,sg,sobe por grau,s2rd2,"sobe 2, repete, desce 2",4,2769,0.0014
2/4,xxxx,sc sc sc sc,sg,sobe por grau,s3d4s1,"sobe 3, desce 4, sobe 1",4,2769,0.0014
2/4,xxxx,sc sc sc sc,sg,sobe por grau,s5d5s5,"sobe 5, desce 5, sobe 5",4,2769,0.0014
2/4,xxxx,sc sc sc sc,sg,sobe por grau,s5rr,"sobe 5, repete, repete",4,2769,0.0014
2/4,xxxx,sc sc sc sc,sg,sobe por grau,rd2s2,"repete, desce 2, sobe 2",4,2769,0.0014
2/4,xxxx,sc sc sc sc,sg,sobe por grau,s1s1r,"sobe 1, sobe 1, repete",4,2769,0.0014
2/4,xxxx,sc sc sc sc,sg,sobe por grau,d3s1s2,"desce 3, sobe 1, sobe 2",4,2769,0.0014
2/4,xxxx,sc sc sc sc,sg,sobe por grau,d3s4d4,"desce 3, sobe 4, desce 4",4,2769,0.0014
2/4,xxxx,sc sc sc sc,sg,sobe por grau,s2s3d2,"sobe 2, sobe 3, desce 2",4,2769,0.0014
2/4,xxxx,sc sc sc sc,sg,sobe por grau,d5s1s1,"desce 5, sobe 1, sobe 1",4,2769,0.0014
2/4,xxxx,sc sc sc sc,sg,sobe por grau,d2s5d2,"desce 2, sobe 5, desce 2",4,2769,0.0014
2/4,xxxx,sc sc sc sc,sg,sobe por grau,d1s2d1,"desce 1, sobe 2, desce 1",4,2769,0.0014
2/4,xxxx,sc sc sc sc,sg,sobe por grau,d2s5d1,"desce 2, sobe 5, desce 1",4,2769,0.0014
2/4,xxxx,sc sc sc sc,sg,sobe por grau,d3d2s5,"desce 3, desce 2, sobe 5",4,2769,0.0014
2/4,xxxx,sc sc sc sc,sg,sobe por grau,d4rs4,"desce 4, repete, sobe 4",4,2769,0.0014
2/4,xxxx,sc sc sc sc,sg,sobe por grau,d3s3s2,"desce 3, sobe 3, sobe 2",4,2769,0.0014
2/4,xxxx,sc sc sc sc,sg,sobe por grau,rrd2,"repete, repete, desce 2",4,2769,0.0014
2/4,xxxx,sc sc sc sc,sg,sobe por grau,d2d1s2,"desce 2, desce 1, sobe 2",4,2769,0.0014
2/4,xxxx,sc sc sc sc,sg,sobe por grau,d3s1s1,"desce 3, sobe 1, sobe 1",4,2769,0.0014
2/4,xxxx,sc sc sc sc,sg,sobe por grau,s3s2d1,"sobe 3, sobe 2, desce 1",4,2769,0.0014
2/4,xxxx,sc sc sc sc,sg,sobe por grau,s3s2d2,"sobe 3, sobe 2, desce 2",3,2769,0.0011
2/4,xxxx,sc sc sc sc,sg,sobe por grau,d1rd2,"desce 1, repete, desce 2",3,2769,0.0011
2/4,xxxx,sc sc sc sc,sg,sobe por grau,rs1r,"repete, sobe 1, repete",3,2769,0.0011
2/4,xxxx,sc sc sc sc,sg,sobe por grau,d1s1r,"desce 1, sobe 1, repete",3,2769,0.0011
2/4,xxxx,sc sc sc sc,sg,sobe por grau,rrd3,"repete, repete, desce 3",3,2769,0.0011
2/4,xxxx,sc sc sc sc,sg,sobe por grau,d1d1r,"desce 1, desce 1, repete",3,2769,0.0011
2/4,xxxx,sc sc sc sc,sg,sobe por grau,s3d2s2,"sobe 3, desce 2, sobe 2",3,2769,0.0011
2/4,xxxx,sc sc sc sc,sg,sobe por grau,d1s3d2,"desce 1, sobe 3, desce 2",3,2769,0.0011
2/4,xxxx,sc sc sc sc,sg,sobe por grau,s2rs2,"sobe 2, repete, sobe 2",3,2769,0.0011
2/4,xxxx,sc sc sc sc,sg,sobe por grau,s2s3d1,"sobe 2, sobe 3, desce 1",3,2769,0.0011
2/4,xxxx,sc sc sc sc,sg,sobe por grau,s5d2d2,"sobe 5, desce 2, desce 2",3,2769,0.0011
2/4,xxxx,sc sc sc sc,sg,sobe por grau,s1rs1,"sobe 1, repete, sobe 1",3,2769,0.0011
2/4,xxxx,sc sc sc sc,sg,sobe por grau,d2d2d3,"desce 2, desce 2, desce 3",3,2769,0.0011
2/4,xxxx,sc sc sc sc,sg,sobe por grau,s3d5s5,"sobe 3, desce 5, sobe 5",3,2769,0.0011
2/4,xxxx,sc sc sc sc,sg,sobe por grau,s2d1s1,"sobe 2, desce 1, sobe 1",3,2769,0.0011
2/4,xxxx,sc sc sc sc,sg,sobe por grau,d2s5d3,"desce 2, sobe 5, desce 3",3,2769,0.0011
2/4,xxxx,sc sc sc sc,sg,sobe por grau,d4s1s1,"desce 4, sobe 1, sobe 1",3,2769,0.0011
2/4,xxxx,sc sc sc sc,sg,sobe por grau,d4s5d5,"desce 4, sobe 5, desce 5",3,2769,0.0011
2/4,xxxx,sc sc sc sc,sg,sobe por grau,d2s3s2,"desce 2, sobe 3, sobe 2",3,2769,0.0011
2/4,xxxx,sc sc sc sc,sg,sobe por grau,s2s3s1,"sobe 2, sobe 3, sobe 1",3,2769,0.0011
2/4,xxxx,sc sc sc sc,sg,sobe por grau,d2rd1,"desce 2, repete, desce 1",2,2769,0.0007
2/4,xxxx,sc sc sc sc,sg,sobe por grau,d2s2s1,"desce 2, sobe 2, sobe 1",2,2769,0.0007
2/4,xxxx,sc sc sc sc,sg,sobe por grau,rd1d1,"repete, desce 1, desce 1",2,2769,0.0007
2/4,xxxx,sc sc sc sc,sg,sobe por grau,s2d4d2,"sobe 2, desce 4, desce 2",2,2769,0.0007
2/4,xxxx,sc sc sc sc,sg,sobe por grau,d1s1s3,"desce 1, sobe 1, sobe 3",2,2769,0.0007
2/4,xxxx,sc sc sc sc,sg,sobe por grau,s2d1r,"sobe 2, desce 1, repete",2,2769,0.0007
2/4,xxxx,sc sc sc sc,sg,sobe por grau,s3d1d2,"sobe 3, desce 1, desce 2",2,2769,0.0007
2/4,xxxx,sc sc sc sc,sg,sobe por grau,d1d2s3,"desce 1, desce 2, sobe 3",2,2769,0.0007
2/4,xxxx,sc sc sc sc,sg,sobe por grau,s2s2s3,"sobe 2, sobe 2, sobe 3",2,2769,0.0007
2/4,xxxx,sc sc sc sc,sg,sobe por grau,s2rs1,"sobe 2, repete, sobe 1",2,2769,0.0007
2/4,xxxx,sc sc sc sc,sg,sobe por grau,d2s1d4,"desce 2, sobe 1, desce 4",2,2769,0.0007
2/4,xxxx,sc sc sc sc,sg,sobe por grau,s5d3s3,"sobe 5, desce 3, sobe 3",2,2769,0.0007
2/4,xxxx,sc sc sc sc,sg,sobe por grau,d4rs1,"desce 4, repete, sobe 1",2,2769,0.0007
2/4,xxxx,sc sc sc sc,sg,sobe por grau,s2d3d1,"sobe 2, desce 3, desce 1",2,2769,0.0007
2/4,xxxx,sc sc sc sc,sg,sobe por grau,s1s1s3,"sobe 1, sobe 1, sobe 3",2,2769,0.0007
2/4,xxxx,sc sc sc sc,sg,sobe por grau,d2d2r,"desce 2, desce 2, repete",2,2769,0.0007
2/4,xxxx,sc sc sc sc,sg,sobe por grau,d4rr,"desce 4, repete, repete",2,2769,0.0007
2/4,xxxx,sc sc sc sc,sg,sobe por grau,s2d4s4,"sobe 2, desce 4, sobe 4",2,2769,0.0007
2/4,xxxx,sc sc sc sc,sg,sobe por grau,s5d1s1,"sobe 5, desce 1, sobe 1",2,2769,0.0007
2/4,xxxx,sc sc sc sc,sg,sobe por grau,s1rd1,"sobe 1, repete, desce 1",2,2769,0.0007
2/4,xxxx,sc sc sc sc,sg,sobe por grau,s5rd1,"sobe 5, repete, desce 1",2,2769,0.0007
2/4,xxxx,sc sc sc sc,sg,sobe por grau,d5s2s2,"desce 5, sobe 2, sobe 2",2,2769,0.0007
2/4,xxxx,sc sc sc sc,sg,sobe por grau,s2d5s3,"sobe 2, desce 5, sobe 3",2,2769,0.0007
2/4,xxxx,sc sc sc sc,sg,sobe por grau,s1d1d4,"sobe 1, desce 1, desce 4",2,2769,0.0007
2/4,xxxx,sc sc sc sc,sg,sobe por grau,d4rd1,"desce 4, repete, desce 1",2,2769,0.0007
2/4,xxxx,sc sc sc sc,sg,sobe por grau,d5rs5,"desce 5, repete, sobe 5",2,2769,0.0007
2/4,xxxx,sc sc sc sc,sg,sobe por grau,d4s2d2,"desce 4, sobe 2, desce 2",2,2769,0.0007
2/4,xxxx,sc sc sc sc,sg,sobe por grau,d4rs5,"desce 4, repete, sobe 5",2,2769,0.0007
2/4,xxxx,sc sc sc sc,sg,sobe por grau,d5s5d5,"desce 5, sobe 5, desce 5",2,2769,0.0007
2/4,xxxx,sc sc sc sc,sg,sobe por grau,d2rd2,"desce 2, repete, desce 2",2,2769,0.0007
2/4,xxxx,sc sc sc sc,sg,sobe por grau,s3rd2,"sobe 3, repete, desce 2",2,2769,0.0007
2/4,xxxx,sc sc sc sc,sg,sobe por grau,d2s4d1,"desce 2, sobe 4, desce 1",2,2769,0.0007
2/4,xxxx,sc sc sc sc,sg,sobe por grau,rs1d2,"repete, sobe 1, desce 2",2,2769,0.0007
2/4,xxxx,sc sc sc sc,sg,sobe por grau,d2s3d3,"desce 2, sobe 3, desce 3",2,2769,0.0007
2/4,xxxx,sc sc sc sc,sg,sobe por grau,d2rs5,"desce 2, repete, sobe 5",2,2769,0.0007
2/4,xxxx,sc sc sc sc,sg,sobe por grau,s1rs2,"sobe 1, repete, sobe 2",2,2769,0.0007
2/4,x_x_,♪ ♪,sg,sobe por grau,r,repete,1701,7069,0.2406
2/4,x_x_,♪ ♪,sg,sobe por grau,s1,sobe 1,1351,7069,0.1911
2/4,x_x_,♪ ♪,sg,sobe por grau,d1,desce 1,1271,7069,0.1798
2/4,x_x_,♪ ♪,sg,sobe por grau,d2,desce 2,1224,7069,0.1732
2/4,x_x_,♪ ♪,sg,sobe por grau,s2,sobe 2,753,7069,0.1065
2/4,x_x_,♪ ♪,sg,sobe por grau,d3,desce 3,249,7069,0.0352
2/4,x_x_,♪ ♪,sg,sobe por grau,s3,sobe 3,227,7069,0.0321
2/4,x_x_,♪ ♪,sg,sobe por grau,d4,desce 4,142,7069,0.0201
2/4,x_x_,♪ ♪,sg,sobe por grau,d5,desce 5,95,7069,0.0134
2/4,x_x_,♪ ♪,sg,sobe por grau,s5,sobe 5,39,7069,0.0055
2/4,x_x_,♪ ♪,sg,sobe por grau,s4,sobe 4,17,7069,0.0024
2/4,x_x_,♪ ♪,dg,desce por grau,d1,desce 1,2729,8683,0.3143
2/4,x_x_,♪ ♪,dg,desce por grau,r,repete,1712,8683,0.1972
2/4,x_x_,♪ ♪,dg,desce por grau,d2,desce 2,1355,8683,0.1561
2/4,x_x_,♪ ♪,dg,desce por grau,s1,sobe 1,1153,8683,0.1328
2/4,x_x_,♪ ♪,dg,desce por grau,s2,sobe 2,870,8683,0.1002
2/4,x_x_,♪ ♪,dg,desce por grau,s3,sobe 3,250,8683,0.0288
2/4,x_x_,♪ ♪,dg,desce por grau,d3,desce 3,194,8683,0.0223
2/4,x_x_,♪ ♪,dg,desce por grau,s5,sobe 5,165,8683,0.019
2/4,x_x_,♪ ♪,dg,desce por grau,d4,desce 4,120,8683,0.0138
2/4,x_x_,♪ ♪,dg,desce por grau,s4,sobe 4,78,8683,0.009
2/4,x_x_,♪ ♪,dg,desce por grau,d5,desce 5,57,8683,0.0066
2/4,x_x_,♪ ♪,r,repete,r,repete,2205,6407,0.3442
2/4,x_x_,♪ ♪,r,repete,d1,desce 1,1154,6407,0.1801
2/4,x_x_,♪ ♪,r,repete,s2,sobe 2,742,6407,0.1158
2/4,x_x_,♪ ♪,r,repete,s1,sobe 1,684,6407,0.1068
2/4,x_x_,♪ ♪,r,repete,d2,desce 2,625,6407,0.0975
2/4,x_x_,♪ ♪,r,repete,s3,sobe 3,325,6407,0.0507
2/4,x_x_,♪ ♪,r,repete,d3,desce 3,244,6407,0.0381
2/4,x_x_,♪ ♪,r,repete,s5,sobe 5,177,6407,0.0276
2/4,x_x_,♪ ♪,r,repete,d5,desce 5,99,6407,0.0155
2/4,x_x_,♪ ♪,r,repete,s4,sobe 4,77,6407,0.012
2/4,x_x_,♪ ♪,r,repete,d4,desce 4,75,6407,0.0117
2/4,xxxx,sc sc sc sc,ss,sobe por salto,d1d1d1,"desce 1, desce 1, desce 1",257,1881,0.1366
2/4,xxxx,sc sc sc sc,ss,sobe por salto,d1s1s1,"desce 1, sobe 1, sobe 1",102,1881,0.0542
2/4,xxxx,sc sc sc sc,ss,sobe por salto,s1d1d2,"sobe 1, desce 1, desce 2",67,1881,0.0356
2/4,xxxx,sc sc sc sc,ss,sobe por salto,s1s1d2,"sobe 1, sobe 1, desce 2",63,1881,0.0335
2/4,xxxx,sc sc sc sc,ss,sobe por salto,d2d2s2,"desce 2, desce 2, sobe 2",51,1881,0.0271
2/4,xxxx,sc sc sc sc,ss,sobe por salto,s1d1d1,"sobe 1, desce 1, desce 1",46,1881,0.0245
2/4,xxxx,sc sc sc sc,ss,sobe por salto,d2s1d2,"desce 2, sobe 1, desce 2",40,1881,0.0213
2/4,xxxx,sc sc sc sc,ss,sobe por salto,s1s1s1,"sobe 1, sobe 1, sobe 1",39,1881,0.0207
2/4,xxxx,sc sc sc sc,ss,sobe por salto,d1d1s1,"desce 1, desce 1, sobe 1",38,1881,0.0202
2/4,xxxx,sc sc sc sc,ss,sobe por salto,d4s2d2,"desce 4, sobe 2, desce 2",36,1881,0.0191
2/4,xxxx,sc sc sc sc,ss,sobe por salto,s2d1d1,"sobe 2, desce 1, desce 1",35,1881,0.0186
2/4,xxxx,sc sc sc sc,ss,sobe por salto,d5s4d4,"desce 5, sobe 4, desce 4",34,1881,0.0181
2/4,xxxx,sc sc sc sc,ss,sobe por salto,d1s1d2,"desce 1, sobe 1, desce 2",31,1881,0.0165
2/4,xxxx,sc sc sc sc,ss,sobe por salto,d3d2s2,"desce 3, desce 2, sobe 2",30,1881,0.0159
2/4,xxxx,sc sc sc sc,ss,sobe por salto,d5s5d5,"desce 5, sobe 5, desce 5",29,1881,0.0154
2/4,xxxx,sc sc sc sc,ss,sobe por salto,d2s2d2,"desce 2, sobe 2, desce 2",26,1881,0.0138
2/4,xxxx,sc sc sc sc,ss,sobe por salto,d2s4d4,"desce 2, sobe 4, desce 4",25,1881,0.0133
2/4,xxxx,sc sc sc sc,ss,sobe por salto,d4s2s2,"desce 4, sobe 2, sobe 2",24,1881,0.0128
2/4,xxxx,sc sc sc sc,ss,sobe por salto,d2d1s1,"desce 2, desce 1, sobe 1",22,1881,0.0117
2/4,xxxx,sc sc sc sc,ss,sobe por salto,d1d2d2,"desce 1, desce 2, desce 2",22,1881,0.0117
2/4,xxxx,sc sc sc sc,ss,sobe por salto,d1s1s2,"desce 1, sobe 1, sobe 2",19,1881,0.0101
2/4,xxxx,sc sc sc sc,ss,sobe por salto,d1s1d3,"desce 1, sobe 1, desce 3",18,1881,0.0096
2/4,xxxx,sc sc sc sc,ss,sobe por salto,d2s2s2,"desce 2, sobe 2, sobe 2",17,1881,0.009
2/4,xxxx,sc sc sc sc,ss,sobe por salto,rrr,"repete, repete, repete",17,1881,0.009
2/4,xxxx,sc sc sc sc,ss,sobe por salto,d2d3s3,"desce 2, desce 3, sobe 3",17,1881,0.009
2/4,xxxx,sc sc sc sc,ss,sobe por salto,d3d2d2,"desce 3, desce 2, desce 2",16,1881,0.0085
2/4,xxxx,sc sc sc sc,ss,sobe por salto,d2d1d2,"desce 2, desce 1, desce 2",15,1881,0.008
2/4,xxxx,sc sc sc sc,ss,sobe por salto,s2s2d2,"sobe 2, sobe 2, desce 2",15,1881,0.008
2/4,xxxx,sc sc sc sc,ss,sobe por salto,d5d1s1,"desce 5, desce 1, sobe 1",15,1881,0.008
2/4,xxxx,sc sc sc sc,ss,sobe por salto,d5s3d3,"desce 5, sobe 3, desce 3",15,1881,0.008
2/4,xxxx,sc sc sc sc,ss,sobe por salto,rrd2,"repete, repete, desce 2",14,1881,0.0074
2/4,xxxx,sc sc sc sc,ss,sobe por salto,d2d1d1,"desce 2, desce 1, desce 1",13,1881,0.0069
2/4,xxxx,sc sc sc sc,ss,sobe por salto,d2s3d1,"desce 2, sobe 3, desce 1",13,1881,0.0069
2/4,xxxx,sc sc sc sc,ss,sobe por salto,d2d2d2,"desce 2, desce 2, desce 2",13,1881,0.0069
2/4,xxxx,sc sc sc sc,ss,sobe por salto,d4s5d5,"desce 4, sobe 5, desce 5",13,1881,0.0069
2/4,xxxx,sc sc sc sc,ss,sobe por salto,s1s1d1,"sobe 1, sobe 1, desce 1",12,1881,0.0064
2/4,xxxx,sc sc sc sc,ss,sobe por salto,d1d1s2,"desce 1, desce 1, sobe 2",12,1881,0.0064
2/4,xxxx,sc sc sc sc,ss,sobe por salto,d2s4d2,"desce 2, sobe 4, desce 2",12,1881,0.0064
2/4,xxxx,sc sc sc sc,ss,sobe por salto,d2rs2,"desce 2, repete, sobe 2",12,1881,0.0064
2/4,xxxx,sc sc sc sc,ss,sobe por salto,s2d2d1,"sobe 2, desce 2, desce 1",11,1881,0.0058
2/4,xxxx,sc sc sc sc,ss,sobe por salto,d2rd1,"desce 2, repete, desce 1",11,1881,0.0058
2/4,xxxx,sc sc sc sc,ss,sobe por salto,s2d1s2,"sobe 2, desce 1, sobe 2",11,1881,0.0058
2/4,xxxx,sc sc sc sc,ss,sobe por salto,d5s2d2,"desce 5, sobe 2, desce 2",11,1881,0.0058
2/4,xxxx,sc sc sc sc,ss,sobe por salto,s2d5s2,"sobe 2, desce 5, sobe 2",10,1881,0.0053
2/4,xxxx,sc sc sc sc,ss,sobe por salto,d3s5d2,"desce 3, sobe 5, desce 2",10,1881,0.0053
2/4,xxxx,sc sc sc sc,ss,sobe por salto,s2d4s2,"sobe 2, desce 4, sobe 2",10,1881,0.0053
2/4,xxxx,sc sc sc sc,ss,sobe por salto,d2s5d5,"desce 2, sobe 5, desce 5",10,1881,0.0053
2/4,xxxx,sc sc sc sc,ss,sobe por salto,d5s2s3,"desce 5, sobe 2, sobe 3",10,1881,0.0053
2/4,xxxx,sc sc sc sc,ss,sobe por salto,d3s3s2,"desce 3, sobe 3, sobe 2",9,1881,0.0048
2/4,xxxx,sc sc sc sc,ss,sobe por salto,s3d1s1,"sobe 3, desce 1, sobe 1",9,1881,0.0048
2/4,xxxx,sc sc sc sc,ss,sobe por salto,s2d2d2,"sobe 2, desce 2, desce 2",8,1881,0.0043
2/4,xxxx,sc sc sc sc,ss,sobe por salto,d2rr,"desce 2, repete, repete",8,1881,0.0043
2/4,xxxx,sc sc sc sc,ss,sobe por salto,d1d1d2,"desce 1, desce 1, desce 2",8,1881,0.0043
2/4,xxxx,sc sc sc sc,ss,sobe por salto,d2s5d2,"desce 2, sobe 5, desce 2",8,1881,0.0043
2/4,xxxx,sc sc sc sc,ss,sobe por salto,s2s2s2,"sobe 2, sobe 2, sobe 2",8,1881,0.0043
2/4,xxxx,sc sc sc sc,ss,sobe por salto,s1d1s1,"sobe 1, desce 1, sobe 1",7,1881,0.0037
2/4,xxxx,sc sc sc sc,ss,sobe por salto,s2s2s3,"sobe 2, sobe 2, sobe 3",7,1881,0.0037
2/4,xxxx,sc sc sc sc,ss,sobe por salto,s2d3s2,"sobe 2, desce 3, sobe 2",7,1881,0.0037
2/4,xxxx,sc sc sc sc,ss,sobe por salto,s2d1d2,"sobe 2, desce 1, desce 2",7,1881,0.0037
2/4,xxxx,sc sc sc sc,ss,sobe por salto,d2s2s1,"desce 2, sobe 2, sobe 1",6,1881,0.0032
2/4,xxxx,sc sc sc sc,ss,sobe por salto,d3s5d5,"desce 3, sobe 5, desce 5",6,1881,0.0032
2/4,xxxx,sc sc sc sc,ss,sobe por salto,d5s5d2,"desce 5, sobe 5, desce 2",6,1881,0.0032
2/4,xxxx,sc sc sc sc,ss,sobe por salto,rrd1,"repete, repete, desce 1",6,1881,0.0032
2/4,xxxx,sc sc sc sc,ss,sobe por salto,d5rr,"desce 5, repete, repete",6,1881,0.0032
2/4,xxxx,sc sc sc sc,ss,sobe por salto,d4d1s1,"desce 4, desce 1, sobe 1",6,1881,0.0032
2/4,xxxx,sc sc sc sc,ss,sobe por salto,s2rs1,"sobe 2, repete, sobe 1",6,1881,0.0032
2/4,xxxx,sc sc sc sc,ss,sobe por salto,s3d1d1,"sobe 3, desce 1, desce 1",5,1881,0.0027
2/4,xxxx,sc sc sc sc,ss,sobe por salto,d5s2s2,"desce 5, sobe 2, sobe 2",5,1881,0.0027
2/4,xxxx,sc sc sc sc,ss,sobe por salto,d1d2s1,"desce 1, desce 2, sobe 1",5,1881,0.0027
2/4,xxxx,sc sc sc sc,ss,sobe por salto,d2s5d1,"desce 2, sobe 5, desce 1",5,1881,0.0027
2/4,xxxx,sc sc sc sc,ss,sobe por salto,s3d5s2,"sobe 3, desce 5, sobe 2",5,1881,0.0027
2/4,xxxx,sc sc sc sc,ss,sobe por salto,s2s3d3,"sobe 2, sobe 3, desce 3",5,1881,0.0027
2/4,xxxx,sc sc sc sc,ss,sobe por salto,s2s3d2,"sobe 2, sobe 3, desce 2",5,1881,0.0027
2/4,xxxx,sc sc sc sc,ss,sobe por salto,s3rd1,"sobe 3, repete, desce 1",5,1881,0.0027
2/4,xxxx,sc sc sc sc,ss,sobe por salto,s2s1s1,"sobe 2, sobe 1, sobe 1",5,1881,0.0027
2/4,xxxx,sc sc sc sc,ss,sobe por salto,d3d1s1,"desce 3, desce 1, sobe 1",5,1881,0.0027
2/4,xxxx,sc sc sc sc,ss,sobe por salto,d2s3d2,"desce 2, sobe 3, desce 2",4,1881,0.0021
2/4,xxxx,sc sc sc sc,ss,sobe por salto,d1s1d1,"desce 1, sobe 1, desce 1",4,1881,0.0021
2/4,xxxx,sc sc sc sc,ss,sobe por salto,s1d3d1,"sobe 1, desce 3, desce 1",4,1881,0.0021
2/4,xxxx,sc sc sc sc,ss,sobe por salto,d5s5d1,"desce 5, sobe 5, desce 1",4,1881,0.0021
2/4,xxxx,sc sc sc sc,ss,sobe por salto,s1s1s2,"sobe 1, sobe 1, sobe 2",4,1881,0.0021
2/4,xxxx,sc sc sc sc,ss,sobe por salto,s1d2s1,"sobe 1, desce 2, sobe 1",4,1881,0.0021
2/4,xxxx,sc sc sc sc,ss,sobe por salto,d2d2d1,"desce 2, desce 2, desce 1",4,1881,0.0021
2/4,xxxx,sc sc sc sc,ss,sobe por salto,s2s3d1,"sobe 2, sobe 3, desce 1",4,1881,0.0021
2/4,xxxx,sc sc sc sc,ss,sobe por salto,s5d1d1,"sobe 5, desce 1, desce 1",4,1881,0.0021
2/4,xxxx,sc sc sc sc,ss,sobe por salto,s2rd2,"sobe 2, repete, desce 2",4,1881,0.0021
2/4,xxxx,sc sc sc sc,ss,sobe por salto,d3s1d2,"desce 3, sobe 1, desce 2",4,1881,0.0021
2/4,xxxx,sc sc sc sc,ss,sobe por salto,d5s3s2,"desce 5, sobe 3, sobe 2",4,1881,0.0021
2/4,xxxx,sc sc sc sc,ss,sobe por salto,d1rr,"desce 1, repete, repete",4,1881,0.0021
2/4,xxxx,sc sc sc sc,ss,sobe por salto,d4s2s3,"desce 4, sobe 2, sobe 3",4,1881,0.0021
2/4,xxxx,sc sc sc sc,ss,sobe por salto,d3s3s1,"desce 3, sobe 3, sobe 1",4,1881,0.0021
2/4,xxxx,sc sc sc sc,ss,sobe por salto,d2d3d2,"desce 2, desce 3, desce 2",4,1881,0.0021
2/4,xxxx,sc sc sc sc,ss,sobe por salto,d1s2d1,"desce 1, sobe 2, desce 1",4,1881,0.0021
2/4,xxxx,sc sc sc sc,ss,sobe por salto,d2s1d1,"desce 2, sobe 1, desce 1",4,1881,0.0021
2/4,xxxx,sc sc sc sc,ss,sobe por salto,s3rd2,"sobe 3, repete, desce 2",4,1881,0.0021
2/4,xxxx,sc sc sc sc,ss,sobe por salto,d2s2s3,"desce 2, sobe 2, sobe 3",4,1881,0.0021
2/4,xxxx,sc sc sc sc,ss,sobe por salto,d3d1d1,"desce 3, desce 1, desce 1",3,1881,0.0016
2/4,xxxx,sc sc sc sc,ss,sobe por salto,rrs3,"repete, repete, sobe 3",3,1881,0.0016
2/4,xxxx,sc sc sc sc,ss,sobe por salto,rd2s2,"repete, desce 2, sobe 2",3,1881,0.0016
2/4,xxxx,sc sc sc sc,ss,sobe por salto,d5s1s1,"desce 5, sobe 1, sobe 1",3,1881,0.0016
2/4,xxxx,sc sc sc sc,ss,sobe por salto,s2d2s2,"sobe 2, desce 2, sobe 2",3,1881,0.0016
2/4,xxxx,sc sc sc sc,ss,sobe por salto,s1d2d2,"sobe 1, desce 2, desce 2",3,1881,0.0016
2/4,xxxx,sc sc sc sc,ss,sobe por salto,rs2d2,"repete, sobe 2, desce 2",3,1881,0.0016
2/4,xxxx,sc sc sc sc,ss,sobe por salto,rrs1,"repete, repete, sobe 1",3,1881,0.0016
2/4,xxxx,sc sc sc sc,ss,sobe por salto,d5s1s2,"desce 5, sobe 1, sobe 2",3,1881,0.0016
2/4,xxxx,sc sc sc sc,ss,sobe por salto,rrd3,"repete, repete, desce 3",3,1881,0.0016
2/4,xxxx,sc sc sc sc,ss,sobe por salto,d5rs5,"desce 5, repete, sobe 5",3,1881,0.0016
2/4,xxxx,sc sc sc sc,ss,sobe por salto,d4rs2,"desce 4, repete, sobe 2",3,1881,0.0016
2/4,xxxx,sc sc sc sc,ss,sobe por salto,s1d2d1,"sobe 1, desce 2, desce 1",3,1881,0.0016
2/4,xxxx,sc sc sc sc,ss,sobe por salto,d1d2s2,"desce 1, desce 2, sobe 2",3,1881,0.0016
2/4,xxxx,sc sc sc sc,ss,sobe por salto,s2d5s3,"sobe 2, desce 5, sobe 3",3,1881,0.0016
2/4,xxxx,sc sc sc sc,ss,sobe por salto,d5s5d3,"desce 5, sobe 5, desce 3",3,1881,0.0016
2/4,xxxx,sc sc sc sc,ss,sobe por salto,d3s3d3,"desce 3, sobe 3, desce 3",3,1881,0.0016
2/4,xxxx,sc sc sc sc,ss,sobe por salto,d2d1s2,"desce 2, desce 1, sobe 2",3,1881,0.0016
2/4,xxxx,sc sc sc sc,ss,sobe por salto,d2d2d3,"desce 2, desce 2, desce 3",3,1881,0.0016
2/4,xxxx,sc sc sc sc,ss,sobe por salto,rs1s1,"repete, sobe 1, sobe 1",3,1881,0.0016
2/4,xxxx,sc sc sc sc,ss,sobe por salto,d1rd1,"desce 1, repete, desce 1",3,1881,0.0016
2/4,xxxx,sc sc sc sc,ss,sobe por salto,d3s1s1,"desce 3, sobe 1, sobe 1",3,1881,0.0016
2/4,xxxx,sc sc sc sc,ss,sobe por salto,d4rr,"desce 4, repete, repete",3,1881,0.0016
2/4,xxxx,sc sc sc sc,ss,sobe por salto,rs1d1,"repete, sobe 1, desce 1",3,1881,0.0016
2/4,xxxx,sc sc sc sc,ss,sobe por salto,s2d4s4,"sobe 2, desce 4, sobe 4",3,1881,0.0016
2/4,xxxx,sc sc sc sc,ss,sobe por salto,d3d2s5,"desce 3, desce 2, sobe 5",3,1881,0.0016
2/4,xxxx,sc sc sc sc,ss,sobe por salto,d3rs3,"desce 3, repete, sobe 3",3,1881,0.0016
2/4,xxxx,sc sc sc sc,ss,sobe por salto,d5rs2,"desce 5, repete, sobe 2",3,1881,0.0016
2/4,xxxx,sc sc sc sc,ss,sobe por salto,d2d2s1,"desce 2, desce 2, sobe 1",3,1881,0.0016
2/4,xxxx,sc sc sc sc,ss,sobe por salto,s2d1s1,"sobe 2, desce 1, sobe 1",3,1881,0.0016
2/4,xxxx,sc sc sc sc,ss,sobe por salto,s2s3d5,"sobe 2, sobe 3, desce 5",3,1881,0.0016
2/4,xxxx,sc sc sc sc,ss,sobe por salto,d2s3d3,"desce 2, sobe 3, desce 3",3,1881,0.0016
2/4,xxxx,sc sc sc sc,ss,sobe por salto,s1s1d5,"sobe 1, sobe 1, desce 5",2,1881,0.0011
2/4,xxxx,sc sc sc sc,ss,sobe por salto,d2s1s1,"desce 2, sobe 1, sobe 1",2,1881,0.0011
2/4,xxxx,sc sc sc sc,ss,sobe por salto,s1d1d3,"sobe 1, desce 1, desce 3",2,1881,0.0011
2/4,xxxx,sc sc sc sc,ss,sobe por salto,d3rs5,"desce 3, repete, sobe 5",2,1881,0.0011
2/4,xxxx,sc sc sc sc,ss,sobe por salto,d1d1r,"desce 1, desce 1, repete",2,1881,0.0011
2/4,xxxx,sc sc sc sc,ss,sobe por salto,rd5d1,"repete, desce 5, desce 1",2,1881,0.0011
2/4,xxxx,sc sc sc sc,ss,sobe por salto,rs2r,"repete, sobe 2, repete",2,1881,0.0011
2/4,xxxx,sc sc sc sc,ss,sobe por salto,rd1r,"repete, desce 1, repete",2,1881,0.0011
2/4,xxxx,sc sc sc sc,ss,sobe por salto,rd2d2,"repete, desce 2, desce 2",2,1881,0.0011
2/4,xxxx,sc sc sc sc,ss,sobe por salto,d1rd2,"desce 1, repete, desce 2",2,1881,0.0011
2/4,xxxx,sc sc sc sc,ss,sobe por salto,d1d2d1,"desce 1, desce 2, desce 1",2,1881,0.0011
2/4,xxxx,sc sc sc sc,ss,sobe por salto,s3d2s2,"sobe 3, desce 2, sobe 2",2,1881,0.0011
2/4,xxxx,sc sc sc sc,ss,sobe por salto,rrs2,"repete, repete, sobe 2",2,1881,0.0011
2/4,xxxx,sc sc sc sc,ss,sobe por salto,s2s1d3,"sobe 2, sobe 1, desce 3",2,1881,0.0011
2/4,xxxx,sc sc sc sc,ss,sobe por salto,s1d3s2,"sobe 1, desce 3, sobe 2",2,1881,0.0011
2/4,xxxx,sc sc sc sc,ss,sobe por salto,s1s1r,"sobe 1, sobe 1, repete",2,1881,0.0011
2/4,xxxx,sc sc sc sc,ss,sobe por salto,d5d1d1,"desce 5, desce 1, desce 1",2,1881,0.0011
2/4,xxxx,sc sc sc sc,ss,sobe por salto,d2d1d3,"desce 2, desce 1, desce 3",2,1881,0.0011
2/4,xxxx,sc sc sc sc,ss,sobe por salto,d2rs3,"desce 2, repete, sobe 3",2,1881,0.0011
2/4,xxxx,sc sc sc sc,ss,sobe por salto,s2rd1,"sobe 2, repete, desce 1",2,1881,0.0011
2/4,xxxx,sc sc sc sc,ss,sobe por salto,d3rd2,"desce 3, repete, desce 2",2,1881,0.0011
2/4,xxxx,sc sc sc sc,ss,sobe por salto,d3s1s2,"desce 3, sobe 1, sobe 2",2,1881,0.0011
2/4,xxxx,sc sc sc sc,ss,sobe por salto,d3s2s3,"desce 3, sobe 2, sobe 3",2,1881,0.0011
2/4,xxxx,sc sc sc sc,ss,sobe por salto,d3s2s2,"desce 3, sobe 2, sobe 2",2,1881,0.0011
2/4,xxxx,sc sc sc sc,ss,sobe por salto,s3d5s5,"sobe 3, desce 5, sobe 5",2,1881,0.0011
2/4,xxxx,sc sc sc sc,ss,sobe por salto,d1s2d2,"desce 1, sobe 2, desce 2",2,1881,0.0011
2/4,xxxx,sc sc sc sc,ss,sobe por salto,d1s1s3,"desce 1, sobe 1, sobe 3",2,1881,0.0011
2/4,xxxx,sc sc sc sc,ss,sobe por salto,d4s2s1,"desce 4, sobe 2, sobe 1",2,1881,0.0011
2/4,xxxx,sc sc sc sc,ss,sobe por salto,d4rs4,"desce 4, repete, sobe 4",2,1881,0.0011
2/4,xxxx,sc sc sc sc,ss,sobe por salto,s2s1d1,"sobe 2, sobe 1, desce 1",2,1881,0.0011
2/4,xxxx,sc sc sc sc,ss,sobe por salto,s1s1s3,"sobe 1, sobe 1, sobe 3",2,1881,0.0011
2/4,xxxx,sc sc sc sc,ss,sobe por salto,d4s3s2,"desce 4, sobe 3, sobe 2",2,1881,0.0011
2/4,xxxx,sc sc sc sc,ss,sobe por salto,s3s2d2,"sobe 3, sobe 2, desce 2",2,1881,0.0011
2/4,xxxx,sc sc sc sc,ss,sobe por salto,rd4s2,"repete, desce 4, sobe 2",2,1881,0.0011
2/4,xxxx,sc sc sc sc,ss,sobe por salto,d3s4d4,"desce 3, sobe 4, desce 4",2,1881,0.0011
2/4,x_xx,♪ sc sc,dg,desce por grau,rs1,"repete, sobe 1",119,1282,0.0928
2/4,x_xx,♪ sc sc,dg,desce por grau,d1d1,"desce 1, desce 1",94,1282,0.0733
2/4,x_xx,♪ sc sc,dg,desce por grau,s1d1,"sobe 1, desce 1",92,1282,0.0718
2/4,x_xx,♪ sc sc,dg,desce por grau,rd1,"repete, desce 1",87,1282,0.0679
2/4,x_xx,♪ sc sc,dg,desce por grau,d2s2,"desce 2, sobe 2",86,1282,0.0671
2/4,x_xx,♪ sc sc,dg,desce por grau,s1s1,"sobe 1, sobe 1",82,1282,0.064
2/4,x_xx,♪ sc sc,dg,desce por grau,rr,"repete, repete",81,1282,0.0632
2/4,x_xx,♪ sc sc,dg,desce por grau,d1s1,"desce 1, sobe 1",61,1282,0.0476
2/4,x_xx,♪ sc sc,dg,desce por grau,rd2,"repete, desce 2",44,1282,0.0343
2/4,x_xx,♪ sc sc,dg,desce por grau,rs2,"repete, sobe 2",41,1282,0.032
2/4,x_xx,♪ sc sc,dg,desce por grau,s1s2,"sobe 1, sobe 2",36,1282,0.0281
2/4,x_xx,♪ sc sc,dg,desce por grau,s2d2,"sobe 2, desce 2",35,1282,0.0273
2/4,x_xx,♪ sc sc,dg,desce por grau,d1d2,"desce 1, desce 2",33,1282,0.0257
2/4,x_xx,♪ sc sc,dg,desce por grau,s3d1,"sobe 3, desce 1",30,1282,0.0234
2/4,x_xx,♪ sc sc,dg,desce por grau,s2d1,"sobe 2, desce 1",29,1282,0.0226
2/4,x_xx,♪ sc sc,dg,desce por grau,d2r,"desce 2, repete",22,1282,0.0172
2/4,x_xx,♪ sc sc,dg,desce por grau,d1r,"desce 1, repete",21,1282,0.0164
2/4,x_xx,♪ sc sc,dg,desce por grau,s5s1,"sobe 5, sobe 1",19,1282,0.0148
2/4,x_xx,♪ sc sc,dg,desce por grau,d2s1,"desce 2, sobe 1",18,1282,0.014
2/4,x_xx,♪ sc sc,dg,desce por grau,s5d1,"sobe 5, desce 1",18,1282,0.014
2/4,x_xx,♪ sc sc,dg,desce por grau,d2d1,"desce 2, desce 1",18,1282,0.014
2/4,x_xx,♪ sc sc,dg,desce por grau,s2s1,"sobe 2, sobe 1",17,1282,0.0133
2/4,x_xx,♪ sc sc,dg,desce por grau,s1r,"sobe 1, repete",16,1282,0.0125
2/4,x_xx,♪ sc sc,dg,desce por grau,s2r,"sobe 2, repete",15,1282,0.0117
2/4,x_xx,♪ sc sc,dg,desce por grau,s3d2,"sobe 3, desce 2",12,1282,0.0094
2/4,x_xx,♪ sc sc,dg,desce por grau,d2s3,"desce 2, sobe 3",11,1282,0.0086
2/4,x_xx,♪ sc sc,dg,desce por grau,s4d1,"sobe 4, desce 1",10,1282,0.0078
2/4,x_xx,♪ sc sc,dg,desce por grau,d1s2,"desce 1, sobe 2",10,1282,0.0078
2/4,x_xx,♪ sc sc,dg,desce por grau,d5s1,"desce 5, sobe 1",8,1282,0.0062
2/4,x_xx,♪ sc sc,dg,desce por grau,s1d2,"sobe 1, desce 2",7,1282,0.0055
2/4,x_xx,♪ sc sc,dg,desce por grau,s3r,"sobe 3, repete",7,1282,0.0055
2/4,x_xx,♪ sc sc,dg,desce por grau,rd3,"repete, desce 3",7,1282,0.0055
2/4,x_xx,♪ sc sc,dg,desce por grau,d3s3,"desce 3, sobe 3",7,1282,0.0055
2/4,x_xx,♪ sc sc,dg,desce por grau,d3d1,"desce 3, desce 1",6,1282,0.0047
2/4,x_xx,♪ sc sc,dg,desce por grau,d3s2,"desce 3, sobe 2",6,1282,0.0047
2/4,x_xx,♪ sc sc,dg,desce por grau,s5d2,"sobe 5, desce 2",6,1282,0.0047
2/4,x_xx,♪ sc sc,dg,desce por grau,s3s1,"sobe 3, sobe 1",5,1282,0.0039
2/4,x_xx,♪ sc sc,dg,desce por grau,s2s2,"sobe 2, sobe 2",5,1282,0.0039
2/4,x_xx,♪ sc sc,dg,desce por grau,d3r,"desce 3, repete",5,1282,0.0039
2/4,x_xx,♪ sc sc,dg,desce por grau,s4s1,"sobe 4, sobe 1",4,1282,0.0031
2/4,x_xx,♪ sc sc,dg,desce por grau,d4r,"desce 4, repete",4,1282,0.0031
2/4,x_xx,♪ sc sc,dg,desce por grau,d3s1,"desce 3, sobe 1",4,1282,0.0031
2/4,x_xx,♪ sc sc,dg,desce por grau,d4s2,"desce 4, sobe 2",4,1282,0.0031
2/4,x_xx,♪ sc sc,dg,desce por grau,d2s5,"desce 2, sobe 5",3,1282,0.0023
2/4,x_xx,♪ sc sc,dg,desce por grau,s4d2,"sobe 4, desce 2",3,1282,0.0023
2/4,x_xx,♪ sc sc,dg,desce por grau,s3s2,"sobe 3, sobe 2",3,1282,0.0023
2/4,x_xx,♪ sc sc,dg,desce por grau,d4s1,"desce 4, sobe 1",3,1282,0.0023
2/4,x_xx,♪ sc sc,dg,desce por grau,d4d1,"desce 4, desce 1",2,1282,0.0016
2/4,x_xx,♪ sc sc,dg,desce por grau,s5d5,"sobe 5, desce 5",2,1282,0.0016
2/4,x_xx,♪ sc sc,dg,desce por grau,rs3,"repete, sobe 3",2,1282,0.0016
2/4,x_xx,♪ sc sc,dg,desce por grau,s5r,"sobe 5, repete",2,1282,0.0016
2/4,x_xx,♪ sc sc,dg,desce por grau,rd4,"repete, desce 4",2,1282,0.0016
2/4,x_xx,♪ sc sc,dg,desce por grau,rs5,"repete, sobe 5",2,1282,0.0016
2/4,x_xx,♪ sc sc,dg,desce por grau,d1s5,"desce 1, sobe 5",2,1282,0.0016
2/4,x_xx,♪ sc sc,dg,desce por grau,s2s3,"sobe 2, sobe 3",2,1282,0.0016
2/4,x_xx,♪ sc sc,dg,desce por grau,d4s3,"desce 4, sobe 3",2,1282,0.0016
2/4,x_xx,♪ sc sc,dg,desce por grau,s5d3,"sobe 5, desce 3",2,1282,0.0016
2/4,x_xx,♪ sc sc,sg,sobe por grau,rd1,"repete, desce 1",146,1296,0.1127
2/4,x_xx,♪ sc sc,sg,sobe por grau,d1s1,"desce 1, sobe 1",141,1296,0.1088
2/4,x_xx,♪ sc sc,sg,sobe por grau,d1d1,"desce 1, desce 1",135,1296,0.1042
2/4,x_xx,♪ sc sc,sg,sobe por grau,rs1,"repete, sobe 1",87,1296,0.0671
2/4,x_xx,♪ sc sc,sg,sobe por grau,rr,"repete, repete",82,1296,0.0633
2/4,x_xx,♪ sc sc,sg,sobe por grau,s1d1,"sobe 1, desce 1",74,1296,0.0571
2/4,x_xx,♪ sc sc,sg,sobe por grau,s2d2,"sobe 2, desce 2",71,1296,0.0548
2/4,x_xx,♪ sc sc,sg,sobe por grau,rs2,"repete, sobe 2",68,1296,0.0525
2/4,x_xx,♪ sc sc,sg,sobe por grau,s1s1,"sobe 1, sobe 1",64,1296,0.0494
2/4,x_xx,♪ sc sc,sg,sobe por grau,d1d2,"desce 1, desce 2",55,1296,0.0424
2/4,x_xx,♪ sc sc,sg,sobe por grau,rd2,"repete, desce 2",52,1296,0.0401
2/4,x_xx,♪ sc sc,sg,sobe por grau,d2s1,"desce 2, sobe 1",26,1296,0.0201
2/4,x_xx,♪ sc sc,sg,sobe por grau,d2r,"desce 2, repete",22,1296,0.017
2/4,x_xx,♪ sc sc,sg,sobe por grau,s2d1,"sobe 2, desce 1",21,1296,0.0162
2/4,x_xx,♪ sc sc,sg,sobe por grau,s2s1,"sobe 2, sobe 1",21,1296,0.0162
2/4,x_xx,♪ sc sc,sg,sobe por grau,d3s3,"desce 3, sobe 3",19,1296,0.0147
2/4,x_xx,♪ sc sc,sg,sobe por grau,d1r,"desce 1, repete",15,1296,0.0116
2/4,x_xx,♪ sc sc,sg,sobe por grau,s1r,"sobe 1, repete",14,1296,0.0108
2/4,x_xx,♪ sc sc,sg,sobe por grau,d2s2,"desce 2, sobe 2",13,1296,0.01
2/4,x_xx,♪ sc sc,sg,sobe por grau,d3d1,"desce 3, desce 1",11,1296,0.0085
2/4,x_xx,♪ sc sc,sg,sobe por grau,s2r,"sobe 2, repete",11,1296,0.0085
2/4,x_xx,♪ sc sc,sg,sobe por grau,s3d1,"sobe 3, desce 1",10,1296,0.0077
2/4,x_xx,♪ sc sc,sg,sobe por grau,rd3,"repete, desce 3",10,1296,0.0077
2/4,x_xx,♪ sc sc,sg,sobe por grau,s1d2,"sobe 1, desce 2",10,1296,0.0077
2/4,x_xx,♪ sc sc,sg,sobe por grau,s3d2,"sobe 3, desce 2",9,1296,0.0069
2/4,x_xx,♪ sc sc,sg,sobe por grau,d2d1,"desce 2, desce 1",9,1296,0.0069
2/4,x_xx,♪ sc sc,sg,sobe por grau,d3s1,"desce 3, sobe 1",8,1296,0.0062
2/4,x_xx,♪ sc sc,sg,sobe por grau,d5s1,"desce 5, sobe 1",8,1296,0.0062
2/4,x_xx,♪ sc sc,sg,sobe por grau,d4r,"desce 4, repete",6,1296,0.0046
2/4,x_xx,♪ sc sc,sg,sobe por grau,d4s1,"desce 4, sobe 1",6,1296,0.0046
2/4,x_xx,♪ sc sc,sg,sobe por grau,s5d1,"sobe 5, desce 1",6,1296,0.0046
2/4,x_xx,♪ sc sc,sg,sobe por grau,d3s2,"desce 3, sobe 2",5,1296,0.0039
2/4,x_xx,♪ sc sc,sg,sobe por grau,d1s2,"desce 1, sobe 2",5,1296,0.0039
2/4,x_xx,♪ sc sc,sg,sobe por grau,d2d2,"desce 2, desce 2",5,1296,0.0039
2/4,x_xx,♪ sc sc,sg,sobe por grau,s1s2,"sobe 1, sobe 2",4,1296,0.0031
2/4,x_xx,♪ sc sc,sg,sobe por grau,s4s1,"sobe 4, sobe 1",4,1296,0.0031
2/4,x_xx,♪ sc sc,sg,sobe por grau,s5s1,"sobe 5, sobe 1",3,1296,0.0023
2/4,x_xx,♪ sc sc,sg,sobe por grau,rs3,"repete, sobe 3",3,1296,0.0023
2/4,x_xx,♪ sc sc,sg,sobe por grau,s3r,"sobe 3, repete",3,1296,0.0023
2/4,x_xx,♪ sc sc,sg,sobe por grau,s5d2,"sobe 5, desce 2",3,1296,0.0023
2/4,x_xx,♪ sc sc,sg,sobe por grau,d5s2,"desce 5, sobe 2",3,1296,0.0023
2/4,x_xx,♪ sc sc,sg,sobe por grau,s4d1,"sobe 4, desce 1",3,1296,0.0023
2/4,x_xx,♪ sc sc,sg,sobe por grau,s2s2,"sobe 2, sobe 2",3,1296,0.0023
2/4,x_xx,♪ sc sc,sg,sobe por grau,d3d2,"desce 3, desce 2",2,1296,0.0015
2/4,x_xx,♪ sc sc,sg,sobe por grau,d4s3,"desce 4, sobe 3",2,1296,0.0015
2/4,x_xx,♪ sc sc,sg,sobe por grau,d4d1,"desce 4, desce 1",2,1296,0.0015
2/4,x_xx,♪ sc sc,sg,sobe por grau,d5d1,"desce 5, desce 1",2,1296,0.0015
2/4,x_xx,♪ sc sc,ss,sobe por salto,rd2,"repete, desce 2",144,1449,0.0994
2/4,x_xx,♪ sc sc,ss,sobe por salto,d1d1,"desce 1, desce 1",135,1449,0.0932
2/4,x_xx,♪ sc sc,ss,sobe por salto,rr,"repete, repete",123,1449,0.0849
2/4,x_xx,♪ sc sc,ss,sobe por salto,d2s2,"desce 2, sobe 2",108,1449,0.0745
2/4,x_xx,♪ sc sc,ss,sobe por salto,rs1,"repete, sobe 1",101,1449,0.0697
2/4,x_xx,♪ sc sc,ss,sobe por salto,rd1,"repete, desce 1",95,1449,0.0656
2/4,x_xx,♪ sc sc,ss,sobe por salto,s1d1,"sobe 1, desce 1",87,1449,0.06
2/4,x_xx,♪ sc sc,ss,sobe por salto,d2d1,"desce 2, desce 1",85,1449,0.0587
2/4,x_xx,♪ sc sc,ss,sobe por salto,d1s1,"desce 1, sobe 1",67,1449,0.0462
2/4,x_xx,♪ sc sc,ss,sobe por salto,s1s2,"sobe 1, sobe 2",50,1449,0.0345
2/4,x_xx,♪ sc sc,ss,sobe por salto,rs2,"repete, sobe 2",49,1449,0.0338
2/4,x_xx,♪ sc sc,ss,sobe por salto,s2d2,"sobe 2, desce 2",38,1449,0.0262
2/4,x_xx,♪ sc sc,ss,sobe por salto,s1s1,"sobe 1, sobe 1",37,1449,0.0255
2/4,x_xx,♪ sc sc,ss,sobe por salto,d3s1,"desce 3, sobe 1",27,1449,0.0186
2/4,x_xx,♪ sc sc,ss,sobe por salto,d3d1,"desce 3, desce 1",21,1449,0.0145
2/4,x_xx,♪ sc sc,ss,sobe por salto,d1d2,"desce 1, desce 2",21,1449,0.0145
2/4,x_xx,♪ sc sc,ss,sobe por salto,d2d2,"desce 2, desce 2",18,1449,0.0124
2/4,x_xx,♪ sc sc,ss,sobe por salto,s2d1,"sobe 2, desce 1",15,1449,0.0104
2/4,x_xx,♪ sc sc,ss,sobe por salto,d3s3,"desce 3, sobe 3",15,1449,0.0104
2/4,x_xx,♪ sc sc,ss,sobe por salto,rd5,"repete, desce 5",14,1449,0.0097
2/4,x_xx,♪ sc sc,ss,sobe por salto,d3s2,"desce 3, sobe 2",13,1449,0.009
2/4,x_xx,♪ sc sc,ss,sobe por salto,d2r,"desce 2, repete",11,1449,0.0076
2/4,x_xx,♪ sc sc,ss,sobe por salto,d5r,"desce 5, repete",11,1449,0.0076
2/4,x_xx,♪ sc sc,ss,sobe por salto,d5s5,"desce 5, sobe 5",11,1449,0.0076
2/4,x_xx,♪ sc sc,ss,sobe por salto,d4s2,"desce 4, sobe 2",11,1449,0.0076
2/4,x_xx,♪ sc sc,ss,sobe por salto,rs3,"repete, sobe 3",10,1449,0.0069
2/4,x_xx,♪ sc sc,ss,sobe por salto,rd3,"repete, desce 3",10,1449,0.0069
2/4,x_xx,♪ sc sc,ss,sobe por salto,d5s1,"desce 5, sobe 1",9,1449,0.0062
2/4,x_xx,♪ sc sc,ss,sobe por salto,d1r,"desce 1, repete",9,1449,0.0062
2/4,x_xx,♪ sc sc,ss,sobe por salto,d5d1,"desce 5, desce 1",9,1449,0.0062
2/4,x_xx,♪ sc sc,ss,sobe por salto,d2s1,"desce 2, sobe 1",8,1449,0.0055
2/4,x_xx,♪ sc sc,ss,sobe por salto,d2d3,"desce 2, desce 3",7,1449,0.0048
2/4,x_xx,♪ sc sc,ss,sobe por salto,s3d1,"sobe 3, desce 1",7,1449,0.0048
2/4,x_xx,♪ sc sc,ss,sobe por salto,s2r,"sobe 2, repete",6,1449,0.0041
2/4,x_xx,♪ sc sc,ss,sobe por salto,s3d2,"sobe 3, desce 2",6,1449,0.0041
2/4,x_xx,♪ sc sc,ss,sobe por salto,s1d2,"sobe 1, desce 2",6,1449,0.0041
2/4,x_xx,♪ sc sc,ss,sobe por salto,d3d2,"desce 3, desce 2",4,1449,0.0028
2/4,x_xx,♪ sc sc,ss,sobe por salto,d5s2,"desce 5, sobe 2",4,1449,0.0028
2/4,x_xx,♪ sc sc,ss,sobe por salto,s3s1,"sobe 3, sobe 1",4,1449,0.0028
2/4,x_xx,♪ sc sc,ss,sobe por salto,s2s2,"sobe 2, sobe 2",3,1449,0.0021
2/4,x_xx,♪ sc sc,ss,sobe por salto,s4d1,"sobe 4, desce 1",3,1449,0.0021
2/4,x_xx,♪ sc sc,ss,sobe por salto,d5s3,"desce 5, sobe 3",3,1449,0.0021
2/4,x_xx,♪ sc sc,ss,sobe por salto,rd4,"repete, desce 4",3,1449,0.0021
2/4,x_xx,♪ sc sc,ss,sobe por salto,s1d3,"sobe 1, desce 3",3,1449,0.0021
2/4,x_xx,♪ sc sc,ss,sobe por salto,d4d2,"desce 4, desce 2",2,1449,0.0014
2/4,x_xx,♪ sc sc,ss,sobe por salto,s1r,"sobe 1, repete",2,1449,0.0014
2/4,x_xx,♪ sc sc,ss,sobe por salto,d2s5,"desce 2, sobe 5",2,1449,0.0014
2/4,x_xx,♪ sc sc,ss,sobe por salto,s1s4,"sobe 1, sobe 4",2,1449,0.0014
2/4,x_xx,♪ sc sc,ss,sobe por salto,s2s3,"sobe 2, sobe 3",2,1449,0.0014
2/4,x_xx,♪ sc sc,ss,sobe por salto,d3s5,"desce 3, sobe 5",2,1449,0.0014
2/4,x_xx,♪ sc sc,ss,sobe por salto,s5d2,"sobe 5, desce 2",2,1449,0.0014
2/4,x_xx,♪ sc sc,ss,sobe por salto,s5d1,"sobe 5, desce 1",2,1449,0.0014
2/4,xxxx,sc sc sc sc,dg,desce por grau,d1d1d1,"desce 1, desce 1, desce 1",460,2870,0.1603
2/4,xxxx,sc sc sc sc,dg,desce por grau,s1s1s1,"sobe 1, sobe 1, sobe 1",167,2870,0.0582
2/4,xxxx,sc sc sc sc,dg,desce por grau,d1s1s1,"desce 1, sobe 1, sobe 1",146,2870,0.0509
2/4,xxxx,sc sc sc sc,dg,desce por grau,s1s1d2,"sobe 1, sobe 1, desce 2",125,2870,0.0436
2/4,xxxx,sc sc sc sc,dg,desce por grau,d1d1s2,"desce 1, desce 1, sobe 2",116,2870,0.0404
2/4,xxxx,sc sc sc sc,dg,desce por grau,s1d1d1,"sobe 1, desce 1, desce 1",107,2870,0.0373
2/4,xxxx,sc sc sc sc,dg,desce por grau,d2d2s2,"desce 2, desce 2, sobe 2",73,2870,0.0254
2/4,xxxx,sc sc sc sc,dg,desce por grau,s2d4s2,"sobe 2, desce 4, sobe 2",67,2870,0.0233
2/4,xxxx,sc sc sc sc,dg,desce por grau,d2s1d2,"desce 2, sobe 1, desce 2",62,2870,0.0216
2/4,xxxx,sc sc sc sc,dg,desce por grau,d1d1s1,"desce 1, desce 1, sobe 1",55,2870,0.0192
2/4,xxxx,sc sc sc sc,dg,desce por grau,s1s1s2,"sobe 1, sobe 1, sobe 2",51,2870,0.0178
2/4,xxxx,sc sc sc sc,dg,desce por grau,d2d1s1,"desce 2, desce 1, sobe 1",50,2870,0.0174
2/4,xxxx,sc sc sc sc,dg,desce por grau,d2d1d1,"desce 2, desce 1, desce 1",47,2870,0.0164
2/4,xxxx,sc sc sc sc,dg,desce por grau,s1d1d2,"sobe 1, desce 1, desce 2",44,2870,0.0153
2/4,xxxx,sc sc sc sc,dg,desce por grau,d2s1s1,"desce 2, sobe 1, sobe 1",43,2870,0.015
2/4,xxxx,sc sc sc sc,dg,desce por grau,s2d1d1,"sobe 2, desce 1, desce 1",41,2870,0.0143
2/4,xxxx,sc sc sc sc,dg,desce por grau,s2d2d2,"sobe 2, desce 2, desce 2",39,2870,0.0136
2/4,xxxx,sc sc sc sc,dg,desce por grau,s2s3s2,"sobe 2, sobe 3, sobe 2",32,2870,0.0111
2/4,xxxx,sc sc sc sc,dg,desce por grau,s2s2d2,"sobe 2, sobe 2, desce 2",30,2870,0.0105
2/4,xxxx,sc sc sc sc,dg,desce por grau,d1s1d2,"desce 1, sobe 1, desce 2",29,2870,0.0101
2/4,xxxx,sc sc sc sc,dg,desce por grau,d2d1d2,"desce 2, desce 1, desce 2",27,2870,0.0094
2/4,xxxx,sc sc sc sc,dg,desce por grau,s2d1d2,"sobe 2, desce 1, desce 2",26,2870,0.0091
2/4,xxxx,sc sc sc sc,dg,desce por grau,d1d2s2,"desce 1, desce 2, sobe 2",24,2870,0.0084
2/4,xxxx,sc sc sc sc,dg,desce por grau,d1s1s2,"desce 1, sobe 1, sobe 2",23,2870,0.008
2/4,xxxx,sc sc sc sc,dg,desce por grau,d2s2s2,"desce 2, sobe 2, sobe 2",23,2870,0.008
2/4,xxxx,sc sc sc sc,dg,desce por grau,d2s4d2,"desce 2, sobe 4, desce 2",20,2870,0.007
2/4,xxxx,sc sc sc sc,dg,desce por grau,d1d2d1,"desce 1, desce 2, desce 1",20,2870,0.007
2/4,xxxx,sc sc sc sc,dg,desce por grau,d2rs2,"desce 2, repete, sobe 2",19,2870,0.0066
2/4,xxxx,sc sc sc sc,dg,desce por grau,s1s2s1,"sobe 1, sobe 2, sobe 1",18,2870,0.0063
2/4,xxxx,sc sc sc sc,dg,desce por grau,rrr,"repete, repete, repete",18,2870,0.0063
2/4,xxxx,sc sc sc sc,dg,desce por grau,s1d2s1,"sobe 1, desce 2, sobe 1",18,2870,0.0063
2/4,xxxx,sc sc sc sc,dg,desce por grau,d4s2s2,"desce 4, sobe 2, sobe 2",18,2870,0.0063
2/4,xxxx,sc sc sc sc,dg,desce por grau,d2s2s3,"desce 2, sobe 2, sobe 3",17,2870,0.0059
2/4,xxxx,sc sc sc sc,dg,desce por grau,s1s1d1,"sobe 1, sobe 1, desce 1",17,2870,0.0059
2/4,xxxx,sc sc sc sc,dg,desce por grau,s2s2s2,"sobe 2, sobe 2, sobe 2",17,2870,0.0059
2/4,xxxx,sc sc sc sc,dg,desce por grau,s5d1d1,"sobe 5, desce 1, desce 1",16,2870,0.0056
2/4,xxxx,sc sc sc sc,dg,desce por grau,d2d2d2,"desce 2, desce 2, desce 2",15,2870,0.0052
2/4,xxxx,sc sc sc sc,dg,desce por grau,s2d1s2,"sobe 2, desce 1, sobe 2",15,2870,0.0052
2/4,xxxx,sc sc sc sc,dg,desce por grau,s2s3d3,"sobe 2, sobe 3, desce 3",15,2870,0.0052
2/4,xxxx,sc sc sc sc,dg,desce por grau,d3d2s2,"desce 3, desce 2, sobe 2",15,2870,0.0052
2/4,xxxx,sc sc sc sc,dg,desce por grau,s2s3d1,"sobe 2, sobe 3, desce 1",15,2870,0.0052
2/4,xxxx,sc sc sc sc,dg,desce por grau,s4d2d2,"sobe 4, desce 2, desce 2",14,2870,0.0049
2/4,xxxx,sc sc sc sc,dg,desce por grau,d2s2s1,"desce 2, sobe 2, sobe 1",13,2870,0.0045
2/4,xxxx,sc sc sc sc,dg,desce por grau,s2d3s2,"sobe 2, desce 3, sobe 2",13,2870,0.0045
2/4,xxxx,sc sc sc sc,dg,desce por grau,d2rd1,"desce 2, repete, desce 1",12,2870,0.0042
2/4,xxxx,sc sc sc sc,dg,desce por grau,d2s2d2,"desce 2, sobe 2, desce 2",12,2870,0.0042
2/4,xxxx,sc sc sc sc,dg,desce por grau,d2s4d4,"desce 2, sobe 4, desce 4",12,2870,0.0042
2/4,xxxx,sc sc sc sc,dg,desce por grau,s2s1s1,"sobe 2, sobe 1, sobe 1",12,2870,0.0042
2/4,xxxx,sc sc sc sc,dg,desce por grau,d1d2s1,"desce 1, desce 2, sobe 1",12,2870,0.0042
2/4,xxxx,sc sc sc sc,dg,desce por grau,d1d1d2,"desce 1, desce 1, desce 2",11,2870,0.0038
2/4,xxxx,sc sc sc sc,dg,desce por grau,s5d1s1,"sobe 5, desce 1, sobe 1",11,2870,0.0038
2/4,xxxx,sc sc sc sc,dg,desce por grau,s3d1d1,"sobe 3, desce 1, desce 1",10,2870,0.0035
2/4,xxxx,sc sc sc sc,dg,desce por grau,s1d1d3,"sobe 1, desce 1, desce 3",10,2870,0.0035
2/4,xxxx,sc sc sc sc,dg,desce por grau,d4s1s1,"desce 4, sobe 1, sobe 1",10,2870,0.0035
2/4,xxxx,sc sc sc sc,dg,desce por grau,s2s3s1,"sobe 2, sobe 3, sobe 1",9,2870,0.0031
2/4,xxxx,sc sc sc sc,dg,desce por grau,d2rr,"desce 2, repete, repete",8,2870,0.0028
2/4,xxxx,sc sc sc sc,dg,desce por grau,d2rd2,"desce 2, repete, desce 2",8,2870,0.0028
2/4,xxxx,sc sc sc sc,dg,desce por grau,d1s1d1,"desce 1, sobe 1, desce 1",8,2870,0.0028
2/4,xxxx,sc sc sc sc,dg,desce por grau,d1s1d3,"desce 1, sobe 1, desce 3",8,2870,0.0028
2/4,xxxx,sc sc sc sc,dg,desce por grau,s5d2d2,"sobe 5, desce 2, desce 2",8,2870,0.0028
2/4,xxxx,sc sc sc sc,dg,desce por grau,d2d1s2,"desce 2, desce 1, sobe 2",8,2870,0.0028
2/4,xxxx,sc sc sc sc,dg,desce por grau,d1d2d2,"desce 1, desce 2, desce 2",7,2870,0.0024
2/4,xxxx,sc sc sc sc,dg,desce por grau,s2s2d1,"sobe 2, sobe 2, desce 1",7,2870,0.0024
2/4,xxxx,sc sc sc sc,dg,desce por grau,s2s2s3,"sobe 2, sobe 2, sobe 3",7,2870,0.0024
2/4,xxxx,sc sc sc sc,dg,desce por grau,s1d2d2,"sobe 1, desce 2, desce 2",7,2870,0.0024
2/4,xxxx,sc sc sc sc,dg,desce por grau,d2s1r,"desce 2, sobe 1, repete",7,2870,0.0024
2/4,xxxx,sc sc sc sc,dg,desce por grau,s2d2s2,"sobe 2, desce 2, sobe 2",6,2870,0.0021
2/4,xxxx,sc sc sc sc,dg,desce por grau,s1s3d1,"sobe 1, sobe 3, desce 1",6,2870,0.0021
2/4,xxxx,sc sc sc sc,dg,desce por grau,s1d3d1,"sobe 1, desce 3, desce 1",6,2870,0.0021
2/4,xxxx,sc sc sc sc,dg,desce por grau,s1d2d1,"sobe 1, desce 2, desce 1",6,2870,0.0021
2/4,xxxx,sc sc sc sc,dg,desce por grau,s2rr,"sobe 2, repete, repete",6,2870,0.0021
2/4,xxxx,sc sc sc sc,dg,desce por grau,d2d2s1,"desce 2, desce 2, sobe 1",6,2870,0.0021
2/4,xxxx,sc sc sc sc,dg,desce por grau,d5s2s3,"desce 5, sobe 2, sobe 3",6,2870,0.0021
2/4,xxxx,sc sc sc sc,dg,desce por grau,d4s2d2,"desce 4, sobe 2, desce 2",6,2870,0.0021
2/4,xxxx,sc sc sc sc,dg,desce por grau,d3s3s1,"desce 3, sobe 3, sobe 1",6,2870,0.0021
2/4,xxxx,sc sc sc sc,dg,desce por grau,d4rr,"desce 4, repete, repete",6,2870,0.0021
2/4,xxxx,sc sc sc sc,dg,desce por grau,s2d4d1,"sobe 2, desce 4, desce 1",6,2870,0.0021
2/4,xxxx,sc sc sc sc,dg,desce por grau,d1s5d2,"desce 1, sobe 5, desce 2",6,2870,0.0021
2/4,xxxx,sc sc sc sc,dg,desce por grau,rd1d1,"repete, desce 1, desce 1",5,2870,0.0017
2/4,xxxx,sc sc sc sc,dg,desce por grau,s1d1s1,"sobe 1, desce 1, sobe 1",5,2870,0.0017
2/4,xxxx,sc sc sc sc,dg,desce por grau,s1s2d2,"sobe 1, sobe 2, desce 2",5,2870,0.0017
2/4,xxxx,sc sc sc sc,dg,desce por grau,d2rs3,"desce 2, repete, sobe 3",5,2870,0.0017
2/4,xxxx,sc sc sc sc,dg,desce por grau,d2s5d5,"desce 2, sobe 5, desce 5",5,2870,0.0017
2/4,xxxx,sc sc sc sc,dg,desce por grau,s2d4s4,"sobe 2, desce 4, sobe 4",5,2870,0.0017
2/4,xxxx,sc sc sc sc,dg,desce por grau,d1s2d1,"desce 1, sobe 2, desce 1",5,2870,0.0017
2/4,xxxx,sc sc sc sc,dg,desce por grau,s3s2d1,"sobe 3, sobe 2, desce 1",5,2870,0.0017
2/4,xxxx,sc sc sc sc,dg,desce por grau,d2s5d2,"desce 2, sobe 5, desce 2",5,2870,0.0017
2/4,xxxx,sc sc sc sc,dg,desce por grau,d2d3s5,"desce 2, desce 3, sobe 5",5,2870,0.0017
2/4,xxxx,sc sc sc sc,dg,desce por grau,d2d3s3,"desce 2, desce 3, sobe 3",5,2870,0.0017
2/4,xxxx,sc sc sc sc,dg,desce por grau,d2s1d1,"desce 2, sobe 1, desce 1",5,2870,0.0017
2/4,xxxx,sc sc sc sc,dg,desce por grau,s3d5s2,"sobe 3, desce 5, sobe 2",5,2870,0.0017
2/4,xxxx,sc sc sc sc,dg,desce por grau,d4s5d5,"desce 4, sobe 5, desce 5",5,2870,0.0017
2/4,xxxx,sc sc sc sc,dg,desce por grau,d2rs1,"desce 2, repete, sobe 1",5,2870,0.0017
2/4,xxxx,sc sc sc sc,dg,desce por grau,s3s2d2,"sobe 3, sobe 2, desce 2",5,2870,0.0017
2/4,xxxx,sc sc sc sc,dg,desce por grau,s1d2s2,"sobe 1, desce 2, sobe 2",5,2870,0.0017
2/4,xxxx,sc sc sc sc,dg,desce por grau,s3d3d2,"sobe 3, desce 3, desce 2",4,2870,0.0014
2/4,xxxx,sc sc sc sc,dg,desce por grau,d3s1s1,"desce 3, sobe 1, sobe 1",4,2870,0.0014
2/4,xxxx,sc sc sc sc,dg,desce por grau,s2s1s2,"sobe 2, sobe 1, sobe 2",4,2870,0.0014
2/4,xxxx,sc sc sc sc,dg,desce por grau,s5d2d1,"sobe 5, desce 2, desce 1",4,2870,0.0014
2/4,xxxx,sc sc sc sc,dg,desce por grau,s4rr,"sobe 4, repete, repete",4,2870,0.0014
2/4,xxxx,sc sc sc sc,dg,desce por grau,s3d2d1,"sobe 3, desce 2, desce 1",4,2870,0.0014
2/4,xxxx,sc sc sc sc,dg,desce por grau,d3s3s2,"desce 3, sobe 3, sobe 2",4,2870,0.0014
2/4,xxxx,sc sc sc sc,dg,desce por grau,s1s3d2,"sobe 1, sobe 3, desce 2",4,2870,0.0014
2/4,xxxx,sc sc sc sc,dg,desce por grau,d2d2d1,"desce 2, desce 2, desce 1",4,2870,0.0014
2/4,xxxx,sc sc sc sc,dg,desce por grau,s4d2s2,"sobe 4, desce 2, sobe 2",4,2870,0.0014
2/4,xxxx,sc sc sc sc,dg,desce por grau,d2rs5,"desce 2, repete, sobe 5",4,2870,0.0014
2/4,xxxx,sc sc sc sc,dg,desce por grau,s3d1s2,"sobe 3, desce 1, sobe 2",4,2870,0.0014
2/4,xxxx,sc sc sc sc,dg,desce por grau,d2s3d1,"desce 2, sobe 3, desce 1",4,2870,0.0014
2/4,xxxx,sc sc sc sc,dg,desce por grau,d2s3d2,"desce 2, sobe 3, desce 2",4,2870,0.0014
2/4,xxxx,sc sc sc sc,dg,desce por grau,d2d2d3,"desce 2, desce 2, desce 3",4,2870,0.0014
2/4,xxxx,sc sc sc sc,dg,desce por grau,s2s3d5,"sobe 2, sobe 3, desce 5",3,2870,0.001
2/4,xxxx,sc sc sc sc,dg,desce por grau,rs1r,"repete, sobe 1, repete",3,2870,0.001
2/4,xxxx,sc sc sc sc,dg,desce por grau,rrd2,"repete, repete, desce 2",3,2870,0.001
2/4,xxxx,sc sc sc sc,dg,desce por grau,rs1s1,"repete, sobe 1, sobe 1",3,2870,0.001
2/4,xxxx,sc sc sc sc,dg,desce por grau,s3d2s2,"sobe 3, desce 2, sobe 2",3,2870,0.001
2/4,xxxx,sc sc sc sc,dg,desce por grau,d1d2s4,"desce 1, desce 2, sobe 4",3,2870,0.001
2/4,xxxx,sc sc sc sc,dg,desce por grau,s5d3d2,"sobe 5, desce 3, desce 2",3,2870,0.001
2/4,xxxx,sc sc sc sc,dg,desce por grau,d3rr,"desce 3, repete, repete",3,2870,0.001
2/4,xxxx,sc sc sc sc,dg,desce por grau,d1d2r,"desce 1, desce 2, repete",3,2870,0.001
2/4,xxxx,sc sc sc sc,dg,desce por grau,d1d2s3,"desce 1, desce 2, sobe 3",3,2870,0.001
2/4,xxxx,sc sc sc sc,dg,desce por grau,s1s1r,"sobe 1, sobe 1, repete",3,2870,0.001
2/4,xxxx,sc sc sc sc,dg,desce por grau,d2s5d1,"desce 2, sobe 5, desce 1",3,2870,0.001
2/4,xxxx,sc sc sc sc,dg,desce por grau,s5d1s2,"sobe 5, desce 1, sobe 2",3,2870,0.001
2/4,xxxx,sc sc sc sc,dg,desce por grau,s3s1s1,"sobe 3, sobe 1, sobe 1",3,2870,0.001
2/4,xxxx,sc sc sc sc,dg,desce por grau,s4d2d1,"sobe 4, desce 2, desce 1",3,2870,0.001
2/4,xxxx,sc sc sc sc,dg,desce por grau,d5s2s2,"desce 5, sobe 2, sobe 2",3,2870,0.001
2/4,xxxx,sc sc sc sc,dg,desce por grau,s3d1s1,"sobe 3, desce 1, sobe 1",3,2870,0.001
2/4,xxxx,sc sc sc sc,dg,desce por grau,d3s5d1,"desce 3, sobe 5, desce 1",3,2870,0.001
2/4,xxxx,sc sc sc sc,dg,desce por grau,s1s2d1,"sobe 1, sobe 2, desce 1",3,2870,0.001
2/4,xxxx,sc sc sc sc,dg,desce por grau,s2rs3,"sobe 2, repete, sobe 3",3,2870,0.001
2/4,xxxx,sc sc sc sc,dg,desce por grau,d1s2d2,"desce 1, sobe 2, desce 2",3,2870,0.001
2/4,xxxx,sc sc sc sc,dg,desce por grau,d3d2d2,"desce 3, desce 2, desce 2",3,2870,0.001
2/4,xxxx,sc sc sc sc,dg,desce por grau,s5d1d5,"sobe 5, desce 1, desce 5",3,2870,0.001
2/4,xxxx,sc sc sc sc,dg,desce por grau,d1d3s1,"desce 1, desce 3, sobe 1",3,2870,0.001
2/4,xxxx,sc sc sc sc,dg,desce por grau,d2s1s2,"desce 2, sobe 1, sobe 2",2,2870,0.0007
2/4,xxxx,sc sc sc sc,dg,desce por grau,s2s2s1,"sobe 2, sobe 2, sobe 1",2,2870,0.0007
2/4,xxxx,sc sc sc sc,dg,desce por grau,s1d1s2,"sobe 1, desce 1, sobe 2",2,2870,0.0007
2/4,xxxx,sc sc sc sc,dg,desce por grau,rd2r,"repete, desce 2, repete",2,2870,0.0007
2/4,xxxx,sc sc sc sc,dg,desce por grau,s3d2r,"sobe 3, desce 2, repete",2,2870,0.0007
2/4,xxxx,sc sc sc sc,dg,desce por grau,s1d2r,"sobe 1, desce 2, repete",2,2870,0.0007
2/4,xxxx,sc sc sc sc,dg,desce por grau,d1d1r,"desce 1, desce 1, repete",2,2870,0.0007
2/4,xxxx,sc sc sc sc,dg,desce por grau,s2d2d1,"sobe 2, desce 2, desce 1",2,2870,0.0007
2/4,xxxx,sc sc sc sc,dg,desce por grau,s1d3s2,"sobe 1, desce 3, sobe 2",2,2870,0.0007
2/4,xxxx,sc sc sc sc,dg,desce por grau,s1s2s2,"sobe 1, sobe 2, sobe 2",2,2870,0.0007
2/4,xxxx,sc sc sc sc,dg,desce por grau,d5d2s5,"desce 5, desce 2, sobe 5",2,2870,0.0007
2/4,xxxx,sc sc sc sc,dg,desce por grau,s1rs1,"sobe 1, repete, sobe 1",2,2870,0.0007
2/4,xxxx,sc sc sc sc,dg,desce por grau,s1s4d1,"sobe 1, sobe 4, desce 1",2,2870,0.0007
2/4,xxxx,sc sc sc sc,dg,desce por grau,rrs1,"repete, repete, sobe 1",2,2870,0.0007
2/4,xxxx,sc sc sc sc,dg,desce por grau,d1d2d3,"desce 1, desce 2, desce 3",2,2870,0.0007
2/4,xxxx,sc sc sc sc,dg,desce por grau,d2s2d5,"desce 2, sobe 2, desce 5",2,2870,0.0007
2/4,xxxx,sc sc sc sc,dg,desce por grau,s3d3s3,"sobe 3, desce 3, sobe 3",2,2870,0.0007
2/4,xxxx,sc sc sc sc,dg,desce por grau,d1d1s5,"desce 1, desce 1, sobe 5",2,2870,0.0007
2/4,xxxx,sc sc sc sc,dg,desce por grau,s3d3d1,"sobe 3, desce 3, desce 1",2,2870,0.0007
2/4,xxxx,sc sc sc sc,dg,desce por grau,s1rr,"sobe 1, repete, repete",2,2870,0.0007
2/4,xxxx,sc sc sc sc,dg,desce por grau,s1rs2,"sobe 1, repete, sobe 2",2,2870,0.0007
2/4,xxxx,sc sc sc sc,dg,desce por grau,d2d3d1,"desce 2, desce 3, desce 1",2,2870,0.0007
2/4,xxxx,sc sc sc sc,dg,desce por grau,d1s3d1,"desce 1, sobe 3, desce 1",2,2870,0.0007
2/4,xxxx,sc sc sc sc,dg,desce por grau,s3d2d2,"sobe 3, desce 2, desce 2",2,2870,0.0007
2/4,xxxx,sc sc sc sc,dg,desce por grau,s2d4s5,"sobe 2, desce 4, sobe 5",2,2870,0.0007
2/4,xxxx,sc sc sc sc,dg,desce por grau,s2d3d2,"sobe 2, desce 3, desce 2",2,2870,0.0007
2/4,xxxx,sc sc sc sc,dg,desce por grau,d4s5d3,"desce 4, sobe 5, desce 3",2,2870,0.0007
2/4,xxxx,sc sc sc sc,dg,desce por grau,s2d5s2,"sobe 2, desce 5, sobe 2",2,2870,0.0007
2/4,xxxx,sc sc sc sc,dg,desce por grau,s1d2d3,"sobe 1, desce 2, desce 3",2,2870,0.0007
2/4,xxxx,sc sc sc sc,dg,desce por grau,s5d3s3,"sobe 5, desce 3, sobe 3",2,2870,0.0007
2/4,xxxx,sc sc sc sc,dg,desce por grau,s3d1d2,"sobe 3, desce 1, desce 2",2,2870,0.0007
2/4,xxxx,sc sc sc sc,dg,desce por grau,d5rs5,"desce 5, repete, sobe 5",2,2870,0.0007
2/4,xxxx,sc sc sc sc,dg,desce por grau,d1s3d4,"desce 1, sobe 3, desce 4",2,2870,0.0007
2/4,xxxx,sc sc sc sc,dg,desce por grau,s2d5s3,"sobe 2, desce 5, sobe 3",2,2870,0.0007
2/4,xxxx,sc sc sc sc,dg,desce por grau,s2rd2,"sobe 2, repete, desce 2",2,2870,0.0007
2/4,xxxx,sc sc sc sc,dg,desce por grau,s2rs1,"sobe 2, repete, sobe 1",2,2870,0.0007
2/4,xxxx,sc sc sc sc,dg,desce por grau,d4rs3,"desce 4, repete, sobe 3",2,2870,0.0007
2/4,xxxx,sc sc sc sc,dg,desce por grau,d2d3d2,"desce 2, desce 3, desce 2",2,2870,0.0007
2/4,xxxx,sc sc sc sc,dg,desce por grau,d4s5d1,"desce 4, sobe 5, desce 1",2,2870,0.0007
2/4,xxxx,sc sc sc sc,dg,desce por grau,d5rs3,"desce 5, repete, sobe 3",2,2870,0.0007
2/4,xxxx,sc sc sc sc,dg,desce por grau,d5s3s2,"desce 5, sobe 3, sobe 2",2,2870,0.0007
2/4,xxxx,sc sc sc sc,dg,desce por grau,s2s1d1,"sobe 2, sobe 1, desce 1",2,2870,0.0007
2/4,xxxx,sc sc sc sc,dg,desce por grau,d5s5d1,"desce 5, sobe 5, desce 1",2,2870,0.0007
2/4,xxxx,sc sc sc sc,dg,desce por grau,d5d1s5,"desce 5, desce 1, sobe 5",2,2870,0.0007
2/4,xxxx,sc sc sc sc,dg,desce por grau,s1d3s1,"sobe 1, desce 3, sobe 1",2,2870,0.0007
2/4,xxxx,sc sc sc sc,dg,desce por grau,d3d2s5,"desce 3, desce 2, sobe 5",2,2870,0.0007
2/4,xxxx,sc sc sc sc,dg,desce por grau,s5d2d3,"sobe 5, desce 2, desce 3",2,2870,0.0007
2/4,x_x_,♪ ♪,ss,sobe por salto,r,repete,2071,6143,0.3371
2/4,x_x_,♪ ♪,ss,sobe por salto,d2,desce 2,1160,6143,0.1888
2/4,x_x_,♪ ♪,ss,sobe por salto,d1,desce 1,845,6143,0.1376
2/4,x_x_,♪ ♪,ss,sobe por salto,s1,sobe 1,601,6143,0.0978
2/4,x_x_,♪ ♪,ss,sobe por salto,s2,sobe 2,452,6143,0.0736
2/4,x_x_,♪ ♪,ss,sobe por salto,d3,desce 3,414,6143,0.0674
2/4,x_x_,♪ ♪,ss,sobe por salto,d5,desce 5,259,6143,0.0422
2/4,x_x_,♪ ♪,ss,sobe por salto,d4,desce 4,187,6143,0.0304
2/4,x_x_,♪ ♪,ss,sobe por salto,s3,sobe 3,127,6143,0.0207
2/4,x_x_,♪ ♪,ss,sobe por salto,s5,sobe 5,18,6143,0.0029
2/4,x_x_,♪ ♪,ss,sobe por salto,s4,sobe 4,9,6143,0.0015
2/4,x_xx,♪ sc sc,ds,desce por salto,d1s1,"desce 1, sobe 1",97,1023,0.0948
2/4,x_xx,♪ sc sc,ds,desce por salto,rd1,"repete, desce 1",93,1023,0.0909
2/4,x_xx,♪ sc sc,ds,desce por salto,rs2,"repete, sobe 2",88,1023,0.086
2/4,x_xx,♪ sc sc,ds,desce por salto,rs1,"repete, sobe 1",77,1023,0.0753
2/4,x_xx,♪ sc sc,ds,desce por salto,s1s1,"sobe 1, sobe 1",73,1023,0.0714
2/4,x_xx,♪ sc sc,ds,desce por salto,rr,"repete, repete",69,1023,0.0674
2/4,x_xx,♪ sc sc,ds,desce por salto,s1d1,"sobe 1, desce 1",60,1023,0.0587
2/4,x_xx,♪ sc sc,ds,desce por salto,d1d1,"desce 1, desce 1",49,1023,0.0479
2/4,x_xx,♪ sc sc,ds,desce por salto,s2d2,"sobe 2, desce 2",42,1023,0.0411
2/4,x_xx,♪ sc sc,ds,desce por salto,d2s2,"desce 2, sobe 2",28,1023,0.0274
2/4,x_xx,♪ sc sc,ds,desce por salto,s5d2,"sobe 5, desce 2",22,1023,0.0215
2/4,x_xx,♪ sc sc,ds,desce por salto,s5d1,"sobe 5, desce 1",20,1023,0.0196
2/4,x_xx,♪ sc sc,ds,desce por salto,s2r,"sobe 2, repete",20,1023,0.0196
2/4,x_xx,♪ sc sc,ds,desce por salto,s3d1,"sobe 3, desce 1",19,1023,0.0186
2/4,x_xx,♪ sc sc,ds,desce por salto,rd2,"repete, desce 2",19,1023,0.0186
2/4,x_xx,♪ sc sc,ds,desce por salto,s3s1,"sobe 3, sobe 1",18,1023,0.0176
2/4,x_xx,♪ sc sc,ds,desce por salto,s1s2,"sobe 1, sobe 2",18,1023,0.0176
2/4,x_xx,♪ sc sc,ds,desce por salto,s5s1,"sobe 5, sobe 1",16,1023,0.0156
2/4,x_xx,♪ sc sc,ds,desce por salto,s2s1,"sobe 2, sobe 1",13,1023,0.0127
2/4,x_xx,♪ sc sc,ds,desce por salto,s3r,"sobe 3, repete",13,1023,0.0127
2/4,x_xx,♪ sc sc,ds,desce por salto,d2r,"desce 2, repete",12,1023,0.0117
2/4,x_xx,♪ sc sc,ds,desce por salto,s3s2,"sobe 3, sobe 2",10,1023,0.0098
2/4,x_xx,♪ sc sc,ds,desce por salto,s5d5,"sobe 5, desce 5",10,1023,0.0098
2/4,x_xx,♪ sc sc,ds,desce por salto,s4d1,"sobe 4, desce 1",9,1023,0.0088
2/4,x_xx,♪ sc sc,ds,desce por salto,d1d2,"desce 1, desce 2",9,1023,0.0088
2/4,x_xx,♪ sc sc,ds,desce por salto,s1r,"sobe 1, repete",9,1023,0.0088
2/4,x_xx,♪ sc sc,ds,desce por salto,d2d1,"desce 2, desce 1",9,1023,0.0088
2/4,x_xx,♪ sc sc,ds,desce por salto,s2s2,"sobe 2, sobe 2",9,1023,0.0088
2/4,x_xx,♪ sc sc,ds,desce por salto,d1r,"desce 1, repete",8,1023,0.0078
2/4,x_xx,♪ sc sc,ds,desce por salto,d2s1,"desce 2, sobe 1",7,1023,0.0068
2/4,x_xx,♪ sc sc,ds,desce por salto,rs5,"repete, sobe 5",7,1023,0.0068
2/4,x_xx,♪ sc sc,ds,desce por salto,s5s2,"sobe 5, sobe 2",6,1023,0.0059
2/4,x_xx,♪ sc sc,ds,desce por salto,s2s3,"sobe 2, sobe 3",6,1023,0.0059
2/4,x_xx,♪ sc sc,ds,desce por salto,rs3,"repete, sobe 3",6,1023,0.0059
2/4,x_xx,♪ sc sc,ds,desce por salto,d3s2,"desce 3, sobe 2",4,1023,0.0039
2/4,x_xx,♪ sc sc,ds,desce por salto,s3d3,"sobe 3, desce 3",4,1023,0.0039
2/4,x_xx,♪ sc sc,ds,desce por salto,s2d1,"sobe 2, desce 1",4,1023,0.0039
2/4,x_xx,♪ sc sc,ds,desce por salto,d2s5,"desce 2, sobe 5",4,1023,0.0039
2/4,x_xx,♪ sc sc,ds,desce por salto,s4s1,"sobe 4, sobe 1",3,1023,0.0029
2/4,x_xx,♪ sc sc,ds,desce por salto,s1s5,"sobe 1, sobe 5",3,1023,0.0029
2/4,x_xx,♪ sc sc,ds,desce por salto,s3d2,"sobe 3, desce 2",3,1023,0.0029
2/4,x_xx,♪ sc sc,ds,desce por salto,s2d3,"sobe 2, desce 3",3,1023,0.0029
2/4,x_xx,♪ sc sc,ds,desce por salto,d2d2,"desce 2, desce 2",2,1023,0.002
2/4,x_xx,♪ sc sc,ds,desce por salto,d3r,"desce 3, repete",2,1023,0.002
2/4,x_xx,♪ sc sc,ds,desce por salto,s5d3,"sobe 5, desce 3",2,1023,0.002
2/4,x_xx,♪ sc sc,ds,desce por salto,d3d1,"desce 3, desce 1",2,1023,0.002
2/4,..xx,pausa ♪ sc sc,0,—,s1,sobe 1,96,271,0.3542
2/4,..xx,pausa ♪ sc sc,0,—,d1,desce 1,91,271,0.3358
2/4,..xx,pausa ♪ sc sc,0,—,s2,sobe 2,34,271,0.1255
2/4,..xx,pausa ♪ sc sc,0,—,r,repete,25,271,0.0923
2/4,..xx,pausa ♪ sc sc,0,—,d2,desce 2,19,271,0.0701
2/4,..xx,pausa ♪ sc sc,0,—,s3,sobe 3,4,271,0.0148
2/4,..xx,pausa ♪ sc sc,0,—,d3,desce 3,2,271,0.0074
2/4,x__x,♪. sc,sg,sobe por grau,s1,sobe 1,284,892,0.3184
2/4,x__x,♪. sc,sg,sobe por grau,d1,desce 1,257,892,0.2881
2/4,x__x,♪. sc,sg,sobe por grau,s2,sobe 2,100,892,0.1121
2/4,x__x,♪. sc,sg,sobe por grau,r,repete,89,892,0.0998
2/4,x__x,♪. sc,sg,sobe por grau,d2,desce 2,83,892,0.093
2/4,x__x,♪. sc,sg,sobe por grau,d3,desce 3,32,892,0.0359
2/4,x__x,♪. sc,sg,sobe por grau,s3,sobe 3,29,892,0.0325
2/4,x__x,♪. sc,sg,sobe por grau,d5,desce 5,8,892,0.009
2/4,x__x,♪. sc,sg,sobe por grau,s5,sobe 5,4,892,0.0045
2/4,x__x,♪. sc,sg,sobe por grau,s4,sobe 4,4,892,0.0045
2/4,x__x,♪. sc,sg,sobe por grau,d4,desce 4,2,892,0.0022
2/4,x__x,♪. sc,ds,desce por salto,s2,sobe 2,184,714,0.2577
2/4,x__x,♪. sc,ds,desce por salto,s1,sobe 1,175,714,0.2451
2/4,x__x,♪. sc,ds,desce por salto,d1,desce 1,166,714,0.2325
2/4,x__x,♪. sc,ds,desce por salto,r,repete,88,714,0.1232
2/4,x__x,♪. sc,ds,desce por salto,d2,desce 2,34,714,0.0476
2/4,x__x,♪. sc,ds,desce por salto,s5,sobe 5,26,714,0.0364
2/4,x__x,♪. sc,ds,desce por salto,s3,sobe 3,25,714,0.035
2/4,x__x,♪. sc,ds,desce por salto,d3,desce 3,10,714,0.014
2/4,x__x,♪. sc,ds,desce por salto,d5,desce 5,3,714,0.0042
2/4,x__x,♪. sc,ds,desce por salto,s4,sobe 4,2,714,0.0028
2/4,x__x,♪. sc,0,—,s1,sobe 1,46,156,0.2949
2/4,x__x,♪. sc,0,—,r,repete,40,156,0.2564
2/4,x__x,♪. sc,0,—,d1,desce 1,29,156,0.1859
2/4,x__x,♪. sc,0,—,s2,sobe 2,17,156,0.109
2/4,x__x,♪. sc,0,—,d2,desce 2,14,156,0.0897
2/4,x__x,♪. sc,0,—,d3,desce 3,6,156,0.0385
2/4,x__x,♪. sc,0,—,s3,sobe 3,3,156,0.0192
2/4,x__x,♪. sc,r,repete,d1,desce 1,179,633,0.2828
2/4,x__x,♪. sc,r,repete,s1,sobe 1,147,633,0.2322
2/4,x__x,♪. sc,r,repete,r,repete,124,633,0.1959
2/4,x__x,♪. sc,r,repete,d2,desce 2,64,633,0.1011
2/4,x__x,♪. sc,r,repete,s2,sobe 2,54,633,0.0853
2/4,x__x,♪. sc,r,repete,s3,sobe 3,22,633,0.0348
2/4,x__x,♪. sc,r,repete,d3,desce 3,15,633,0.0237
2/4,x__x,♪. sc,r,repete,s5,sobe 5,13,633,0.0205
2/4,x__x,♪. sc,r,repete,d5,desce 5,7,633,0.0111
2/4,x__x,♪. sc,r,repete,d4,desce 4,6,633,0.0095
2/4,x__x,♪. sc,r,repete,s4,sobe 4,2,633,0.0032
2/4,x_xx,♪ sc sc,r,repete,d1s1,"desce 1, sobe 1",102,1114,0.0916
2/4,x_xx,♪ sc sc,r,repete,d1d1,"desce 1, desce 1",98,1114,0.088
2/4,x_xx,♪ sc sc,r,repete,rr,"repete, repete",93,1114,0.0835
2/4,x_xx,♪ sc sc,r,repete,s1s1,"sobe 1, sobe 1",90,1114,0.0808
2/4,x_xx,♪ sc sc,r,repete,rs1,"repete, sobe 1",81,1114,0.0727
2/4,x_xx,♪ sc sc,r,repete,s1d1,"sobe 1, desce 1",75,1114,0.0673
2/4,x_xx,♪ sc sc,r,repete,s2s1,"sobe 2, sobe 1",52,1114,0.0467
2/4,x_xx,♪ sc sc,r,repete,d1d2,"desce 1, desce 2",34,1114,0.0305
2/4,x_xx,♪ sc sc,r,repete,d2d1,"desce 2, desce 1",33,1114,0.0296
2/4,x_xx,♪ sc sc,r,repete,rd1,"repete, desce 1",30,1114,0.0269
2/4,x_xx,♪ sc sc,r,repete,s2r,"sobe 2, repete",27,1114,0.0242
2/4,x_xx,♪ sc sc,r,repete,rs2,"repete, sobe 2",27,1114,0.0242
2/4,x_xx,♪ sc sc,r,repete,d2s2,"desce 2, sobe 2",26,1114,0.0233
2/4,x_xx,♪ sc sc,r,repete,s5s1,"sobe 5, sobe 1",24,1114,0.0215
2/4,x_xx,♪ sc sc,r,repete,s3d1,"sobe 3, desce 1",23,1114,0.0206
2/4,x_xx,♪ sc sc,r,repete,s5d1,"sobe 5, desce 1",21,1114,0.0189
2/4,x_xx,♪ sc sc,r,repete,d1r,"desce 1, repete",21,1114,0.0189
2/4,x_xx,♪ sc sc,r,repete,d2s1,"desce 2, sobe 1",18,1114,0.0162
2/4,x_xx,♪ sc sc,r,repete,rd2,"repete, desce 2",16,1114,0.0144
2/4,x_xx,♪ sc sc,r,repete,s1s2,"sobe 1, sobe 2",14,1114,0.0126
2/4,x_xx,♪ sc sc,r,repete,s2d2,"sobe 2, desce 2",14,1114,0.0126
2/4,x_xx,♪ sc sc,r,repete,d2r,"desce 2, repete",14,1114,0.0126
2/4,x_xx,♪ sc sc,r,repete,s4s1,"sobe 4, sobe 1",12,1114,0.0108
2/4,x_xx,♪ sc sc,r,repete,s2d1,"sobe 2, desce 1",11,1114,0.0099
2/4,x_xx,♪ sc sc,r,repete,s1r,"sobe 1, repete",10,1114,0.009
2/4,x_xx,♪ sc sc,r,repete,s4d1,"sobe 4, desce 1",10,1114,0.009
2/4,x_xx,♪ sc sc,r,repete,d3s1,"desce 3, sobe 1",10,1114,0.009
2/4,x_xx,♪ sc sc,r,repete,s3s1,"sobe 3, sobe 1",7,1114,0.0063
2/4,x_xx,♪ sc sc,r,repete,d5s1,"desce 5, sobe 1",7,1114,0.0063
2/4,x_xx,♪ sc sc,r,repete,s3r,"sobe 3, repete",7,1114,0.0063
2/4,x_xx,♪ sc sc,r,repete,s1d2,"sobe 1, desce 2",7,1114,0.0063
2/4,x_xx,♪ sc sc,r,repete,d3s3,"desce 3, sobe 3",7,1114,0.0063
2/4,x_xx,♪ sc sc,r,repete,s5d2,"sobe 5, desce 2",6,1114,0.0054
2/4,x_xx,♪ sc sc,r,repete,d2d2,"desce 2, desce 2",6,1114,0.0054
2/4,x_xx,♪ sc sc,r,repete,d3s2,"desce 3, sobe 2",6,1114,0.0054
2/4,x_xx,♪ sc sc,r,repete,s3d2,"sobe 3, desce 2",5,1114,0.0045
2/4,x_xx,♪ sc sc,r,repete,s5r,"sobe 5, repete",5,1114,0.0045
2/4,x_xx,♪ sc sc,r,repete,s4s2,"sobe 4, sobe 2",4,1114,0.0036
2/4,x_xx,♪ sc sc,r,repete,d4r,"desce 4, repete",4,1114,0.0036
2/4,x_xx,♪ sc sc,r,repete,d3r,"desce 3, repete",4,1114,0.0036
2/4,x_xx,♪ sc sc,r,repete,rd3,"repete, desce 3",4,1114,0.0036
2/4,x_xx,♪ sc sc,r,repete,s2s2,"sobe 2, sobe 2",4,1114,0.0036
2/4,x_xx,♪ sc sc,r,repete,s5d5,"sobe 5, desce 5",4,1114,0.0036
2/4,x_xx,♪ sc sc,r,repete,d3d1,"desce 3, desce 1",4,1114,0.0036
2/4,x_xx,♪ sc sc,r,repete,rs5,"repete, sobe 5",4,1114,0.0036
2/4,x_xx,♪ sc sc,r,repete,s3s2,"sobe 3, sobe 2",3,1114,0.0027
2/4,x_xx,♪ sc sc,r,repete,d5r,"desce 5, repete",3,1114,0.0027
2/4,x_xx,♪ sc sc,r,repete,d4s1,"desce 4, sobe 1",3,1114,0.0027
2/4,x_xx,♪ sc sc,r,repete,rs3,"repete, sobe 3",3,1114,0.0027
2/4,x_xx,♪ sc sc,r,repete,d4s2,"desce 4, sobe 2",3,1114,0.0027
2/4,x_xx,♪ sc sc,r,repete,d5s2,"desce 5, sobe 2",3,1114,0.0027
2/4,x_xx,♪ sc sc,r,repete,s4d2,"sobe 4, desce 2",3,1114,0.0027
2/4,x_xx,♪ sc sc,r,repete,s2s3,"sobe 2, sobe 3",2,1114,0.0018
2/4,x_xx,♪ sc sc,r,repete,d1s2,"desce 1, sobe 2",2,1114,0.0018
2/4,xxxx,sc sc sc sc,ds,desce por salto,s2d2d1,"sobe 2, desce 2, desce 1",64,1415,0.0452
2/4,xxxx,sc sc sc sc,ds,desce por salto,d1d1d1,"desce 1, desce 1, desce 1",48,1415,0.0339
2/4,xxxx,sc sc sc sc,ds,desce por salto,s2s2s3,"sobe 2, sobe 2, sobe 3",45,1415,0.0318
2/4,xxxx,sc sc sc sc,ds,desce por salto,s2d3s3,"sobe 2, desce 3, sobe 3",45,1415,0.0318
2/4,xxxx,sc sc sc sc,ds,desce por salto,s2s2d2,"sobe 2, sobe 2, desce 2",40,1415,0.0283
2/4,xxxx,sc sc sc sc,ds,desce por salto,s1s1d2,"sobe 1, sobe 1, desce 2",39,1415,0.0276
2/4,xxxx,sc sc sc sc,ds,desce por salto,s1s1s1,"sobe 1, sobe 1, sobe 1",38,1415,0.0269
2/4,xxxx,sc sc sc sc,ds,desce por salto,s3s2d2,"sobe 3, sobe 2, desce 2",37,1415,0.0261
2/4,xxxx,sc sc sc sc,ds,desce por salto,s3d1s1,"sobe 3, desce 1, sobe 1",34,1415,0.024
2/4,xxxx,sc sc sc sc,ds,desce por salto,s2s3s2,"sobe 2, sobe 3, sobe 2",32,1415,0.0226
2/4,xxxx,sc sc sc sc,ds,desce por salto,d1s1s2,"desce 1, sobe 1, sobe 2",32,1415,0.0226
2/4,xxxx,sc sc sc sc,ds,desce por salto,s4d2s2,"sobe 4, desce 2, sobe 2",30,1415,0.0212
2/4,xxxx,sc sc sc sc,ds,desce por salto,s1d1d2,"sobe 1, desce 1, desce 2",29,1415,0.0205
2/4,xxxx,sc sc sc sc,ds,desce por salto,s1d1d1,"sobe 1, desce 1, desce 1",28,1415,0.0198
2/4,xxxx,sc sc sc sc,ds,desce por salto,s2d2s2,"sobe 2, desce 2, sobe 2",25,1415,0.0177
2/4,xxxx,sc sc sc sc,ds,desce por salto,d1s1s1,"desce 1, sobe 1, sobe 1",24,1415,0.017
2/4,xxxx,sc sc sc sc,ds,desce por salto,s2s3d3,"sobe 2, sobe 3, desce 3",24,1415,0.017
2/4,xxxx,sc sc sc sc,ds,desce por salto,d2s2s2,"desce 2, sobe 2, sobe 2",24,1415,0.017
2/4,xxxx,sc sc sc sc,ds,desce por salto,s3s2s2,"sobe 3, sobe 2, sobe 2",23,1415,0.0163
2/4,xxxx,sc sc sc sc,ds,desce por salto,s2s1s1,"sobe 2, sobe 1, sobe 1",19,1415,0.0134
2/4,xxxx,sc sc sc sc,ds,desce por salto,d1d2s2,"desce 1, desce 2, sobe 2",17,1415,0.012
2/4,xxxx,sc sc sc sc,ds,desce por salto,s3d5s5,"sobe 3, desce 5, sobe 5",16,1415,0.0113
2/4,xxxx,sc sc sc sc,ds,desce por salto,s2d4s4,"sobe 2, desce 4, sobe 4",16,1415,0.0113
2/4,xxxx,sc sc sc sc,ds,desce por salto,d1d1s2,"desce 1, desce 1, sobe 2",15,1415,0.0106
2/4,xxxx,sc sc sc sc,ds,desce por salto,s2s2s2,"sobe 2, sobe 2, sobe 2",15,1415,0.0106
2/4,xxxx,sc sc sc sc,ds,desce por salto,d1d1s1,"desce 1, desce 1, sobe 1",14,1415,0.0099
2/4,xxxx,sc sc sc sc,ds,desce por salto,rrr,"repete, repete, repete",14,1415,0.0099
2/4,xxxx,sc sc sc sc,ds,desce por salto,d2s1d2,"desce 2, sobe 1, desce 2",14,1415,0.0099
2/4,xxxx,sc sc sc sc,ds,desce por salto,s2d3s1,"sobe 2, desce 3, sobe 1",14,1415,0.0099
2/4,xxxx,sc sc sc sc,ds,desce por salto,s2d3s2,"sobe 2, desce 3, sobe 2",14,1415,0.0099
2/4,xxxx,sc sc sc sc,ds,desce por salto,s2d1s1,"sobe 2, desce 1, sobe 1",14,1415,0.0099
2/4,xxxx,sc sc sc sc,ds,desce por salto,d2d2s2,"desce 2, desce 2, sobe 2",13,1415,0.0092
2/4,xxxx,sc sc sc sc,ds,desce por salto,s5d3s3,"sobe 5, desce 3, sobe 3",13,1415,0.0092
2/4,xxxx,sc sc sc sc,ds,desce por salto,s2s1s2,"sobe 2, sobe 1, sobe 2",12,1415,0.0085
2/4,xxxx,sc sc sc sc,ds,desce por salto,d2d2d2,"desce 2, desce 2, desce 2",12,1415,0.0085
2/4,xxxx,sc sc sc sc,ds,desce por salto,s2d1d1,"sobe 2, desce 1, desce 1",11,1415,0.0078
2/4,xxxx,sc sc sc sc,ds,desce por salto,s2s3s1,"sobe 2, sobe 3, sobe 1",11,1415,0.0078
2/4,xxxx,sc sc sc sc,ds,desce por salto,d1d2d1,"desce 1, desce 2, desce 1",10,1415,0.0071
2/4,xxxx,sc sc sc sc,ds,desce por salto,d1d1d2,"desce 1, desce 1, desce 2",10,1415,0.0071
2/4,xxxx,sc sc sc sc,ds,desce por salto,d1d2d2,"desce 1, desce 2, desce 2",10,1415,0.0071
2/4,xxxx,sc sc sc sc,ds,desce por salto,s2rr,"sobe 2, repete, repete",9,1415,0.0064
2/4,xxxx,sc sc sc sc,ds,desce por salto,s2rd2,"sobe 2, repete, desce 2",9,1415,0.0064
2/4,xxxx,sc sc sc sc,ds,desce por salto,s5d5s5,"sobe 5, desce 5, sobe 5",9,1415,0.0064
2/4,xxxx,sc sc sc sc,ds,desce por salto,s3rd1,"sobe 3, repete, desce 1",9,1415,0.0064
2/4,xxxx,sc sc sc sc,ds,desce por salto,d2s1s1,"desce 2, sobe 1, sobe 1",9,1415,0.0064
2/4,xxxx,sc sc sc sc,ds,desce por salto,s5d1s1,"sobe 5, desce 1, sobe 1",9,1415,0.0064
2/4,xxxx,sc sc sc sc,ds,desce por salto,s1s2s1,"sobe 1, sobe 2, sobe 1",9,1415,0.0064
2/4,xxxx,sc sc sc sc,ds,desce por salto,s1d2s1,"sobe 1, desce 2, sobe 1",8,1415,0.0057
2/4,xxxx,sc sc sc sc,ds,desce por salto,d2d1s1,"desce 2, desce 1, sobe 1",8,1415,0.0057
2/4,xxxx,sc sc sc sc,ds,desce por salto,s5rr,"sobe 5, repete, repete",8,1415,0.0057
2/4,xxxx,sc sc sc sc,ds,desce por salto,s5d3d2,"sobe 5, desce 3, desce 2",8,1415,0.0057
2/4,xxxx,sc sc sc sc,ds,desce por salto,s5d1d2,"sobe 5, desce 1, desce 2",8,1415,0.0057
2/4,xxxx,sc sc sc sc,ds,desce por salto,s5d2d2,"sobe 5, desce 2, desce 2",8,1415,0.0057
2/4,xxxx,sc sc sc sc,ds,desce por salto,s2d4s2,"sobe 2, desce 4, sobe 2",8,1415,0.0057
2/4,xxxx,sc sc sc sc,ds,desce por salto,s2rs2,"sobe 2, repete, sobe 2",8,1415,0.0057
2/4,xxxx,sc sc sc sc,ds,desce por salto,s3d5s2,"sobe 3, desce 5, sobe 2",7,1415,0.0049
2/4,xxxx,sc sc sc sc,ds,desce por salto,s3rs1,"sobe 3, repete, sobe 1",7,1415,0.0049
2/4,xxxx,sc sc sc sc,ds,desce por salto,s3d2s2,"sobe 3, desce 2, sobe 2",7,1415,0.0049
2/4,xxxx,sc sc sc sc,ds,desce por salto,s2s1d1,"sobe 2, sobe 1, desce 1",6,1415,0.0042
2/4,xxxx,sc sc sc sc,ds,desce por salto,s5d1d1,"sobe 5, desce 1, desce 1",6,1415,0.0042
2/4,xxxx,sc sc sc sc,ds,desce por salto,s2d5s3,"sobe 2, desce 5, sobe 3",6,1415,0.0042
2/4,xxxx,sc sc sc sc,ds,desce por salto,s2d5s5,"sobe 2, desce 5, sobe 5",6,1415,0.0042
2/4,xxxx,sc sc sc sc,ds,desce por salto,s2s3d1,"sobe 2, sobe 3, desce 1",6,1415,0.0042
2/4,xxxx,sc sc sc sc,ds,desce por salto,s1d2s2,"sobe 1, desce 2, sobe 2",6,1415,0.0042
2/4,xxxx,sc sc sc sc,ds,desce por salto,s3d1s2,"sobe 3, desce 1, sobe 2",5,1415,0.0035
2/4,xxxx,sc sc sc sc,ds,desce por salto,rrs2,"repete, repete, sobe 2",5,1415,0.0035
2/4,xxxx,sc sc sc sc,ds,desce por salto,d2rs2,"desce 2, repete, sobe 2",5,1415,0.0035
2/4,xxxx,sc sc sc sc,ds,desce por salto,s2d3d2,"sobe 2, desce 3, desce 2",5,1415,0.0035
2/4,xxxx,sc sc sc sc,ds,desce por salto,rrs5,"repete, repete, sobe 5",4,1415,0.0028
2/4,xxxx,sc sc sc sc,ds,desce por salto,s2d2d2,"sobe 2, desce 2, desce 2",4,1415,0.0028
2/4,xxxx,sc sc sc sc,ds,desce por salto,rd2s2,"repete, desce 2, sobe 2",4,1415,0.0028
2/4,xxxx,sc sc sc sc,ds,desce por salto,s1d1s1,"sobe 1, desce 1, sobe 1",4,1415,0.0028
2/4,xxxx,sc sc sc sc,ds,desce por salto,s4d2d2,"sobe 4, desce 2, desce 2",4,1415,0.0028
2/4,xxxx,sc sc sc sc,ds,desce por salto,s1s1s2,"sobe 1, sobe 1, sobe 2",4,1415,0.0028
2/4,xxxx,sc sc sc sc,ds,desce por salto,s5d2d1,"sobe 5, desce 2, desce 1",4,1415,0.0028
2/4,xxxx,sc sc sc sc,ds,desce por salto,d2s2s3,"desce 2, sobe 2, sobe 3",4,1415,0.0028
2/4,xxxx,sc sc sc sc,ds,desce por salto,rs2s1,"repete, sobe 2, sobe 1",4,1415,0.0028
2/4,xxxx,sc sc sc sc,ds,desce por salto,s2s3r,"sobe 2, sobe 3, repete",4,1415,0.0028
2/4,xxxx,sc sc sc sc,ds,desce por salto,d3d2s2,"desce 3, desce 2, sobe 2",4,1415,0.0028
2/4,xxxx,sc sc sc sc,ds,desce por salto,s5d5s2,"sobe 5, desce 5, sobe 2",4,1415,0.0028
2/4,xxxx,sc sc sc sc,ds,desce por salto,s2s2d4,"sobe 2, sobe 2, desce 4",4,1415,0.0028
2/4,xxxx,sc sc sc sc,ds,desce por salto,d2s4d4,"desce 2, sobe 4, desce 4",4,1415,0.0028
2/4,xxxx,sc sc sc sc,ds,desce por salto,s2s2d1,"sobe 2, sobe 2, desce 1",4,1415,0.0028
2/4,xxxx,sc sc sc sc,ds,desce por salto,d2d1d2,"desce 2, desce 1, desce 2",4,1415,0.0028
2/4,xxxx,sc sc sc sc,ds,desce por salto,d1d2s1,"desce 1, desce 2, sobe 1",4,1415,0.0028
2/4,xxxx,sc sc sc sc,ds,desce por salto,s4d5s5,"sobe 4, desce 5, sobe 5",4,1415,0.0028
2/4,xxxx,sc sc sc sc,ds,desce por salto,s2d1d2,"sobe 2, desce 1, desce 2",3,1415,0.0021
2/4,xxxx,sc sc sc sc,ds,desce por salto,s1d1d3,"sobe 1, desce 1, desce 3",3,1415,0.0021
2/4,xxxx,sc sc sc sc,ds,desce por salto,d1d2r,"desce 1, desce 2, repete",3,1415,0.0021
2/4,xxxx,sc sc sc sc,ds,desce por salto,d1rd2,"desce 1, repete, desce 2",3,1415,0.0021
2/4,xxxx,sc sc sc sc,ds,desce por salto,s5rd1,"sobe 5, repete, desce 1",3,1415,0.0021
2/4,xxxx,sc sc sc sc,ds,desce por salto,d1rd3,"desce 1, repete, desce 3",3,1415,0.0021
2/4,xxxx,sc sc sc sc,ds,desce por salto,s2d3d1,"sobe 2, desce 3, desce 1",3,1415,0.0021
2/4,xxxx,sc sc sc sc,ds,desce por salto,s1s1d1,"sobe 1, sobe 1, desce 1",3,1415,0.0021
2/4,xxxx,sc sc sc sc,ds,desce por salto,s4d1d2,"sobe 4, desce 1, desce 2",3,1415,0.0021
2/4,xxxx,sc sc sc sc,ds,desce por salto,s3s2s1,"sobe 3, sobe 2, sobe 1",3,1415,0.0021
2/4,xxxx,sc sc sc sc,ds,desce por salto,s3s1s1,"sobe 3, sobe 1, sobe 1",3,1415,0.0021
2/4,xxxx,sc sc sc sc,ds,desce por salto,d2s3d1,"desce 2, sobe 3, desce 1",3,1415,0.0021
2/4,xxxx,sc sc sc sc,ds,desce por salto,s5d5s4,"sobe 5, desce 5, sobe 4",3,1415,0.0021
2/4,xxxx,sc sc sc sc,ds,desce por salto,d2s5d5,"desce 2, sobe 5, desce 5",3,1415,0.0021
2/4,xxxx,sc sc sc sc,ds,desce por salto,s3d4s4,"sobe 3, desce 4, sobe 4",3,1415,0.0021
2/4,xxxx,sc sc sc sc,ds,desce por salto,s3rd3,"sobe 3, repete, desce 3",3,1415,0.0021
2/4,xxxx,sc sc sc sc,ds,desce por salto,d2rd3,"desce 2, repete, desce 3",3,1415,0.0021
2/4,xxxx,sc sc sc sc,ds,desce por salto,s5rs1,"sobe 5, repete, sobe 1",3,1415,0.0021
2/4,xxxx,sc sc sc sc,ds,desce por salto,s1rs1,"sobe 1, repete, sobe 1",3,1415,0.0021
2/4,xxxx,sc sc sc sc,ds,desce por salto,s3rs2,"sobe 3, repete, sobe 2",3,1415,0.0021
2/4,xxxx,sc sc sc sc,ds,desce por salto,s2s2r,"sobe 2, sobe 2, repete",2,1415,0.0014
2/4,xxxx,sc sc sc sc,ds,desce por salto,rrs3,"repete, repete, sobe 3",2,1415,0.0014
2/4,xxxx,sc sc sc sc,ds,desce por salto,s1d2d1,"sobe 1, desce 2, desce 1",2,1415,0.0014
2/4,xxxx,sc sc sc sc,ds,desce por salto,d5rr,"desce 5, repete, repete",2,1415,0.0014
2/4,xxxx,sc sc sc sc,ds,desce por salto,s1d1s2,"sobe 1, desce 1, sobe 2",2,1415,0.0014
2/4,xxxx,sc sc sc sc,ds,desce por salto,d1d2s3,"desce 1, desce 2, sobe 3",2,1415,0.0014
2/4,xxxx,sc sc sc sc,ds,desce por salto,d1s3d2,"desce 1, sobe 3, desce 2",2,1415,0.0014
2/4,xxxx,sc sc sc sc,ds,desce por salto,d1d4s1,"desce 1, desce 4, sobe 1",2,1415,0.0014
2/4,xxxx,sc sc sc sc,ds,desce por salto,d2s2s1,"desce 2, sobe 2, sobe 1",2,1415,0.0014
2/4,xxxx,sc sc sc sc,ds,desce por salto,d2rd2,"desce 2, repete, desce 2",2,1415,0.0014
2/4,xxxx,sc sc sc sc,ds,desce por salto,s1d2d2,"sobe 1, desce 2, desce 2",2,1415,0.0014
2/4,xxxx,sc sc sc sc,ds,desce por salto,rrd1,"repete, repete, desce 1",2,1415,0.0014
2/4,xxxx,sc sc sc sc,ds,desce por salto,s5d2s2,"sobe 5, desce 2, sobe 2",2,1415,0.0014
2/4,xxxx,sc sc sc sc,ds,desce por salto,s5s2d1,"sobe 5, sobe 2, desce 1",2,1415,0.0014
2/4,xxxx,sc sc sc sc,ds,desce por salto,d1s1d3,"desce 1, sobe 1, desce 3",2,1415,0.0014
2/4,xxxx,sc sc sc sc,ds,desce por salto,d1s1d2,"desce 1, sobe 1, desce 2",2,1415,0.0014
2/4,xxxx,sc sc sc sc,ds,desce por salto,d1s1r,"desce 1, sobe 1, repete",2,1415,0.0014
2/4,xxxx,sc sc sc sc,ds,desce por salto,s1s1s5,"sobe 1, sobe 1, sobe 5",2,1415,0.0014
2/4,xxxx,sc sc sc sc,ds,desce por salto,s3d3d2,"sobe 3, desce 3, desce 2",2,1415,0.0014
2/4,xxxx,sc sc sc sc,ds,desce por salto,s3d2d1,"sobe 3, desce 2, desce 1",2,1415,0.0014
2/4,xxxx,sc sc sc sc,ds,desce por salto,s4d1s1,"sobe 4, desce 1, sobe 1",2,1415,0.0014
2/4,xxxx,sc sc sc sc,ds,desce por salto,s3s2d1,"sobe 3, sobe 2, desce 1",2,1415,0.0014
2/4,xxxx,sc sc sc sc,ds,desce por salto,d2d2d3,"desce 2, desce 2, desce 3",2,1415,0.0014
2/4,xxxx,sc sc sc sc,ds,desce por salto,d1rr,"desce 1, repete, repete",2,1415,0.0014
2/4,xxxx,sc sc sc sc,ds,desce por salto,d3s3s2,"desce 3, sobe 3, sobe 2",2,1415,0.0014
2/4,xxxx,sc sc sc sc,ds,desce por salto,s2s2s1,"sobe 2, sobe 2, sobe 1",2,1415,0.0014
2/4,xxxx,sc sc sc sc,ds,desce por salto,s5s1d5,"sobe 5, sobe 1, desce 5",2,1415,0.0014
2/4,xxxx,sc sc sc sc,ds,desce por salto,s2rs3,"sobe 2, repete, sobe 3",2,1415,0.0014
2/4,xxxx,sc sc sc sc,ds,desce por salto,s5s2d2,"sobe 5, sobe 2, desce 2",2,1415,0.0014
2/4,xxxx,sc sc sc sc,ds,desce por salto,s3d1d1,"sobe 3, desce 1, desce 1",2,1415,0.0014
2/4,xxxx,sc sc sc sc,ds,desce por salto,s2s2s5,"sobe 2, sobe 2, sobe 5",2,1415,0.0014
2/4,xxxx,sc sc sc sc,ds,desce por salto,s2s3s4,"sobe 2, sobe 3, sobe 4",2,1415,0.0014
2/4,xxxx,sc sc sc sc,ds,desce por salto,d2s5d1,"desce 2, sobe 5, desce 1",2,1415,0.0014
2/4,xxxx,sc sc sc sc,ds,desce por salto,s5rd2,"sobe 5, repete, desce 2",2,1415,0.0014
2/4,xxxx,sc sc sc sc,ds,desce por salto,d2s1s2,"desce 2, sobe 1, sobe 2",2,1415,0.0014
2/4,xxxx,sc sc sc sc,ds,desce por salto,s2s5s2,"sobe 2, sobe 5, sobe 2",2,1415,0.0014
2/4,xxxx,sc sc sc sc,0,—,s1s1s1,"sobe 1, sobe 1, sobe 1",6,64,0.0938
2/4,xxxx,sc sc sc sc,0,—,s1d1d1,"sobe 1, desce 1, desce 1",5,64,0.0781
2/4,xxxx,sc sc sc sc,0,—,d1s1s1,"desce 1, sobe 1, sobe 1",4,64,0.0625
2/4,xxxx,sc sc sc sc,0,—,s2d2d1,"sobe 2, desce 2, desce 1",4,64,0.0625
2/4,xxxx,sc sc sc sc,0,—,rrr,"repete, repete, repete",3,64,0.0469
2/4,xxxx,sc sc sc sc,0,—,d1s1s2,"desce 1, sobe 1, sobe 2",3,64,0.0469
2/4,xxxx,sc sc sc sc,0,—,s2s2d2,"sobe 2, sobe 2, desce 2",2,64,0.0313
2/4,xxxx,sc sc sc sc,0,—,s1d1d2,"sobe 1, desce 1, desce 2",2,64,0.0313
2/4,xxxx,sc sc sc sc,0,—,s2rs1,"sobe 2, repete, sobe 1",2,64,0.0313
2/4,xxxx,sc sc sc sc,0,—,rrs1,"repete, repete, sobe 1",2,64,0.0313
2/4,xxxx,sc sc sc sc,0,—,d2rd1,"desce 2, repete, desce 1",2,64,0.0313
2/4,xxxx,sc sc sc sc,0,—,s2s2s3,"sobe 2, sobe 2, sobe 3",2,64,0.0313
2/4,x__x,♪. sc,dg,desce por grau,s1,sobe 1,306,927,0.3301
2/4,x__x,♪. sc,dg,desce por grau,d1,desce 1,298,927,0.3215
2/4,x__x,♪. sc,dg,desce por grau,d2,desce 2,105,927,0.1133
2/4,x__x,♪. sc,dg,desce por grau,r,repete,104,927,0.1122
2/4,x__x,♪. sc,dg,desce por grau,s2,sobe 2,66,927,0.0712
2/4,x__x,♪. sc,dg,desce por grau,s3,sobe 3,23,927,0.0248
2/4,x__x,♪. sc,dg,desce por grau,s5,sobe 5,11,927,0.0119
2/4,x__x,♪. sc,dg,desce por grau,d3,desce 3,5,927,0.0054
2/4,x__x,♪. sc,dg,desce por grau,d4,desce 4,5,927,0.0054
2/4,x__x,♪. sc,dg,desce por grau,d5,desce 5,3,927,0.0032
2/4,..xx,pausa ♪ sc sc,ds,desce por salto,s2,sobe 2,24,65,0.3692
2/4,..xx,pausa ♪ sc sc,ds,desce por salto,s1,sobe 1,21,65,0.3231
2/4,..xx,pausa ♪ sc sc,ds,desce por salto,r,repete,18,65,0.2769
2/4,..xx,pausa ♪ sc sc,ds,desce por salto,d1,desce 1,2,65,0.0308
2/4,xxx_,sc sc ♪,sg,sobe por grau,d1d1,"desce 1, desce 1",39,327,0.1193
2/4,xxx_,sc sc ♪,sg,sobe por grau,s1s1,"sobe 1, sobe 1",30,327,0.0917
2/4,xxx_,sc sc ♪,sg,sobe por grau,d1d2,"desce 1, desce 2",30,327,0.0917
2/4,xxx_,sc sc ♪,sg,sobe por grau,rr,"repete, repete",28,327,0.0856
2/4,xxx_,sc sc ♪,sg,sobe por grau,d2r,"desce 2, repete",28,327,0.0856
2/4,xxx_,sc sc ♪,sg,sobe por grau,s1d2,"sobe 1, desce 2",19,327,0.0581
2/4,xxx_,sc sc ♪,sg,sobe por grau,d1s1,"desce 1, sobe 1",19,327,0.0581
2/4,xxx_,sc sc ♪,sg,sobe por grau,d2s1,"desce 2, sobe 1",15,327,0.0459
2/4,xxx_,sc sc ♪,sg,sobe por grau,rs1,"repete, sobe 1",13,327,0.0398
2/4,xxx_,sc sc ♪,sg,sobe por grau,d1d3,"desce 1, desce 3",12,327,0.0367
2/4,xxx_,sc sc ♪,sg,sobe por grau,s2d2,"sobe 2, desce 2",11,327,0.0336
2/4,xxx_,sc sc ♪,sg,sobe por grau,s2d3,"sobe 2, desce 3",10,327,0.0306
2/4,xxx_,sc sc ♪,sg,sobe por grau,s2d5,"sobe 2, desce 5",9,327,0.0275
2/4,xxx_,sc sc ♪,sg,sobe por grau,d1r,"desce 1, repete",7,327,0.0214
2/4,xxx_,sc sc ♪,sg,sobe por grau,s1d1,"sobe 1, desce 1",5,327,0.0153
2/4,xxx_,sc sc ♪,sg,sobe por grau,d2d2,"desce 2, desce 2",5,327,0.0153
2/4,xxx_,sc sc ♪,sg,sobe por grau,s2s1,"sobe 2, sobe 1",5,327,0.0153
2/4,xxx_,sc sc ♪,sg,sobe por grau,d2d1,"desce 2, desce 1",4,327,0.0122
2/4,xxx_,sc sc ♪,sg,sobe por grau,s2d4,"sobe 2, desce 4",4,327,0.0122
2/4,xxx_,sc sc ♪,sg,sobe por grau,s3d4,"sobe 3, desce 4",4,327,0.0122
2/4,xxx_,sc sc ♪,sg,sobe por grau,s1s2,"sobe 1, sobe 2",3,327,0.0092
2/4,xxx_,sc sc ♪,sg,sobe por grau,rd1,"repete, desce 1",3,327,0.0092
2/4,xxx_,sc sc ♪,sg,sobe por grau,s2r,"sobe 2, repete",3,327,0.0092
2/4,xxx_,sc sc ♪,sg,sobe por grau,d4r,"desce 4, repete",3,327,0.0092
2/4,xxx_,sc sc ♪,sg,sobe por grau,d2s3,"desce 2, sobe 3",2,327,0.0061
2/4,xxx_,sc sc ♪,sg,sobe por grau,rd2,"repete, desce 2",2,327,0.0061
2/4,__xx,(lig.) ♪ sc sc,ss,sobe por salto,d2,desce 2,21,74,0.2838
2/4,__xx,(lig.) ♪ sc sc,ss,sobe por salto,s1,sobe 1,19,74,0.2568
2/4,__xx,(lig.) ♪ sc sc,ss,sobe por salto,d1,desce 1,14,74,0.1892
2/4,__xx,(lig.) ♪ sc sc,ss,sobe por salto,s2,sobe 2,13,74,0.1757
2/4,__xx,(lig.) ♪ sc sc,ss,sobe por salto,r,repete,4,74,0.0541
2/4,__xx,(lig.) ♪ sc sc,ss,sobe por salto,d5,desce 5,2,74,0.027
2/4,xxx_,sc sc ♪,dg,desce por grau,d1d2,"desce 1, desce 2",80,494,0.1619
2/4,xxx_,sc sc ♪,dg,desce por grau,s1s1,"sobe 1, sobe 1",65,494,0.1316
2/4,xxx_,sc sc ♪,dg,desce por grau,d1d1,"desce 1, desce 1",39,494,0.0789
2/4,xxx_,sc sc ♪,dg,desce por grau,d2r,"desce 2, repete",38,494,0.0769
2/4,xxx_,sc sc ♪,dg,desce por grau,rr,"repete, repete",22,494,0.0445
2/4,xxx_,sc sc ♪,dg,desce por grau,d1s1,"desce 1, sobe 1",21,494,0.0425
2/4,xxx_,sc sc ♪,dg,desce por grau,s1s2,"sobe 1, sobe 2",20,494,0.0405
2/4,xxx_,sc sc ♪,dg,desce por grau,s1d1,"sobe 1, desce 1",20,494,0.0405
2/4,xxx_,sc sc ♪,dg,desce por grau,d2s2,"desce 2, sobe 2",16,494,0.0324
2/4,xxx_,sc sc ♪,dg,desce por grau,s1d2,"sobe 1, desce 2",16,494,0.0324
2/4,xxx_,sc sc ♪,dg,desce por grau,s1d3,"sobe 1, desce 3",15,494,0.0304
2/4,xxx_,sc sc ♪,dg,desce por grau,s2d4,"sobe 2, desce 4",13,494,0.0263
2/4,xxx_,sc sc ♪,dg,desce por grau,d2d2,"desce 2, desce 2",12,494,0.0243
2/4,xxx_,sc sc ♪,dg,desce por grau,rd1,"repete, desce 1",11,494,0.0223
2/4,xxx_,sc sc ♪,dg,desce por grau,s5d2,"sobe 5, desce 2",8,494,0.0162
2/4,xxx_,sc sc ♪,dg,desce por grau,rs1,"repete, sobe 1",7,494,0.0142
2/4,xxx_,sc sc ♪,dg,desce por grau,s2s3,"sobe 2, sobe 3",7,494,0.0142
2/4,xxx_,sc sc ♪,dg,desce por grau,d2d1,"desce 2, desce 1",7,494,0.0142
2/4,xxx_,sc sc ♪,dg,desce por grau,s2d1,"sobe 2, desce 1",7,494,0.0142
2/4,xxx_,sc sc ♪,dg,desce por grau,rs2,"repete, sobe 2",6,494,0.0121
2/4,xxx_,sc sc ♪,dg,desce por grau,s1d4,"sobe 1, desce 4",6,494,0.0121
2/4,xxx_,sc sc ♪,dg,desce por grau,rd2,"repete, desce 2",6,494,0.0121
2/4,xxx_,sc sc ♪,dg,desce por grau,d1r,"desce 1, repete",6,494,0.0121
2/4,xxx_,sc sc ♪,dg,desce por grau,s2d5,"sobe 2, desce 5",4,494,0.0081
2/4,xxx_,sc sc ♪,dg,desce por grau,s1s5,"sobe 1, sobe 5",4,494,0.0081
2/4,xxx_,sc sc ♪,dg,desce por grau,d3s3,"desce 3, sobe 3",4,494,0.0081
2/4,xxx_,sc sc ♪,dg,desce por grau,d2s1,"desce 2, sobe 1",4,494,0.0081
2/4,xxx_,sc sc ♪,dg,desce por grau,d1s5,"desce 1, sobe 5",3,494,0.0061
2/4,xxx_,sc sc ♪,dg,desce por grau,rs3,"repete, sobe 3",3,494,0.0061
2/4,xxx_,sc sc ♪,dg,desce por grau,d5r,"desce 5, repete",3,494,0.0061
2/4,xxx_,sc sc ♪,dg,desce por grau,s1r,"sobe 1, repete",2,494,0.004
2/4,xxx_,sc sc ♪,dg,desce por grau,s2d2,"sobe 2, desce 2",2,494,0.004
2/4,xxx_,sc sc ♪,dg,desce por grau,d2s3,"desce 2, sobe 3",2,494,0.004
2/4,xxx_,sc sc ♪,dg,desce por grau,d1s4,"desce 1, sobe 4",2,494,0.004
2/4,xxx_,sc sc ♪,dg,desce por grau,d2s5,"desce 2, sobe 5",2,494,0.004
2/4,xxx_,sc sc ♪,dg,desce por grau,s2s2,"sobe 2, sobe 2",2,494,0.004
2/4,x__x,♪. sc,ss,sobe por salto,s1,sobe 1,325,1280,0.2539
2/4,x__x,♪. sc,ss,sobe por salto,d1,desce 1,300,1280,0.2344
2/4,x__x,♪. sc,ss,sobe por salto,d2,desce 2,209,1280,0.1633
2/4,x__x,♪. sc,ss,sobe por salto,r,repete,199,1280,0.1555
2/4,x__x,♪. sc,ss,sobe por salto,s2,sobe 2,95,1280,0.0742
2/4,x__x,♪. sc,ss,sobe por salto,d3,desce 3,76,1280,0.0594
2/4,x__x,♪. sc,ss,sobe por salto,d5,desce 5,37,1280,0.0289
2/4,x__x,♪. sc,ss,sobe por salto,s3,sobe 3,24,1280,0.0187
2/4,x__x,♪. sc,ss,sobe por salto,d4,desce 4,12,1280,0.0094
2/4,x__x,♪. sc,ss,sobe por salto,s5,sobe 5,3,1280,0.0023
2/4,xx__,sc ♪.,ds,desce por salto,s2,sobe 2,11,31,0.3548
2/4,xx__,sc ♪.,ds,desce por salto,d2,desce 2,5,31,0.1613
2/4,xx__,sc ♪.,ds,desce por salto,d1,desce 1,5,31,0.1613
2/4,xx__,sc ♪.,ds,desce por salto,s4,sobe 4,3,31,0.0968
2/4,xx__,sc ♪.,ds,desce por salto,s1,sobe 1,3,31,0.0968
2/4,xx__,sc ♪.,ds,desce por salto,r,repete,2,31,0.0645
2/4,..xx,pausa ♪ sc sc,sg,sobe por grau,d1,desce 1,10,24,0.4167
2/4,..xx,pausa ♪ sc sc,sg,sobe por grau,s1,sobe 1,8,24,0.3333
2/4,..xx,pausa ♪ sc sc,sg,sobe por grau,s2,sobe 2,4,24,0.1667
2/4,..xx,pausa ♪ sc sc,sg,sobe por grau,r,repete,2,24,0.0833
2/4,..xx,pausa ♪ sc sc,ss,sobe por salto,s1,sobe 1,24,56,0.4286
2/4,..xx,pausa ♪ sc sc,ss,sobe por salto,r,repete,13,56,0.2321
2/4,..xx,pausa ♪ sc sc,ss,sobe por salto,d2,desce 2,7,56,0.125
2/4,..xx,pausa ♪ sc sc,ss,sobe por salto,s2,sobe 2,6,56,0.1071
2/4,..xx,pausa ♪ sc sc,ss,sobe por salto,d1,desce 1,5,56,0.0893
2/4,xxxx,sc sc sc sc,r,repete,d1d1d1,"desce 1, desce 1, desce 1",89,755,0.1179
2/4,xxxx,sc sc sc sc,r,repete,s1d1d1,"sobe 1, desce 1, desce 1",39,755,0.0517
2/4,xxxx,sc sc sc sc,r,repete,s1s1d2,"sobe 1, sobe 1, desce 2",31,755,0.0411
2/4,xxxx,sc sc sc sc,r,repete,d1d1s1,"desce 1, desce 1, sobe 1",30,755,0.0397
2/4,xxxx,sc sc sc sc,r,repete,d1s1s1,"desce 1, sobe 1, sobe 1",29,755,0.0384
2/4,xxxx,sc sc sc sc,r,repete,d1d2s2,"desce 1, desce 2, sobe 2",28,755,0.0371
2/4,xxxx,sc sc sc sc,r,repete,d1s2d2,"desce 1, sobe 2, desce 2",26,755,0.0344
2/4,xxxx,sc sc sc sc,r,repete,d1rd1,"desce 1, repete, desce 1",22,755,0.0291
2/4,xxxx,sc sc sc sc,r,repete,s1s1s1,"sobe 1, sobe 1, sobe 1",21,755,0.0278
2/4,xxxx,sc sc sc sc,r,repete,rrr,"repete, repete, repete",17,755,0.0225
2/4,xxxx,sc sc sc sc,r,repete,s1d1d2,"sobe 1, desce 1, desce 2",16,755,0.0212
2/4,xxxx,sc sc sc sc,r,repete,d1s1d2,"desce 1, sobe 1, desce 2",15,755,0.0199
2/4,xxxx,sc sc sc sc,r,repete,s2d2d1,"sobe 2, desce 2, desce 1",14,755,0.0185
2/4,xxxx,sc sc sc sc,r,repete,s2s2d2,"sobe 2, sobe 2, desce 2",14,755,0.0185
2/4,xxxx,sc sc sc sc,r,repete,s1s2s1,"sobe 1, sobe 2, sobe 1",14,755,0.0185
2/4,xxxx,sc sc sc sc,r,repete,s2s2s3,"sobe 2, sobe 2, sobe 3",13,755,0.0172
2/4,xxxx,sc sc sc sc,r,repete,s2d1d1,"sobe 2, desce 1, desce 1",12,755,0.0159
2/4,xxxx,sc sc sc sc,r,repete,d1d1s2,"desce 1, desce 1, sobe 2",12,755,0.0159
2/4,xxxx,sc sc sc sc,r,repete,d1d1d2,"desce 1, desce 1, desce 2",11,755,0.0146
2/4,xxxx,sc sc sc sc,r,repete,d1rr,"desce 1, repete, repete",9,755,0.0119
2/4,xxxx,sc sc sc sc,r,repete,s1s1s2,"sobe 1, sobe 1, sobe 2",8,755,0.0106
2/4,xxxx,sc sc sc sc,r,repete,d1d2d2,"desce 1, desce 2, desce 2",8,755,0.0106
2/4,xxxx,sc sc sc sc,r,repete,s2s2s1,"sobe 2, sobe 2, sobe 1",8,755,0.0106
2/4,xxxx,sc sc sc sc,r,repete,d1rd2,"desce 1, repete, desce 2",7,755,0.0093
2/4,xxxx,sc sc sc sc,r,repete,d2d1d1,"desce 2, desce 1, desce 1",6,755,0.0079
2/4,xxxx,sc sc sc sc,r,repete,d1s2d1,"desce 1, sobe 2, desce 1",6,755,0.0079
2/4,xxxx,sc sc sc sc,r,repete,d2s1d2,"desce 2, sobe 1, desce 2",6,755,0.0079
2/4,xxxx,sc sc sc sc,r,repete,rrs1,"repete, repete, sobe 1",6,755,0.0079
2/4,xxxx,sc sc sc sc,r,repete,d2d1s1,"desce 2, desce 1, sobe 1",6,755,0.0079
2/4,xxxx,sc sc sc sc,r,repete,d2d2s2,"desce 2, desce 2, sobe 2",6,755,0.0079
2/4,xxxx,sc sc sc sc,r,repete,d2d1d2,"desce 2, desce 1, desce 2",5,755,0.0066
2/4,xxxx,sc sc sc sc,r,repete,s3d5s2,"sobe 3, desce 5, sobe 2",5,755,0.0066
2/4,xxxx,sc sc sc sc,r,repete,s2s1s2,"sobe 2, sobe 1, sobe 2",5,755,0.0066
2/4,xxxx,sc sc sc sc,r,repete,d3d2d2,"desce 3, desce 2, desce 2",5,755,0.0066
2/4,xxxx,sc sc sc sc,r,repete,d2s1s1,"desce 2, sobe 1, sobe 1",4,755,0.0053
2/4,xxxx,sc sc sc sc,r,repete,d1s1s2,"desce 1, sobe 1, sobe 2",4,755,0.0053
2/4,xxxx,sc sc sc sc,r,repete,s2s1s1,"sobe 2, sobe 1, sobe 1",4,755,0.0053
2/4,xxxx,sc sc sc sc,r,repete,s2s3d2,"sobe 2, sobe 3, desce 2",4,755,0.0053
2/4,xxxx,sc sc sc sc,r,repete,s1d1s1,"sobe 1, desce 1, sobe 1",4,755,0.0053
2/4,xxxx,sc sc sc sc,r,repete,rs1d1,"repete, sobe 1, desce 1",4,755,0.0053
2/4,xxxx,sc sc sc sc,r,repete,s1d2d2,"sobe 1, desce 2, desce 2",4,755,0.0053
2/4,xxxx,sc sc sc sc,r,repete,s3d3d1,"sobe 3, desce 3, desce 1",4,755,0.0053
2/4,xxxx,sc sc sc sc,r,repete,d3s1d1,"desce 3, sobe 1, desce 1",4,755,0.0053
2/4,xxxx,sc sc sc sc,r,repete,s5d1d1,"sobe 5, desce 1, desce 1",4,755,0.0053
2/4,xxxx,sc sc sc sc,r,repete,s3d1d1,"sobe 3, desce 1, desce 1",4,755,0.0053
2/4,xxxx,sc sc sc sc,r,repete,d1d2s1,"desce 1, desce 2, sobe 1",3,755,0.004
2/4,xxxx,sc sc sc sc,r,repete,s1d3d1,"sobe 1, desce 3, desce 1",3,755,0.004
2/4,xxxx,sc sc sc sc,r,repete,d2s3d1,"desce 2, sobe 3, desce 1",3,755,0.004
2/4,xxxx,sc sc sc sc,r,repete,d2s5d2,"desce 2, sobe 5, desce 2",3,755,0.004
2/4,xxxx,sc sc sc sc,r,repete,rd1d1,"repete, desce 1, desce 1",3,755,0.004
2/4,xxxx,sc sc sc sc,r,repete,d4s2d2,"desce 4, sobe 2, desce 2",3,755,0.004
2/4,xxxx,sc sc sc sc,r,repete,d1d2d1,"desce 1, desce 2, desce 1",3,755,0.004
2/4,xxxx,sc sc sc sc,r,repete,s2s3d3,"sobe 2, sobe 3, desce 3",3,755,0.004
2/4,xxxx,sc sc sc sc,r,repete,s2d1d2,"sobe 2, desce 1, desce 2",3,755,0.004
2/4,xxxx,sc sc sc sc,r,repete,d4s2s2,"desce 4, sobe 2, sobe 2",3,755,0.004
2/4,xxxx,sc sc sc sc,r,repete,s1s1d1,"sobe 1, sobe 1, desce 1",2,755,0.0026
2/4,xxxx,sc sc sc sc,r,repete,d1rs2,"desce 1, repete, sobe 2",2,755,0.0026
2/4,xxxx,sc sc sc sc,r,repete,s2rd2,"sobe 2, repete, desce 2",2,755,0.0026
2/4,xxxx,sc sc sc sc,r,repete,d3s1s2,"desce 3, sobe 1, sobe 2",2,755,0.0026
2/4,xxxx,sc sc sc sc,r,repete,s2s1d1,"sobe 2, sobe 1, desce 1",2,755,0.0026
2/4,xxxx,sc sc sc sc,r,repete,rs3r,"repete, sobe 3, repete",2,755,0.0026
2/4,xxxx,sc sc sc sc,r,repete,rd1s1,"repete, desce 1, sobe 1",2,755,0.0026
2/4,xxxx,sc sc sc sc,r,repete,s1s3d2,"sobe 1, sobe 3, desce 2",2,755,0.0026
2/4,xxxx,sc sc sc sc,r,repete,s1d2s1,"sobe 1, desce 2, sobe 1",2,755,0.0026
2/4,xxxx,sc sc sc sc,r,repete,d2rd1,"desce 2, repete, desce 1",2,755,0.0026
2/4,xxxx,sc sc sc sc,r,repete,rs2d2,"repete, sobe 2, desce 2",2,755,0.0026
2/4,xxxx,sc sc sc sc,r,repete,d1s5d1,"desce 1, sobe 5, desce 1",2,755,0.0026
2/4,xxxx,sc sc sc sc,r,repete,rrd1,"repete, repete, desce 1",2,755,0.0026
2/4,xxxx,sc sc sc sc,r,repete,s2rs2,"sobe 2, repete, sobe 2",2,755,0.0026
2/4,xxxx,sc sc sc sc,r,repete,s5rd1,"sobe 5, repete, desce 1",2,755,0.0026
2/4,xxxx,sc sc sc sc,r,repete,rrd2,"repete, repete, desce 2",2,755,0.0026
2/4,xxxx,sc sc sc sc,r,repete,d1s1d1,"desce 1, sobe 1, desce 1",2,755,0.0026
2/4,xxxx,sc sc sc sc,r,repete,rd1r,"repete, desce 1, repete",2,755,0.0026
2/4,xxxx,sc sc sc sc,r,repete,rrs2,"repete, repete, sobe 2",2,755,0.0026
2/4,xxxx,sc sc sc sc,r,repete,s2s1d3,"sobe 2, sobe 1, desce 3",2,755,0.0026
2/4,xxxx,sc sc sc sc,r,repete,rs2r,"repete, sobe 2, repete",2,755,0.0026
2/4,xxxx,sc sc sc sc,r,repete,s5d2s2,"sobe 5, desce 2, sobe 2",2,755,0.0026
2/4,xxxx,sc sc sc sc,r,repete,s3s3d1,"sobe 3, sobe 3, desce 1",2,755,0.0026
2/4,xxxx,sc sc sc sc,r,repete,s5d2d2,"sobe 5, desce 2, desce 2",2,755,0.0026
2/4,xxxx,sc sc sc sc,r,repete,s2s1d2,"sobe 2, sobe 1, desce 2",2,755,0.0026
2/4,xxxx,sc sc sc sc,r,repete,s3d1s1,"sobe 3, desce 1, sobe 1",2,755,0.0026
2/4,xxxx,sc sc sc sc,r,repete,d2s1r,"desce 2, sobe 1, repete",2,755,0.0026
2/4,xxxx,sc sc sc sc,r,repete,s2s2d4,"sobe 2, sobe 2, desce 4",2,755,0.0026
2/4,xxxx,sc sc sc sc,r,repete,s3d3d2,"sobe 3, desce 3, desce 2",2,755,0.0026
2/4,xxxx,sc sc sc sc,r,repete,d3s5d2,"desce 3, sobe 5, desce 2",2,755,0.0026
2/4,xxxx,sc sc sc sc,r,repete,d4s5d2,"desce 4, sobe 5, desce 2",2,755,0.0026
2/4,xxxx,sc sc sc sc,r,repete,s3s2d2,"sobe 3, sobe 2, desce 2",2,755,0.0026
2/4,xxxx,sc sc sc sc,r,repete,s2d1s2,"sobe 2, desce 1, sobe 2",2,755,0.0026
2/4,xxxx,sc sc sc sc,r,repete,s3rd1,"sobe 3, repete, desce 1",2,755,0.0026
2/4,xxxx,sc sc sc sc,r,repete,s2d4s2,"sobe 2, desce 4, sobe 2",2,755,0.0026
2/4,xxxx,sc sc sc sc,r,repete,d3s1d2,"desce 3, sobe 1, desce 2",2,755,0.0026
2/4,xxxx,sc sc sc sc,r,repete,d3d2s2,"desce 3, desce 2, sobe 2",2,755,0.0026
2/4,xxxx,sc sc sc sc,r,repete,s2s3d1,"sobe 2, sobe 3, desce 1",2,755,0.0026
2/4,xxxx,sc sc sc sc,r,repete,s2d1s1,"sobe 2, desce 1, sobe 1",2,755,0.0026
2/4,xxx_,sc sc ♪,ss,sobe por salto,rr,"repete, repete",33,272,0.1213
2/4,xxx_,sc sc ♪,ss,sobe por salto,d1d2,"desce 1, desce 2",32,272,0.1176
2/4,xxx_,sc sc ♪,ss,sobe por salto,d2d1,"desce 2, desce 1",26,272,0.0956
2/4,xxx_,sc sc ♪,ss,sobe por salto,d1d1,"desce 1, desce 1",23,272,0.0846
2/4,xxx_,sc sc ♪,ss,sobe por salto,s1s1,"sobe 1, sobe 1",19,272,0.0699
2/4,xxx_,sc sc ♪,ss,sobe por salto,d1r,"desce 1, repete",14,272,0.0515
2/4,xxx_,sc sc ♪,ss,sobe por salto,s1d3,"sobe 1, desce 3",10,272,0.0368
2/4,xxx_,sc sc ♪,ss,sobe por salto,d2d2,"desce 2, desce 2",10,272,0.0368
2/4,xxx_,sc sc ♪,ss,sobe por salto,s1d2,"sobe 1, desce 2",10,272,0.0368
2/4,xxx_,sc sc ♪,ss,sobe por salto,d4r,"desce 4, repete",9,272,0.0331
2/4,xxx_,sc sc ♪,ss,sobe por salto,rd2,"repete, desce 2",7,272,0.0257
2/4,xxx_,sc sc ♪,ss,sobe por salto,s1d1,"sobe 1, desce 1",6,272,0.0221
2/4,xxx_,sc sc ♪,ss,sobe por salto,d5s2,"desce 5, sobe 2",6,272,0.0221
2/4,xxx_,sc sc ♪,ss,sobe por salto,d2s2,"desce 2, sobe 2",5,272,0.0184
2/4,xxx_,sc sc ♪,ss,sobe por salto,s2d5,"sobe 2, desce 5",5,272,0.0184
2/4,xxx_,sc sc ♪,ss,sobe por salto,d5s5,"desce 5, sobe 5",5,272,0.0184
2/4,xxx_,sc sc ♪,ss,sobe por salto,d2r,"desce 2, repete",5,272,0.0184
2/4,xxx_,sc sc ♪,ss,sobe por salto,s2d2,"sobe 2, desce 2",4,272,0.0147
2/4,xxx_,sc sc ♪,ss,sobe por salto,s2d4,"sobe 2, desce 4",4,272,0.0147
2/4,xxx_,sc sc ♪,ss,sobe por salto,rd1,"repete, desce 1",4,272,0.0147
2/4,xxx_,sc sc ♪,ss,sobe por salto,s2r,"sobe 2, repete",4,272,0.0147
2/4,xxx_,sc sc ♪,ss,sobe por salto,rs2,"repete, sobe 2",3,272,0.011
2/4,xxx_,sc sc ♪,ss,sobe por salto,d2s5,"desce 2, sobe 5",3,272,0.011
2/4,xxx_,sc sc ♪,ss,sobe por salto,s3r,"sobe 3, repete",3,272,0.011
2/4,xxx_,sc sc ♪,ss,sobe por salto,d3d2,"desce 3, desce 2",3,272,0.011
2/4,xxx_,sc sc ♪,ss,sobe por salto,d2s3,"desce 2, sobe 3",2,272,0.0074
2/4,xxx_,sc sc ♪,ss,sobe por salto,rs1,"repete, sobe 1",2,272,0.0074
2/4,xxx_,sc sc ♪,ss,sobe por salto,rd3,"repete, desce 3",2,272,0.0074
2/4,xxx_,sc sc ♪,ss,sobe por salto,s1d5,"sobe 1, desce 5",2,272,0.0074
2/4,xxx_,sc sc ♪,ss,sobe por salto,s2s2,"sobe 2, sobe 2",2,272,0.0074
2/4,xxx_,sc sc ♪,ss,sobe por salto,d3s1,"desce 3, sobe 1",2,272,0.0074
2/4,xxx_,sc sc ♪,ss,sobe por salto,s1s2,"sobe 1, sobe 2",2,272,0.0074
2/4,xxx_,sc sc ♪,r,repete,rr,"repete, repete",43,322,0.1335
2/4,xxx_,sc sc ♪,r,repete,d1r,"desce 1, repete",41,322,0.1273
2/4,xxx_,sc sc ♪,r,repete,d1d2,"desce 1, desce 2",39,322,0.1211
2/4,xxx_,sc sc ♪,r,repete,d1d1,"desce 1, desce 1",29,322,0.0901
2/4,xxx_,sc sc ♪,r,repete,rs2,"repete, sobe 2",12,322,0.0373
2/4,xxx_,sc sc ♪,r,repete,s1s2,"sobe 1, sobe 2",10,322,0.0311
2/4,xxx_,sc sc ♪,r,repete,d2d1,"desce 2, desce 1",10,322,0.0311
2/4,xxx_,sc sc ♪,r,repete,rs1,"repete, sobe 1",10,322,0.0311
2/4,xxx_,sc sc ♪,r,repete,s2d2,"sobe 2, desce 2",8,322,0.0248
2/4,xxx_,sc sc ♪,r,repete,d1s1,"desce 1, sobe 1",8,322,0.0248
2/4,xxx_,sc sc ♪,r,repete,s1d1,"sobe 1, desce 1",7,322,0.0217
2/4,xxx_,sc sc ♪,r,repete,d2r,"desce 2, repete",7,322,0.0217
2/4,xxx_,sc sc ♪,r,repete,s1s1,"sobe 1, sobe 1",6,322,0.0186
2/4,xxx_,sc sc ♪,r,repete,s1d3,"sobe 1, desce 3",6,322,0.0186
2/4,xxx_,sc sc ♪,r,repete,s2d3,"sobe 2, desce 3",6,322,0.0186
2/4,xxx_,sc sc ♪,r,repete,rd1,"repete, desce 1",6,322,0.0186
2/4,xxx_,sc sc ♪,r,repete,d2s2,"desce 2, sobe 2",6,322,0.0186
2/4,xxx_,sc sc ♪,r,repete,s1d5,"sobe 1, desce 5",5,322,0.0155
2/4,xxx_,sc sc ♪,r,repete,s2s1,"sobe 2, sobe 1",5,322,0.0155
2/4,xxx_,sc sc ♪,r,repete,s1d4,"sobe 1, desce 4",5,322,0.0155
2/4,xxx_,sc sc ♪,r,repete,s2d5,"sobe 2, desce 5",5,322,0.0155
2/4,xxx_,sc sc ♪,r,repete,s5d5,"sobe 5, desce 5",4,322,0.0124
2/4,xxx_,sc sc ♪,r,repete,rd2,"repete, desce 2",4,322,0.0124
2/4,xxx_,sc sc ♪,r,repete,s3d2,"sobe 3, desce 2",4,322,0.0124
2/4,xxx_,sc sc ♪,r,repete,s1d2,"sobe 1, desce 2",3,322,0.0093
2/4,xxx_,sc sc ♪,r,repete,s5d2,"sobe 5, desce 2",3,322,0.0093
2/4,xxx_,sc sc ♪,r,repete,s2s2,"sobe 2, sobe 2",3,322,0.0093
2/4,xxx_,sc sc ♪,r,repete,s3r,"sobe 3, repete",3,322,0.0093
2/4,xxx_,sc sc ♪,r,repete,s3d5,"sobe 3, desce 5",2,322,0.0062
2/4,xxx_,sc sc ♪,r,repete,s1s5,"sobe 1, sobe 5",2,322,0.0062
2/4,xxx_,sc sc ♪,r,repete,d2d2,"desce 2, desce 2",2,322,0.0062
2/4,xxx_,sc sc ♪,r,repete,s2d4,"sobe 2, desce 4",2,322,0.0062
2/4,xxx_,sc sc ♪,r,repete,d1d3,"desce 1, desce 3",2,322,0.0062
2/4,x_.x,♪ pausa sc sc,ds,desce por salto,r,repete,6,21,0.2857
2/4,x_.x,♪ pausa sc sc,ds,desce por salto,s1,sobe 1,6,21,0.2857
2/4,x_.x,♪ pausa sc sc,ds,desce por salto,d1,desce 1,3,21,0.1429
2/4,x_.x,♪ pausa sc sc,ds,desce por salto,s2,sobe 2,2,21,0.0952
2/4,__xx,(lig.) ♪ sc sc,ds,desce por salto,s1,sobe 1,18,75,0.24
2/4,__xx,(lig.) ♪ sc sc,ds,desce por salto,d1,desce 1,18,75,0.24
2/4,__xx,(lig.) ♪ sc sc,ds,desce por salto,s2,sobe 2,17,75,0.2267
2/4,__xx,(lig.) ♪ sc sc,ds,desce por salto,d2,desce 2,13,75,0.1733
2/4,__xx,(lig.) ♪ sc sc,ds,desce por salto,r,repete,4,75,0.0533
2/4,__xx,(lig.) ♪ sc sc,ds,desce por salto,s3,sobe 3,3,75,0.04
2/4,__xx,(lig.) ♪ sc sc,ds,desce por salto,s5,sobe 5,2,75,0.0267
2/4,__xx,(lig.) ♪ sc sc,sg,sobe por grau,s2,sobe 2,33,88,0.375
2/4,__xx,(lig.) ♪ sc sc,sg,sobe por grau,d1,desce 1,25,88,0.2841
2/4,__xx,(lig.) ♪ sc sc,sg,sobe por grau,s1,sobe 1,18,88,0.2045
2/4,__xx,(lig.) ♪ sc sc,sg,sobe por grau,d2,desce 2,6,88,0.0682
2/4,__xx,(lig.) ♪ sc sc,sg,sobe por grau,s3,sobe 3,2,88,0.0227
2/4,__xx,(lig.) ♪ sc sc,sg,sobe por grau,r,repete,2,88,0.0227
2/4,__xx,(lig.) ♪ sc sc,sg,sobe por grau,d3,desce 3,2,88,0.0227
2/4,__xx,(lig.) ♪ sc sc,dg,desce por grau,d1,desce 1,25,76,0.3289
2/4,__xx,(lig.) ♪ sc sc,dg,desce por grau,s1,sobe 1,23,76,0.3026
2/4,__xx,(lig.) ♪ sc sc,dg,desce por grau,d2,desce 2,22,76,0.2895
2/4,__xx,(lig.) ♪ sc sc,dg,desce por grau,r,repete,3,76,0.0395
2/4,__xx,(lig.) ♪ sc sc,dg,desce por grau,s2,sobe 2,2,76,0.0263
2/4,__xx,(lig.) ♪ sc sc,r,repete,s1,sobe 1,42,73,0.5753
2/4,__xx,(lig.) ♪ sc sc,r,repete,s2,sobe 2,11,73,0.1507
2/4,__xx,(lig.) ♪ sc sc,r,repete,r,repete,8,73,0.1096
2/4,__xx,(lig.) ♪ sc sc,r,repete,d1,desce 1,4,73,0.0548
2/4,__xx,(lig.) ♪ sc sc,r,repete,d2,desce 2,3,73,0.0411
2/4,__xx,(lig.) ♪ sc sc,r,repete,s3,sobe 3,3,73,0.0411
2/4,_xx_,(lig.) sc sc ♪,sg,sobe por grau,d1,desce 1,8,16,0.5
2/4,_xx_,(lig.) sc sc ♪,sg,sobe por grau,s1,sobe 1,4,16,0.25
2/4,_xx_,(lig.) sc sc ♪,sg,sobe por grau,s2,sobe 2,3,16,0.1875
2/4,xxx_,sc sc ♪,ds,desce por salto,d1d2,"desce 1, desce 2",46,310,0.1484
2/4,xxx_,sc sc ♪,ds,desce por salto,d1d1,"desce 1, desce 1",42,310,0.1355
2/4,xxx_,sc sc ♪,ds,desce por salto,s2d2,"sobe 2, desce 2",32,310,0.1032
2/4,xxx_,sc sc ♪,ds,desce por salto,d1s1,"desce 1, sobe 1",27,310,0.0871
2/4,xxx_,sc sc ♪,ds,desce por salto,s2d3,"sobe 2, desce 3",21,310,0.0677
2/4,xxx_,sc sc ♪,ds,desce por salto,rr,"repete, repete",17,310,0.0548
2/4,xxx_,sc sc ♪,ds,desce por salto,s1s1,"sobe 1, sobe 1",15,310,0.0484
2/4,xxx_,sc sc ♪,ds,desce por salto,s2s1,"sobe 2, sobe 1",15,310,0.0484
2/4,xxx_,sc sc ♪,ds,desce por salto,s1d2,"sobe 1, desce 2",7,310,0.0226
2/4,xxx_,sc sc ♪,ds,desce por salto,s1s2,"sobe 1, sobe 2",7,310,0.0226
2/4,xxx_,sc sc ♪,ds,desce por salto,d2s1,"desce 2, sobe 1",7,310,0.0226
2/4,xxx_,sc sc ♪,ds,desce por salto,s1d1,"sobe 1, desce 1",7,310,0.0226
2/4,xxx_,sc sc ♪,ds,desce por salto,s2d1,"sobe 2, desce 1",6,310,0.0194
2/4,xxx_,sc sc ♪,ds,desce por salto,s2r,"sobe 2, repete",6,310,0.0194
2/4,xxx_,sc sc ♪,ds,desce por salto,s2d5,"sobe 2, desce 5",6,310,0.0194
2/4,xxx_,sc sc ♪,ds,desce por salto,s2s2,"sobe 2, sobe 2",4,310,0.0129
2/4,xxx_,sc sc ♪,ds,desce por salto,d2r,"desce 2, repete",4,310,0.0129
2/4,xxx_,sc sc ♪,ds,desce por salto,rd1,"repete, desce 1",3,310,0.0097
2/4,xxx_,sc sc ♪,ds,desce por salto,s1d3,"sobe 1, desce 3",3,310,0.0097
2/4,xxx_,sc sc ♪,ds,desce por salto,rs2,"repete, sobe 2",3,310,0.0097
2/4,xxx_,sc sc ♪,ds,desce por salto,s3r,"sobe 3, repete",3,310,0.0097
2/4,xxx_,sc sc ♪,ds,desce por salto,s3s2,"sobe 3, sobe 2",3,310,0.0097
2/4,xxx_,sc sc ♪,ds,desce por salto,rs3,"repete, sobe 3",2,310,0.0065
2/4,xxx_,sc sc ♪,ds,desce por salto,rd3,"repete, desce 3",2,310,0.0065
2/4,xxx_,sc sc ♪,ds,desce por salto,s5d2,"sobe 5, desce 2",2,310,0.0065
2/4,xxx_,sc sc ♪,ds,desce por salto,d2d1,"desce 2, desce 1",2,310,0.0065
2/4,xxx_,sc sc ♪,ds,desce por salto,s2s3,"sobe 2, sobe 3",2,310,0.0065
2/4,xxx_,sc sc ♪,ds,desce por salto,rs5,"repete, sobe 5",2,310,0.0065
2/4,xxx_,sc sc ♪,ds,desce por salto,d2d2,"desce 2, desce 2",2,310,0.0065
2/4,..xx,pausa ♪ sc sc,r,repete,s1,sobe 1,31,74,0.4189
2/4,..xx,pausa ♪ sc sc,r,repete,r,repete,19,74,0.2568
2/4,..xx,pausa ♪ sc sc,r,repete,s2,sobe 2,11,74,0.1486
2/4,..xx,pausa ♪ sc sc,r,repete,d1,desce 1,10,74,0.1351
2/4,..xx,pausa ♪ sc sc,r,repete,d2,desce 2,2,74,0.027
2/4,..xx,pausa ♪ sc sc,dg,desce por grau,s1,sobe 1,22,34,0.6471
2/4,..xx,pausa ♪ sc sc,dg,desce por grau,s2,sobe 2,9,34,0.2647
2/4,..xx,pausa ♪ sc sc,dg,desce por grau,d1,desce 1,3,34,0.0882
2/4,x_xx,♪ sc sc,0,—,rr,"repete, repete",21,168,0.125
2/4,x_xx,♪ sc sc,0,—,rd2,"repete, desce 2",19,168,0.1131
2/4,x_xx,♪ sc sc,0,—,rd1,"repete, desce 1",19,168,0.1131
2/4,x_xx,♪ sc sc,0,—,rs1,"repete, sobe 1",16,168,0.0952
2/4,x_xx,♪ sc sc,0,—,rs2,"repete, sobe 2",15,168,0.0893
2/4,x_xx,♪ sc sc,0,—,s1d1,"sobe 1, desce 1",7,168,0.0417
2/4,x_xx,♪ sc sc,0,—,s2d2,"sobe 2, desce 2",6,168,0.0357
2/4,x_xx,♪ sc sc,0,—,d1s1,"desce 1, sobe 1",6,168,0.0357
2/4,x_xx,♪ sc sc,0,—,d1d1,"desce 1, desce 1",5,168,0.0298
2/4,x_xx,♪ sc sc,0,—,s3d2,"sobe 3, desce 2",4,168,0.0238
2/4,x_xx,♪ sc sc,0,—,d2s2,"desce 2, sobe 2",3,168,0.0179
2/4,x_xx,♪ sc sc,0,—,rd3,"repete, desce 3",3,168,0.0179
2/4,x_xx,♪ sc sc,0,—,rs3,"repete, sobe 3",3,168,0.0179
2/4,x_xx,♪ sc sc,0,—,s1s2,"sobe 1, sobe 2",3,168,0.0179
2/4,x_xx,♪ sc sc,0,—,d2d1,"desce 2, desce 1",3,168,0.0179
2/4,x_xx,♪ sc sc,0,—,s2s2,"sobe 2, sobe 2",2,168,0.0119
2/4,x_xx,♪ sc sc,0,—,d2s1,"desce 2, sobe 1",2,168,0.0119
2/4,x_xx,♪ sc sc,0,—,d5s1,"desce 5, sobe 1",2,168,0.0119
2/4,x_xx,♪ sc sc,0,—,s3s1,"sobe 3, sobe 1",2,168,0.0119
2/4,x_xx,♪ sc sc,0,—,d1r,"desce 1, repete",2,168,0.0119
2/4,x_xx,♪ sc sc,0,—,d2s3,"desce 2, sobe 3",2,168,0.0119
2/4,x_xx,♪ sc sc,0,—,rd5,"repete, desce 5",2,168,0.0119
2/4,x_xx,♪ sc sc,0,—,d2r,"desce 2, repete",2,168,0.0119
2/4,x_xx,♪ sc sc,0,—,s5d2,"sobe 5, desce 2",2,168,0.0119
2/4,x_xx,♪ sc sc,0,—,s2d1,"sobe 2, desce 1",2,168,0.0119
2/4,x_xx,♪ sc sc,0,—,s2s3,"sobe 2, sobe 3",2,168,0.0119
2/4,x_xx,♪ sc sc,0,—,s4d1,"sobe 4, desce 1",2,168,0.0119
2/4,x_xx,♪ sc sc,0,—,d3d1,"desce 3, desce 1",2,168,0.0119
2/4,xx__,sc ♪.,dg,desce por grau,d2,desce 2,25,40,0.625
2/4,xx__,sc ♪.,dg,desce por grau,s1,sobe 1,5,40,0.125
2/4,xx__,sc ♪.,dg,desce por grau,s2,sobe 2,4,40,0.1
2/4,xx__,sc ♪.,dg,desce por grau,d1,desce 1,3,40,0.075
2/4,xx__,sc ♪.,dg,desce por grau,r,repete,2,40,0.05
2/4,xx__,sc ♪.,sg,sobe por grau,d1,desce 1,5,15,0.3333
2/4,xx__,sc ♪.,sg,sobe por grau,s1,sobe 1,4,15,0.2667
2/4,xx__,sc ♪.,sg,sobe por grau,s2,sobe 2,2,15,0.1333
2/4,xx__,sc ♪.,sg,sobe por grau,r,repete,2,15,0.1333
2/4,xx_x,sc ♪ sc,sg,sobe por grau,rd1,"repete, desce 1",3,21,0.1429
2/4,xx_x,sc ♪ sc,sg,sobe por grau,d2s1,"desce 2, sobe 1",3,21,0.1429
2/4,xx_x,sc ♪ sc,sg,sobe por grau,d1d2,"desce 1, desce 2",2,21,0.0952
2/4,xx_x,sc ♪ sc,sg,sobe por grau,s1d2,"sobe 1, desce 2",2,21,0.0952
2/4,xx_x,sc ♪ sc,sg,sobe por grau,d1d1,"desce 1, desce 1",2,21,0.0952
2/4,xx_x,sc ♪ sc,dg,desce por grau,rs1,"repete, sobe 1",5,23,0.2174
2/4,xx_x,sc ♪ sc,dg,desce por grau,d2s2,"desce 2, sobe 2",2,23,0.087
2/4,xx_x,sc ♪ sc,dg,desce por grau,d2s5,"desce 2, sobe 5",2,23,0.087
2/4,xx_x,sc ♪ sc,dg,desce por grau,d2r,"desce 2, repete",2,23,0.087
2/4,x_.x,♪ pausa sc sc,r,repete,r,repete,12,34,0.3529
2/4,x_.x,♪ pausa sc sc,r,repete,d2,desce 2,5,34,0.1471
2/4,x_.x,♪ pausa sc sc,r,repete,s1,sobe 1,4,34,0.1176
2/4,x_.x,♪ pausa sc sc,r,repete,s2,sobe 2,3,34,0.0882
2/4,x_.x,♪ pausa sc sc,r,repete,d4,desce 4,3,34,0.0882
2/4,x_.x,♪ pausa sc sc,r,repete,s5,sobe 5,3,34,0.0882
2/4,x_.x,♪ pausa sc sc,r,repete,s4,sobe 4,2,34,0.0588
2/4,xx__,sc ♪.,ss,sobe por salto,d2,desce 2,6,18,0.3333
2/4,xx__,sc ♪.,ss,sobe por salto,r,repete,4,18,0.2222
2/4,xx__,sc ♪.,ss,sobe por salto,d1,desce 1,3,18,0.1667
2/4,xx__,sc ♪.,ss,sobe por salto,s2,sobe 2,2,18,0.1111
2/4,_xx_,(lig.) sc sc ♪,ds,desce por salto,s2,sobe 2,7,22,0.3182
2/4,_xx_,(lig.) sc sc ♪,ds,desce por salto,d1,desce 1,7,22,0.3182
2/4,_xx_,(lig.) sc sc ♪,ds,desce por salto,s1,sobe 1,3,22,0.1364
2/4,_xx_,(lig.) sc sc ♪,ds,desce por salto,r,repete,2,22,0.0909
2/4,_xx_,(lig.) sc sc ♪,ds,desce por salto,d2,desce 2,2,22,0.0909
2/4,x_.x,♪ pausa sc sc,dg,desce por grau,r,repete,14,28,0.5
2/4,x_.x,♪ pausa sc sc,dg,desce por grau,s1,sobe 1,5,28,0.1786
2/4,x_.x,♪ pausa sc sc,dg,desce por grau,d1,desce 1,4,28,0.1429
2/4,x_.x,♪ pausa sc sc,dg,desce por grau,d2,desce 2,2,28,0.0714
2/4,_xx_,(lig.) sc sc ♪,ss,sobe por salto,d3,desce 3,4,10,0.4
2/4,_xx_,(lig.) sc sc ♪,ss,sobe por salto,d1,desce 1,3,10,0.3
2/4,_xx_,(lig.) sc sc ♪,dg,desce por grau,d1,desce 1,6,15,0.4
2/4,_xx_,(lig.) sc sc ♪,dg,desce por grau,r,repete,3,15,0.2
2/4,_xx_,(lig.) sc sc ♪,dg,desce por grau,s1,sobe 1,3,15,0.2
2/4,_xx_,(lig.) sc sc ♪,dg,desce por grau,d2,desce 2,2,15,0.1333
2/4,x_.x,♪ pausa sc sc,sg,sobe por grau,r,repete,6,20,0.3
2/4,x_.x,♪ pausa sc sc,sg,sobe por grau,d2,desce 2,4,20,0.2
2/4,x_.x,♪ pausa sc sc,sg,sobe por grau,s1,sobe 1,3,20,0.15
2/4,x_.x,♪ pausa sc sc,sg,sobe por grau,d4,desce 4,2,20,0.1
2/4,x_.x,♪ pausa sc sc,sg,sobe por grau,d1,desce 1,2,20,0.1
2/4,x_.x,♪ pausa sc sc,sg,sobe por grau,s2,sobe 2,2,20,0.1
2/4,xx_x,sc ♪ sc,ss,sobe por salto,rd2,"repete, desce 2",7,42,0.1667
2/4,xx_x,sc ♪ sc,ss,sobe por salto,rr,"repete, repete",7,42,0.1667
2/4,xx_x,sc ♪ sc,ss,sobe por salto,d2r,"desce 2, repete",4,42,0.0952
2/4,xx_x,sc ♪ sc,ss,sobe por salto,rd1,"repete, desce 1",3,42,0.0714
2/4,xx_x,sc ♪ sc,ss,sobe por salto,d2d1,"desce 2, desce 1",2,42,0.0476
2/4,xx_x,sc ♪ sc,ss,sobe por salto,rd3,"repete, desce 3",2,42,0.0476
2/4,xx_x,sc ♪ sc,ss,sobe por salto,d3s1,"desce 3, sobe 1",2,42,0.0476
2/4,xx_x,sc ♪ sc,ss,sobe por salto,rs1,"repete, sobe 1",2,42,0.0476
2/4,xx_x,sc ♪ sc,ss,sobe por salto,d1s1,"desce 1, sobe 1",2,42,0.0476
2/4,xx_x,sc ♪ sc,ss,sobe por salto,s3d1,"sobe 3, desce 1",2,42,0.0476
2/4,xx_x,sc ♪ sc,ss,sobe por salto,s2d1,"sobe 2, desce 1",2,42,0.0476
2/4,xx_x,sc ♪ sc,ds,desce por salto,rs2,"repete, sobe 2",6,25,0.24
2/4,xx_x,sc ♪ sc,ds,desce por salto,rd2,"repete, desce 2",3,25,0.12
2/4,xx_x,sc ♪ sc,ds,desce por salto,s1s1,"sobe 1, sobe 1",3,25,0.12
2/4,xx_x,sc ♪ sc,ds,desce por salto,s2s1,"sobe 2, sobe 1",2,25,0.08
2/4,xx_x,sc ♪ sc,ds,desce por salto,rs1,"repete, sobe 1",2,25,0.08
2/4,xx_x,sc ♪ sc,ds,desce por salto,s3s1,"sobe 3, sobe 1",2,25,0.08
2/4,xx_x,sc ♪ sc,r,repete,rs1,"repete, sobe 1",3,20,0.15
2/4,xx_x,sc ♪ sc,r,repete,s3s1,"sobe 3, sobe 1",3,20,0.15
2/4,xx_x,sc ♪ sc,r,repete,d1d1,"desce 1, desce 1",2,20,0.1
2/4,xx_x,sc ♪ sc,r,repete,d1r,"desce 1, repete",2,20,0.1
2/4,xx_x,sc ♪ sc,r,repete,s1d2,"sobe 1, desce 2",2,20,0.1
2/4,xx_x,sc ♪ sc,r,repete,d1d2,"desce 1, desce 2",2,20,0.1
2/4,_x_x,(lig.) sc ♪ sc,sg,sobe por grau,s1,sobe 1,6,10,0.6
2/4,_x_x,(lig.) sc ♪ sc,sg,sobe por grau,d2,desce 2,2,10,0.2
2/4,xx__,sc ♪.,r,repete,d2,desce 2,8,17,0.4706
2/4,xx__,sc ♪.,r,repete,d1,desce 1,4,17,0.2353
2/4,xx__,sc ♪.,r,repete,s1,sobe 1,3,17,0.1765
2/4,xx__,sc ♪.,r,repete,d3,desce 3,2,17,0.1176
2/4,xxx_,sc sc ♪,0,—,rr,"repete, repete",5,26,0.1923
2/4,xxx_,sc sc ♪,0,—,s1d1,"sobe 1, desce 1",2,26,0.0769
2/4,xxx_,sc sc ♪,0,—,s3r,"sobe 3, repete",2,26,0.0769
2/4,xxx_,sc sc ♪,0,—,d2s2,"desce 2, sobe 2",2,26,0.0769
2/4,xxx_,sc sc ♪,0,—,s2d3,"sobe 2, desce 3",2,26,0.0769
2/4,xxx_,sc sc ♪,0,—,d1s1,"desce 1, sobe 1",2,26,0.0769
2/4,xxx_,sc sc ♪,0,—,s1s1,"sobe 1, sobe 1",2,26,0.0769
2/4,x.xx,sc pausa sc sc sc,dg,desce por grau,rs1,"repete, sobe 1",4,10,0.4
2/4,x.xx,sc pausa sc sc sc,dg,desce por grau,rr,"repete, repete",2,10,0.2
2/4,_xxx,(lig.) sc sc sc sc,ss,sobe por salto,d1d1,"desce 1, desce 1",6,17,0.3529
2/4,_xxx,(lig.) sc sc sc sc,ss,sobe por salto,d2d1,"desce 2, desce 1",2,17,0.1176
2/4,_xxx,(lig.) sc sc sc sc,ss,sobe por salto,s1s1,"sobe 1, sobe 1",2,17,0.1176
2/4,_xxx,(lig.) sc sc sc sc,ss,sobe por salto,s2d2,"sobe 2, desce 2",2,17,0.1176
2/4,_xxx,(lig.) sc sc sc sc,sg,sobe por grau,d1d1,"desce 1, desce 1",8,16,0.5
2/4,_xxx,(lig.) sc sc sc sc,sg,sobe por grau,s1d1,"sobe 1, desce 1",3,16,0.1875
2/4,_x_x,(lig.) sc ♪ sc,ds,desce por salto,r,repete,7,12,0.5833
2/4,_x_x,(lig.) sc ♪ sc,ds,desce por salto,s1,sobe 1,2,12,0.1667
2/4,_x_x,(lig.) sc ♪ sc,ds,desce por salto,s5,sobe 5,2,12,0.1667
2/4,xx.x,sc sc pausa sc sc,ds,desce por salto,s2r,"sobe 2, repete",4,14,0.2857
2/4,xx.x,sc sc pausa sc sc,ds,desce por salto,s4s1,"sobe 4, sobe 1",2,14,0.1429
2/4,xx.x,sc sc pausa sc sc,ds,desce por salto,s2d3,"sobe 2, desce 3",2,14,0.1429
2/4,xx.x,sc sc pausa sc sc,ds,desce por salto,s2d2,"sobe 2, desce 2",2,14,0.1429
2/4,xx.x,sc sc pausa sc sc,ss,sobe por salto,s2r,"sobe 2, repete",8,16,0.5
2/4,xx.x,sc sc pausa sc sc,ss,sobe por salto,s2d2,"sobe 2, desce 2",7,16,0.4375
2/4,xx.x,sc sc pausa sc sc,sg,sobe por grau,s5r,"sobe 5, repete",2,10,0.2
2/4,xx.x,sc sc pausa sc sc,sg,sobe por grau,s3r,"sobe 3, repete",2,10,0.2
2/4,xx.x,sc sc pausa sc sc,sg,sobe por grau,d1d3,"desce 1, desce 3",2,10,0.2
2/4,xx.x,sc sc pausa sc sc,sg,sobe por grau,s2s2,"sobe 2, sobe 2",2,10,0.2
3/4,x_x_,♪ ♪,ss,sobe por salto,d1,desce 1,646,2378,0.2717
3/4,x_x_,♪ ♪,ss,sobe por salto,d2,desce 2,397,2378,0.1669
3/4,x_x_,♪ ♪,ss,sobe por salto,r,repete,393,2378,0.1653
3/4,x_x_,♪ ♪,ss,sobe por salto,s1,sobe 1,371,2378,0.156
3/4,x_x_,♪ ♪,ss,sobe por salto,s2,sobe 2,327,2378,0.1375
3/4,x_x_,♪ ♪,ss,sobe por salto,d3,desce 3,82,2378,0.0345
3/4,x_x_,♪ ♪,ss,sobe por salto,d5,desce 5,68,2378,0.0286
3/4,x_x_,♪ ♪,ss,sobe por salto,s3,sobe 3,41,2378,0.0172
3/4,x_x_,♪ ♪,ss,sobe por salto,d4,desce 4,36,2378,0.0151
3/4,x_x_,♪ ♪,ss,sobe por salto,s5,sobe 5,11,2378,0.0046
3/4,x_x_,♪ ♪,ss,sobe por salto,s4,sobe 4,6,2378,0.0025
3/4,x_x_,♪ ♪,sg,sobe por grau,s1,sobe 1,758,2594,0.2922
3/4,x_x_,♪ ♪,sg,sobe por grau,d1,desce 1,696,2594,0.2683
3/4,x_x_,♪ ♪,sg,sobe por grau,d2,desce 2,449,2594,0.1731
3/4,x_x_,♪ ♪,sg,sobe por grau,s2,sobe 2,295,2594,0.1137
3/4,x_x_,♪ ♪,sg,sobe por grau,r,repete,254,2594,0.0979
3/4,x_x_,♪ ♪,sg,sobe por grau,s3,sobe 3,37,2594,0.0143
3/4,x_x_,♪ ♪,sg,sobe por grau,d4,desce 4,28,2594,0.0108
3/4,x_x_,♪ ♪,sg,sobe por grau,d3,desce 3,27,2594,0.0104
3/4,x_x_,♪ ♪,sg,sobe por grau,s5,sobe 5,22,2594,0.0085
3/4,x_x_,♪ ♪,sg,sobe por grau,d5,desce 5,21,2594,0.0081
3/4,x_x_,♪ ♪,sg,sobe por grau,s4,sobe 4,7,2594,0.0027
3/4,x_x_,♪ ♪,dg,desce por grau,d1,desce 1,1844,3978,0.4635
3/4,x_x_,♪ ♪,dg,desce por grau,s1,sobe 1,567,3978,0.1425
3/4,x_x_,♪ ♪,dg,desce por grau,s2,sobe 2,496,3978,0.1247
3/4,x_x_,♪ ♪,dg,desce por grau,d2,desce 2,384,3978,0.0965
3/4,x_x_,♪ ♪,dg,desce por grau,r,repete,331,3978,0.0832
3/4,x_x_,♪ ♪,dg,desce por grau,d5,desce 5,83,3978,0.0209
3/4,x_x_,♪ ♪,dg,desce por grau,s3,sobe 3,80,3978,0.0201
3/4,x_x_,♪ ♪,dg,desce por grau,s5,sobe 5,60,3978,0.0151
3/4,x_x_,♪ ♪,dg,desce por grau,d4,desce 4,58,3978,0.0146
3/4,x_x_,♪ ♪,dg,desce por grau,d3,desce 3,39,3978,0.0098
3/4,x_x_,♪ ♪,dg,desce por grau,s4,sobe 4,36,3978,0.009
3/4,x_x_,♪ ♪,r,repete,d1,desce 1,718,2786,0.2577
3/4,x_x_,♪ ♪,r,repete,r,repete,713,2786,0.2559
3/4,x_x_,♪ ♪,r,repete,s1,sobe 1,464,2786,0.1665
3/4,x_x_,♪ ♪,r,repete,s2,sobe 2,391,2786,0.1403
3/4,x_x_,♪ ♪,r,repete,d2,desce 2,148,2786,0.0531
3/4,x_x_,♪ ♪,r,repete,s3,sobe 3,116,2786,0.0416
3/4,x_x_,♪ ♪,r,repete,s5,sobe 5,98,2786,0.0352
3/4,x_x_,♪ ♪,r,repete,d5,desce 5,39,2786,0.014
3/4,x_x_,♪ ♪,r,repete,d4,desce 4,38,2786,0.0136
3/4,x_x_,♪ ♪,r,repete,d3,desce 3,31,2786,0.0111
3/4,x_x_,♪ ♪,r,repete,s4,sobe 4,30,2786,0.0108
3/4,x_x_,♪ ♪,ds,desce por salto,s2,sobe 2,452,1700,0.2659
3/4,x_x_,♪ ♪,ds,desce por salto,s1,sobe 1,341,1700,0.2006
3/4,x_x_,♪ ♪,ds,desce por salto,r,repete,293,1700,0.1724
3/4,x_x_,♪ ♪,ds,desce por salto,d2,desce 2,225,1700,0.1324
3/4,x_x_,♪ ♪,ds,desce por salto,d1,desce 1,215,1700,0.1265
3/4,x_x_,♪ ♪,ds,desce por salto,s5,sobe 5,85,1700,0.05
3/4,x_x_,♪ ♪,ds,desce por salto,s3,sobe 3,50,1700,0.0294
3/4,x_x_,♪ ♪,ds,desce por salto,s4,sobe 4,17,1700,0.01
3/4,x_x_,♪ ♪,ds,desce por salto,d3,desce 3,12,1700,0.0071
3/4,x_x_,♪ ♪,ds,desce por salto,d5,desce 5,6,1700,0.0035
3/4,x_x_,♪ ♪,ds,desce por salto,d4,desce 4,4,1700,0.0024
3/4,x_x_,♪ ♪,0,—,s1,sobe 1,109,341,0.3196
3/4,x_x_,♪ ♪,0,—,s2,sobe 2,72,341,0.2111
3/4,x_x_,♪ ♪,0,—,r,repete,71,341,0.2082
3/4,x_x_,♪ ♪,0,—,d1,desce 1,40,341,0.1173
3/4,x_x_,♪ ♪,0,—,d2,desce 2,17,341,0.0499
3/4,x_x_,♪ ♪,0,—,s3,sobe 3,15,341,0.044
3/4,x_x_,♪ ♪,0,—,s5,sobe 5,7,341,0.0205
3/4,x_x_,♪ ♪,0,—,d3,desce 3,6,341,0.0176
3/4,x_x_,♪ ♪,0,—,s4,sobe 4,3,341,0.0088
3/4,xxx_,sc sc ♪,dg,desce por grau,d1d1,"desce 1, desce 1",11,46,0.2391
3/4,xxx_,sc sc ♪,dg,desce por grau,s1s1,"sobe 1, sobe 1",9,46,0.1957
3/4,xxx_,sc sc ♪,dg,desce por grau,d2d2,"desce 2, desce 2",3,46,0.0652
3/4,xxx_,sc sc ♪,dg,desce por grau,rd1,"repete, desce 1",3,46,0.0652
3/4,xxx_,sc sc ♪,dg,desce por grau,d1s1,"desce 1, sobe 1",3,46,0.0652
3/4,xxx_,sc sc ♪,dg,desce por grau,s2d1,"sobe 2, desce 1",3,46,0.0652
3/4,xxx_,sc sc ♪,dg,desce por grau,rs2,"repete, sobe 2",2,46,0.0435
3/4,xxx_,sc sc ♪,dg,desce por grau,d2d1,"desce 2, desce 1",2,46,0.0435
3/4,xxx_,sc sc ♪,dg,desce por grau,d1r,"desce 1, repete",2,46,0.0435
3/4,xxx_,sc sc ♪,dg,desce por grau,s1s2,"sobe 1, sobe 2",2,46,0.0435
3/4,xxx_,sc sc ♪,r,repete,s1s1,"sobe 1, sobe 1",16,37,0.4324
3/4,xxx_,sc sc ♪,r,repete,rr,"repete, repete",8,37,0.2162
3/4,xxx_,sc sc ♪,r,repete,d1r,"desce 1, repete",4,37,0.1081
3/4,xxx_,sc sc ♪,r,repete,d1d2,"desce 1, desce 2",3,37,0.0811
3/4,xxx_,sc sc ♪,r,repete,d3d2,"desce 3, desce 2",2,37,0.0541
3/4,xxx_,sc sc ♪,ss,sobe por salto,d1d2,"desce 1, desce 2",7,37,0.1892
3/4,xxx_,sc sc ♪,ss,sobe por salto,d1s1,"desce 1, sobe 1",7,37,0.1892
3/4,xxx_,sc sc ♪,ss,sobe por salto,s1s1,"sobe 1, sobe 1",6,37,0.1622
3/4,xxx_,sc sc ♪,ss,sobe por salto,d1d1,"desce 1, desce 1",3,37,0.0811
3/4,xxx_,sc sc ♪,ss,sobe por salto,rs1,"repete, sobe 1",2,37,0.0541
3/4,xxx_,sc sc ♪,ss,sobe por salto,rr,"repete, repete",2,37,0.0541
3/4,xxx_,sc sc ♪,ss,sobe por salto,s2s1,"sobe 2, sobe 1",2,37,0.0541
3/4,x_xx,♪ sc sc,dg,desce por grau,rd1,"repete, desce 1",17,89,0.191
3/4,x_xx,♪ sc sc,dg,desce por grau,rs1,"repete, sobe 1",8,89,0.0899
3/4,x_xx,♪ sc sc,dg,desce por grau,s1d1,"sobe 1, desce 1",7,89,0.0787
3/4,x_xx,♪ sc sc,dg,desce por grau,d1d1,"desce 1, desce 1",7,89,0.0787
3/4,x_xx,♪ sc sc,dg,desce por grau,s1s1,"sobe 1, sobe 1",6,89,0.0674
3/4,x_xx,♪ sc sc,dg,desce por grau,d1r,"desce 1, repete",6,89,0.0674
3/4,x_xx,♪ sc sc,dg,desce por grau,rr,"repete, repete",5,89,0.0562
3/4,x_xx,♪ sc sc,dg,desce por grau,s1d2,"sobe 1, desce 2",4,89,0.0449
3/4,x_xx,♪ sc sc,dg,desce por grau,s2s1,"sobe 2, sobe 1",4,89,0.0449
3/4,x_xx,♪ sc sc,dg,desce por grau,s3d1,"sobe 3, desce 1",3,89,0.0337
3/4,x_xx,♪ sc sc,dg,desce por grau,d1s1,"desce 1, sobe 1",3,89,0.0337
3/4,x_xx,♪ sc sc,dg,desce por grau,d4r,"desce 4, repete",3,89,0.0337
3/4,x_xx,♪ sc sc,dg,desce por grau,d2r,"desce 2, repete",2,89,0.0225
3/4,x_xx,♪ sc sc,dg,desce por grau,rd5,"repete, desce 5",2,89,0.0225
3/4,x_xx,♪ sc sc,dg,desce por grau,s2d2,"sobe 2, desce 2",2,89,0.0225
3/4,x__x,♪. sc,ss,sobe por salto,d1,desce 1,248,541,0.4584
3/4,x__x,♪. sc,ss,sobe por salto,r,repete,106,541,0.1959
3/4,x__x,♪. sc,ss,sobe por salto,s1,sobe 1,102,541,0.1885
3/4,x__x,♪. sc,ss,sobe por salto,d2,desce 2,43,541,0.0795
3/4,x__x,♪. sc,ss,sobe por salto,d3,desce 3,13,541,0.024
3/4,x__x,♪. sc,ss,sobe por salto,s2,sobe 2,12,541,0.0222
3/4,x__x,♪. sc,ss,sobe por salto,d5,desce 5,6,541,0.0111
3/4,x__x,♪. sc,ss,sobe por salto,s5,sobe 5,4,541,0.0074
3/4,x__x,♪. sc,ss,sobe por salto,d4,desce 4,3,541,0.0055
3/4,x__x,♪. sc,ss,sobe por salto,s4,sobe 4,2,541,0.0037
3/4,x__x,♪. sc,ss,sobe por salto,s3,sobe 3,2,541,0.0037
3/4,x__x,♪. sc,sg,sobe por grau,d1,desce 1,113,358,0.3156
3/4,x__x,♪. sc,sg,sobe por grau,s1,sobe 1,112,358,0.3128
3/4,x__x,♪. sc,sg,sobe por grau,r,repete,61,358,0.1704
3/4,x__x,♪. sc,sg,sobe por grau,d2,desce 2,39,358,0.1089
3/4,x__x,♪. sc,sg,sobe por grau,s2,sobe 2,18,358,0.0503
3/4,x__x,♪. sc,sg,sobe por grau,d3,desce 3,8,358,0.0223
3/4,x__x,♪. sc,sg,sobe por grau,s3,sobe 3,2,358,0.0056
3/4,x__x,♪. sc,sg,sobe por grau,d4,desce 4,2,358,0.0056
3/4,x_xx,♪ sc sc,r,repete,s1s1,"sobe 1, sobe 1",36,110,0.3273
3/4,x_xx,♪ sc sc,r,repete,d1d1,"desce 1, desce 1",27,110,0.2455
3/4,x_xx,♪ sc sc,r,repete,rr,"repete, repete",12,110,0.1091
3/4,x_xx,♪ sc sc,r,repete,s2s2,"sobe 2, sobe 2",8,110,0.0727
3/4,x_xx,♪ sc sc,r,repete,s1s2,"sobe 1, sobe 2",4,110,0.0364
3/4,x_xx,♪ sc sc,r,repete,d1s1,"desce 1, sobe 1",3,110,0.0273
3/4,x_xx,♪ sc sc,r,repete,d1r,"desce 1, repete",3,110,0.0273
3/4,x_xx,♪ sc sc,r,repete,d1s3,"desce 1, sobe 3",3,110,0.0273
3/4,x_xx,♪ sc sc,r,repete,s1d1,"sobe 1, desce 1",3,110,0.0273
3/4,x_xx,♪ sc sc,r,repete,s4d1,"sobe 4, desce 1",2,110,0.0182
3/4,x_xx,♪ sc sc,r,repete,d3s1,"desce 3, sobe 1",2,110,0.0182
3/4,x_xx,♪ sc sc,r,repete,d3s2,"desce 3, sobe 2",2,110,0.0182
3/4,x__x,♪. sc,dg,desce por grau,d1,desce 1,258,601,0.4293
3/4,x__x,♪. sc,dg,desce por grau,s1,sobe 1,151,601,0.2512
3/4,x__x,♪. sc,dg,desce por grau,r,repete,80,601,0.1331
3/4,x__x,♪. sc,dg,desce por grau,d2,desce 2,46,601,0.0765
3/4,x__x,♪. sc,dg,desce por grau,s2,sobe 2,44,601,0.0732
3/4,x__x,♪. sc,dg,desce por grau,s5,sobe 5,8,601,0.0133
3/4,x__x,♪. sc,dg,desce por grau,d3,desce 3,4,601,0.0067
3/4,x__x,♪. sc,dg,desce por grau,d5,desce 5,4,601,0.0067
3/4,x__x,♪. sc,dg,desce por grau,s3,sobe 3,3,601,0.005
3/4,x__x,♪. sc,dg,desce por grau,d4,desce 4,3,601,0.005
3/4,x__x,♪. sc,0,—,s1,sobe 1,39,120,0.325
3/4,x__x,♪. sc,0,—,r,repete,28,120,0.2333
3/4,x__x,♪. sc,0,—,d1,desce 1,25,120,0.2083
3/4,x__x,♪. sc,0,—,d3,desce 3,7,120,0.0583
3/4,x__x,♪. sc,0,—,s3,sobe 3,7,120,0.0583
3/4,x__x,♪. sc,0,—,d2,desce 2,6,120,0.05
3/4,x__x,♪. sc,0,—,s2,sobe 2,5,120,0.0417
3/4,x__x,♪. sc,0,—,s5,sobe 5,3,120,0.025
3/4,x__x,♪. sc,r,repete,d1,desce 1,161,362,0.4448
3/4,x__x,♪. sc,r,repete,s1,sobe 1,60,362,0.1657
3/4,x__x,♪. sc,r,repete,r,repete,60,362,0.1657
3/4,x__x,♪. sc,r,repete,s2,sobe 2,29,362,0.0801
3/4,x__x,♪. sc,r,repete,d2,desce 2,14,362,0.0387
3/4,x__x,♪. sc,r,repete,s3,sobe 3,12,362,0.0331
3/4,x__x,♪. sc,r,repete,s5,sobe 5,10,362,0.0276
3/4,x__x,♪. sc,r,repete,d3,desce 3,9,362,0.0249
3/4,x__x,♪. sc,r,repete,d4,desce 4,4,362,0.011
3/4,x__x,♪. sc,r,repete,s4,sobe 4,2,362,0.0055
3/4,x_xx,♪ sc sc,sg,sobe por grau,d1d1,"desce 1, desce 1",18,85,0.2118
3/4,x_xx,♪ sc sc,sg,sobe por grau,rd1,"repete, desce 1",16,85,0.1882
3/4,x_xx,♪ sc sc,sg,sobe por grau,s2d1,"sobe 2, desce 1",13,85,0.1529
3/4,x_xx,♪ sc sc,sg,sobe por grau,s1s1,"sobe 1, sobe 1",12,85,0.1412
3/4,x_xx,♪ sc sc,sg,sobe por grau,d1s1,"desce 1, sobe 1",6,85,0.0706
3/4,x_xx,♪ sc sc,sg,sobe por grau,rs1,"repete, sobe 1",5,85,0.0588
3/4,x_xx,♪ sc sc,sg,sobe por grau,d1r,"desce 1, repete",3,85,0.0353
3/4,x_xx,♪ sc sc,sg,sobe por grau,rs2,"repete, sobe 2",2,85,0.0235
3/4,x_xx,♪ sc sc,sg,sobe por grau,s3d1,"sobe 3, desce 1",2,85,0.0235
3/4,x_xx,♪ sc sc,sg,sobe por grau,d2d1,"desce 2, desce 1",2,85,0.0235
3/4,x_xx,♪ sc sc,ss,sobe por salto,s1s1,"sobe 1, sobe 1",11,63,0.1746
3/4,x_xx,♪ sc sc,ss,sobe por salto,d1d1,"desce 1, desce 1",11,63,0.1746
3/4,x_xx,♪ sc sc,ss,sobe por salto,rd1,"repete, desce 1",7,63,0.1111
3/4,x_xx,♪ sc sc,ss,sobe por salto,rs1,"repete, sobe 1",6,63,0.0952
3/4,x_xx,♪ sc sc,ss,sobe por salto,d2d1,"desce 2, desce 1",5,63,0.0794
3/4,x_xx,♪ sc sc,ss,sobe por salto,s2d1,"sobe 2, desce 1",3,63,0.0476
3/4,x_xx,♪ sc sc,ss,sobe por salto,s1s2,"sobe 1, sobe 2",3,63,0.0476
3/4,x_xx,♪ sc sc,ss,sobe por salto,s2s1,"sobe 2, sobe 1",2,63,0.0317
3/4,x_xx,♪ sc sc,ss,sobe por salto,d3s2,"desce 3, sobe 2",2,63,0.0317
3/4,x_xx,♪ sc sc,ss,sobe por salto,rd2,"repete, desce 2",2,63,0.0317
3/4,xxx_,sc sc ♪,sg,sobe por grau,d1d1,"desce 1, desce 1",6,18,0.3333
3/4,xxx_,sc sc ♪,sg,sobe por grau,s1s1,"sobe 1, sobe 1",5,18,0.2778
3/4,xxx_,sc sc ♪,sg,sobe por grau,s1d1,"sobe 1, desce 1",2,18,0.1111
3/4,xxx_,sc sc ♪,sg,sobe por grau,d1s1,"desce 1, sobe 1",2,18,0.1111
3/4,x__x,♪. sc,ds,desce por salto,r,repete,69,268,0.2575
3/4,x__x,♪. sc,ds,desce por salto,s1,sobe 1,68,268,0.2537
3/4,x__x,♪. sc,ds,desce por salto,d1,desce 1,57,268,0.2127
3/4,x__x,♪. sc,ds,desce por salto,s2,sobe 2,32,268,0.1194
3/4,x__x,♪. sc,ds,desce por salto,d2,desce 2,15,268,0.056
3/4,x__x,♪. sc,ds,desce por salto,s3,sobe 3,12,268,0.0448
3/4,x__x,♪. sc,ds,desce por salto,s5,sobe 5,10,268,0.0373
3/4,x__x,♪. sc,ds,desce por salto,s4,sobe 4,2,268,0.0075
3/4,x__x,♪. sc,ds,desce por salto,d4,desce 4,2,268,0.0075
3/4,xxxx,sc sc sc sc,ss,sobe por salto,d1d1d1,"desce 1, desce 1, desce 1",10,40,0.25
3/4,xxxx,sc sc sc sc,ss,sobe por salto,d1d1s1,"desce 1, desce 1, sobe 1",7,40,0.175
3/4,xxxx,sc sc sc sc,ss,sobe por salto,d1rd1,"desce 1, repete, desce 1",4,40,0.1
3/4,xxxx,sc sc sc sc,ss,sobe por salto,d1d2d2,"desce 1, desce 2, desce 2",3,40,0.075
3/4,xxxx,sc sc sc sc,ss,sobe por salto,d1s1d1,"desce 1, sobe 1, desce 1",3,40,0.075
3/4,xxxx,sc sc sc sc,ss,sobe por salto,d2d1s1,"desce 2, desce 1, sobe 1",2,40,0.05
3/4,xxxx,sc sc sc sc,ss,sobe por salto,d1s2d1,"desce 1, sobe 2, desce 1",2,40,0.05
3/4,xxx_,sc sc ♪,ds,desce por salto,s2s2,"sobe 2, sobe 2",3,18,0.1667
3/4,xxx_,sc sc ♪,ds,desce por salto,rr,"repete, repete",3,18,0.1667
3/4,xxx_,sc sc ♪,ds,desce por salto,s1s1,"sobe 1, sobe 1",3,18,0.1667
3/4,xxx_,sc sc ♪,ds,desce por salto,d1d1,"desce 1, desce 1",2,18,0.1111
3/4,xxx_,sc sc ♪,ds,desce por salto,s1d1,"sobe 1, desce 1",2,18,0.1111
3/4,xxx_,sc sc ♪,ds,desce por salto,s1s2,"sobe 1, sobe 2",2,18,0.1111
3/4,xxxx,sc sc sc sc,dg,desce por grau,d1d1d1,"desce 1, desce 1, desce 1",30,72,0.4167
3/4,xxxx,sc sc sc sc,dg,desce por grau,s1s1s1,"sobe 1, sobe 1, sobe 1",8,72,0.1111
3/4,xxxx,sc sc sc sc,dg,desce por grau,s1s1d2,"sobe 1, sobe 1, desce 2",7,72,0.0972
3/4,xxxx,sc sc sc sc,dg,desce por grau,d1d2d1,"desce 1, desce 2, desce 1",5,72,0.0694
3/4,xxxx,sc sc sc sc,dg,desce por grau,d1d1s1,"desce 1, desce 1, sobe 1",3,72,0.0417
3/4,xxxx,sc sc sc sc,dg,desce por grau,s1s1d1,"sobe 1, sobe 1, desce 1",3,72,0.0417
3/4,xxxx,sc sc sc sc,dg,desce por grau,d1s1d2,"desce 1, sobe 1, desce 2",3,72,0.0417
3/4,xxxx,sc sc sc sc,dg,desce por grau,d1s1s1,"desce 1, sobe 1, sobe 1",2,72,0.0278
3/4,xxxx,sc sc sc sc,dg,desce por grau,s2d1d1,"sobe 2, desce 1, desce 1",2,72,0.0278
3/4,xxxx,sc sc sc sc,r,repete,s1s1s1,"sobe 1, sobe 1, sobe 1",6,38,0.1579
3/4,xxxx,sc sc sc sc,r,repete,s2d1d2,"sobe 2, desce 1, desce 2",5,38,0.1316
3/4,xxxx,sc sc sc sc,r,repete,d1d1d1,"desce 1, desce 1, desce 1",5,38,0.1316
3/4,xxxx,sc sc sc sc,r,repete,d1rd1,"desce 1, repete, desce 1",5,38,0.1316
3/4,xxxx,sc sc sc sc,r,repete,d1d1s1,"desce 1, desce 1, sobe 1",4,38,0.1053
3/4,xxxx,sc sc sc sc,r,repete,s1s1d2,"sobe 1, sobe 1, desce 2",2,38,0.0526
3/4,xxxx,sc sc sc sc,r,repete,d1d2s2,"desce 1, desce 2, sobe 2",2,38,0.0526
3/4,xxxx,sc sc sc sc,r,repete,d1d1s2,"desce 1, desce 1, sobe 2",2,38,0.0526
3/4,xxxx,sc sc sc sc,r,repete,d2rd2,"desce 2, repete, desce 2",2,38,0.0526
3/4,xxxx,sc sc sc sc,sg,sobe por grau,d1d1d1,"desce 1, desce 1, desce 1",21,69,0.3043
3/4,xxxx,sc sc sc sc,sg,sobe por grau,s1d1d1,"sobe 1, desce 1, desce 1",14,69,0.2029
3/4,xxxx,sc sc sc sc,sg,sobe por grau,s1s1s1,"sobe 1, sobe 1, sobe 1",6,69,0.087
3/4,xxxx,sc sc sc sc,sg,sobe por grau,s1s1d2,"sobe 1, sobe 1, desce 2",6,69,0.087
3/4,xxxx,sc sc sc sc,sg,sobe por grau,s2s1s1,"sobe 2, sobe 1, sobe 1",3,69,0.0435
3/4,xxxx,sc sc sc sc,sg,sobe por grau,s1s1d1,"sobe 1, sobe 1, desce 1",2,69,0.029
3/4,xxxx,sc sc sc sc,sg,sobe por grau,d1d1s1,"desce 1, desce 1, sobe 1",2,69,0.029
3/4,xxxx,sc sc sc sc,sg,sobe por grau,d1d2d2,"desce 1, desce 2, desce 2",2,69,0.029
3/4,xxxx,sc sc sc sc,sg,sobe por grau,d1d2s2,"desce 1, desce 2, sobe 2",2,69,0.029
3/4,xxxx,sc sc sc sc,sg,sobe por grau,s2s2d1,"sobe 2, sobe 2, desce 1",2,69,0.029
3/4,xx__,sc ♪.,ds,desce por salto,s2,sobe 2,8,18,0.4444
3/4,xx__,sc ♪.,ds,desce por salto,s3,sobe 3,4,18,0.2222
3/4,xx__,sc ♪.,ds,desce por salto,d2,desce 2,3,18,0.1667
3/4,xx__,sc ♪.,ds,desce por salto,d1,desce 1,2,18,0.1111
3/4,__xx,(lig.) ♪ sc sc,sg,sobe por grau,s1,sobe 1,18,37,0.4865
3/4,__xx,(lig.) ♪ sc sc,sg,sobe por grau,d1,desce 1,13,37,0.3514
3/4,__xx,(lig.) ♪ sc sc,sg,sobe por grau,r,repete,5,37,0.1351
3/4,..xx,pausa ♪ sc sc,r,repete,s1,sobe 1,5,15,0.3333
3/4,..xx,pausa ♪ sc sc,r,repete,d1,desce 1,5,15,0.3333
3/4,..xx,pausa ♪ sc sc,r,repete,r,repete,3,15,0.2
3/4,..xx,pausa ♪ sc sc,r,repete,s2,sobe 2,2,15,0.1333
3/4,__xx,(lig.) ♪ sc sc,dg,desce por grau,d1,desce 1,20,28,0.7143
3/4,__xx,(lig.) ♪ sc sc,dg,desce por grau,s1,sobe 1,4,28,0.1429
3/4,__xx,(lig.) ♪ sc sc,dg,desce por grau,r,repete,2,28,0.0714
3/4,__xx,(lig.) ♪ sc sc,dg,desce por grau,d2,desce 2,2,28,0.0714
3/4,__xx,(lig.) ♪ sc sc,ss,sobe por salto,d1,desce 1,9,19,0.4737
3/4,__xx,(lig.) ♪ sc sc,ss,sobe por salto,d2,desce 2,5,19,0.2632
3/4,__xx,(lig.) ♪ sc sc,ss,sobe por salto,r,repete,2,19,0.1053
3/4,__xx,(lig.) ♪ sc sc,ss,sobe por salto,s1,sobe 1,2,19,0.1053
3/4,x_xx,♪ sc sc,ds,desce por salto,rd1,"repete, desce 1",7,50,0.14
3/4,x_xx,♪ sc sc,ds,desce por salto,s1s1,"sobe 1, sobe 1",7,50,0.14
3/4,x_xx,♪ sc sc,ds,desce por salto,d1d1,"desce 1, desce 1",6,50,0.12
3/4,x_xx,♪ sc sc,ds,desce por salto,s2d2,"sobe 2, desce 2",3,50,0.06
3/4,x_xx,♪ sc sc,ds,desce por salto,d2s2,"desce 2, sobe 2",2,50,0.04
3/4,x_xx,♪ sc sc,ds,desce por salto,s2d1,"sobe 2, desce 1",2,50,0.04
3/4,x_xx,♪ sc sc,ds,desce por salto,s2s1,"sobe 2, sobe 1",2,50,0.04
3/4,x_xx,♪ sc sc,ds,desce por salto,rr,"repete, repete",2,50,0.04
3/4,x_xx,♪ sc sc,ds,desce por salto,s5r,"sobe 5, repete",2,50,0.04
3/4,x_xx,♪ sc sc,ds,desce por salto,d1s5,"desce 1, sobe 5",2,50,0.04
3/4,x_xx,♪ sc sc,ds,desce por salto,s2s2,"sobe 2, sobe 2",2,50,0.04
3/4,x_xx,♪ sc sc,ds,desce por salto,s2r,"sobe 2, repete",2,50,0.04
3/4,x_xx,♪ sc sc,ds,desce por salto,s1d2,"sobe 1, desce 2",2,50,0.04
3/4,xxxx,sc sc sc sc,ds,desce por salto,s1s1s1,"sobe 1, sobe 1, sobe 1",4,15,0.2667
3/4,xxxx,sc sc sc sc,ds,desce por salto,rs1r,"repete, sobe 1, repete",2,15,0.1333
3/4,..xx,pausa ♪ sc sc,ss,sobe por salto,d1,desce 1,12,15,0.8
3/4,..xx,pausa ♪ sc sc,ss,sobe por salto,s1,sobe 1,3,15,0.2
3/4,x_xx,♪ sc sc,0,—,s1s1,"sobe 1, sobe 1",8,17,0.4706
3/4,__xx,(lig.) ♪ sc sc,ds,desce por salto,r,repete,5,11,0.4545
3/4,__xx,(lig.) ♪ sc sc,ds,desce por salto,d2,desce 2,3,11,0.2727
3/4,__xx,(lig.) ♪ sc sc,r,repete,s1,sobe 1,5,10,0.5
3/4,__xx,(lig.) ♪ sc sc,r,repete,s5,sobe 5,4,10,0.4
4/4,x_x_,♪ ♪,0,—,s1,sobe 1,174,627,0.2775
4/4,x_x_,♪ ♪,0,—,d1,desce 1,129,627,0.2057
4/4,x_x_,♪ ♪,0,—,s2,sobe 2,124,627,0.1978
4/4,x_x_,♪ ♪,0,—,r,repete,106,627,0.1691
4/4,x_x_,♪ ♪,0,—,d2,desce 2,43,627,0.0686
4/4,x_x_,♪ ♪,0,—,s3,sobe 3,34,627,0.0542
4/4,x_x_,♪ ♪,0,—,s4,sobe 4,6,627,0.0096
4/4,x_x_,♪ ♪,0,—,d3,desce 3,4,627,0.0064
4/4,x_x_,♪ ♪,0,—,s5,sobe 5,4,627,0.0064
4/4,x_x_,♪ ♪,0,—,d4,desce 4,2,627,0.0032
4/4,x_x_,♪ ♪,sg,sobe por grau,s1,sobe 1,3343,11010,0.3036
4/4,x_x_,♪ ♪,sg,sobe por grau,d2,desce 2,2767,11010,0.2513
4/4,x_x_,♪ ♪,sg,sobe por grau,d1,desce 1,2583,11010,0.2346
4/4,x_x_,♪ ♪,sg,sobe por grau,s2,sobe 2,1046,11010,0.095
4/4,x_x_,♪ ♪,sg,sobe por grau,r,repete,418,11010,0.038
4/4,x_x_,♪ ♪,sg,sobe por grau,d3,desce 3,259,11010,0.0235
4/4,x_x_,♪ ♪,sg,sobe por grau,s3,sobe 3,183,11010,0.0166
4/4,x_x_,♪ ♪,sg,sobe por grau,d4,desce 4,179,11010,0.0163
4/4,x_x_,♪ ♪,sg,sobe por grau,d5,desce 5,139,11010,0.0126
4/4,x_x_,♪ ♪,sg,sobe por grau,s5,sobe 5,70,11010,0.0064
4/4,x_x_,♪ ♪,sg,sobe por grau,s4,sobe 4,23,11010,0.0021
4/4,x_x_,♪ ♪,ds,desce por salto,s2,sobe 2,1870,6511,0.2872
4/4,x_x_,♪ ♪,ds,desce por salto,s1,sobe 1,1097,6511,0.1685
4/4,x_x_,♪ ♪,ds,desce por salto,d2,desce 2,1001,6511,0.1537
4/4,x_x_,♪ ♪,ds,desce por salto,d1,desce 1,739,6511,0.1135
4/4,x_x_,♪ ♪,ds,desce por salto,s3,sobe 3,609,6511,0.0935
4/4,x_x_,♪ ♪,ds,desce por salto,r,repete,514,6511,0.0789
4/4,x_x_,♪ ♪,ds,desce por salto,s5,sobe 5,331,6511,0.0508
4/4,x_x_,♪ ♪,ds,desce por salto,s4,sobe 4,231,6511,0.0355
4/4,x_x_,♪ ♪,ds,desce por salto,d3,desce 3,85,6511,0.0131
4/4,x_x_,♪ ♪,ds,desce por salto,d4,desce 4,29,6511,0.0045
4/4,x_x_,♪ ♪,ds,desce por salto,d5,desce 5,5,6511,0.0008
4/4,x_x_,♪ ♪,ss,sobe por salto,d2,desce 2,1932,7553,0.2558
4/4,x_x_,♪ ♪,ss,sobe por salto,d1,desce 1,1682,7553,0.2227
4/4,x_x_,♪ ♪,ss,sobe por salto,s1,sobe 1,1037,7553,0.1373
4/4,x_x_,♪ ♪,ss,sobe por salto,s2,sobe 2,752,7553,0.0996
4/4,x_x_,♪ ♪,ss,sobe por salto,r,repete,545,7553,0.0722
4/4,x_x_,♪ ♪,ss,sobe por salto,d4,desce 4,529,7553,0.07
4/4,x_x_,♪ ♪,ss,sobe por salto,d5,desce 5,407,7553,0.0539
4/4,x_x_,♪ ♪,ss,sobe por salto,d3,desce 3,400,7553,0.053
4/4,x_x_,♪ ♪,ss,sobe por salto,s3,sobe 3,230,7553,0.0305
4/4,x_x_,♪ ♪,ss,sobe por salto,s5,sobe 5,30,7553,0.004
4/4,x_x_,♪ ♪,ss,sobe por salto,s4,sobe 4,9,7553,0.0012
4/4,xx__,sc ♪.,dg,desce por grau,d2,desce 2,182,307,0.5928
4/4,xx__,sc ♪.,dg,desce por grau,s2,sobe 2,37,307,0.1205
4/4,xx__,sc ♪.,dg,desce por grau,d1,desce 1,17,307,0.0554
4/4,xx__,sc ♪.,dg,desce por grau,r,repete,16,307,0.0521
4/4,xx__,sc ♪.,dg,desce por grau,s5,sobe 5,14,307,0.0456
4/4,xx__,sc ♪.,dg,desce por grau,d4,desce 4,14,307,0.0456
4/4,xx__,sc ♪.,dg,desce por grau,d5,desce 5,9,307,0.0293
4/4,xx__,sc ♪.,dg,desce por grau,s1,sobe 1,6,307,0.0195
4/4,xx__,sc ♪.,dg,desce por grau,d3,desce 3,4,307,0.013
4/4,xx__,sc ♪.,dg,desce por grau,s4,sobe 4,4,307,0.013
4/4,xx__,sc ♪.,dg,desce por grau,s3,sobe 3,4,307,0.013
4/4,x_x_,♪ ♪,r,repete,d1,desce 1,1883,7117,0.2646
4/4,x_x_,♪ ♪,r,repete,r,repete,1538,7117,0.2161
4/4,x_x_,♪ ♪,r,repete,s1,sobe 1,1375,7117,0.1932
4/4,x_x_,♪ ♪,r,repete,s2,sobe 2,910,7117,0.1279
4/4,x_x_,♪ ♪,r,repete,d2,desce 2,459,7117,0.0645
4/4,x_x_,♪ ♪,r,repete,s3,sobe 3,327,7117,0.0459
4/4,x_x_,♪ ♪,r,repete,s5,sobe 5,315,7117,0.0443
4/4,x_x_,♪ ♪,r,repete,s4,sobe 4,134,7117,0.0188
4/4,x_x_,♪ ♪,r,repete,d3,desce 3,121,7117,0.017
4/4,x_x_,♪ ♪,r,repete,d4,desce 4,30,7117,0.0042
4/4,x_x_,♪ ♪,r,repete,d5,desce 5,25,7117,0.0035
4/4,x_x_,♪ ♪,dg,desce por grau,d1,desce 1,5985,13122,0.4561
4/4,x_x_,♪ ♪,dg,desce por grau,d2,desce 2,2573,13122,0.1961
4/4,x_x_,♪ ♪,dg,desce por grau,s1,sobe 1,2125,13122,0.1619
4/4,x_x_,♪ ♪,dg,desce por grau,s2,sobe 2,1097,13122,0.0836
4/4,x_x_,♪ ♪,dg,desce por grau,r,repete,560,13122,0.0427
4/4,x_x_,♪ ♪,dg,desce por grau,s3,sobe 3,228,13122,0.0174
4/4,x_x_,♪ ♪,dg,desce por grau,s5,sobe 5,165,13122,0.0126
4/4,x_x_,♪ ♪,dg,desce por grau,d3,desce 3,162,13122,0.0123
4/4,x_x_,♪ ♪,dg,desce por grau,d4,desce 4,109,13122,0.0083
4/4,x_x_,♪ ♪,dg,desce por grau,s4,sobe 4,60,13122,0.0046
4/4,x_x_,♪ ♪,dg,desce por grau,d5,desce 5,58,13122,0.0044
4/4,xxx_,sc sc ♪,sg,sobe por grau,s1s1,"sobe 1, sobe 1",72,159,0.4528
4/4,xxx_,sc sc ♪,sg,sobe por grau,rr,"repete, repete",46,159,0.2893
4/4,xxx_,sc sc ♪,sg,sobe por grau,d1d1,"desce 1, desce 1",15,159,0.0943
4/4,xxx_,sc sc ♪,sg,sobe por grau,d1d2,"desce 1, desce 2",7,159,0.044
4/4,xxx_,sc sc ♪,sg,sobe por grau,s2s1,"sobe 2, sobe 1",5,159,0.0314
4/4,xxx_,sc sc ♪,sg,sobe por grau,s1d1,"sobe 1, desce 1",2,159,0.0126
4/4,xxx_,sc sc ♪,sg,sobe por grau,s2d1,"sobe 2, desce 1",2,159,0.0126
4/4,xxx_,sc sc ♪,sg,sobe por grau,s1d2,"sobe 1, desce 2",2,159,0.0126
4/4,xxx_,sc sc ♪,ss,sobe por salto,s1s1,"sobe 1, sobe 1",41,110,0.3727
4/4,xxx_,sc sc ♪,ss,sobe por salto,d1d1,"desce 1, desce 1",24,110,0.2182
4/4,xxx_,sc sc ♪,ss,sobe por salto,rr,"repete, repete",17,110,0.1545
4/4,xxx_,sc sc ♪,ss,sobe por salto,d2d1,"desce 2, desce 1",7,110,0.0636
4/4,xxx_,sc sc ♪,ss,sobe por salto,s2d2,"sobe 2, desce 2",4,110,0.0364
4/4,xxx_,sc sc ♪,ss,sobe por salto,s1d1,"sobe 1, desce 1",2,110,0.0182
4/4,xxx_,sc sc ♪,ss,sobe por salto,s2d5,"sobe 2, desce 5",2,110,0.0182
4/4,xxx_,sc sc ♪,ss,sobe por salto,d1r,"desce 1, repete",2,110,0.0182
4/4,xxx_,sc sc ♪,r,repete,rr,"repete, repete",34,98,0.3469
4/4,xxx_,sc sc ♪,r,repete,s1s1,"sobe 1, sobe 1",25,98,0.2551
4/4,xxx_,sc sc ♪,r,repete,s2s1,"sobe 2, sobe 1",5,98,0.051
4/4,xxx_,sc sc ♪,r,repete,s1d1,"sobe 1, desce 1",5,98,0.051
4/4,xxx_,sc sc ♪,r,repete,rs2,"repete, sobe 2",5,98,0.051
4/4,xxx_,sc sc ♪,r,repete,d1d1,"desce 1, desce 1",4,98,0.0408
4/4,xxx_,sc sc ♪,r,repete,s1s2,"sobe 1, sobe 2",4,98,0.0408
4/4,xxx_,sc sc ♪,r,repete,d1d3,"desce 1, desce 3",4,98,0.0408
4/4,xxx_,sc sc ♪,r,repete,s2d2,"sobe 2, desce 2",2,98,0.0204
4/4,xxx_,sc sc ♪,r,repete,d1d2,"desce 1, desce 2",2,98,0.0204
4/4,x__x,♪. sc,sg,sobe por grau,s1,sobe 1,590,2074,0.2845
4/4,x__x,♪. sc,sg,sobe por grau,d1,desce 1,546,2074,0.2633
4/4,x__x,♪. sc,sg,sobe por grau,d2,desce 2,462,2074,0.2228
4/4,x__x,♪. sc,sg,sobe por grau,s2,sobe 2,214,2074,0.1032
4/4,x__x,♪. sc,sg,sobe por grau,d3,desce 3,101,2074,0.0487
4/4,x__x,♪. sc,sg,sobe por grau,r,repete,76,2074,0.0366
4/4,x__x,♪. sc,sg,sobe por grau,s3,sobe 3,32,2074,0.0154
4/4,x__x,♪. sc,sg,sobe por grau,d5,desce 5,22,2074,0.0106
4/4,x__x,♪. sc,sg,sobe por grau,d4,desce 4,20,2074,0.0096
4/4,x__x,♪. sc,sg,sobe por grau,s5,sobe 5,11,2074,0.0053
4/4,x__x,♪. sc,ss,sobe por salto,s1,sobe 1,498,2098,0.2374
4/4,x__x,♪. sc,ss,sobe por salto,d2,desce 2,484,2098,0.2307
4/4,x__x,♪. sc,ss,sobe por salto,d1,desce 1,448,2098,0.2135
4/4,x__x,♪. sc,ss,sobe por salto,s2,sobe 2,146,2098,0.0696
4/4,x__x,♪. sc,ss,sobe por salto,r,repete,140,2098,0.0667
4/4,x__x,♪. sc,ss,sobe por salto,d3,desce 3,112,2098,0.0534
4/4,x__x,♪. sc,ss,sobe por salto,d5,desce 5,108,2098,0.0515
4/4,x__x,♪. sc,ss,sobe por salto,d4,desce 4,93,2098,0.0443
4/4,x__x,♪. sc,ss,sobe por salto,s3,sobe 3,45,2098,0.0214
4/4,x__x,♪. sc,ss,sobe por salto,s5,sobe 5,23,2098,0.011
4/4,x__x,♪. sc,ds,desce por salto,s2,sobe 2,370,1545,0.2395
4/4,x__x,♪. sc,ds,desce por salto,s1,sobe 1,296,1545,0.1916
4/4,x__x,♪. sc,ds,desce por salto,d2,desce 2,213,1545,0.1379
4/4,x__x,♪. sc,ds,desce por salto,d1,desce 1,181,1545,0.1172
4/4,x__x,♪. sc,ds,desce por salto,s3,sobe 3,153,1545,0.099
4/4,x__x,♪. sc,ds,desce por salto,r,repete,128,1545,0.0828
4/4,x__x,♪. sc,ds,desce por salto,s5,sobe 5,120,1545,0.0777
4/4,x__x,♪. sc,ds,desce por salto,s4,sobe 4,41,1545,0.0265
4/4,x__x,♪. sc,ds,desce por salto,d3,desce 3,25,1545,0.0162
4/4,x__x,♪. sc,ds,desce por salto,d4,desce 4,15,1545,0.0097
4/4,x__x,♪. sc,ds,desce por salto,d5,desce 5,3,1545,0.0019
4/4,xxxx,sc sc sc sc,ss,sobe por salto,d1d1d1,"desce 1, desce 1, desce 1",92,196,0.4694
4/4,xxxx,sc sc sc sc,ss,sobe por salto,s1s1d2,"sobe 1, sobe 1, desce 2",15,196,0.0765
4/4,xxxx,sc sc sc sc,ss,sobe por salto,d1s1s1,"desce 1, sobe 1, sobe 1",15,196,0.0765
4/4,xxxx,sc sc sc sc,ss,sobe por salto,d1d1s1,"desce 1, desce 1, sobe 1",8,196,0.0408
4/4,xxxx,sc sc sc sc,ss,sobe por salto,s1s1d1,"sobe 1, sobe 1, desce 1",6,196,0.0306
4/4,xxxx,sc sc sc sc,ss,sobe por salto,s2s2d2,"sobe 2, sobe 2, desce 2",6,196,0.0306
4/4,xxxx,sc sc sc sc,ss,sobe por salto,d2d1d1,"desce 2, desce 1, desce 1",5,196,0.0255
4/4,xxxx,sc sc sc sc,ss,sobe por salto,d2s2s1,"desce 2, sobe 2, sobe 1",5,196,0.0255
4/4,xxxx,sc sc sc sc,ss,sobe por salto,d2s2s2,"desce 2, sobe 2, sobe 2",4,196,0.0204
4/4,xxxx,sc sc sc sc,ss,sobe por salto,s1s1s1,"sobe 1, sobe 1, sobe 1",3,196,0.0153
4/4,xxxx,sc sc sc sc,ss,sobe por salto,d2d1d2,"desce 2, desce 1, desce 2",3,196,0.0153
4/4,xxxx,sc sc sc sc,ss,sobe por salto,d1d1s3,"desce 1, desce 1, sobe 3",3,196,0.0153
4/4,xxxx,sc sc sc sc,ss,sobe por salto,s2d2d1,"sobe 2, desce 2, desce 1",3,196,0.0153
4/4,xxxx,sc sc sc sc,ss,sobe por salto,s1d1s1,"sobe 1, desce 1, sobe 1",2,196,0.0102
4/4,xxxx,sc sc sc sc,ss,sobe por salto,d3d3s2,"desce 3, desce 3, sobe 2",2,196,0.0102
4/4,xxxx,sc sc sc sc,ss,sobe por salto,rd3s1,"repete, desce 3, sobe 1",2,196,0.0102
4/4,xxxx,sc sc sc sc,ss,sobe por salto,s1d3d1,"sobe 1, desce 3, desce 1",2,196,0.0102
4/4,xxxx,sc sc sc sc,ss,sobe por salto,d2d2d2,"desce 2, desce 2, desce 2",2,196,0.0102
4/4,xxxx,sc sc sc sc,sg,sobe por grau,d1d1d1,"desce 1, desce 1, desce 1",142,254,0.5591
4/4,xxxx,sc sc sc sc,sg,sobe por grau,d1d1s1,"desce 1, desce 1, sobe 1",27,254,0.1063
4/4,xxxx,sc sc sc sc,sg,sobe por grau,d1s1s1,"desce 1, sobe 1, sobe 1",18,254,0.0709
4/4,xxxx,sc sc sc sc,sg,sobe por grau,s1s1s1,"sobe 1, sobe 1, sobe 1",8,254,0.0315
4/4,xxxx,sc sc sc sc,sg,sobe por grau,s1s1d2,"sobe 1, sobe 1, desce 2",8,254,0.0315
4/4,xxxx,sc sc sc sc,sg,sobe por grau,d1d1d2,"desce 1, desce 1, desce 2",5,254,0.0197
4/4,xxxx,sc sc sc sc,sg,sobe por grau,s1d1d1,"sobe 1, desce 1, desce 1",4,254,0.0157
4/4,xxxx,sc sc sc sc,sg,sobe por grau,d1d1s5,"desce 1, desce 1, sobe 5",4,254,0.0157
4/4,xxxx,sc sc sc sc,sg,sobe por grau,d2d1d1,"desce 2, desce 1, desce 1",3,254,0.0118
4/4,xxxx,sc sc sc sc,sg,sobe por grau,s1s1d1,"sobe 1, sobe 1, desce 1",3,254,0.0118
4/4,xxxx,sc sc sc sc,sg,sobe por grau,s2d1d1,"sobe 2, desce 1, desce 1",3,254,0.0118
4/4,xxxx,sc sc sc sc,sg,sobe por grau,d1s1d2,"desce 1, sobe 1, desce 2",2,254,0.0079
4/4,xxxx,sc sc sc sc,sg,sobe por grau,d1d2s2,"desce 1, desce 2, sobe 2",2,254,0.0079
4/4,xxxx,sc sc sc sc,sg,sobe por grau,s2d2d2,"sobe 2, desce 2, desce 2",2,254,0.0079
4/4,xxxx,sc sc sc sc,sg,sobe por grau,s1d1s1,"sobe 1, desce 1, sobe 1",2,254,0.0079
4/4,xxxx,sc sc sc sc,sg,sobe por grau,d2s1s1,"desce 2, sobe 1, sobe 1",2,254,0.0079
4/4,xxxx,sc sc sc sc,sg,sobe por grau,s2d4s4,"sobe 2, desce 4, sobe 4",2,254,0.0079
4/4,xxxx,sc sc sc sc,sg,sobe por grau,d2d2s2,"desce 2, desce 2, sobe 2",2,254,0.0079
4/4,xxx_,sc sc ♪,dg,desce por grau,rr,"repete, repete",87,225,0.3867
4/4,xxx_,sc sc ♪,dg,desce por grau,s1s1,"sobe 1, sobe 1",85,225,0.3778
4/4,xxx_,sc sc ♪,dg,desce por grau,d1d1,"desce 1, desce 1",13,225,0.0578
4/4,xxx_,sc sc ♪,dg,desce por grau,d1s1,"desce 1, sobe 1",6,225,0.0267
4/4,xxx_,sc sc ♪,dg,desce por grau,s1s2,"sobe 1, sobe 2",5,225,0.0222
4/4,xxx_,sc sc ♪,dg,desce por grau,s1d2,"sobe 1, desce 2",5,225,0.0222
4/4,xxx_,sc sc ♪,dg,desce por grau,d1d2,"desce 1, desce 2",5,225,0.0222
4/4,xxx_,sc sc ♪,dg,desce por grau,d1d3,"desce 1, desce 3",4,225,0.0178
4/4,xxx_,sc sc ♪,dg,desce por grau,d1s3,"desce 1, sobe 3",2,225,0.0089
4/4,xxx_,sc sc ♪,dg,desce por grau,s5d2,"sobe 5, desce 2",2,225,0.0089
4/4,xxx_,sc sc ♪,dg,desce por grau,s1d1,"sobe 1, desce 1",2,225,0.0089
4/4,xxxx,sc sc sc sc,ds,desce por salto,s1s1s1,"sobe 1, sobe 1, sobe 1",26,191,0.1361
4/4,xxxx,sc sc sc sc,ds,desce por salto,s1s1d2,"sobe 1, sobe 1, desce 2",23,191,0.1204
4/4,xxxx,sc sc sc sc,ds,desce por salto,d1d1d1,"desce 1, desce 1, desce 1",20,191,0.1047
4/4,xxxx,sc sc sc sc,ds,desce por salto,s2s3d5,"sobe 2, sobe 3, desce 5",16,191,0.0838
4/4,xxxx,sc sc sc sc,ds,desce por salto,s3s2d5,"sobe 3, sobe 2, desce 5",11,191,0.0576
4/4,xxxx,sc sc sc sc,ds,desce por salto,s2d4s4,"sobe 2, desce 4, sobe 4",9,191,0.0471
4/4,xxxx,sc sc sc sc,ds,desce por salto,s4s3d5,"sobe 4, sobe 3, desce 5",8,191,0.0419
4/4,xxxx,sc sc sc sc,ds,desce por salto,s2s4d5,"sobe 2, sobe 4, desce 5",8,191,0.0419
4/4,xxxx,sc sc sc sc,ds,desce por salto,s2d2s2,"sobe 2, desce 2, sobe 2",6,191,0.0314
4/4,xxxx,sc sc sc sc,ds,desce por salto,s2s2d4,"sobe 2, sobe 2, desce 4",6,191,0.0314
4/4,xxxx,sc sc sc sc,ds,desce por salto,s2d2d1,"sobe 2, desce 2, desce 1",5,191,0.0262
4/4,xxxx,sc sc sc sc,ds,desce por salto,d1s1s2,"desce 1, sobe 1, sobe 2",4,191,0.0209
4/4,xxxx,sc sc sc sc,ds,desce por salto,d1s1s1,"desce 1, sobe 1, sobe 1",4,191,0.0209
4/4,xxxx,sc sc sc sc,ds,desce por salto,s3d1s1,"sobe 3, desce 1, sobe 1",4,191,0.0209
4/4,xxxx,sc sc sc sc,ds,desce por salto,d1d1s1,"desce 1, desce 1, sobe 1",2,191,0.0105
4/4,xxxx,sc sc sc sc,ds,desce por salto,d1s1s5,"desce 1, sobe 1, sobe 5",2,191,0.0105
4/4,xxxx,sc sc sc sc,ds,desce por salto,s4s2d5,"sobe 4, sobe 2, desce 5",2,191,0.0105
4/4,xxxx,sc sc sc sc,ds,desce por salto,s2s1d3,"sobe 2, sobe 1, desce 3",2,191,0.0105
4/4,xxxx,sc sc sc sc,ds,desce por salto,s3s4d5,"sobe 3, sobe 4, desce 5",2,191,0.0105
4/4,xxxx,sc sc sc sc,ds,desce por salto,s3s3d5,"sobe 3, sobe 3, desce 5",2,191,0.0105
4/4,xxxx,sc sc sc sc,ds,desce por salto,s1s4d5,"sobe 1, sobe 4, desce 5",2,191,0.0105
4/4,xxxx,sc sc sc sc,ds,desce por salto,d2s2d2,"desce 2, sobe 2, desce 2",2,191,0.0105
4/4,xxxx,sc sc sc sc,ds,desce por salto,d1s3d2,"desce 1, sobe 3, desce 2",2,191,0.0105
4/4,xxxx,sc sc sc sc,ds,desce por salto,d2d2s2,"desce 2, desce 2, sobe 2",2,191,0.0105
4/4,xxx_,sc sc ♪,ds,desce por salto,rr,"repete, repete",177,257,0.6887
4/4,xxx_,sc sc ♪,ds,desce por salto,s1s1,"sobe 1, sobe 1",40,257,0.1556
4/4,xxx_,sc sc ♪,ds,desce por salto,d1d1,"desce 1, desce 1",7,257,0.0272
4/4,xxx_,sc sc ♪,ds,desce por salto,s2s1,"sobe 2, sobe 1",7,257,0.0272
4/4,xxx_,sc sc ♪,ds,desce por salto,s4s3,"sobe 4, sobe 3",6,257,0.0233
4/4,xxx_,sc sc ♪,ds,desce por salto,s1s2,"sobe 1, sobe 2",4,257,0.0156
4/4,xxx_,sc sc ♪,ds,desce por salto,d1d2,"desce 1, desce 2",4,257,0.0156
4/4,xxx_,sc sc ♪,ds,desce por salto,s2d2,"sobe 2, desce 2",3,257,0.0117
4/4,xxx_,sc sc ♪,ds,desce por salto,s1d1,"sobe 1, desce 1",2,257,0.0078
4/4,xxx_,sc sc ♪,ds,desce por salto,d2d1,"desce 2, desce 1",2,257,0.0078
4/4,x_xx,♪ sc sc,sg,sobe por grau,s1s1,"sobe 1, sobe 1",42,173,0.2428
4/4,x_xx,♪ sc sc,sg,sobe por grau,d1d1,"desce 1, desce 1",25,173,0.1445
4/4,x_xx,♪ sc sc,sg,sobe por grau,d1s1,"desce 1, sobe 1",25,173,0.1445
4/4,x_xx,♪ sc sc,sg,sobe por grau,s1d1,"sobe 1, desce 1",15,173,0.0867
4/4,x_xx,♪ sc sc,sg,sobe por grau,rr,"repete, repete",8,173,0.0462
4/4,x_xx,♪ sc sc,sg,sobe por grau,d2r,"desce 2, repete",5,173,0.0289
4/4,x_xx,♪ sc sc,sg,sobe por grau,s2d2,"sobe 2, desce 2",5,173,0.0289
4/4,x_xx,♪ sc sc,sg,sobe por grau,d1r,"desce 1, repete",5,173,0.0289
4/4,x_xx,♪ sc sc,sg,sobe por grau,s2d1,"sobe 2, desce 1",4,173,0.0231
4/4,x_xx,♪ sc sc,sg,sobe por grau,rd1,"repete, desce 1",4,173,0.0231
4/4,x_xx,♪ sc sc,sg,sobe por grau,d3s2,"desce 3, sobe 2",4,173,0.0231
4/4,x_xx,♪ sc sc,sg,sobe por grau,d2d2,"desce 2, desce 2",3,173,0.0173
4/4,x_xx,♪ sc sc,sg,sobe por grau,d1d2,"desce 1, desce 2",3,173,0.0173
4/4,x_xx,♪ sc sc,sg,sobe por grau,rs2,"repete, sobe 2",3,173,0.0173
4/4,x_xx,♪ sc sc,sg,sobe por grau,rd2,"repete, desce 2",3,173,0.0173
4/4,x_xx,♪ sc sc,sg,sobe por grau,d2s1,"desce 2, sobe 1",2,173,0.0116
4/4,x_xx,♪ sc sc,sg,sobe por grau,s1d2,"sobe 1, desce 2",2,173,0.0116
4/4,x_xx,♪ sc sc,sg,sobe por grau,rs1,"repete, sobe 1",2,173,0.0116
4/4,x_xx,♪ sc sc,sg,sobe por grau,s1r,"sobe 1, repete",2,173,0.0116
4/4,x_xx,♪ sc sc,sg,sobe por grau,s3d1,"sobe 3, desce 1",2,173,0.0116
4/4,x__x,♪. sc,r,repete,r,repete,354,1298,0.2727
4/4,x__x,♪. sc,r,repete,s1,sobe 1,304,1298,0.2342
4/4,x__x,♪. sc,r,repete,d1,desce 1,252,1298,0.1941
4/4,x__x,♪. sc,r,repete,s2,sobe 2,135,1298,0.104
4/4,x__x,♪. sc,r,repete,d2,desce 2,95,1298,0.0732
4/4,x__x,♪. sc,r,repete,s3,sobe 3,60,1298,0.0462
4/4,x__x,♪. sc,r,repete,s5,sobe 5,43,1298,0.0331
4/4,x__x,♪. sc,r,repete,d3,desce 3,27,1298,0.0208
4/4,x__x,♪. sc,r,repete,s4,sobe 4,15,1298,0.0116
4/4,x__x,♪. sc,r,repete,d5,desce 5,8,1298,0.0062
4/4,x__x,♪. sc,r,repete,d4,desce 4,5,1298,0.0039
4/4,xxxx,sc sc sc sc,dg,desce por grau,d1d1d1,"desce 1, desce 1, desce 1",61,196,0.3112
4/4,xxxx,sc sc sc sc,dg,desce por grau,s1d1d1,"sobe 1, desce 1, desce 1",20,196,0.102
4/4,xxxx,sc sc sc sc,dg,desce por grau,s1s1s1,"sobe 1, sobe 1, sobe 1",19,196,0.0969
4/4,xxxx,sc sc sc sc,dg,desce por grau,s1s1d2,"sobe 1, sobe 1, desce 2",13,196,0.0663
4/4,xxxx,sc sc sc sc,dg,desce por grau,d1d1s1,"desce 1, desce 1, sobe 1",11,196,0.0561
4/4,xxxx,sc sc sc sc,dg,desce por grau,d1s1s1,"desce 1, sobe 1, sobe 1",11,196,0.0561
4/4,xxxx,sc sc sc sc,dg,desce por grau,s1d1d2,"sobe 1, desce 1, desce 2",7,196,0.0357
4/4,xxxx,sc sc sc sc,dg,desce por grau,s1s1d1,"sobe 1, sobe 1, desce 1",6,196,0.0306
4/4,xxxx,sc sc sc sc,dg,desce por grau,s2d2s2,"sobe 2, desce 2, sobe 2",4,196,0.0204
4/4,xxxx,sc sc sc sc,dg,desce por grau,s1s2d5,"sobe 1, sobe 2, desce 5",4,196,0.0204
4/4,xxxx,sc sc sc sc,dg,desce por grau,s1d2s1,"sobe 1, desce 2, sobe 1",3,196,0.0153
4/4,xxxx,sc sc sc sc,dg,desce por grau,d2s1d2,"desce 2, sobe 1, desce 2",3,196,0.0153
4/4,xxxx,sc sc sc sc,dg,desce por grau,s3d1s1,"sobe 3, desce 1, sobe 1",2,196,0.0102
4/4,xxxx,sc sc sc sc,dg,desce por grau,s1d1s1,"sobe 1, desce 1, sobe 1",2,196,0.0102
4/4,xxxx,sc sc sc sc,dg,desce por grau,d2s2s1,"desce 2, sobe 2, sobe 1",2,196,0.0102
4/4,xxxx,sc sc sc sc,dg,desce por grau,s2d2d2,"sobe 2, desce 2, desce 2",2,196,0.0102
4/4,xxxx,sc sc sc sc,dg,desce por grau,d2s3d2,"desce 2, sobe 3, desce 2",2,196,0.0102
4/4,xxxx,sc sc sc sc,dg,desce por grau,d1s1r,"desce 1, sobe 1, repete",2,196,0.0102
4/4,xxxx,sc sc sc sc,dg,desce por grau,d1d2s2,"desce 1, desce 2, sobe 2",2,196,0.0102
4/4,xxxx,sc sc sc sc,dg,desce por grau,d4s1s1,"desce 4, sobe 1, sobe 1",2,196,0.0102
4/4,xxxx,sc sc sc sc,dg,desce por grau,s1d4d2,"sobe 1, desce 4, desce 2",2,196,0.0102
4/4,xx__,sc ♪.,ds,desce por salto,d2,desce 2,88,372,0.2366
4/4,xx__,sc ♪.,ds,desce por salto,s3,sobe 3,58,372,0.1559
4/4,xx__,sc ♪.,ds,desce por salto,r,repete,58,372,0.1559
4/4,xx__,sc ♪.,ds,desce por salto,s2,sobe 2,55,372,0.1478
4/4,xx__,sc ♪.,ds,desce por salto,s5,sobe 5,41,372,0.1102
4/4,xx__,sc ♪.,ds,desce por salto,d4,desce 4,29,372,0.078
4/4,xx__,sc ♪.,ds,desce por salto,d3,desce 3,18,372,0.0484
4/4,xx__,sc ♪.,ds,desce por salto,d1,desce 1,9,372,0.0242
4/4,xx__,sc ♪.,ds,desce por salto,s1,sobe 1,7,372,0.0188
4/4,xx__,sc ♪.,ds,desce por salto,s4,sobe 4,7,372,0.0188
4/4,xx__,sc ♪.,ds,desce por salto,d5,desce 5,2,372,0.0054
4/4,x__x,♪. sc,dg,desce por grau,d1,desce 1,758,2077,0.3649
4/4,x__x,♪. sc,dg,desce por grau,s1,sobe 1,485,2077,0.2335
4/4,x__x,♪. sc,dg,desce por grau,d2,desce 2,347,2077,0.1671
4/4,x__x,♪. sc,dg,desce por grau,s2,sobe 2,224,2077,0.1078
4/4,x__x,♪. sc,dg,desce por grau,r,repete,103,2077,0.0496
4/4,x__x,♪. sc,dg,desce por grau,d3,desce 3,44,2077,0.0212
4/4,x__x,♪. sc,dg,desce por grau,s3,sobe 3,42,2077,0.0202
4/4,x__x,♪. sc,dg,desce por grau,s5,sobe 5,41,2077,0.0197
4/4,x__x,♪. sc,dg,desce por grau,d4,desce 4,22,2077,0.0106
4/4,x__x,♪. sc,dg,desce por grau,d5,desce 5,6,2077,0.0029
4/4,x__x,♪. sc,dg,desce por grau,s4,sobe 4,5,2077,0.0024
4/4,_xx_,(lig.) sc sc ♪,sg,sobe por grau,s1,sobe 1,37,82,0.4512
4/4,_xx_,(lig.) sc sc ♪,sg,sobe por grau,d1,desce 1,22,82,0.2683
4/4,_xx_,(lig.) sc sc ♪,sg,sobe por grau,s2,sobe 2,11,82,0.1341
4/4,_xx_,(lig.) sc sc ♪,sg,sobe por grau,d2,desce 2,9,82,0.1098
4/4,_xx_,(lig.) sc sc ♪,sg,sobe por grau,r,repete,2,82,0.0244
4/4,_xx_,(lig.) sc sc ♪,ds,desce por salto,s1,sobe 1,28,126,0.2222
4/4,_xx_,(lig.) sc sc ♪,ds,desce por salto,d1,desce 1,26,126,0.2063
4/4,_xx_,(lig.) sc sc ♪,ds,desce por salto,s4,sobe 4,20,126,0.1587
4/4,_xx_,(lig.) sc sc ♪,ds,desce por salto,s2,sobe 2,15,126,0.119
4/4,_xx_,(lig.) sc sc ♪,ds,desce por salto,d2,desce 2,12,126,0.0952
4/4,_xx_,(lig.) sc sc ♪,ds,desce por salto,r,repete,9,126,0.0714
4/4,_xx_,(lig.) sc sc ♪,ds,desce por salto,s5,sobe 5,7,126,0.0556
4/4,_xx_,(lig.) sc sc ♪,ds,desce por salto,s3,sobe 3,6,126,0.0476
4/4,_xx_,(lig.) sc sc ♪,ds,desce por salto,d3,desce 3,3,126,0.0238
4/4,_xx_,(lig.) sc sc ♪,ss,sobe por salto,d1,desce 1,21,66,0.3182
4/4,_xx_,(lig.) sc sc ♪,ss,sobe por salto,d5,desce 5,14,66,0.2121
4/4,_xx_,(lig.) sc sc ♪,ss,sobe por salto,s1,sobe 1,8,66,0.1212
4/4,_xx_,(lig.) sc sc ♪,ss,sobe por salto,d3,desce 3,7,66,0.1061
4/4,_xx_,(lig.) sc sc ♪,ss,sobe por salto,s2,sobe 2,6,66,0.0909
4/4,_xx_,(lig.) sc sc ♪,ss,sobe por salto,d2,desce 2,3,66,0.0455
4/4,_xx_,(lig.) sc sc ♪,ss,sobe por salto,s3,sobe 3,3,66,0.0455
4/4,_xx_,(lig.) sc sc ♪,ss,sobe por salto,d4,desce 4,2,66,0.0303
4/4,x_xx,♪ sc sc,ds,desce por salto,s1s1,"sobe 1, sobe 1",48,176,0.2727
4/4,x_xx,♪ sc sc,ds,desce por salto,rr,"repete, repete",15,176,0.0852
4/4,x_xx,♪ sc sc,ds,desce por salto,s1d1,"sobe 1, desce 1",12,176,0.0682
4/4,x_xx,♪ sc sc,ds,desce por salto,s2s1,"sobe 2, sobe 1",10,176,0.0568
4/4,x_xx,♪ sc sc,ds,desce por salto,rd1,"repete, desce 1",10,176,0.0568
4/4,x_xx,♪ sc sc,ds,desce por salto,d1s1,"desce 1, sobe 1",9,176,0.0511
4/4,x_xx,♪ sc sc,ds,desce por salto,d1r,"desce 1, repete",6,176,0.0341
4/4,x_xx,♪ sc sc,ds,desce por salto,s5s1,"sobe 5, sobe 1",5,176,0.0284
4/4,x_xx,♪ sc sc,ds,desce por salto,rs2,"repete, sobe 2",5,176,0.0284
4/4,x_xx,♪ sc sc,ds,desce por salto,s3s1,"sobe 3, sobe 1",4,176,0.0227
4/4,x_xx,♪ sc sc,ds,desce por salto,d2r,"desce 2, repete",4,176,0.0227
4/4,x_xx,♪ sc sc,ds,desce por salto,s1s2,"sobe 1, sobe 2",4,176,0.0227
4/4,x_xx,♪ sc sc,ds,desce por salto,rs1,"repete, sobe 1",4,176,0.0227
4/4,x_xx,♪ sc sc,ds,desce por salto,d1s2,"desce 1, sobe 2",3,176,0.017
4/4,x_xx,♪ sc sc,ds,desce por salto,d1d1,"desce 1, desce 1",3,176,0.017
4/4,x_xx,♪ sc sc,ds,desce por salto,s3d1,"sobe 3, desce 1",3,176,0.017
4/4,x_xx,♪ sc sc,ds,desce por salto,s5d2,"sobe 5, desce 2",3,176,0.017
4/4,x_xx,♪ sc sc,ds,desce por salto,s2d2,"sobe 2, desce 2",3,176,0.017
4/4,x_xx,♪ sc sc,ds,desce por salto,s2s2,"sobe 2, sobe 2",2,176,0.0114
4/4,x_xx,♪ sc sc,ds,desce por salto,s1d2,"sobe 1, desce 2",2,176,0.0114
4/4,x_xx,♪ sc sc,ds,desce por salto,d2s1,"desce 2, sobe 1",2,176,0.0114
4/4,x_xx,♪ sc sc,ds,desce por salto,s4s1,"sobe 4, sobe 1",2,176,0.0114
4/4,x_xx,♪ sc sc,ds,desce por salto,d1d2,"desce 1, desce 2",2,176,0.0114
4/4,x_xx,♪ sc sc,ds,desce por salto,s1r,"sobe 1, repete",2,176,0.0114
4/4,x_xx,♪ sc sc,ds,desce por salto,d3s3,"desce 3, sobe 3",2,176,0.0114
4/4,x_xx,♪ sc sc,ds,desce por salto,rd5,"repete, desce 5",2,176,0.0114
4/4,x_xx,♪ sc sc,ds,desce por salto,rs5,"repete, sobe 5",2,176,0.0114
4/4,__xx,(lig.) ♪ sc sc,ds,desce por salto,s2,sobe 2,12,43,0.2791
4/4,__xx,(lig.) ♪ sc sc,ds,desce por salto,s1,sobe 1,11,43,0.2558
4/4,__xx,(lig.) ♪ sc sc,ds,desce por salto,d2,desce 2,8,43,0.186
4/4,__xx,(lig.) ♪ sc sc,ds,desce por salto,d1,desce 1,5,43,0.1163
4/4,__xx,(lig.) ♪ sc sc,ds,desce por salto,r,repete,3,43,0.0698
4/4,__xx,(lig.) ♪ sc sc,ds,desce por salto,s3,sobe 3,2,43,0.0465
4/4,xx__,sc ♪.,ss,sobe por salto,s2,sobe 2,56,215,0.2605
4/4,xx__,sc ♪.,ss,sobe por salto,d4,desce 4,40,215,0.186
4/4,xx__,sc ♪.,ss,sobe por salto,r,repete,38,215,0.1767
4/4,xx__,sc ♪.,ss,sobe por salto,d2,desce 2,34,215,0.1581
4/4,xx__,sc ♪.,ss,sobe por salto,s3,sobe 3,13,215,0.0605
4/4,xx__,sc ♪.,ss,sobe por salto,d3,desce 3,9,215,0.0419
4/4,xx__,sc ♪.,ss,sobe por salto,d1,desce 1,9,215,0.0419
4/4,xx__,sc ♪.,ss,sobe por salto,d5,desce 5,8,215,0.0372
4/4,xx__,sc ♪.,ss,sobe por salto,s5,sobe 5,5,215,0.0233
4/4,xx__,sc ♪.,ss,sobe por salto,s1,sobe 1,3,215,0.014
4/4,x_xx,♪ sc sc,r,repete,s1s1,"sobe 1, sobe 1",75,258,0.2907
4/4,x_xx,♪ sc sc,r,repete,s5s1,"sobe 5, sobe 1",24,258,0.093
4/4,x_xx,♪ sc sc,r,repete,s2s1,"sobe 2, sobe 1",23,258,0.0891
4/4,x_xx,♪ sc sc,r,repete,d1d1,"desce 1, desce 1",18,258,0.0698
4/4,x_xx,♪ sc sc,r,repete,d1s1,"desce 1, sobe 1",13,258,0.0504
4/4,x_xx,♪ sc sc,r,repete,s1d1,"sobe 1, desce 1",13,258,0.0504
4/4,x_xx,♪ sc sc,r,repete,rr,"repete, repete",10,258,0.0388
4/4,x_xx,♪ sc sc,r,repete,rs1,"repete, sobe 1",8,258,0.031
4/4,x_xx,♪ sc sc,r,repete,s4d1,"sobe 4, desce 1",6,258,0.0233
4/4,x_xx,♪ sc sc,r,repete,s3d1,"sobe 3, desce 1",6,258,0.0233
4/4,x_xx,♪ sc sc,r,repete,s5d1,"sobe 5, desce 1",5,258,0.0194
4/4,x_xx,♪ sc sc,r,repete,s1r,"sobe 1, repete",5,258,0.0194
4/4,x_xx,♪ sc sc,r,repete,rd2,"repete, desce 2",4,258,0.0155
4/4,x_xx,♪ sc sc,r,repete,rs5,"repete, sobe 5",4,258,0.0155
4/4,x_xx,♪ sc sc,r,repete,s2s2,"sobe 2, sobe 2",4,258,0.0155
4/4,x_xx,♪ sc sc,r,repete,d2d1,"desce 2, desce 1",4,258,0.0155
4/4,x_xx,♪ sc sc,r,repete,d4s1,"desce 4, sobe 1",3,258,0.0116
4/4,x_xx,♪ sc sc,r,repete,s1s2,"sobe 1, sobe 2",3,258,0.0116
4/4,x_xx,♪ sc sc,r,repete,d3s2,"desce 3, sobe 2",3,258,0.0116
4/4,x_xx,♪ sc sc,r,repete,rd1,"repete, desce 1",3,258,0.0116
4/4,x_xx,♪ sc sc,r,repete,d2r,"desce 2, repete",3,258,0.0116
4/4,x_xx,♪ sc sc,r,repete,s5s2,"sobe 5, sobe 2",2,258,0.0078
4/4,x_xx,♪ sc sc,r,repete,s2d1,"sobe 2, desce 1",2,258,0.0078
4/4,x_xx,♪ sc sc,r,repete,d1d2,"desce 1, desce 2",2,258,0.0078
4/4,x_xx,♪ sc sc,r,repete,d2s2,"desce 2, sobe 2",2,258,0.0078
4/4,x_xx,♪ sc sc,r,repete,s3s1,"sobe 3, sobe 1",2,258,0.0078
4/4,x_xx,♪ sc sc,r,repete,s4s1,"sobe 4, sobe 1",2,258,0.0078
4/4,x_xx,♪ sc sc,r,repete,rs2,"repete, sobe 2",2,258,0.0078
4/4,x_xx,♪ sc sc,r,repete,d1r,"desce 1, repete",2,258,0.0078
4/4,x_xx,♪ sc sc,ss,sobe por salto,s1s1,"sobe 1, sobe 1",35,168,0.2083
4/4,x_xx,♪ sc sc,ss,sobe por salto,d1d1,"desce 1, desce 1",19,168,0.1131
4/4,x_xx,♪ sc sc,ss,sobe por salto,d2d1,"desce 2, desce 1",12,168,0.0714
4/4,x_xx,♪ sc sc,ss,sobe por salto,rd1,"repete, desce 1",9,168,0.0536
4/4,x_xx,♪ sc sc,ss,sobe por salto,rr,"repete, repete",8,168,0.0476
4/4,x_xx,♪ sc sc,ss,sobe por salto,d1s1,"desce 1, sobe 1",6,168,0.0357
4/4,x_xx,♪ sc sc,ss,sobe por salto,s2d2,"sobe 2, desce 2",6,168,0.0357
4/4,x_xx,♪ sc sc,ss,sobe por salto,d1d2,"desce 1, desce 2",6,168,0.0357
4/4,x_xx,♪ sc sc,ss,sobe por salto,rs1,"repete, sobe 1",6,168,0.0357
4/4,x_xx,♪ sc sc,ss,sobe por salto,rd2,"repete, desce 2",6,168,0.0357
4/4,x_xx,♪ sc sc,ss,sobe por salto,d2s2,"desce 2, sobe 2",6,168,0.0357
4/4,x_xx,♪ sc sc,ss,sobe por salto,s1d1,"sobe 1, desce 1",5,168,0.0298
4/4,x_xx,♪ sc sc,ss,sobe por salto,rd5,"repete, desce 5",4,168,0.0238
4/4,x_xx,♪ sc sc,ss,sobe por salto,rs2,"repete, sobe 2",4,168,0.0238
4/4,x_xx,♪ sc sc,ss,sobe por salto,d3s1,"desce 3, sobe 1",3,168,0.0179
4/4,x_xx,♪ sc sc,ss,sobe por salto,d2s1,"desce 2, sobe 1",3,168,0.0179
4/4,x_xx,♪ sc sc,ss,sobe por salto,d5r,"desce 5, repete",3,168,0.0179
4/4,x_xx,♪ sc sc,ss,sobe por salto,s2d1,"sobe 2, desce 1",3,168,0.0179
4/4,x_xx,♪ sc sc,ss,sobe por salto,d1r,"desce 1, repete",3,168,0.0179
4/4,x_xx,♪ sc sc,ss,sobe por salto,s1s2,"sobe 1, sobe 2",3,168,0.0179
4/4,x_xx,♪ sc sc,ss,sobe por salto,d2d2,"desce 2, desce 2",3,168,0.0179
4/4,x_xx,♪ sc sc,ss,sobe por salto,s1d2,"sobe 1, desce 2",2,168,0.0119
4/4,x_xx,♪ sc sc,ss,sobe por salto,d4r,"desce 4, repete",2,168,0.0119
4/4,x_xx,♪ sc sc,ss,sobe por salto,d2r,"desce 2, repete",2,168,0.0119
4/4,x_xx,♪ sc sc,ss,sobe por salto,rs3,"repete, sobe 3",2,168,0.0119
4/4,x_xx,♪ sc sc,dg,desce por grau,s1s1,"sobe 1, sobe 1",47,190,0.2474
4/4,x_xx,♪ sc sc,dg,desce por grau,d1d1,"desce 1, desce 1",26,190,0.1368
4/4,x_xx,♪ sc sc,dg,desce por grau,s1d1,"sobe 1, desce 1",26,190,0.1368
4/4,x_xx,♪ sc sc,dg,desce por grau,d1d2,"desce 1, desce 2",8,190,0.0421
4/4,x_xx,♪ sc sc,dg,desce por grau,d1s1,"desce 1, sobe 1",7,190,0.0368
4/4,x_xx,♪ sc sc,dg,desce por grau,d2s2,"desce 2, sobe 2",7,190,0.0368
4/4,x_xx,♪ sc sc,dg,desce por grau,s2d2,"sobe 2, desce 2",6,190,0.0316
4/4,x_xx,♪ sc sc,dg,desce por grau,s5s1,"sobe 5, sobe 1",5,190,0.0263
4/4,x_xx,♪ sc sc,dg,desce por grau,s2d1,"sobe 2, desce 1",5,190,0.0263
4/4,x_xx,♪ sc sc,dg,desce por grau,rr,"repete, repete",4,190,0.0211
4/4,x_xx,♪ sc sc,dg,desce por grau,d1d3,"desce 1, desce 3",3,190,0.0158
4/4,x_xx,♪ sc sc,dg,desce por grau,s5d2,"sobe 5, desce 2",3,190,0.0158
4/4,x_xx,♪ sc sc,dg,desce por grau,s5d5,"sobe 5, desce 5",3,190,0.0158
4/4,x_xx,♪ sc sc,dg,desce por grau,rd1,"repete, desce 1",3,190,0.0158
4/4,x_xx,♪ sc sc,dg,desce por grau,d2d1,"desce 2, desce 1",3,190,0.0158
4/4,x_xx,♪ sc sc,dg,desce por grau,s1s2,"sobe 1, sobe 2",3,190,0.0158
4/4,x_xx,♪ sc sc,dg,desce por grau,d1r,"desce 1, repete",3,190,0.0158
4/4,x_xx,♪ sc sc,dg,desce por grau,rs1,"repete, sobe 1",3,190,0.0158
4/4,x_xx,♪ sc sc,dg,desce por grau,rd2,"repete, desce 2",3,190,0.0158
4/4,x_xx,♪ sc sc,dg,desce por grau,d2r,"desce 2, repete",2,190,0.0105
4/4,x_xx,♪ sc sc,dg,desce por grau,rs2,"repete, sobe 2",2,190,0.0105
4/4,x_xx,♪ sc sc,dg,desce por grau,d1s2,"desce 1, sobe 2",2,190,0.0105
4/4,x_xx,♪ sc sc,dg,desce por grau,s1d2,"sobe 1, desce 2",2,190,0.0105
4/4,x_xx,♪ sc sc,dg,desce por grau,s1s3,"sobe 1, sobe 3",2,190,0.0105
4/4,x_xx,♪ sc sc,dg,desce por grau,s3r,"sobe 3, repete",2,190,0.0105
4/4,x_xx,♪ sc sc,dg,desce por grau,s2r,"sobe 2, repete",2,190,0.0105
4/4,x_xx,♪ sc sc,0,—,s1s1,"sobe 1, sobe 1",14,21,0.6667
4/4,__xx,(lig.) ♪ sc sc,dg,desce por grau,d1,desce 1,36,65,0.5538
4/4,__xx,(lig.) ♪ sc sc,dg,desce por grau,s1,sobe 1,17,65,0.2615
4/4,__xx,(lig.) ♪ sc sc,dg,desce por grau,d2,desce 2,5,65,0.0769
4/4,__xx,(lig.) ♪ sc sc,dg,desce por grau,r,repete,4,65,0.0615
4/4,__xx,(lig.) ♪ sc sc,dg,desce por grau,s2,sobe 2,3,65,0.0462
4/4,x__x,♪. sc,0,—,s1,sobe 1,39,130,0.3
4/4,x__x,♪. sc,0,—,d1,desce 1,29,130,0.2231
4/4,x__x,♪. sc,0,—,r,repete,25,130,0.1923
4/4,x__x,♪. sc,0,—,s2,sobe 2,14,130,0.1077
4/4,x__x,♪. sc,0,—,d2,desce 2,8,130,0.0615
4/4,x__x,♪. sc,0,—,s3,sobe 3,8,130,0.0615
4/4,x__x,♪. sc,0,—,d5,desce 5,3,130,0.0231
4/4,x__x,♪. sc,0,—,d3,desce 3,2,130,0.0154
4/4,xx__,sc ♪.,sg,sobe por grau,s2,sobe 2,76,254,0.2992
4/4,xx__,sc ♪.,sg,sobe por grau,d2,desce 2,62,254,0.2441
4/4,xx__,sc ♪.,sg,sobe por grau,r,repete,36,254,0.1417
4/4,xx__,sc ♪.,sg,sobe por grau,s3,sobe 3,20,254,0.0787
4/4,xx__,sc ♪.,sg,sobe por grau,d4,desce 4,18,254,0.0709
4/4,xx__,sc ♪.,sg,sobe por grau,d1,desce 1,13,254,0.0512
4/4,xx__,sc ♪.,sg,sobe por grau,s1,sobe 1,12,254,0.0472
4/4,xx__,sc ♪.,sg,sobe por grau,d5,desce 5,8,254,0.0315
4/4,xx__,sc ♪.,sg,sobe por grau,s5,sobe 5,5,254,0.0197
4/4,xx__,sc ♪.,sg,sobe por grau,d3,desce 3,3,254,0.0118
4/4,xx__,sc ♪.,0,—,r,repete,5,13,0.3846
4/4,xx__,sc ♪.,0,—,d2,desce 2,3,13,0.2308
4/4,xx__,sc ♪.,0,—,s3,sobe 3,2,13,0.1538
4/4,xxxx,sc sc sc sc,r,repete,d1d1d1,"desce 1, desce 1, desce 1",31,73,0.4247
4/4,xxxx,sc sc sc sc,r,repete,s1s1s1,"sobe 1, sobe 1, sobe 1",10,73,0.137
4/4,xxxx,sc sc sc sc,r,repete,s4d2d1,"sobe 4, desce 2, desce 1",4,73,0.0548
4/4,xxxx,sc sc sc sc,r,repete,rrr,"repete, repete, repete",4,73,0.0548
4/4,xxxx,sc sc sc sc,r,repete,d1d1d2,"desce 1, desce 1, desce 2",2,73,0.0274
4/4,xxxx,sc sc sc sc,r,repete,d2s1d2,"desce 2, sobe 1, desce 2",2,73,0.0274
4/4,xxxx,sc sc sc sc,r,repete,rrs2,"repete, repete, sobe 2",2,73,0.0274
4/4,xxxx,sc sc sc sc,r,repete,s1d1d1,"sobe 1, desce 1, desce 1",2,73,0.0274
4/4,xxxx,sc sc sc sc,r,repete,d1d2d1,"desce 1, desce 2, desce 1",2,73,0.0274
4/4,xxxx,sc sc sc sc,r,repete,s1d3s2,"sobe 1, desce 3, sobe 2",2,73,0.0274
4/4,xx__,sc ♪.,r,repete,d1,desce 1,16,84,0.1905
4/4,xx__,sc ♪.,r,repete,s5,sobe 5,13,84,0.1548
4/4,xx__,sc ♪.,r,repete,r,repete,12,84,0.1429
4/4,xx__,sc ♪.,r,repete,d2,desce 2,12,84,0.1429
4/4,xx__,sc ♪.,r,repete,s2,sobe 2,8,84,0.0952
4/4,xx__,sc ♪.,r,repete,s1,sobe 1,8,84,0.0952
4/4,xx__,sc ♪.,r,repete,d4,desce 4,7,84,0.0833
4/4,xx__,sc ♪.,r,repete,s3,sobe 3,6,84,0.0714
4/4,xxx_,sc sc ♪,0,—,rr,"repete, repete",4,11,0.3636
4/4,xxx_,sc sc ♪,0,—,s1s1,"sobe 1, sobe 1",3,11,0.2727
4/4,..xx,pausa ♪ sc sc,0,—,s1,sobe 1,18,39,0.4615
4/4,..xx,pausa ♪ sc sc,0,—,d1,desce 1,16,39,0.4103
4/4,..xx,pausa ♪ sc sc,0,—,r,repete,3,39,0.0769
4/4,_xx_,(lig.) sc sc ♪,dg,desce por grau,d1,desce 1,27,57,0.4737
4/4,_xx_,(lig.) sc sc ♪,dg,desce por grau,s1,sobe 1,10,57,0.1754
4/4,_xx_,(lig.) sc sc ♪,dg,desce por grau,r,repete,8,57,0.1404
4/4,_xx_,(lig.) sc sc ♪,dg,desce por grau,d2,desce 2,8,57,0.1404
4/4,_xx_,(lig.) sc sc ♪,dg,desce por grau,s3,sobe 3,2,57,0.0351
4/4,_xxx,(lig.) sc sc sc sc,ds,desce por salto,d2r,"desce 2, repete",6,23,0.2609
4/4,_xxx,(lig.) sc sc sc sc,ds,desce por salto,s2s1,"sobe 2, sobe 1",5,23,0.2174
4/4,_xxx,(lig.) sc sc sc sc,ds,desce por salto,d1r,"desce 1, repete",4,23,0.1739
4/4,_xxx,(lig.) sc sc sc sc,ds,desce por salto,s5d1,"sobe 5, desce 1",2,23,0.087
4/4,_xxx,(lig.) sc sc sc sc,ds,desce por salto,s5d5,"sobe 5, desce 5",2,23,0.087
4/4,__xx,(lig.) ♪ sc sc,ss,sobe por salto,s1,sobe 1,14,43,0.3256
4/4,__xx,(lig.) ♪ sc sc,ss,sobe por salto,d1,desce 1,14,43,0.3256
4/4,__xx,(lig.) ♪ sc sc,ss,sobe por salto,r,repete,5,43,0.1163
4/4,__xx,(lig.) ♪ sc sc,ss,sobe por salto,d2,desce 2,5,43,0.1163
4/4,__xx,(lig.) ♪ sc sc,ss,sobe por salto,s2,sobe 2,3,43,0.0698
4/4,__xx,(lig.) ♪ sc sc,ss,sobe por salto,d3,desce 3,2,43,0.0465
4/4,_xx_,(lig.) sc sc ♪,r,repete,r,repete,11,18,0.6111
4/4,_xx_,(lig.) sc sc ♪,r,repete,s4,sobe 4,2,18,0.1111
4/4,_xx_,(lig.) sc sc ♪,r,repete,d1,desce 1,2,18,0.1111
4/4,__xx,(lig.) ♪ sc sc,sg,sobe por grau,s1,sobe 1,62,102,0.6078
4/4,__xx,(lig.) ♪ sc sc,sg,sobe por grau,d1,desce 1,20,102,0.1961
4/4,__xx,(lig.) ♪ sc sc,sg,sobe por grau,s2,sobe 2,11,102,0.1078
4/4,__xx,(lig.) ♪ sc sc,sg,sobe por grau,d2,desce 2,5,102,0.049
4/4,__xx,(lig.) ♪ sc sc,sg,sobe por grau,r,repete,3,102,0.0294
4/4,_xxx,(lig.) sc sc sc sc,ss,sobe por salto,d1d1,"desce 1, desce 1",6,19,0.3158
4/4,_xxx,(lig.) sc sc sc sc,ss,sobe por salto,d1d2,"desce 1, desce 2",3,19,0.1579
4/4,_xxx,(lig.) sc sc sc sc,ss,sobe por salto,d2d1,"desce 2, desce 1",2,19,0.1053
4/4,_xxx,(lig.) sc sc sc sc,ss,sobe por salto,d2d2,"desce 2, desce 2",2,19,0.1053
4/4,_xxx,(lig.) sc sc sc sc,sg,sobe por grau,d1d2,"desce 1, desce 2",6,13,0.4615
4/4,_xxx,(lig.) sc sc sc sc,sg,sobe por grau,s2d2,"sobe 2, desce 2",2,13,0.1538
4/4,_xxx,(lig.) sc sc sc sc,sg,sobe por grau,s1s1,"sobe 1, sobe 1",2,13,0.1538
4/4,__xx,(lig.) ♪ sc sc,r,repete,s1,sobe 1,9,20,0.45
4/4,__xx,(lig.) ♪ sc sc,r,repete,d1,desce 1,3,20,0.15
4/4,__xx,(lig.) ♪ sc sc,r,repete,s2,sobe 2,3,20,0.15
4/4,__xx,(lig.) ♪ sc sc,r,repete,s3,sobe 3,3,20,0.15
4/4,__xx,(lig.) ♪ sc sc,r,repete,r,repete,2,20,0.1
4/4,xx..,sc sc pausa ♪,ss,sobe por salto,s3,sobe 3,26,59,0.4407
4/4,xx..,sc sc pausa ♪,ss,sobe por salto,s2,sobe 2,18,59,0.3051
4/4,xx..,sc sc pausa ♪,ss,sobe por salto,s4,sobe 4,12,59,0.2034
4/4,xx..,sc sc pausa ♪,ss,sobe por salto,s1,sobe 1,2,59,0.0339
4/4,..xx,pausa ♪ sc sc,ss,sobe por salto,s1,sobe 1,4,13,0.3077
4/4,..xx,pausa ♪ sc sc,ss,sobe por salto,d1,desce 1,4,13,0.3077
4/4,..xx,pausa ♪ sc sc,ss,sobe por salto,r,repete,3,13,0.2308
4/4,..xx,pausa ♪ sc sc,r,repete,r,repete,4,10,0.4
4/4,..xx,pausa ♪ sc sc,r,repete,s1,sobe 1,4,10,0.4
4/4,..xx,pausa ♪ sc sc,r,repete,d1,desce 1,2,10,0.2
4/4,_x_x,(lig.) sc ♪ sc,dg,desce por grau,d1,desce 1,8,12,0.6667
4/4,_x_x,(lig.) sc ♪ sc,dg,desce por grau,d2,desce 2,3,12,0.25
4/4,_xxx,(lig.) sc sc sc sc,dg,desce por grau,s1s1,"sobe 1, sobe 1",6,11,0.5455
4/4,_xxx,(lig.) sc sc sc sc,dg,desce por grau,d2d1,"desce 2, desce 1",2,11,0.1818
3/8,....xx,pausa ♩ sc sc,0,—,s1,sobe 1,16,37,0.4324
3/8,....xx,pausa ♩ sc sc,0,—,r,repete,11,37,0.2973
3/8,....xx,pausa ♩ sc sc,0,—,s2,sobe 2,6,37,0.1622
3/8,....xx,pausa ♩ sc sc,0,—,d1,desce 1,3,37,0.0811
3/8,x_x_x_,♪ ♪ ♪,sg,sobe por grau,d1d1,"desce 1, desce 1",69,462,0.1494
3/8,x_x_x_,♪ ♪ ♪,sg,sobe por grau,rr,"repete, repete",47,462,0.1017
3/8,x_x_x_,♪ ♪ ♪,sg,sobe por grau,d1s1,"desce 1, sobe 1",35,462,0.0758
3/8,x_x_x_,♪ ♪ ♪,sg,sobe por grau,rs1,"repete, sobe 1",33,462,0.0714
3/8,x_x_x_,♪ ♪ ♪,sg,sobe por grau,rd1,"repete, desce 1",30,462,0.0649
3/8,x_x_x_,♪ ♪ ♪,sg,sobe por grau,d2d2,"desce 2, desce 2",23,462,0.0498
3/8,x_x_x_,♪ ♪ ♪,sg,sobe por grau,s1s1,"sobe 1, sobe 1",23,462,0.0498
3/8,x_x_x_,♪ ♪ ♪,sg,sobe por grau,d2r,"desce 2, repete",20,462,0.0433
3/8,x_x_x_,♪ ♪ ♪,sg,sobe por grau,s1d1,"sobe 1, desce 1",18,462,0.039
3/8,x_x_x_,♪ ♪ ♪,sg,sobe por grau,rd2,"repete, desce 2",18,462,0.039
3/8,x_x_x_,♪ ♪ ♪,sg,sobe por grau,s2d1,"sobe 2, desce 1",13,462,0.0281
3/8,x_x_x_,♪ ♪ ♪,sg,sobe por grau,d2s1,"desce 2, sobe 1",10,462,0.0216
3/8,x_x_x_,♪ ♪ ♪,sg,sobe por grau,d1r,"desce 1, repete",10,462,0.0216
3/8,x_x_x_,♪ ♪ ♪,sg,sobe por grau,s2d2,"sobe 2, desce 2",9,462,0.0195
3/8,x_x_x_,♪ ♪ ♪,sg,sobe por grau,d4r,"desce 4, repete",8,462,0.0173
3/8,x_x_x_,♪ ♪ ♪,sg,sobe por grau,rs2,"repete, sobe 2",6,462,0.013
3/8,x_x_x_,♪ ♪ ♪,sg,sobe por grau,d2s2,"desce 2, sobe 2",6,462,0.013
3/8,x_x_x_,♪ ♪ ♪,sg,sobe por grau,s2r,"sobe 2, repete",5,462,0.0108
3/8,x_x_x_,♪ ♪ ♪,sg,sobe por grau,d2s4,"desce 2, sobe 4",5,462,0.0108
3/8,x_x_x_,♪ ♪ ♪,sg,sobe por grau,d2s3,"desce 2, sobe 3",5,462,0.0108
3/8,x_x_x_,♪ ♪ ♪,sg,sobe por grau,s1d2,"sobe 1, desce 2",4,462,0.0087
3/8,x_x_x_,♪ ♪ ♪,sg,sobe por grau,s1r,"sobe 1, repete",4,462,0.0087
3/8,x_x_x_,♪ ♪ ♪,sg,sobe por grau,rs3,"repete, sobe 3",4,462,0.0087
3/8,x_x_x_,♪ ♪ ♪,sg,sobe por grau,d2d1,"desce 2, desce 1",3,462,0.0065
3/8,x_x_x_,♪ ♪ ♪,sg,sobe por grau,s5d1,"sobe 5, desce 1",3,462,0.0065
3/8,x_x_x_,♪ ♪ ♪,sg,sobe por grau,d2d3,"desce 2, desce 3",3,462,0.0065
3/8,x_x_x_,♪ ♪ ♪,sg,sobe por grau,s3d5,"sobe 3, desce 5",3,462,0.0065
3/8,x_x_x_,♪ ♪ ♪,sg,sobe por grau,s3d1,"sobe 3, desce 1",3,462,0.0065
3/8,x_x_x_,♪ ♪ ♪,sg,sobe por grau,d4d1,"desce 4, desce 1",2,462,0.0043
3/8,x_x_x_,♪ ♪ ♪,sg,sobe por grau,d3s3,"desce 3, sobe 3",2,462,0.0043
3/8,x_x_x_,♪ ♪ ♪,sg,sobe por grau,d4s2,"desce 4, sobe 2",2,462,0.0043
3/8,x_x_x_,♪ ♪ ♪,sg,sobe por grau,s2s1,"sobe 2, sobe 1",2,462,0.0043
3/8,x_x_x_,♪ ♪ ♪,sg,sobe por grau,d3d2,"desce 3, desce 2",2,462,0.0043
3/8,x_x_x_,♪ ♪ ♪,sg,sobe por grau,d1s3,"desce 1, sobe 3",2,462,0.0043
3/8,x_x_x_,♪ ♪ ♪,sg,sobe por grau,s3d3,"sobe 3, desce 3",2,462,0.0043
3/8,x_x_x_,♪ ♪ ♪,sg,sobe por grau,s2s2,"sobe 2, sobe 2",2,462,0.0043
3/8,x_x_x_,♪ ♪ ♪,sg,sobe por grau,s2d5,"sobe 2, desce 5",2,462,0.0043
3/8,x_x_x_,♪ ♪ ♪,sg,sobe por grau,d3r,"desce 3, repete",2,462,0.0043
3/8,x_x_x_,♪ ♪ ♪,sg,sobe por grau,d4s1,"desce 4, sobe 1",2,462,0.0043
3/8,x_x_x_,♪ ♪ ♪,sg,sobe por grau,rd5,"repete, desce 5",2,462,0.0043
3/8,x_x_x_,♪ ♪ ♪,sg,sobe por grau,d1d2,"desce 1, desce 2",2,462,0.0043
3/8,x___xx,♩ sc sc,ss,sobe por salto,d2d2,"desce 2, desce 2",6,35,0.1714
3/8,x___xx,♩ sc sc,ss,sobe por salto,d2r,"desce 2, repete",5,35,0.1429
3/8,x___xx,♩ sc sc,ss,sobe por salto,rr,"repete, repete",5,35,0.1429
3/8,x___xx,♩ sc sc,ss,sobe por salto,rs2,"repete, sobe 2",4,35,0.1143
3/8,x___xx,♩ sc sc,ss,sobe por salto,rs1,"repete, sobe 1",2,35,0.0571
3/8,x___xx,♩ sc sc,ss,sobe por salto,s1d1,"sobe 1, desce 1",2,35,0.0571
3/8,x___xx,♩ sc sc,ss,sobe por salto,rs3,"repete, sobe 3",2,35,0.0571
3/8,x___xx,♩ sc sc,ss,sobe por salto,d1d1,"desce 1, desce 1",2,35,0.0571
3/8,x_x_x_,♪ ♪ ♪,dg,desce por grau,d1d1,"desce 1, desce 1",72,416,0.1731
3/8,x_x_x_,♪ ♪ ♪,dg,desce por grau,rr,"repete, repete",51,416,0.1226
3/8,x_x_x_,♪ ♪ ♪,dg,desce por grau,s1s1,"sobe 1, sobe 1",50,416,0.1202
3/8,x_x_x_,♪ ♪ ♪,dg,desce por grau,d1s1,"desce 1, sobe 1",37,416,0.0889
3/8,x_x_x_,♪ ♪ ♪,dg,desce por grau,rd1,"repete, desce 1",24,416,0.0577
3/8,x_x_x_,♪ ♪ ♪,dg,desce por grau,d2s2,"desce 2, sobe 2",17,416,0.0409
3/8,x_x_x_,♪ ♪ ♪,dg,desce por grau,d2r,"desce 2, repete",17,416,0.0409
3/8,x_x_x_,♪ ♪ ♪,dg,desce por grau,d2s1,"desce 2, sobe 1",16,416,0.0385
3/8,x_x_x_,♪ ♪ ♪,dg,desce por grau,s2d2,"sobe 2, desce 2",14,416,0.0337
3/8,x_x_x_,♪ ♪ ♪,dg,desce por grau,s1d1,"sobe 1, desce 1",13,416,0.0313
3/8,x_x_x_,♪ ♪ ♪,dg,desce por grau,d2s3,"desce 2, sobe 3",12,416,0.0288
3/8,x_x_x_,♪ ♪ ♪,dg,desce por grau,d2d2,"desce 2, desce 2",11,416,0.0264
3/8,x_x_x_,♪ ♪ ♪,dg,desce por grau,s2s2,"sobe 2, sobe 2",10,416,0.024
3/8,x_x_x_,♪ ♪ ♪,dg,desce por grau,s2d1,"sobe 2, desce 1",8,416,0.0192
3/8,x_x_x_,♪ ♪ ♪,dg,desce por grau,s2r,"sobe 2, repete",8,416,0.0192
3/8,x_x_x_,♪ ♪ ♪,dg,desce por grau,d1r,"desce 1, repete",7,416,0.0168
3/8,x_x_x_,♪ ♪ ♪,dg,desce por grau,rs1,"repete, sobe 1",6,416,0.0144
3/8,x_x_x_,♪ ♪ ♪,dg,desce por grau,rs2,"repete, sobe 2",5,416,0.012
3/8,x_x_x_,♪ ♪ ♪,dg,desce por grau,d1d2,"desce 1, desce 2",3,416,0.0072
3/8,x_x_x_,♪ ♪ ♪,dg,desce por grau,d3s1,"desce 3, sobe 1",3,416,0.0072
3/8,x_x_x_,♪ ♪ ♪,dg,desce por grau,rd2,"repete, desce 2",3,416,0.0072
3/8,x_x_x_,♪ ♪ ♪,dg,desce por grau,s2s3,"sobe 2, sobe 3",2,416,0.0048
3/8,x_x_x_,♪ ♪ ♪,dg,desce por grau,d2d1,"desce 2, desce 1",2,416,0.0048
3/8,x_x_x_,♪ ♪ ♪,dg,desce por grau,rd3,"repete, desce 3",2,416,0.0048
3/8,x_x_x_,♪ ♪ ♪,dg,desce por grau,s1d2,"sobe 1, desce 2",2,416,0.0048
3/8,x_x_x_,♪ ♪ ♪,dg,desce por grau,s5d3,"sobe 5, desce 3",2,416,0.0048
3/8,x_x_x_,♪ ♪ ♪,dg,desce por grau,rd4,"repete, desce 4",2,416,0.0048
3/8,x___xx,♩ sc sc,ds,desce por salto,d1s1,"desce 1, sobe 1",5,22,0.2273
3/8,x___xx,♩ sc sc,ds,desce por salto,rr,"repete, repete",4,22,0.1818
3/8,x___xx,♩ sc sc,ds,desce por salto,s1d1,"sobe 1, desce 1",2,22,0.0909
3/8,x___xx,♩ sc sc,ds,desce por salto,s2s2,"sobe 2, sobe 2",2,22,0.0909
3/8,x___xx,♩ sc sc,ds,desce por salto,rs1,"repete, sobe 1",2,22,0.0909
3/8,x___xx,♩ sc sc,ds,desce por salto,d5s3,"desce 5, sobe 3",2,22,0.0909
3/8,x_x_x_,♪ ♪ ♪,r,repete,d1d1,"desce 1, desce 1",77,392,0.1964
3/8,x_x_x_,♪ ♪ ♪,r,repete,d1r,"desce 1, repete",47,392,0.1199
3/8,x_x_x_,♪ ♪ ♪,r,repete,s1s1,"sobe 1, sobe 1",39,392,0.0995
3/8,x_x_x_,♪ ♪ ♪,r,repete,rr,"repete, repete",31,392,0.0791
3/8,x_x_x_,♪ ♪ ♪,r,repete,d1s1,"desce 1, sobe 1",28,392,0.0714
3/8,x_x_x_,♪ ♪ ♪,r,repete,s2s2,"sobe 2, sobe 2",17,392,0.0434
3/8,x_x_x_,♪ ♪ ♪,r,repete,rs2,"repete, sobe 2",13,392,0.0332
3/8,x_x_x_,♪ ♪ ♪,r,repete,s3r,"sobe 3, repete",10,392,0.0255
3/8,x_x_x_,♪ ♪ ♪,r,repete,d2s2,"desce 2, sobe 2",9,392,0.023
3/8,x_x_x_,♪ ♪ ♪,r,repete,d1s2,"desce 1, sobe 2",8,392,0.0204
3/8,x_x_x_,♪ ♪ ♪,r,repete,d1d2,"desce 1, desce 2",8,392,0.0204
3/8,x_x_x_,♪ ♪ ♪,r,repete,d2d2,"desce 2, desce 2",7,392,0.0179
3/8,x_x_x_,♪ ♪ ♪,r,repete,s3d5,"sobe 3, desce 5",7,392,0.0179
3/8,x_x_x_,♪ ♪ ♪,r,repete,d2s1,"desce 2, sobe 1",7,392,0.0179
3/8,x_x_x_,♪ ♪ ♪,r,repete,s2r,"sobe 2, repete",5,392,0.0128
3/8,x_x_x_,♪ ♪ ♪,r,repete,rs1,"repete, sobe 1",5,392,0.0128
3/8,x_x_x_,♪ ♪ ♪,r,repete,d2s4,"desce 2, sobe 4",4,392,0.0102
3/8,x_x_x_,♪ ♪ ♪,r,repete,d2d1,"desce 2, desce 1",4,392,0.0102
3/8,x_x_x_,♪ ♪ ♪,r,repete,rd2,"repete, desce 2",4,392,0.0102
3/8,x_x_x_,♪ ♪ ♪,r,repete,d3r,"desce 3, repete",4,392,0.0102
3/8,x_x_x_,♪ ♪ ♪,r,repete,d2s3,"desce 2, sobe 3",4,392,0.0102
3/8,x_x_x_,♪ ♪ ♪,r,repete,d4r,"desce 4, repete",4,392,0.0102
3/8,x_x_x_,♪ ♪ ♪,r,repete,s3d3,"sobe 3, desce 3",3,392,0.0077
3/8,x_x_x_,♪ ♪ ♪,r,repete,s2d2,"sobe 2, desce 2",3,392,0.0077
3/8,x_x_x_,♪ ♪ ♪,r,repete,s3d1,"sobe 3, desce 1",3,392,0.0077
3/8,x_x_x_,♪ ♪ ♪,r,repete,s2d4,"sobe 2, desce 4",3,392,0.0077
3/8,x_x_x_,♪ ♪ ♪,r,repete,s5d1,"sobe 5, desce 1",2,392,0.0051
3/8,x_x_x_,♪ ♪ ♪,r,repete,rd1,"repete, desce 1",2,392,0.0051
3/8,x_x_x_,♪ ♪ ♪,r,repete,d1s3,"desce 1, sobe 3",2,392,0.0051
3/8,x_x_x_,♪ ♪ ♪,r,repete,s1r,"sobe 1, repete",2,392,0.0051
3/8,x_x_x_,♪ ♪ ♪,r,repete,d1s5,"desce 1, sobe 5",2,392,0.0051
3/8,x_x_x_,♪ ♪ ♪,r,repete,s1d1,"sobe 1, desce 1",2,392,0.0051
3/8,x_x_x_,♪ ♪ ♪,r,repete,d5r,"desce 5, repete",2,392,0.0051
3/8,x_x_x_,♪ ♪ ♪,r,repete,rs3,"repete, sobe 3",2,392,0.0051
3/8,x_x_x_,♪ ♪ ♪,r,repete,s1s2,"sobe 1, sobe 2",2,392,0.0051
3/8,x_x_x_,♪ ♪ ♪,r,repete,s3s1,"sobe 3, sobe 1",2,392,0.0051
3/8,x_x_x_,♪ ♪ ♪,r,repete,s1d2,"sobe 1, desce 2",2,392,0.0051
3/8,x_x_x_,♪ ♪ ♪,r,repete,s3d2,"sobe 3, desce 2",2,392,0.0051
3/8,x___x_,♩ ♪,ds,desce por salto,r,repete,45,134,0.3358
3/8,x___x_,♩ ♪,ds,desce por salto,d1,desce 1,22,134,0.1642
3/8,x___x_,♩ ♪,ds,desce por salto,s2,sobe 2,22,134,0.1642
3/8,x___x_,♩ ♪,ds,desce por salto,s1,sobe 1,14,134,0.1045
3/8,x___x_,♩ ♪,ds,desce por salto,s3,sobe 3,10,134,0.0746
3/8,x___x_,♩ ♪,ds,desce por salto,s5,sobe 5,8,134,0.0597
3/8,x___x_,♩ ♪,ds,desce por salto,d2,desce 2,7,134,0.0522
3/8,x___x_,♩ ♪,ds,desce por salto,d3,desce 3,3,134,0.0224
3/8,xxx_x_,sc sc ♪ ♪,ds,desce por salto,s1s1s1,"sobe 1, sobe 1, sobe 1",3,17,0.1765
3/8,xxx_x_,sc sc ♪ ♪,ds,desce por salto,s1s1r,"sobe 1, sobe 1, repete",2,17,0.1176
3/8,xxx_x_,sc sc ♪ ♪,ds,desce por salto,rrr,"repete, repete, repete",2,17,0.1176
3/8,xxx_x_,sc sc ♪ ♪,ds,desce por salto,rrs2,"repete, repete, sobe 2",2,17,0.1176
3/8,x_x_x_,♪ ♪ ♪,ds,desce por salto,rr,"repete, repete",42,221,0.19
3/8,x_x_x_,♪ ♪ ♪,ds,desce por salto,s1s1,"sobe 1, sobe 1",35,221,0.1584
3/8,x_x_x_,♪ ♪ ♪,ds,desce por salto,d1d1,"desce 1, desce 1",17,221,0.0769
3/8,x_x_x_,♪ ♪ ♪,ds,desce por salto,s2s2,"sobe 2, sobe 2",14,221,0.0633
3/8,x_x_x_,♪ ♪ ♪,ds,desce por salto,s2r,"sobe 2, repete",13,221,0.0588
3/8,x_x_x_,♪ ♪ ♪,ds,desce por salto,d1s1,"desce 1, sobe 1",13,221,0.0588
3/8,x_x_x_,♪ ♪ ♪,ds,desce por salto,rs1,"repete, sobe 1",12,221,0.0543
3/8,x_x_x_,♪ ♪ ♪,ds,desce por salto,rd1,"repete, desce 1",8,221,0.0362
3/8,x_x_x_,♪ ♪ ♪,ds,desce por salto,s3r,"sobe 3, repete",6,221,0.0271
3/8,x_x_x_,♪ ♪ ♪,ds,desce por salto,d2d2,"desce 2, desce 2",6,221,0.0271
3/8,x_x_x_,♪ ♪ ♪,ds,desce por salto,s2s1,"sobe 2, sobe 1",6,221,0.0271
3/8,x_x_x_,♪ ♪ ♪,ds,desce por salto,rs3,"repete, sobe 3",5,221,0.0226
3/8,x_x_x_,♪ ♪ ♪,ds,desce por salto,s1d1,"sobe 1, desce 1",4,221,0.0181
3/8,x_x_x_,♪ ♪ ♪,ds,desce por salto,s1s2,"sobe 1, sobe 2",4,221,0.0181
3/8,x_x_x_,♪ ♪ ♪,ds,desce por salto,d2s4,"desce 2, sobe 4",4,221,0.0181
3/8,x_x_x_,♪ ♪ ♪,ds,desce por salto,rs4,"repete, sobe 4",4,221,0.0181
3/8,x_x_x_,♪ ♪ ♪,ds,desce por salto,s5r,"sobe 5, repete",3,221,0.0136
3/8,x_x_x_,♪ ♪ ♪,ds,desce por salto,d2r,"desce 2, repete",3,221,0.0136
3/8,x_x_x_,♪ ♪ ♪,ds,desce por salto,s1d2,"sobe 1, desce 2",3,221,0.0136
3/8,x_x_x_,♪ ♪ ♪,ds,desce por salto,d1r,"desce 1, repete",3,221,0.0136
3/8,x_x_x_,♪ ♪ ♪,ds,desce por salto,d2s2,"desce 2, sobe 2",2,221,0.009
3/8,x_x_x_,♪ ♪ ♪,ds,desce por salto,rs2,"repete, sobe 2",2,221,0.009
3/8,x_x_x_,♪ ♪ ♪,ds,desce por salto,d2d3,"desce 2, desce 3",2,221,0.009
3/8,x_x_x_,♪ ♪ ♪,ds,desce por salto,rd2,"repete, desce 2",2,221,0.009
3/8,x_x_x_,♪ ♪ ♪,ss,sobe por salto,rr,"repete, repete",74,413,0.1792
3/8,x_x_x_,♪ ♪ ♪,ss,sobe por salto,d1d1,"desce 1, desce 1",63,413,0.1525
3/8,x_x_x_,♪ ♪ ♪,ss,sobe por salto,d1d2,"desce 1, desce 2",35,413,0.0847
3/8,x_x_x_,♪ ♪ ♪,ss,sobe por salto,d2d2,"desce 2, desce 2",29,413,0.0702
3/8,x_x_x_,♪ ♪ ♪,ss,sobe por salto,d1r,"desce 1, repete",22,413,0.0533
3/8,x_x_x_,♪ ♪ ♪,ss,sobe por salto,rd1,"repete, desce 1",19,413,0.046
3/8,x_x_x_,♪ ♪ ♪,ss,sobe por salto,s2d1,"sobe 2, desce 1",15,413,0.0363
3/8,x_x_x_,♪ ♪ ♪,ss,sobe por salto,d2s2,"desce 2, sobe 2",14,413,0.0339
3/8,x_x_x_,♪ ♪ ♪,ss,sobe por salto,rd2,"repete, desce 2",13,413,0.0315
3/8,x_x_x_,♪ ♪ ♪,ss,sobe por salto,d1s1,"desce 1, sobe 1",12,413,0.0291
3/8,x_x_x_,♪ ♪ ♪,ss,sobe por salto,s1s1,"sobe 1, sobe 1",11,413,0.0266
3/8,x_x_x_,♪ ♪ ♪,ss,sobe por salto,rs1,"repete, sobe 1",10,413,0.0242
3/8,x_x_x_,♪ ♪ ♪,ss,sobe por salto,rs2,"repete, sobe 2",10,413,0.0242
3/8,x_x_x_,♪ ♪ ♪,ss,sobe por salto,rd3,"repete, desce 3",10,413,0.0242
3/8,x_x_x_,♪ ♪ ♪,ss,sobe por salto,d2r,"desce 2, repete",7,413,0.0169
3/8,x_x_x_,♪ ♪ ♪,ss,sobe por salto,s2d2,"sobe 2, desce 2",6,413,0.0145
3/8,x_x_x_,♪ ♪ ♪,ss,sobe por salto,s1d1,"sobe 1, desce 1",6,413,0.0145
3/8,x_x_x_,♪ ♪ ♪,ss,sobe por salto,d3d2,"desce 3, desce 2",5,413,0.0121
3/8,x_x_x_,♪ ♪ ♪,ss,sobe por salto,rd4,"repete, desce 4",5,413,0.0121
3/8,x_x_x_,♪ ♪ ♪,ss,sobe por salto,s2s2,"sobe 2, sobe 2",5,413,0.0121
3/8,x_x_x_,♪ ♪ ♪,ss,sobe por salto,d3s3,"desce 3, sobe 3",4,413,0.0097
3/8,x_x_x_,♪ ♪ ♪,ss,sobe por salto,s2r,"sobe 2, repete",3,413,0.0073
3/8,x_x_x_,♪ ♪ ♪,ss,sobe por salto,d4r,"desce 4, repete",3,413,0.0073
3/8,x_x_x_,♪ ♪ ♪,ss,sobe por salto,d5r,"desce 5, repete",3,413,0.0073
3/8,x_x_x_,♪ ♪ ♪,ss,sobe por salto,s3d5,"sobe 3, desce 5",3,413,0.0073
3/8,x_x_x_,♪ ♪ ♪,ss,sobe por salto,d3r,"desce 3, repete",3,413,0.0073
3/8,x_x_x_,♪ ♪ ♪,ss,sobe por salto,s1s2,"sobe 1, sobe 2",3,413,0.0073
3/8,x_x_x_,♪ ♪ ♪,ss,sobe por salto,s2d5,"sobe 2, desce 5",2,413,0.0048
3/8,x_x_x_,♪ ♪ ♪,ss,sobe por salto,d1s2,"desce 1, sobe 2",2,413,0.0048
3/8,x_x_x_,♪ ♪ ♪,ss,sobe por salto,rs3,"repete, sobe 3",2,413,0.0048
3/8,x_x_x_,♪ ♪ ♪,ss,sobe por salto,d3s1,"desce 3, sobe 1",2,413,0.0048
3/8,x_x___,♪ ♩,ss,sobe por salto,d1,desce 1,5,10,0.5
3/8,x_x___,♪ ♩,ds,desce por salto,r,repete,10,14,0.7143
3/8,x_x___,♪ ♩,ds,desce por salto,s3,sobe 3,2,14,0.1429
3/8,x_xxx_,♪ sc sc ♪,ss,sobe por salto,s2d2d2,"sobe 2, desce 2, desce 2",3,20,0.15
3/8,x_xxx_,♪ sc sc ♪,ss,sobe por salto,s1s2d5,"sobe 1, sobe 2, desce 5",2,20,0.1
3/8,x_xxx_,♪ sc sc ♪,ss,sobe por salto,rrr,"repete, repete, repete",2,20,0.1
3/8,x_xxx_,♪ sc sc ♪,ss,sobe por salto,rs1d1,"repete, sobe 1, desce 1",2,20,0.1
3/8,x_xxx_,♪ sc sc ♪,ss,sobe por salto,d1d1d2,"desce 1, desce 1, desce 2",2,20,0.1
3/8,x_xxx_,♪ sc sc ♪,ss,sobe por salto,rs3d3,"repete, sobe 3, desce 3",2,20,0.1
3/8,x___x_,♩ ♪,r,repete,r,repete,58,156,0.3718
3/8,x___x_,♩ ♪,r,repete,d1,desce 1,33,156,0.2115
3/8,x___x_,♩ ♪,r,repete,d2,desce 2,21,156,0.1346
3/8,x___x_,♩ ♪,r,repete,s2,sobe 2,15,156,0.0962
3/8,x___x_,♩ ♪,r,repete,s3,sobe 3,13,156,0.0833
3/8,x___x_,♩ ♪,r,repete,s1,sobe 1,9,156,0.0577
3/8,x___x_,♩ ♪,r,repete,d3,desce 3,3,156,0.0192
3/8,x___x_,♩ ♪,r,repete,s4,sobe 4,2,156,0.0128
3/8,xxxxxx,sc sc sc sc sc sc,dg,desce por grau,d1d1d1s1s1,"desce 1, desce 1, desce 1, sobe 1, sobe 1",4,16,0.25
3/8,xxxxxx,sc sc sc sc sc sc,dg,desce por grau,d1d1d1d1d1,"desce 1, desce 1, desce 1, desce 1, desce 1",2,16,0.125
3/8,xxxxxx,sc sc sc sc sc sc,dg,desce por grau,rrrrr,"repete, repete, repete, repete, repete",2,16,0.125
3/8,x___x_,♩ ♪,sg,sobe por grau,d1,desce 1,52,244,0.2131
3/8,x___x_,♩ ♪,sg,sobe por grau,r,repete,51,244,0.209
3/8,x___x_,♩ ♪,sg,sobe por grau,s1,sobe 1,46,244,0.1885
3/8,x___x_,♩ ♪,sg,sobe por grau,d2,desce 2,41,244,0.168
3/8,x___x_,♩ ♪,sg,sobe por grau,s2,sobe 2,15,244,0.0615
3/8,x___x_,♩ ♪,sg,sobe por grau,s3,sobe 3,13,244,0.0533
3/8,x___x_,♩ ♪,sg,sobe por grau,d5,desce 5,9,244,0.0369
3/8,x___x_,♩ ♪,sg,sobe por grau,d3,desce 3,7,244,0.0287
3/8,x___x_,♩ ♪,sg,sobe por grau,d4,desce 4,7,244,0.0287
3/8,x___x_,♩ ♪,sg,sobe por grau,s4,sobe 4,2,244,0.0082
3/8,x_xxxx,♪ sc sc sc sc,sg,sobe por grau,d1d1d1d1,"desce 1, desce 1, desce 1, desce 1",5,42,0.119
3/8,x_xxxx,♪ sc sc sc sc,sg,sobe por grau,rd1s1s1,"repete, desce 1, sobe 1, sobe 1",5,42,0.119
3/8,x_xxxx,♪ sc sc sc sc,sg,sobe por grau,s2d1d2d2,"sobe 2, desce 1, desce 2, desce 2",5,42,0.119
3/8,x_xxxx,♪ sc sc sc sc,sg,sobe por grau,rs1s1d2,"repete, sobe 1, sobe 1, desce 2",4,42,0.0952
3/8,x_xxxx,♪ sc sc sc sc,sg,sobe por grau,s1d1d1d1,"sobe 1, desce 1, desce 1, desce 1",3,42,0.0714
3/8,x_xxxx,♪ sc sc sc sc,sg,sobe por grau,rs2d1d2,"repete, sobe 2, desce 1, desce 2",3,42,0.0714
3/8,x_xxxx,♪ sc sc sc sc,sg,sobe por grau,rs1s1s1,"repete, sobe 1, sobe 1, sobe 1",3,42,0.0714
3/8,x_xxxx,♪ sc sc sc sc,sg,sobe por grau,rd2s1d2,"repete, desce 2, sobe 1, desce 2",2,42,0.0476
3/8,x_xxxx,♪ sc sc sc sc,sg,sobe por grau,rs1d1d1,"repete, sobe 1, desce 1, desce 1",2,42,0.0476
3/8,x_xxxx,♪ sc sc sc sc,sg,sobe por grau,rd1s1d2,"repete, desce 1, sobe 1, desce 2",2,42,0.0476
3/8,x_xxxx,♪ sc sc sc sc,sg,sobe por grau,rrrr,"repete, repete, repete, repete",2,42,0.0476
3/8,xxx_x_,sc sc ♪ ♪,sg,sobe por grau,d1s1d3,"desce 1, sobe 1, desce 3",4,32,0.125
3/8,xxx_x_,sc sc ♪ ♪,sg,sobe por grau,s1s1d1,"sobe 1, sobe 1, desce 1",3,32,0.0938
3/8,xxx_x_,sc sc ♪ ♪,sg,sobe por grau,d2d2r,"desce 2, desce 2, repete",2,32,0.0625
3/8,xxx_x_,sc sc ♪ ♪,sg,sobe por grau,d4rr,"desce 4, repete, repete",2,32,0.0625
3/8,xxx_x_,sc sc ♪ ♪,sg,sobe por grau,rrd1,"repete, repete, desce 1",2,32,0.0625
3/8,xxx_x_,sc sc ♪ ♪,sg,sobe por grau,s2d1d1,"sobe 2, desce 1, desce 1",2,32,0.0625
3/8,xxx_x_,sc sc ♪ ♪,sg,sobe por grau,s2rs2,"sobe 2, repete, sobe 2",2,32,0.0625
3/8,xxx_x_,sc sc ♪ ♪,sg,sobe por grau,d1d1d1,"desce 1, desce 1, desce 1",2,32,0.0625
3/8,xxx_x_,sc sc ♪ ♪,sg,sobe por grau,d1s1d2,"desce 1, sobe 1, desce 2",2,32,0.0625
3/8,xxx_x_,sc sc ♪ ♪,sg,sobe por grau,d1rd2,"desce 1, repete, desce 2",2,32,0.0625
3/8,x_xxxx,♪ sc sc sc sc,ss,sobe por salto,d2s2s2d2,"desce 2, sobe 2, sobe 2, desce 2",4,33,0.1212
3/8,x_xxxx,♪ sc sc sc sc,ss,sobe por salto,rd1s1d2,"repete, desce 1, sobe 1, desce 2",3,33,0.0909
3/8,x_xxxx,♪ sc sc sc sc,ss,sobe por salto,rd1s1s1,"repete, desce 1, sobe 1, sobe 1",3,33,0.0909
3/8,x_xxxx,♪ sc sc sc sc,ss,sobe por salto,d3s2d1d2,"desce 3, sobe 2, desce 1, desce 2",2,33,0.0606
3/8,x_xxxx,♪ sc sc sc sc,ss,sobe por salto,rs1d1d1,"repete, sobe 1, desce 1, desce 1",2,33,0.0606
3/8,x_xxxx,♪ sc sc sc sc,ss,sobe por salto,rs1d1s1,"repete, sobe 1, desce 1, sobe 1",2,33,0.0606
3/8,x_xxxx,♪ sc sc sc sc,ss,sobe por salto,rd1s1s2,"repete, desce 1, sobe 1, sobe 2",2,33,0.0606
3/8,x___x_,♩ ♪,dg,desce por grau,r,repete,82,311,0.2637
3/8,x___x_,♩ ♪,dg,desce por grau,d1,desce 1,74,311,0.2379
3/8,x___x_,♩ ♪,dg,desce por grau,s1,sobe 1,44,311,0.1415
3/8,x___x_,♩ ♪,dg,desce por grau,d2,desce 2,36,311,0.1158
3/8,x___x_,♩ ♪,dg,desce por grau,s2,sobe 2,34,311,0.1093
3/8,x___x_,♩ ♪,dg,desce por grau,d3,desce 3,15,311,0.0482
3/8,x___x_,♩ ♪,dg,desce por grau,s3,sobe 3,8,311,0.0257
3/8,x___x_,♩ ♪,dg,desce por grau,s4,sobe 4,6,311,0.0193
3/8,x___x_,♩ ♪,dg,desce por grau,d4,desce 4,5,311,0.0161
3/8,x___x_,♩ ♪,dg,desce por grau,s5,sobe 5,4,311,0.0129
3/8,x___x_,♩ ♪,dg,desce por grau,d5,desce 5,3,311,0.0096
3/8,xxxxx_,sc sc sc sc ♪,sg,sobe por grau,d1d1d1d1,"desce 1, desce 1, desce 1, desce 1",3,16,0.1875
3/8,xxxxx_,sc sc sc sc ♪,sg,sobe por grau,rrd1d1,"repete, repete, desce 1, desce 1",3,16,0.1875
3/8,xxxxx_,sc sc sc sc ♪,sg,sobe por grau,d1s1s1d1,"desce 1, sobe 1, sobe 1, desce 1",3,16,0.1875
3/8,xxxxx_,sc sc sc sc ♪,sg,sobe por grau,s1s1s1s1,"sobe 1, sobe 1, sobe 1, sobe 1",2,16,0.125
3/8,xxxxx_,sc sc sc sc ♪,sg,sobe por grau,d1s1s1s1,"desce 1, sobe 1, sobe 1, sobe 1",2,16,0.125
3/8,xxxxx_,sc sc sc sc ♪,sg,sobe por grau,d2d2s2d1,"desce 2, desce 2, sobe 2, desce 1",2,16,0.125
3/8,x_xxxx,♪ sc sc sc sc,dg,desce por grau,rs1s1s1,"repete, sobe 1, sobe 1, sobe 1",5,27,0.1852
3/8,x_xxxx,♪ sc sc sc sc,dg,desce por grau,s2d1s1d2,"sobe 2, desce 1, sobe 1, desce 2",4,27,0.1481
3/8,x_xxxx,♪ sc sc sc sc,dg,desce por grau,rd1s1s2,"repete, desce 1, sobe 1, sobe 2",3,27,0.1111
3/8,x_xxxx,♪ sc sc sc sc,dg,desce por grau,d2s2s3s1,"desce 2, sobe 2, sobe 3, sobe 1",2,27,0.0741
3/8,x_xxxx,♪ sc sc sc sc,dg,desce por grau,rrrr,"repete, repete, repete, repete",2,27,0.0741
3/8,x_xxxx,♪ sc sc sc sc,dg,desce por grau,rd1s1s1,"repete, desce 1, sobe 1, sobe 1",2,27,0.0741
3/8,x_x__x,♪ ♪. sc,ss,sobe por salto,rd1,"repete, desce 1",4,16,0.25
3/8,x_x__x,♪ ♪. sc,ss,sobe por salto,rs1,"repete, sobe 1",3,16,0.1875
3/8,x_x__x,♪ ♪. sc,ss,sobe por salto,d1d2,"desce 1, desce 2",3,16,0.1875
3/8,x_x__x,♪ ♪. sc,ss,sobe por salto,rd2,"repete, desce 2",2,16,0.125
3/8,x_x__x,♪ ♪. sc,ss,sobe por salto,rr,"repete, repete",2,16,0.125
3/8,x_x__x,♪ ♪. sc,dg,desce por grau,d1s1,"desce 1, sobe 1",2,12,0.1667
3/8,x_x__x,♪ ♪. sc,dg,desce por grau,rs1,"repete, sobe 1",2,12,0.1667
3/8,x_x__x,♪ ♪. sc,dg,desce por grau,s5d3,"sobe 5, desce 3",2,12,0.1667
3/8,x_x__x,♪ ♪. sc,dg,desce por grau,rr,"repete, repete",2,12,0.1667
3/8,x_xxxx,♪ sc sc sc sc,r,repete,d1d1s1d2,"desce 1, desce 1, sobe 1, desce 2",4,22,0.1818
3/8,x_xxxx,♪ sc sc sc sc,r,repete,rd1s2d2,"repete, desce 1, sobe 2, desce 2",2,22,0.0909
3/8,x_xxxx,♪ sc sc sc sc,r,repete,s1d1d1d1,"sobe 1, desce 1, desce 1, desce 1",2,22,0.0909
3/8,x_xxxx,♪ sc sc sc sc,r,repete,s2s1rd1,"sobe 2, sobe 1, repete, desce 1",2,22,0.0909
3/8,x_x_xx,♪ ♪ sc sc,ds,desce por salto,rs3d1,"repete, sobe 3, desce 1",2,14,0.1429
3/8,x_x_xx,♪ ♪ sc sc,ds,desce por salto,rrs1,"repete, repete, sobe 1",2,14,0.1429
3/8,x_x_xx,♪ ♪ sc sc,ds,desce por salto,s2rr,"sobe 2, repete, repete",2,14,0.1429
3/8,x_x_xx,♪ ♪ sc sc,ds,desce por salto,d2s3d1,"desce 2, sobe 3, desce 1",2,14,0.1429
3/8,xxx___,sc sc ♩,sg,sobe por grau,d1d1,"desce 1, desce 1",2,10,0.2
3/8,xxx___,sc sc ♩,sg,sobe por grau,d1d2,"desce 1, desce 2",2,10,0.2
3/8,xxx___,sc sc ♩,sg,sobe por grau,s5r,"sobe 5, repete",2,10,0.2
3/8,x_x__x,♪ ♪. sc,r,repete,d1r,"desce 1, repete",7,18,0.3889
3/8,x_x__x,♪ ♪. sc,r,repete,s1d3,"sobe 1, desce 3",4,18,0.2222
3/8,x_x__x,♪ ♪. sc,r,repete,d1d1,"desce 1, desce 1",2,18,0.1111
3/8,x__xx_,♪. sc ♪,ss,sobe por salto,d1d1,"desce 1, desce 1",44,167,0.2635
3/8,x__xx_,♪. sc ♪,ss,sobe por salto,d1s1,"desce 1, sobe 1",21,167,0.1257
3/8,x__xx_,♪. sc ♪,ss,sobe por salto,s1s1,"sobe 1, sobe 1",20,167,0.1198
3/8,x__xx_,♪. sc ♪,ss,sobe por salto,rr,"repete, repete",19,167,0.1138
3/8,x__xx_,♪. sc ♪,ss,sobe por salto,d1r,"desce 1, repete",13,167,0.0778
3/8,x__xx_,♪. sc ♪,ss,sobe por salto,s1d1,"sobe 1, desce 1",12,167,0.0719
3/8,x__xx_,♪. sc ♪,ss,sobe por salto,d1d2,"desce 1, desce 2",7,167,0.0419
3/8,x__xx_,♪. sc ♪,ss,sobe por salto,rs2,"repete, sobe 2",5,167,0.0299
3/8,x__xx_,♪. sc ♪,ss,sobe por salto,d5r,"desce 5, repete",3,167,0.018
3/8,x__xx_,♪. sc ♪,ss,sobe por salto,d2d2,"desce 2, desce 2",3,167,0.018
3/8,x__xx_,♪. sc ♪,ss,sobe por salto,d2s2,"desce 2, sobe 2",3,167,0.018
3/8,x__xx_,♪. sc ♪,ss,sobe por salto,rd2,"repete, desce 2",3,167,0.018
3/8,x__xx_,♪. sc ♪,ss,sobe por salto,rd1,"repete, desce 1",3,167,0.018
3/8,x__xx_,♪. sc ♪,ss,sobe por salto,s2d1,"sobe 2, desce 1",2,167,0.012
3/8,x__xx_,♪. sc ♪,ss,sobe por salto,d2r,"desce 2, repete",2,167,0.012
3/8,x__xx_,♪. sc ♪,ss,sobe por salto,rs1,"repete, sobe 1",2,167,0.012
3/8,x__xx_,♪. sc ♪,ss,sobe por salto,d3r,"desce 3, repete",2,167,0.012
3/8,x__xx_,♪. sc ♪,ds,desce por salto,s1s1,"sobe 1, sobe 1",13,56,0.2321
3/8,x__xx_,♪. sc ♪,ds,desce por salto,d1s1,"desce 1, sobe 1",13,56,0.2321
3/8,x__xx_,♪. sc ♪,ds,desce por salto,d1d1,"desce 1, desce 1",11,56,0.1964
3/8,x__xx_,♪. sc ♪,ds,desce por salto,rr,"repete, repete",9,56,0.1607
3/8,x__xx_,♪. sc ♪,ds,desce por salto,s1d1,"sobe 1, desce 1",5,56,0.0893
3/8,x__xx_,♪. sc ♪,ds,desce por salto,d1d2,"desce 1, desce 2",2,56,0.0357
3/8,x_x_xx,♪ ♪ sc sc,r,repete,s3rr,"sobe 3, repete, repete",3,38,0.0789
3/8,x_x_xx,♪ ♪ sc sc,r,repete,rrr,"repete, repete, repete",3,38,0.0789
3/8,x_x_xx,♪ ♪ sc sc,r,repete,d1s1s1,"desce 1, sobe 1, sobe 1",3,38,0.0789
3/8,x_x_xx,♪ ♪ sc sc,r,repete,s5d5s2,"sobe 5, desce 5, sobe 2",2,38,0.0526
3/8,x_x_xx,♪ ♪ sc sc,r,repete,d1d1d1,"desce 1, desce 1, desce 1",2,38,0.0526
3/8,x_x_xx,♪ ♪ sc sc,r,repete,s2rr,"sobe 2, repete, repete",2,38,0.0526
3/8,x_x_xx,♪ ♪ sc sc,r,repete,rd2s2,"repete, desce 2, sobe 2",2,38,0.0526
3/8,x_x_xx,♪ ♪ sc sc,r,repete,d1rs1,"desce 1, repete, sobe 1",2,38,0.0526
3/8,x_x_xx,♪ ♪ sc sc,r,repete,s1rd1,"sobe 1, repete, desce 1",2,38,0.0526
3/8,x_x_xx,♪ ♪ sc sc,r,repete,d1d2s2,"desce 1, desce 2, sobe 2",2,38,0.0526
3/8,x_x_xx,♪ ♪ sc sc,r,repete,rrs3,"repete, repete, sobe 3",2,38,0.0526
3/8,x_x_xx,♪ ♪ sc sc,r,repete,d1d1s2,"desce 1, desce 1, sobe 2",2,38,0.0526
3/8,x_x_xx,♪ ♪ sc sc,r,repete,s3rd1,"sobe 3, repete, desce 1",2,38,0.0526
3/8,xxxxxx,sc sc sc sc sc sc,sg,sobe por grau,d1d1d1d1d1,"desce 1, desce 1, desce 1, desce 1, desce 1",4,21,0.1905
3/8,xxxxxx,sc sc sc sc sc sc,sg,sobe por grau,s1s1s1s1s1,"sobe 1, sobe 1, sobe 1, sobe 1, sobe 1",3,21,0.1429
3/8,xxxxxx,sc sc sc sc sc sc,sg,sobe por grau,s2s2d1d2d2,"sobe 2, sobe 2, desce 1, desce 2, desce 2",3,21,0.1429
3/8,xxxxxx,sc sc sc sc sc sc,sg,sobe por grau,s1d1d1d1d1,"sobe 1, desce 1, desce 1, desce 1, desce 1",3,21,0.1429
3/8,xxxxxx,sc sc sc sc sc sc,sg,sobe por grau,rrrd1d1,"repete, repete, repete, desce 1, desce 1",2,21,0.0952
3/8,xxxxxx,sc sc sc sc sc sc,sg,sobe por grau,rd1rd1r,"repete, desce 1, repete, desce 1, repete",2,21,0.0952
3/8,xxxxxx,sc sc sc sc sc sc,sg,sobe por grau,s2s2d2s5d3,"sobe 2, sobe 2, desce 2, sobe 5, desce 3",2,21,0.0952
3/8,x__xx_,♪. sc ♪,sg,sobe por grau,s1d1,"sobe 1, desce 1",24,111,0.2162
3/8,x__xx_,♪. sc ♪,sg,sobe por grau,d1s1,"desce 1, sobe 1",23,111,0.2072
3/8,x__xx_,♪. sc ♪,sg,sobe por grau,d1d1,"desce 1, desce 1",19,111,0.1712
3/8,x__xx_,♪. sc ♪,sg,sobe por grau,s1s1,"sobe 1, sobe 1",12,111,0.1081
3/8,x__xx_,♪. sc ♪,sg,sobe por grau,rr,"repete, repete",12,111,0.1081
3/8,x__xx_,♪. sc ♪,sg,sobe por grau,d1r,"desce 1, repete",5,111,0.045
3/8,x__xx_,♪. sc ♪,sg,sobe por grau,rd1,"repete, desce 1",2,111,0.018
3/8,x___xx,♩ sc sc,sg,sobe por grau,d1s1,"desce 1, sobe 1",8,47,0.1702
3/8,x___xx,♩ sc sc,sg,sobe por grau,d1d1,"desce 1, desce 1",5,47,0.1064
3/8,x___xx,♩ sc sc,sg,sobe por grau,rd1,"repete, desce 1",4,47,0.0851
3/8,x___xx,♩ sc sc,sg,sobe por grau,s1d1,"sobe 1, desce 1",4,47,0.0851
3/8,x___xx,♩ sc sc,sg,sobe por grau,d2s2,"desce 2, sobe 2",3,47,0.0638
3/8,x___xx,♩ sc sc,sg,sobe por grau,d2s1,"desce 2, sobe 1",3,47,0.0638
3/8,x___xx,♩ sc sc,sg,sobe por grau,s2d1,"sobe 2, desce 1",3,47,0.0638
3/8,x___xx,♩ sc sc,sg,sobe por grau,s1s1,"sobe 1, sobe 1",2,47,0.0426
3/8,x___xx,♩ sc sc,sg,sobe por grau,rs2,"repete, sobe 2",2,47,0.0426
3/8,x___xx,♩ sc sc,sg,sobe por grau,s1d2,"sobe 1, desce 2",2,47,0.0426
3/8,x___xx,♩ sc sc,sg,sobe por grau,rs1,"repete, sobe 1",2,47,0.0426
3/8,x___xx,♩ sc sc,sg,sobe por grau,rr,"repete, repete",2,47,0.0426
3/8,x___xx,♩ sc sc,sg,sobe por grau,d3r,"desce 3, repete",2,47,0.0426
3/8,x___xx,♩ sc sc,sg,sobe por grau,d1r,"desce 1, repete",2,47,0.0426
3/8,x__xx_,♪. sc ♪,r,repete,d1d1,"desce 1, desce 1",27,97,0.2784
3/8,x__xx_,♪. sc ♪,r,repete,s1d1,"sobe 1, desce 1",16,97,0.1649
3/8,x__xx_,♪. sc ♪,r,repete,d1r,"desce 1, repete",11,97,0.1134
3/8,x__xx_,♪. sc ♪,r,repete,s1s1,"sobe 1, sobe 1",10,97,0.1031
3/8,x__xx_,♪. sc ♪,r,repete,rr,"repete, repete",10,97,0.1031
3/8,x__xx_,♪. sc ♪,r,repete,d1s1,"desce 1, sobe 1",5,97,0.0515
3/8,x__xx_,♪. sc ♪,r,repete,d2d2,"desce 2, desce 2",3,97,0.0309
3/8,x__xx_,♪. sc ♪,r,repete,s4r,"sobe 4, repete",3,97,0.0309
3/8,x__xx_,♪. sc ♪,r,repete,rd1,"repete, desce 1",2,97,0.0206
3/8,x__xx_,♪. sc ♪,r,repete,d5r,"desce 5, repete",2,97,0.0206
3/8,x__xx_,♪. sc ♪,r,repete,rs1,"repete, sobe 1",2,97,0.0206
3/8,x__xx_,♪. sc ♪,r,repete,d2s2,"desce 2, sobe 2",2,97,0.0206
3/8,x___xx,♩ sc sc,r,repete,s1d1,"sobe 1, desce 1",6,34,0.1765
3/8,x___xx,♩ sc sc,r,repete,rd1,"repete, desce 1",3,34,0.0882
3/8,x___xx,♩ sc sc,r,repete,s1s1,"sobe 1, sobe 1",3,34,0.0882
3/8,x___xx,♩ sc sc,r,repete,d1d1,"desce 1, desce 1",2,34,0.0588
3/8,x___xx,♩ sc sc,r,repete,rs1,"repete, sobe 1",2,34,0.0588
3/8,x___xx,♩ sc sc,r,repete,rr,"repete, repete",2,34,0.0588
3/8,x___xx,♩ sc sc,r,repete,s5d1,"sobe 5, desce 1",2,34,0.0588
3/8,x___xx,♩ sc sc,r,repete,s2d1,"sobe 2, desce 1",2,34,0.0588
3/8,x___xx,♩ sc sc,r,repete,s2s1,"sobe 2, sobe 1",2,34,0.0588
3/8,xxx_x_,sc sc ♪ ♪,r,repete,d1rr,"desce 1, repete, repete",3,29,0.1034
3/8,xxx_x_,sc sc ♪ ♪,r,repete,d2d1r,"desce 2, desce 1, repete",3,29,0.1034
3/8,xxx_x_,sc sc ♪ ♪,r,repete,d1rs1,"desce 1, repete, sobe 1",3,29,0.1034
3/8,xxx_x_,sc sc ♪ ♪,r,repete,d1rd2,"desce 1, repete, desce 2",3,29,0.1034
3/8,xxx_x_,sc sc ♪ ♪,r,repete,rrr,"repete, repete, repete",2,29,0.069
3/8,xxx_x_,sc sc ♪ ♪,r,repete,rrs2,"repete, repete, sobe 2",2,29,0.069
3/8,xxx_x_,sc sc ♪ ♪,r,repete,d2d2s1,"desce 2, desce 2, sobe 1",2,29,0.069
3/8,xxx_x_,sc sc ♪ ♪,dg,desce por grau,d1d1d1,"desce 1, desce 1, desce 1",4,25,0.16
3/8,xxx_x_,sc sc ♪ ♪,dg,desce por grau,s1s1s1,"sobe 1, sobe 1, sobe 1",2,25,0.08
3/8,xxx_x_,sc sc ♪ ♪,dg,desce por grau,d1d1s2,"desce 1, desce 1, sobe 2",2,25,0.08
3/8,xxx_x_,sc sc ♪ ♪,dg,desce por grau,d1d1r,"desce 1, desce 1, repete",2,25,0.08
3/8,xxx_x_,sc sc ♪ ♪,dg,desce por grau,rrs2,"repete, repete, sobe 2",2,25,0.08
3/8,xxx_x_,sc sc ♪ ♪,dg,desce por grau,rd2s2,"repete, desce 2, sobe 2",2,25,0.08
3/8,xxx_x_,sc sc ♪ ♪,dg,desce por grau,d2d2r,"desce 2, desce 2, repete",2,25,0.08
3/8,x_x_xx,♪ ♪ sc sc,ss,sobe por salto,rrr,"repete, repete, repete",7,58,0.1207
3/8,x_x_xx,♪ ♪ sc sc,ss,sobe por salto,s1s1s1,"sobe 1, sobe 1, sobe 1",3,58,0.0517
3/8,x_x_xx,♪ ♪ sc sc,ss,sobe por salto,rs1d2,"repete, sobe 1, desce 2",3,58,0.0517
3/8,x_x_xx,♪ ♪ sc sc,ss,sobe por salto,rd1r,"repete, desce 1, repete",3,58,0.0517
3/8,x_x_xx,♪ ♪ sc sc,ss,sobe por salto,d1d2s1,"desce 1, desce 2, sobe 1",3,58,0.0517
3/8,x_x_xx,♪ ♪ sc sc,ss,sobe por salto,rrs1,"repete, repete, sobe 1",2,58,0.0345
3/8,x_x_xx,♪ ♪ sc sc,ss,sobe por salto,s1s1r,"sobe 1, sobe 1, repete",2,58,0.0345
3/8,x_x_xx,♪ ♪ sc sc,ss,sobe por salto,s1d3s2,"sobe 1, desce 3, sobe 2",2,58,0.0345
3/8,x_x_xx,♪ ♪ sc sc,ss,sobe por salto,rs1r,"repete, sobe 1, repete",2,58,0.0345
3/8,x_x_xx,♪ ♪ sc sc,ss,sobe por salto,s2s2d2,"sobe 2, sobe 2, desce 2",2,58,0.0345
3/8,x_x_xx,♪ ♪ sc sc,ss,sobe por salto,d1d1s1,"desce 1, desce 1, sobe 1",2,58,0.0345
3/8,x_x_xx,♪ ♪ sc sc,ss,sobe por salto,d1rr,"desce 1, repete, repete",2,58,0.0345
3/8,x_x_xx,♪ ♪ sc sc,ss,sobe por salto,d1s1d2,"desce 1, sobe 1, desce 2",2,58,0.0345
3/8,x_x_xx,♪ ♪ sc sc,ss,sobe por salto,d1rs2,"desce 1, repete, sobe 2",2,58,0.0345
3/8,x_x_xx,♪ ♪ sc sc,ss,sobe por salto,d1s1d1,"desce 1, sobe 1, desce 1",2,58,0.0345
3/8,x_x_xx,♪ ♪ sc sc,ss,sobe por salto,d2rs2,"desce 2, repete, sobe 2",2,58,0.0345
3/8,x_x_xx,♪ ♪ sc sc,ss,sobe por salto,s1s1d2,"sobe 1, sobe 1, desce 2",2,58,0.0345
3/8,xxxxx_,sc sc sc sc ♪,dg,desce por grau,d1s1s1d1,"desce 1, sobe 1, sobe 1, desce 1",3,11,0.2727
3/8,xxxxx_,sc sc sc sc ♪,dg,desce por grau,d1d1d1d1,"desce 1, desce 1, desce 1, desce 1",2,11,0.1818
3/8,xxxxx_,sc sc sc sc ♪,dg,desce por grau,rrrd5,"repete, repete, repete, desce 5",2,11,0.1818
3/8,x__xxx,♪. sc sc sc,dg,desce por grau,s1d1d1,"sobe 1, desce 1, desce 1",2,22,0.0909
3/8,x__xxx,♪. sc sc sc,dg,desce por grau,s1s1s1,"sobe 1, sobe 1, sobe 1",2,22,0.0909
3/8,x__xxx,♪. sc sc sc,dg,desce por grau,d1d1s1,"desce 1, desce 1, sobe 1",2,22,0.0909
3/8,x__xxx,♪. sc sc sc,dg,desce por grau,s1s1s2,"sobe 1, sobe 1, sobe 2",2,22,0.0909
3/8,x__xxx,♪. sc sc sc,dg,desce por grau,s1d1s1,"sobe 1, desce 1, sobe 1",2,22,0.0909
3/8,x_x_x_,♪ ♪ ♪,0,—,rr,"repete, repete",18,58,0.3103
3/8,x_x_x_,♪ ♪ ♪,0,—,s3r,"sobe 3, repete",7,58,0.1207
3/8,x_x_x_,♪ ♪ ♪,0,—,s2s2,"sobe 2, sobe 2",6,58,0.1034
3/8,x_x_x_,♪ ♪ ♪,0,—,d1d1,"desce 1, desce 1",3,58,0.0517
3/8,x_x_x_,♪ ♪ ♪,0,—,rs1,"repete, sobe 1",3,58,0.0517
3/8,x_x_x_,♪ ♪ ♪,0,—,s2s1,"sobe 2, sobe 1",3,58,0.0517
3/8,x_x_x_,♪ ♪ ♪,0,—,s1s1,"sobe 1, sobe 1",2,58,0.0345
3/8,x_x_x_,♪ ♪ ♪,0,—,rs2,"repete, sobe 2",2,58,0.0345
3/8,x_x_x_,♪ ♪ ♪,0,—,s3s1,"sobe 3, sobe 1",2,58,0.0345
3/8,x_x_x_,♪ ♪ ♪,0,—,rd1,"repete, desce 1",2,58,0.0345
3/8,x_x_x_,♪ ♪ ♪,0,—,d2s1,"desce 2, sobe 1",2,58,0.0345
3/8,x_xxx_,♪ sc sc ♪,dg,desce por grau,s2d1d1,"sobe 2, desce 1, desce 1",7,31,0.2258
3/8,x_xxx_,♪ sc sc ♪,dg,desce por grau,rs1s1,"repete, sobe 1, sobe 1",5,31,0.1613
3/8,x_xxx_,♪ sc sc ♪,dg,desce por grau,s5rr,"sobe 5, repete, repete",2,31,0.0645
3/8,x_xxx_,♪ sc sc ♪,dg,desce por grau,s2d2s1,"sobe 2, desce 2, sobe 1",2,31,0.0645
3/8,x_xxx_,♪ sc sc ♪,dg,desce por grau,rs1d1,"repete, sobe 1, desce 1",2,31,0.0645
3/8,x_xxx_,♪ sc sc ♪,dg,desce por grau,s2d2d2,"sobe 2, desce 2, desce 2",2,31,0.0645
3/8,x_xxx_,♪ sc sc ♪,dg,desce por grau,s2rd2,"sobe 2, repete, desce 2",2,31,0.0645
3/8,x_xxx_,♪ sc sc ♪,dg,desce por grau,d2s4d2,"desce 2, sobe 4, desce 2",2,31,0.0645
3/8,x_xxx_,♪ sc sc ♪,r,repete,d1d1s1,"desce 1, desce 1, sobe 1",7,20,0.35
3/8,x_xxx_,♪ sc sc ♪,r,repete,d1rr,"desce 1, repete, repete",2,20,0.1
3/8,x_xxx_,♪ sc sc ♪,r,repete,rd2s2,"repete, desce 2, sobe 2",2,20,0.1
3/8,x_xxx_,♪ sc sc ♪,r,repete,s3s1d2,"sobe 3, sobe 1, desce 2",2,20,0.1
3/8,x__xx_,♪. sc ♪,dg,desce por grau,d1d1,"desce 1, desce 1",22,85,0.2588
3/8,x__xx_,♪. sc ♪,dg,desce por grau,d1s1,"desce 1, sobe 1",20,85,0.2353
3/8,x__xx_,♪. sc ♪,dg,desce por grau,s1d1,"sobe 1, desce 1",15,85,0.1765
3/8,x__xx_,♪. sc ♪,dg,desce por grau,s1s1,"sobe 1, sobe 1",8,85,0.0941
3/8,x__xx_,♪. sc ♪,dg,desce por grau,rr,"repete, repete",4,85,0.0471
3/8,x__xx_,♪. sc ♪,dg,desce por grau,d2d2,"desce 2, desce 2",3,85,0.0353
3/8,x__xx_,♪. sc ♪,dg,desce por grau,s2d2,"sobe 2, desce 2",3,85,0.0353
3/8,x__xx_,♪. sc ♪,dg,desce por grau,s2r,"sobe 2, repete",3,85,0.0353
3/8,x__xx_,♪. sc ♪,dg,desce por grau,s1d2,"sobe 1, desce 2",2,85,0.0235
3/8,x__xx_,♪. sc ♪,dg,desce por grau,d1d2,"desce 1, desce 2",2,85,0.0235
3/8,x_xxxx,♪ sc sc sc sc,ds,desce por salto,rs1s1s1,"repete, sobe 1, sobe 1, sobe 1",4,12,0.3333
3/8,x_xxxx,♪ sc sc sc sc,ds,desce por salto,rd1s1d2,"repete, desce 1, sobe 1, desce 2",2,12,0.1667
3/8,x_xxxx,♪ sc sc sc sc,ds,desce por salto,rs2d2d1,"repete, sobe 2, desce 2, desce 1",2,12,0.1667
3/8,x_xxxx,♪ sc sc sc sc,ds,desce por salto,s3s1rd1,"sobe 3, sobe 1, repete, desce 1",2,12,0.1667
3/8,x___x_,♩ ♪,ss,sobe por salto,r,repete,59,229,0.2576
3/8,x___x_,♩ ♪,ss,sobe por salto,d2,desce 2,42,229,0.1834
3/8,x___x_,♩ ♪,ss,sobe por salto,d1,desce 1,39,229,0.1703
3/8,x___x_,♩ ♪,ss,sobe por salto,s1,sobe 1,27,229,0.1179
3/8,x___x_,♩ ♪,ss,sobe por salto,s2,sobe 2,25,229,0.1092
3/8,x___x_,♩ ♪,ss,sobe por salto,d3,desce 3,20,229,0.0873
3/8,x___x_,♩ ♪,ss,sobe por salto,d5,desce 5,10,229,0.0437
3/8,x___x_,♩ ♪,ss,sobe por salto,s4,sobe 4,3,229,0.0131
3/8,x___x_,♩ ♪,ss,sobe por salto,d4,desce 4,2,229,0.0087
3/8,x___x_,♩ ♪,ss,sobe por salto,s3,sobe 3,2,229,0.0087
3/8,x___xx,♩ sc sc,dg,desce por grau,rr,"repete, repete",10,58,0.1724
3/8,x___xx,♩ sc sc,dg,desce por grau,rs1,"repete, sobe 1",9,58,0.1552
3/8,x___xx,♩ sc sc,dg,desce por grau,s2s2,"sobe 2, sobe 2",5,58,0.0862
3/8,x___xx,♩ sc sc,dg,desce por grau,rs2,"repete, sobe 2",4,58,0.069
3/8,x___xx,♩ sc sc,dg,desce por grau,s1d1,"sobe 1, desce 1",3,58,0.0517
3/8,x___xx,♩ sc sc,dg,desce por grau,s2s1,"sobe 2, sobe 1",3,58,0.0517
3/8,x___xx,♩ sc sc,dg,desce por grau,d2s1,"desce 2, sobe 1",3,58,0.0517
3/8,x___xx,♩ sc sc,dg,desce por grau,s1s1,"sobe 1, sobe 1",3,58,0.0517
3/8,x___xx,♩ sc sc,dg,desce por grau,s3r,"sobe 3, repete",2,58,0.0345
3/8,x___xx,♩ sc sc,dg,desce por grau,s2r,"sobe 2, repete",2,58,0.0345
3/8,x___xx,♩ sc sc,dg,desce por grau,d2d2,"desce 2, desce 2",2,58,0.0345
3/8,x___xx,♩ sc sc,dg,desce por grau,d2s2,"desce 2, sobe 2",2,58,0.0345
3/8,x___xx,♩ sc sc,dg,desce por grau,d1s2,"desce 1, sobe 2",2,58,0.0345
3/8,x_x_xx,♪ ♪ sc sc,sg,sobe por grau,rrd1,"repete, repete, desce 1",4,50,0.08
3/8,x_x_xx,♪ ♪ sc sc,sg,sobe por grau,rd1r,"repete, desce 1, repete",4,50,0.08
3/8,x_x_xx,♪ ♪ sc sc,sg,sobe por grau,d4s2d1,"desce 4, sobe 2, desce 1",3,50,0.06
3/8,x_x_xx,♪ ♪ sc sc,sg,sobe por grau,rd1d2,"repete, desce 1, desce 2",3,50,0.06
3/8,x_x_xx,♪ ♪ sc sc,sg,sobe por grau,s2rd2,"sobe 2, repete, desce 2",2,50,0.04
3/8,x_x_xx,♪ ♪ sc sc,sg,sobe por grau,rs1r,"repete, sobe 1, repete",2,50,0.04
3/8,x_x_xx,♪ ♪ sc sc,sg,sobe por grau,rd2s2,"repete, desce 2, sobe 2",2,50,0.04
3/8,x_x_xx,♪ ♪ sc sc,sg,sobe por grau,rd2s1,"repete, desce 2, sobe 1",2,50,0.04
3/8,x_x_xx,♪ ♪ sc sc,sg,sobe por grau,d2rs5,"desce 2, repete, sobe 5",2,50,0.04
3/8,x_x_xx,♪ ♪ sc sc,sg,sobe por grau,rs1s1,"repete, sobe 1, sobe 1",2,50,0.04
3/8,x_x_xx,♪ ♪ sc sc,sg,sobe por grau,d2s3d1,"desce 2, sobe 3, desce 1",2,50,0.04
3/8,x_x_xx,♪ ♪ sc sc,sg,sobe por grau,rd1d1,"repete, desce 1, desce 1",2,50,0.04
3/8,xxxxxx,sc sc sc sc sc sc,r,repete,rrrrs2,"repete, repete, repete, repete, sobe 2",3,13,0.2308
3/8,xxxxxx,sc sc sc sc sc sc,r,repete,d1d1d1s1s1,"desce 1, desce 1, desce 1, sobe 1, sobe 1",2,13,0.1538
3/8,xxxxxx,sc sc sc sc sc sc,r,repete,d1rd1s1s2,"desce 1, repete, desce 1, sobe 1, sobe 2",2,13,0.1538
3/8,xxxxxx,sc sc sc sc sc sc,r,repete,d5rs5rd5,"desce 5, repete, sobe 5, repete, desce 5",2,13,0.1538
3/8,x_x_xx,♪ ♪ sc sc,dg,desce por grau,rd1r,"repete, desce 1, repete",6,40,0.15
3/8,x_x_xx,♪ ♪ sc sc,dg,desce por grau,rd2s2,"repete, desce 2, sobe 2",4,40,0.1
3/8,x_x_xx,♪ ♪ sc sc,dg,desce por grau,d2d1s1,"desce 2, desce 1, sobe 1",3,40,0.075
3/8,x_x_xx,♪ ♪ sc sc,dg,desce por grau,s5d1d1,"sobe 5, desce 1, desce 1",3,40,0.075
3/8,x_x_xx,♪ ♪ sc sc,dg,desce por grau,rs1d1,"repete, sobe 1, desce 1",3,40,0.075
3/8,x_x_xx,♪ ♪ sc sc,dg,desce por grau,d2d2r,"desce 2, desce 2, repete",2,40,0.05
3/8,x_x_xx,♪ ♪ sc sc,dg,desce por grau,d2s2r,"desce 2, sobe 2, repete",2,40,0.05
3/8,x_x_xx,♪ ♪ sc sc,dg,desce por grau,rrd1,"repete, repete, desce 1",2,40,0.05
3/8,x_x_xx,♪ ♪ sc sc,dg,desce por grau,rrr,"repete, repete, repete",2,40,0.05
3/8,x_x_xx,♪ ♪ sc sc,dg,desce por grau,d2s1s1,"desce 2, sobe 1, sobe 1",2,40,0.05
3/8,x_..x_,♪ pausa ♪ ♪,ds,desce por salto,r,repete,9,13,0.6923
3/8,x_..x_,♪ pausa ♪ ♪,ds,desce por salto,s2,sobe 2,2,13,0.1538
3/8,x_..x_,♪ pausa ♪ ♪,sg,sobe por grau,r,repete,9,19,0.4737
3/8,x_..x_,♪ pausa ♪ ♪,sg,sobe por grau,s2,sobe 2,3,19,0.1579
3/8,x_..x_,♪ pausa ♪ ♪,sg,sobe por grau,d2,desce 2,3,19,0.1579
3/8,x_..x_,♪ pausa ♪ ♪,sg,sobe por grau,d3,desce 3,2,19,0.1053
3/8,x_xxx_,♪ sc sc ♪,sg,sobe por grau,rs1d1,"repete, sobe 1, desce 1",6,19,0.3158
3/8,x_xxx_,♪ sc sc ♪,sg,sobe por grau,s2d2d2,"sobe 2, desce 2, desce 2",4,19,0.2105
3/8,x_xxx_,♪ sc sc ♪,sg,sobe por grau,rrr,"repete, repete, repete",2,19,0.1053
3/8,xxx_x_,sc sc ♪ ♪,ss,sobe por salto,d1d1d1,"desce 1, desce 1, desce 1",6,27,0.2222
3/8,xxx_x_,sc sc ♪ ♪,ss,sobe por salto,d1rd2,"desce 1, repete, desce 2",6,27,0.2222
3/8,xxx_x_,sc sc ♪ ♪,ss,sobe por salto,rrr,"repete, repete, repete",2,27,0.0741
3/8,xxx_x_,sc sc ♪ ♪,ss,sobe por salto,s2s2r,"sobe 2, sobe 2, repete",2,27,0.0741
3/8,xxx_x_,sc sc ♪ ♪,ss,sobe por salto,s2s2d2,"sobe 2, sobe 2, desce 2",2,27,0.0741
3/8,x__xxx,♪. sc sc sc,ss,sobe por salto,s1d1d1,"sobe 1, desce 1, desce 1",6,25,0.24
3/8,x__xxx,♪. sc sc sc,ss,sobe por salto,d1s1s1,"desce 1, sobe 1, sobe 1",5,25,0.2
3/8,x__xxx,♪. sc sc sc,ss,sobe por salto,s1s1s1,"sobe 1, sobe 1, sobe 1",4,25,0.16
3/8,x__xxx,♪. sc sc sc,ss,sobe por salto,d2s2d2,"desce 2, sobe 2, desce 2",2,25,0.08
3/8,x__xxx,♪. sc sc sc,ss,sobe por salto,d2s4d2,"desce 2, sobe 4, desce 2",2,25,0.08
3/8,x__xxx,♪. sc sc sc,ss,sobe por salto,d1d1d1,"desce 1, desce 1, desce 1",2,25,0.08
3/8,x_..x_,♪ pausa ♪ ♪,dg,desce por grau,s1,sobe 1,5,11,0.4545
3/8,x_..x_,♪ pausa ♪ ♪,dg,desce por grau,r,repete,3,11,0.2727
3/8,x_..x_,♪ pausa ♪ ♪,dg,desce por grau,s2,sobe 2,3,11,0.2727
3/8,x__xx_,♪. sc ♪,0,—,rr,"repete, repete",6,21,0.2857
3/8,x__xx_,♪. sc ♪,0,—,d1s1,"desce 1, sobe 1",6,21,0.2857
3/8,x__xx_,♪. sc ♪,0,—,d1d1,"desce 1, desce 1",4,21,0.1905
3/8,x__xx_,♪. sc ♪,0,—,s1d1,"sobe 1, desce 1",3,21,0.1429
3/8,x__xxx,♪. sc sc sc,r,repete,d1d2s2,"desce 1, desce 2, sobe 2",4,17,0.2353
3/8,x__xxx,♪. sc sc sc,r,repete,rrr,"repete, repete, repete",3,17,0.1765
3/8,x_xxx_,♪ sc sc ♪,ds,desce por salto,rs1s1,"repete, sobe 1, sobe 1",3,16,0.1875
3/8,x_xxx_,♪ sc sc ♪,ds,desce por salto,rs1d1,"repete, sobe 1, desce 1",3,16,0.1875
3/8,x_xxx_,♪ sc sc ♪,ds,desce por salto,rd1d1,"repete, desce 1, desce 1",3,16,0.1875
3/8,x_xxx_,♪ sc sc ♪,ds,desce por salto,d1d1d1,"desce 1, desce 1, desce 1",2,16,0.125
3/8,x_xxx_,♪ sc sc ♪,ds,desce por salto,rs2d2,"repete, sobe 2, desce 2",2,16,0.125
3/8,x__xxx,♪. sc sc sc,sg,sobe por grau,s1d1d1,"sobe 1, desce 1, desce 1",7,32,0.2188
3/8,x__xxx,♪. sc sc sc,sg,sobe por grau,d1s1s1,"desce 1, sobe 1, sobe 1",5,32,0.1563
3/8,x__xxx,♪. sc sc sc,sg,sobe por grau,s2d1d1,"sobe 2, desce 1, desce 1",5,32,0.1563
3/8,x__xxx,♪. sc sc sc,sg,sobe por grau,d1s2s2,"desce 1, sobe 2, sobe 2",2,32,0.0625
3/8,x__xxx,♪. sc sc sc,sg,sobe por grau,d1s2d1,"desce 1, sobe 2, desce 1",2,32,0.0625
3/8,x__xxx,♪. sc sc sc,sg,sobe por grau,d1s2d2,"desce 1, sobe 2, desce 2",2,32,0.0625
3/8,x_x__x,♪ ♪. sc,ds,desce por salto,s3d1,"sobe 3, desce 1",3,14,0.2143
3/8,x_x__x,♪ ♪. sc,ds,desce por salto,d1d1,"desce 1, desce 1",3,14,0.2143
3/8,x_x__x,♪ ♪. sc,ds,desce por salto,rd1,"repete, desce 1",2,14,0.1429
3/8,x_x__x,♪ ♪. sc,sg,sobe por grau,s3d1,"sobe 3, desce 1",3,11,0.2727
3/8,x_x__x,♪ ♪. sc,sg,sobe por grau,rd2,"repete, desce 2",2,11,0.1818
3/8,x___x_,♩ ♪,0,—,d2,desce 2,4,12,0.3333
3/8,x___x_,♩ ♪,0,—,r,repete,3,12,0.25
3/8,x___x_,♩ ♪,0,—,d1,desce 1,2,12,0.1667
3/8,x___x_,♩ ♪,0,—,d3,desce 3,2,12,0.1667
3/8,x_x_..,♪ ♪ pausa ♪,dg,desce por grau,d1,desce 1,5,11,0.4545
3/8,x_x_..,♪ ♪ pausa ♪,dg,desce por grau,d2,desce 2,5,11,0.4545
3/8,x_x_..,♪ ♪ pausa ♪,sg,sobe por grau,d1,desce 1,8,15,0.5333
3/8,x_x_..,♪ ♪ pausa ♪,sg,sobe por grau,d2,desce 2,4,15,0.2667
3/8,x_x_..,♪ ♪ pausa ♪,sg,sobe por grau,d3,desce 3,2,15,0.1333
3/8,xxx__x,sc sc ♪. sc,r,repete,d1rs2,"desce 1, repete, sobe 2",3,11,0.2727
3/8,xxx__x,sc sc ♪. sc,r,repete,s2d2d1,"sobe 2, desce 2, desce 1",3,11,0.2727
3/8,xxx__x,sc sc ♪. sc,r,repete,d1rr,"desce 1, repete, repete",2,11,0.1818
6/8,x_x_x_,♪ ♪ ♪,r,repete,s1s1,"sobe 1, sobe 1",887,5373,0.1651
6/8,x_x_x_,♪ ♪ ♪,r,repete,d1d1,"desce 1, desce 1",743,5373,0.1383
6/8,x_x_x_,♪ ♪ ♪,r,repete,d1s1,"desce 1, sobe 1",612,5373,0.1139
6/8,x_x_x_,♪ ♪ ♪,r,repete,s1d1,"sobe 1, desce 1",330,5373,0.0614
6/8,x_x_x_,♪ ♪ ♪,r,repete,d2s2,"desce 2, sobe 2",278,5373,0.0517
6/8,x_x_x_,♪ ♪ ♪,r,repete,s2s2,"sobe 2, sobe 2",248,5373,0.0462
6/8,x_x_x_,♪ ♪ ♪,r,repete,d1r,"desce 1, repete",242,5373,0.045
6/8,x_x_x_,♪ ♪ ♪,r,repete,d1d2,"desce 1, desce 2",241,5373,0.0449
6/8,x_x_x_,♪ ♪ ♪,r,repete,d2d2,"desce 2, desce 2",206,5373,0.0383
6/8,x_x_x_,♪ ♪ ♪,r,repete,s2d2,"sobe 2, desce 2",157,5373,0.0292
6/8,x_x_x_,♪ ♪ ♪,r,repete,s3r,"sobe 3, repete",143,5373,0.0266
6/8,x_x_x_,♪ ♪ ♪,r,repete,rr,"repete, repete",140,5373,0.0261
6/8,x_x_x_,♪ ♪ ♪,r,repete,s1s2,"sobe 1, sobe 2",107,5373,0.0199
6/8,x_x_x_,♪ ♪ ♪,r,repete,s1d2,"sobe 1, desce 2",85,5373,0.0158
6/8,x_x_x_,♪ ♪ ♪,r,repete,d2d1,"desce 2, desce 1",83,5373,0.0154
6/8,x_x_x_,♪ ♪ ♪,r,repete,d3d2,"desce 3, desce 2",58,5373,0.0108
6/8,x_x_x_,♪ ♪ ♪,r,repete,d3s3,"desce 3, sobe 3",57,5373,0.0106
6/8,x_x_x_,♪ ♪ ♪,r,repete,s5d1,"sobe 5, desce 1",43,5373,0.008
6/8,x_x_x_,♪ ♪ ♪,r,repete,s3d1,"sobe 3, desce 1",43,5373,0.008
6/8,x_x_x_,♪ ♪ ♪,r,repete,s2r,"sobe 2, repete",41,5373,0.0076
6/8,x_x_x_,♪ ♪ ♪,r,repete,s2s1,"sobe 2, sobe 1",38,5373,0.0071
6/8,x_x_x_,♪ ♪ ♪,r,repete,rs1,"repete, sobe 1",37,5373,0.0069
6/8,x_x_x_,♪ ♪ ♪,r,repete,s1r,"sobe 1, repete",35,5373,0.0065
6/8,x_x_x_,♪ ♪ ♪,r,repete,d2s1,"desce 2, sobe 1",33,5373,0.0061
6/8,x_x_x_,♪ ♪ ♪,r,repete,d2r,"desce 2, repete",33,5373,0.0061
6/8,x_x_x_,♪ ♪ ♪,r,repete,s3s2,"sobe 3, sobe 2",30,5373,0.0056
6/8,x_x_x_,♪ ♪ ♪,r,repete,s3d3,"sobe 3, desce 3",29,5373,0.0054
6/8,x_x_x_,♪ ♪ ♪,r,repete,rd1,"repete, desce 1",27,5373,0.005
6/8,x_x_x_,♪ ♪ ♪,r,repete,s5d2,"sobe 5, desce 2",26,5373,0.0048
6/8,x_x_x_,♪ ♪ ♪,r,repete,s3d2,"sobe 3, desce 2",21,5373,0.0039
6/8,x_x_x_,♪ ♪ ♪,r,repete,s2d1,"sobe 2, desce 1",21,5373,0.0039
6/8,x_x_x_,♪ ♪ ♪,r,repete,s5r,"sobe 5, repete",20,5373,0.0037
6/8,x_x_x_,♪ ♪ ♪,r,repete,s3s1,"sobe 3, sobe 1",17,5373,0.0032
6/8,x_x_x_,♪ ♪ ♪,r,repete,d1s2,"desce 1, sobe 2",17,5373,0.0032
6/8,x_x_x_,♪ ♪ ♪,r,repete,rs2,"repete, sobe 2",14,5373,0.0026
6/8,x_x_x_,♪ ♪ ♪,r,repete,d3s1,"desce 3, sobe 1",14,5373,0.0026
6/8,x_x_x_,♪ ♪ ♪,r,repete,d3r,"desce 3, repete",13,5373,0.0024
6/8,x_x_x_,♪ ♪ ♪,r,repete,d3d1,"desce 3, desce 1",12,5373,0.0022
6/8,x_x_x_,♪ ♪ ♪,r,repete,s4r,"sobe 4, repete",12,5373,0.0022
6/8,x_x_x_,♪ ♪ ♪,r,repete,s5s1,"sobe 5, sobe 1",12,5373,0.0022
6/8,x_x_x_,♪ ♪ ♪,r,repete,s5d5,"sobe 5, desce 5",11,5373,0.002
6/8,x_x_x_,♪ ♪ ♪,r,repete,d2s5,"desce 2, sobe 5",10,5373,0.0019
6/8,x_x_x_,♪ ♪ ♪,r,repete,d5r,"desce 5, repete",9,5373,0.0017
6/8,x_x_x_,♪ ♪ ♪,r,repete,rs3,"repete, sobe 3",9,5373,0.0017
6/8,x_x_x_,♪ ♪ ♪,r,repete,s2s3,"sobe 2, sobe 3",8,5373,0.0015
6/8,x_x_x_,♪ ♪ ♪,r,repete,rs5,"repete, sobe 5",7,5373,0.0013
6/8,x_x_x_,♪ ♪ ♪,r,repete,rd2,"repete, desce 2",7,5373,0.0013
6/8,x_x_x_,♪ ♪ ♪,r,repete,s4d2,"sobe 4, desce 2",7,5373,0.0013
6/8,x_x_x_,♪ ♪ ♪,r,repete,s3d5,"sobe 3, desce 5",7,5373,0.0013
6/8,x_x_x_,♪ ♪ ♪,r,repete,d3s2,"desce 3, sobe 2",6,5373,0.0011
6/8,x_x_x_,♪ ♪ ♪,r,repete,d2s3,"desce 2, sobe 3",6,5373,0.0011
6/8,x_x_x_,♪ ♪ ♪,r,repete,s4d1,"sobe 4, desce 1",6,5373,0.0011
6/8,x_x_x_,♪ ♪ ♪,r,repete,d4r,"desce 4, repete",6,5373,0.0011
6/8,x_x_x_,♪ ♪ ♪,r,repete,d5s5,"desce 5, sobe 5",6,5373,0.0011
6/8,x_x_x_,♪ ♪ ♪,r,repete,d1d4,"desce 1, desce 4",5,5373,0.0009
6/8,x_x_x_,♪ ♪ ♪,r,repete,s5d3,"sobe 5, desce 3",4,5373,0.0007
6/8,x_x_x_,♪ ♪ ♪,r,repete,s2d4,"sobe 2, desce 4",4,5373,0.0007
6/8,x_x_x_,♪ ♪ ♪,r,repete,s2d3,"sobe 2, desce 3",4,5373,0.0007
6/8,x_x_x_,♪ ♪ ♪,r,repete,rd4,"repete, desce 4",4,5373,0.0007
6/8,x_x_x_,♪ ♪ ♪,r,repete,d1s3,"desce 1, sobe 3",4,5373,0.0007
6/8,x_x_x_,♪ ♪ ♪,r,repete,s1d3,"sobe 1, desce 3",4,5373,0.0007
6/8,x_x_x_,♪ ♪ ♪,r,repete,d4s4,"desce 4, sobe 4",3,5373,0.0006
6/8,x_x_x_,♪ ♪ ♪,r,repete,d3s5,"desce 3, sobe 5",3,5373,0.0006
6/8,x_x_x_,♪ ♪ ♪,r,repete,s2s5,"sobe 2, sobe 5",3,5373,0.0006
6/8,x_x_x_,♪ ♪ ♪,r,repete,d5d2,"desce 5, desce 2",3,5373,0.0006
6/8,x_x_x_,♪ ♪ ♪,r,repete,s1s5,"sobe 1, sobe 5",2,5373,0.0004
6/8,x_x_x_,♪ ♪ ♪,r,repete,s4s1,"sobe 4, sobe 1",2,5373,0.0004
6/8,x_x_x_,♪ ♪ ♪,r,repete,d5s2,"desce 5, sobe 2",2,5373,0.0004
6/8,x___x_,♩ ♪,r,repete,r,repete,610,3213,0.1899
6/8,x___x_,♩ ♪,r,repete,d1,desce 1,517,3213,0.1609
6/8,x___x_,♩ ♪,r,repete,s1,sobe 1,431,3213,0.1341
6/8,x___x_,♩ ♪,r,repete,s2,sobe 2,384,3213,0.1195
6/8,x___x_,♩ ♪,r,repete,s5,sobe 5,368,3213,0.1145
6/8,x___x_,♩ ♪,r,repete,s3,sobe 3,287,3213,0.0893
6/8,x___x_,♩ ♪,r,repete,d2,desce 2,234,3213,0.0728
6/8,x___x_,♩ ♪,r,repete,s4,sobe 4,182,3213,0.0566
6/8,x___x_,♩ ♪,r,repete,d3,desce 3,123,3213,0.0383
6/8,x___x_,♩ ♪,r,repete,d4,desce 4,48,3213,0.0149
6/8,x___x_,♩ ♪,r,repete,d5,desce 5,29,3213,0.009
6/8,x_x_x_,♪ ♪ ♪,dg,desce por grau,d1d1,"desce 1, desce 1",1509,7129,0.2117
6/8,x_x_x_,♪ ♪ ♪,dg,desce por grau,d2d2,"desce 2, desce 2",788,7129,0.1105
6/8,x_x_x_,♪ ♪ ♪,dg,desce por grau,s1s1,"sobe 1, sobe 1",636,7129,0.0892
6/8,x_x_x_,♪ ♪ ♪,dg,desce por grau,d1s1,"desce 1, sobe 1",616,7129,0.0864
6/8,x_x_x_,♪ ♪ ♪,dg,desce por grau,d2s2,"desce 2, sobe 2",548,7129,0.0769
6/8,x_x_x_,♪ ♪ ♪,dg,desce por grau,d2r,"desce 2, repete",388,7129,0.0544
6/8,x_x_x_,♪ ♪ ♪,dg,desce por grau,s1d1,"sobe 1, desce 1",314,7129,0.044
6/8,x_x_x_,♪ ♪ ♪,dg,desce por grau,d2d1,"desce 2, desce 1",308,7129,0.0432
6/8,x_x_x_,♪ ♪ ♪,dg,desce por grau,s2d2,"sobe 2, desce 2",222,7129,0.0311
6/8,x_x_x_,♪ ♪ ♪,dg,desce por grau,s1d2,"sobe 1, desce 2",189,7129,0.0265
6/8,x_x_x_,♪ ♪ ♪,dg,desce por grau,d1d2,"desce 1, desce 2",157,7129,0.022
6/8,x_x_x_,♪ ♪ ♪,dg,desce por grau,s2r,"sobe 2, repete",134,7129,0.0188
6/8,x_x_x_,♪ ♪ ♪,dg,desce por grau,rr,"repete, repete",120,7129,0.0168
6/8,x_x_x_,♪ ♪ ♪,dg,desce por grau,s2s2,"sobe 2, sobe 2",92,7129,0.0129
6/8,x_x_x_,♪ ♪ ♪,dg,desce por grau,d2s1,"desce 2, sobe 1",77,7129,0.0108
6/8,x_x_x_,♪ ♪ ♪,dg,desce por grau,s1s2,"sobe 1, sobe 2",77,7129,0.0108
6/8,x_x_x_,♪ ♪ ♪,dg,desce por grau,s2d1,"sobe 2, desce 1",74,7129,0.0104
6/8,x_x_x_,♪ ♪ ♪,dg,desce por grau,s2s3,"sobe 2, sobe 3",69,7129,0.0097
6/8,x_x_x_,♪ ♪ ♪,dg,desce por grau,d1r,"desce 1, repete",60,7129,0.0084
6/8,x_x_x_,♪ ♪ ♪,dg,desce por grau,rd1,"repete, desce 1",54,7129,0.0076
6/8,x_x_x_,♪ ♪ ♪,dg,desce por grau,d2s3,"desce 2, sobe 3",49,7129,0.0069
6/8,x_x_x_,♪ ♪ ♪,dg,desce por grau,s3r,"sobe 3, repete",44,7129,0.0062
6/8,x_x_x_,♪ ♪ ♪,dg,desce por grau,d2s5,"desce 2, sobe 5",42,7129,0.0059
6/8,x_x_x_,♪ ♪ ♪,dg,desce por grau,s3d1,"sobe 3, desce 1",34,7129,0.0048
6/8,x_x_x_,♪ ♪ ♪,dg,desce por grau,s5d1,"sobe 5, desce 1",29,7129,0.0041
6/8,x_x_x_,♪ ♪ ♪,dg,desce por grau,d3d2,"desce 3, desce 2",29,7129,0.0041
6/8,x_x_x_,♪ ♪ ♪,dg,desce por grau,d4r,"desce 4, repete",29,7129,0.0041
6/8,x_x_x_,♪ ♪ ♪,dg,desce por grau,s2d4,"sobe 2, desce 4",26,7129,0.0036
6/8,x_x_x_,♪ ♪ ♪,dg,desce por grau,s5d5,"sobe 5, desce 5",26,7129,0.0036
6/8,x_x_x_,♪ ♪ ♪,dg,desce por grau,d1s2,"desce 1, sobe 2",25,7129,0.0035
6/8,x_x_x_,♪ ♪ ♪,dg,desce por grau,rs1,"repete, sobe 1",24,7129,0.0034
6/8,x_x_x_,♪ ♪ ♪,dg,desce por grau,d1s3,"desce 1, sobe 3",22,7129,0.0031
6/8,x_x_x_,♪ ♪ ♪,dg,desce por grau,s3d2,"sobe 3, desce 2",20,7129,0.0028
6/8,x_x_x_,♪ ♪ ♪,dg,desce por grau,s2s1,"sobe 2, sobe 1",18,7129,0.0025
6/8,x_x_x_,♪ ♪ ♪,dg,desce por grau,s3d5,"sobe 3, desce 5",17,7129,0.0024
6/8,x_x_x_,♪ ♪ ♪,dg,desce por grau,d3s3,"desce 3, sobe 3",15,7129,0.0021
6/8,x_x_x_,♪ ♪ ♪,dg,desce por grau,rs2,"repete, sobe 2",14,7129,0.002
6/8,x_x_x_,♪ ♪ ♪,dg,desce por grau,s1r,"sobe 1, repete",14,7129,0.002
6/8,x_x_x_,♪ ♪ ♪,dg,desce por grau,s1d3,"sobe 1, desce 3",14,7129,0.002
6/8,x_x_x_,♪ ♪ ♪,dg,desce por grau,rd2,"repete, desce 2",13,7129,0.0018
6/8,x_x_x_,♪ ♪ ♪,dg,desce por grau,s5r,"sobe 5, repete",13,7129,0.0018
6/8,x_x_x_,♪ ♪ ♪,dg,desce por grau,s4d1,"sobe 4, desce 1",11,7129,0.0015
6/8,x_x_x_,♪ ♪ ♪,dg,desce por grau,s3s2,"sobe 3, sobe 2",10,7129,0.0014
6/8,x_x_x_,♪ ♪ ♪,dg,desce por grau,d1s5,"desce 1, sobe 5",10,7129,0.0014
6/8,x_x_x_,♪ ♪ ♪,dg,desce por grau,d5r,"desce 5, repete",10,7129,0.0014
6/8,x_x_x_,♪ ♪ ♪,dg,desce por grau,d2d3,"desce 2, desce 3",9,7129,0.0013
6/8,x_x_x_,♪ ♪ ♪,dg,desce por grau,s3s1,"sobe 3, sobe 1",9,7129,0.0013
6/8,x_x_x_,♪ ♪ ♪,dg,desce por grau,d2s4,"desce 2, sobe 4",8,7129,0.0011
6/8,x_x_x_,♪ ♪ ♪,dg,desce por grau,s3d3,"sobe 3, desce 3",8,7129,0.0011
6/8,x_x_x_,♪ ♪ ♪,dg,desce por grau,s4d2,"sobe 4, desce 2",8,7129,0.0011
6/8,x_x_x_,♪ ♪ ♪,dg,desce por grau,d3r,"desce 3, repete",7,7129,0.001
6/8,x_x_x_,♪ ♪ ♪,dg,desce por grau,d3s1,"desce 3, sobe 1",7,7129,0.001
6/8,x_x_x_,♪ ♪ ♪,dg,desce por grau,rs3,"repete, sobe 3",7,7129,0.001
6/8,x_x_x_,♪ ♪ ♪,dg,desce por grau,s2d5,"sobe 2, desce 5",6,7129,0.0008
6/8,x_x_x_,♪ ♪ ♪,dg,desce por grau,rs5,"repete, sobe 5",5,7129,0.0007
6/8,x_x_x_,♪ ♪ ♪,dg,desce por grau,s5d2,"sobe 5, desce 2",5,7129,0.0007
6/8,x_x_x_,♪ ♪ ♪,dg,desce por grau,d3d1,"desce 3, desce 1",5,7129,0.0007
6/8,x_x_x_,♪ ♪ ♪,dg,desce por grau,rd3,"repete, desce 3",5,7129,0.0007
6/8,x_x_x_,♪ ♪ ♪,dg,desce por grau,s4r,"sobe 4, repete",5,7129,0.0007
6/8,x_x_x_,♪ ♪ ♪,dg,desce por grau,d4s2,"desce 4, sobe 2",4,7129,0.0006
6/8,x_x_x_,♪ ♪ ♪,dg,desce por grau,d4s1,"desce 4, sobe 1",4,7129,0.0006
6/8,x_x_x_,♪ ♪ ♪,dg,desce por grau,s5s2,"sobe 5, sobe 2",4,7129,0.0006
6/8,x_x_x_,♪ ♪ ♪,dg,desce por grau,d1d3,"desce 1, desce 3",4,7129,0.0006
6/8,x_x_x_,♪ ♪ ♪,dg,desce por grau,rd5,"repete, desce 5",4,7129,0.0006
6/8,x_x_x_,♪ ♪ ♪,dg,desce por grau,s5d3,"sobe 5, desce 3",3,7129,0.0004
6/8,x_x_x_,♪ ♪ ♪,dg,desce por grau,s1s4,"sobe 1, sobe 4",3,7129,0.0004
6/8,x_x_x_,♪ ♪ ♪,dg,desce por grau,s4d4,"sobe 4, desce 4",2,7129,0.0003
6/8,x_x_x_,♪ ♪ ♪,dg,desce por grau,rs4,"repete, sobe 4",2,7129,0.0003
6/8,x_x_x_,♪ ♪ ♪,dg,desce por grau,s1d4,"sobe 1, desce 4",2,7129,0.0003
6/8,x_x_x_,♪ ♪ ♪,dg,desce por grau,s5s1,"sobe 5, sobe 1",2,7129,0.0003
6/8,x_x_x_,♪ ♪ ♪,dg,desce por grau,d3s2,"desce 3, sobe 2",2,7129,0.0003
6/8,x_x_x_,♪ ♪ ♪,sg,sobe por grau,d1d1,"desce 1, desce 1",1107,6957,0.1591
6/8,x_x_x_,♪ ♪ ♪,sg,sobe por grau,d2d2,"desce 2, desce 2",980,6957,0.1409
6/8,x_x_x_,♪ ♪ ♪,sg,sobe por grau,s1s1,"sobe 1, sobe 1",785,6957,0.1128
6/8,x_x_x_,♪ ♪ ♪,sg,sobe por grau,d1s1,"desce 1, sobe 1",683,6957,0.0982
6/8,x_x_x_,♪ ♪ ♪,sg,sobe por grau,s1d1,"sobe 1, desce 1",516,6957,0.0742
6/8,x_x_x_,♪ ♪ ♪,sg,sobe por grau,d2r,"desce 2, repete",424,6957,0.0609
6/8,x_x_x_,♪ ♪ ♪,sg,sobe por grau,s2d2,"sobe 2, desce 2",256,6957,0.0368
6/8,x_x_x_,♪ ♪ ♪,sg,sobe por grau,d1d2,"desce 1, desce 2",231,6957,0.0332
6/8,x_x_x_,♪ ♪ ♪,sg,sobe por grau,d2s2,"desce 2, sobe 2",207,6957,0.0298
6/8,x_x_x_,♪ ♪ ♪,sg,sobe por grau,rr,"repete, repete",188,6957,0.027
6/8,x_x_x_,♪ ♪ ♪,sg,sobe por grau,d1r,"desce 1, repete",145,6957,0.0208
6/8,x_x_x_,♪ ♪ ♪,sg,sobe por grau,d3d2,"desce 3, desce 2",138,6957,0.0198
6/8,x_x_x_,♪ ♪ ♪,sg,sobe por grau,s1d2,"sobe 1, desce 2",99,6957,0.0142
6/8,x_x_x_,♪ ♪ ♪,sg,sobe por grau,s3r,"sobe 3, repete",88,6957,0.0126
6/8,x_x_x_,♪ ♪ ♪,sg,sobe por grau,d2d1,"desce 2, desce 1",82,6957,0.0118
6/8,x_x_x_,♪ ♪ ♪,sg,sobe por grau,rd1,"repete, desce 1",69,6957,0.0099
6/8,x_x_x_,♪ ♪ ♪,sg,sobe por grau,s2d1,"sobe 2, desce 1",65,6957,0.0093
6/8,x_x_x_,♪ ♪ ♪,sg,sobe por grau,s2r,"sobe 2, repete",64,6957,0.0092
6/8,x_x_x_,♪ ♪ ♪,sg,sobe por grau,d2s1,"desce 2, sobe 1",62,6957,0.0089
6/8,x_x_x_,♪ ♪ ♪,sg,sobe por grau,s3d1,"sobe 3, desce 1",58,6957,0.0083
6/8,x_x_x_,♪ ♪ ♪,sg,sobe por grau,d2s3,"desce 2, sobe 3",56,6957,0.008
6/8,x_x_x_,♪ ♪ ♪,sg,sobe por grau,d4r,"desce 4, repete",48,6957,0.0069
6/8,x_x_x_,♪ ♪ ♪,sg,sobe por grau,s1s2,"sobe 1, sobe 2",47,6957,0.0068
6/8,x_x_x_,♪ ♪ ♪,sg,sobe por grau,d3d1,"desce 3, desce 1",37,6957,0.0053
6/8,x_x_x_,♪ ♪ ♪,sg,sobe por grau,rs1,"repete, sobe 1",33,6957,0.0047
6/8,x_x_x_,♪ ♪ ♪,sg,sobe por grau,s5d1,"sobe 5, desce 1",32,6957,0.0046
6/8,x_x_x_,♪ ♪ ♪,sg,sobe por grau,s3d2,"sobe 3, desce 2",27,6957,0.0039
6/8,x_x_x_,♪ ♪ ♪,sg,sobe por grau,s1r,"sobe 1, repete",25,6957,0.0036
6/8,x_x_x_,♪ ♪ ♪,sg,sobe por grau,d5r,"desce 5, repete",24,6957,0.0034
6/8,x_x_x_,♪ ♪ ♪,sg,sobe por grau,s2s2,"sobe 2, sobe 2",23,6957,0.0033
6/8,x_x_x_,♪ ♪ ♪,sg,sobe por grau,s2s3,"sobe 2, sobe 3",22,6957,0.0032
6/8,x_x_x_,♪ ♪ ♪,sg,sobe por grau,d2d3,"desce 2, desce 3",21,6957,0.003
6/8,x_x_x_,♪ ♪ ♪,sg,sobe por grau,d3s1,"desce 3, sobe 1",21,6957,0.003
6/8,x_x_x_,♪ ♪ ♪,sg,sobe por grau,s2s1,"sobe 2, sobe 1",20,6957,0.0029
6/8,x_x_x_,♪ ♪ ♪,sg,sobe por grau,d2s5,"desce 2, sobe 5",18,6957,0.0026
6/8,x_x_x_,♪ ♪ ♪,sg,sobe por grau,d3r,"desce 3, repete",17,6957,0.0024
6/8,x_x_x_,♪ ♪ ♪,sg,sobe por grau,s2d3,"sobe 2, desce 3",14,6957,0.002
6/8,x_x_x_,♪ ♪ ♪,sg,sobe por grau,rd2,"repete, desce 2",13,6957,0.0019
6/8,x_x_x_,♪ ♪ ♪,sg,sobe por grau,s5d2,"sobe 5, desce 2",13,6957,0.0019
6/8,x_x_x_,♪ ♪ ♪,sg,sobe por grau,s1d3,"sobe 1, desce 3",12,6957,0.0017
6/8,x_x_x_,♪ ♪ ♪,sg,sobe por grau,s3d3,"sobe 3, desce 3",11,6957,0.0016
6/8,x_x_x_,♪ ♪ ♪,sg,sobe por grau,d1d3,"desce 1, desce 3",11,6957,0.0016
6/8,x_x_x_,♪ ♪ ♪,sg,sobe por grau,d1s2,"desce 1, sobe 2",11,6957,0.0016
6/8,x_x_x_,♪ ♪ ♪,sg,sobe por grau,s3s1,"sobe 3, sobe 1",11,6957,0.0016
6/8,x_x_x_,♪ ♪ ♪,sg,sobe por grau,d2s4,"desce 2, sobe 4",10,6957,0.0014
6/8,x_x_x_,♪ ♪ ♪,sg,sobe por grau,s5d5,"sobe 5, desce 5",9,6957,0.0013
6/8,x_x_x_,♪ ♪ ♪,sg,sobe por grau,rs2,"repete, sobe 2",8,6957,0.0011
6/8,x_x_x_,♪ ♪ ♪,sg,sobe por grau,d3s3,"desce 3, sobe 3",7,6957,0.001
6/8,x_x_x_,♪ ♪ ♪,sg,sobe por grau,s2d4,"sobe 2, desce 4",7,6957,0.001
6/8,x_x_x_,♪ ♪ ♪,sg,sobe por grau,d5s3,"desce 5, sobe 3",7,6957,0.001
6/8,x_x_x_,♪ ♪ ♪,sg,sobe por grau,d3s5,"desce 3, sobe 5",6,6957,0.0009
6/8,x_x_x_,♪ ♪ ♪,sg,sobe por grau,d3s2,"desce 3, sobe 2",5,6957,0.0007
6/8,x_x_x_,♪ ♪ ♪,sg,sobe por grau,d5s2,"desce 5, sobe 2",5,6957,0.0007
6/8,x_x_x_,♪ ♪ ♪,sg,sobe por grau,d1s4,"desce 1, sobe 4",4,6957,0.0006
6/8,x_x_x_,♪ ♪ ♪,sg,sobe por grau,d4s1,"desce 4, sobe 1",4,6957,0.0006
6/8,x_x_x_,♪ ♪ ♪,sg,sobe por grau,s4d1,"sobe 4, desce 1",4,6957,0.0006
6/8,x_x_x_,♪ ♪ ♪,sg,sobe por grau,s2d5,"sobe 2, desce 5",3,6957,0.0004
6/8,x_x_x_,♪ ♪ ♪,sg,sobe por grau,d5s1,"desce 5, sobe 1",3,6957,0.0004
6/8,x_x_x_,♪ ♪ ♪,sg,sobe por grau,s1d5,"sobe 1, desce 5",3,6957,0.0004
6/8,x_x_x_,♪ ♪ ♪,sg,sobe por grau,s3d5,"sobe 3, desce 5",3,6957,0.0004
6/8,x_x_x_,♪ ♪ ♪,sg,sobe por grau,d1d4,"desce 1, desce 4",3,6957,0.0004
6/8,x_x_x_,♪ ♪ ♪,sg,sobe por grau,rd3,"repete, desce 3",3,6957,0.0004
6/8,x_x_x_,♪ ♪ ♪,sg,sobe por grau,d4s5,"desce 4, sobe 5",3,6957,0.0004
6/8,x_x_x_,♪ ♪ ♪,sg,sobe por grau,d1s3,"desce 1, sobe 3",3,6957,0.0004
6/8,x_x_x_,♪ ♪ ♪,sg,sobe por grau,rs3,"repete, sobe 3",3,6957,0.0004
6/8,x_x_x_,♪ ♪ ♪,sg,sobe por grau,s3s2,"sobe 3, sobe 2",3,6957,0.0004
6/8,x_x_x_,♪ ♪ ♪,sg,sobe por grau,d4d1,"desce 4, desce 1",3,6957,0.0004
6/8,x_x_x_,♪ ♪ ♪,sg,sobe por grau,s4r,"sobe 4, repete",3,6957,0.0004
6/8,x_x_x_,♪ ♪ ♪,sg,sobe por grau,s5r,"sobe 5, repete",3,6957,0.0004
6/8,x_x_x_,♪ ♪ ♪,sg,sobe por grau,d5d2,"desce 5, desce 2",3,6957,0.0004
6/8,x_x_x_,♪ ♪ ♪,sg,sobe por grau,s1d4,"sobe 1, desce 4",2,6957,0.0003
6/8,x_x_x_,♪ ♪ ♪,sg,sobe por grau,s4d2,"sobe 4, desce 2",2,6957,0.0003
6/8,x_x_x_,♪ ♪ ♪,sg,sobe por grau,d2d4,"desce 2, desce 4",2,6957,0.0003
6/8,x_x_x_,♪ ♪ ♪,sg,sobe por grau,s5d3,"sobe 5, desce 3",2,6957,0.0003
6/8,x_x_x_,♪ ♪ ♪,sg,sobe por grau,d3s4,"desce 3, sobe 4",2,6957,0.0003
6/8,x_x_x_,♪ ♪ ♪,sg,sobe por grau,d1d5,"desce 1, desce 5",2,6957,0.0003
6/8,x_x_x_,♪ ♪ ♪,sg,sobe por grau,rd4,"repete, desce 4",2,6957,0.0003
6/8,x_x_x_,♪ ♪ ♪,sg,sobe por grau,d4s4,"desce 4, sobe 4",2,6957,0.0003
6/8,x___x_,♩ ♪,ds,desce por salto,r,repete,423,1848,0.2289
6/8,x___x_,♩ ♪,ds,desce por salto,s2,sobe 2,379,1848,0.2051
6/8,x___x_,♩ ♪,ds,desce por salto,d2,desce 2,228,1848,0.1234
6/8,x___x_,♩ ♪,ds,desce por salto,s1,sobe 1,200,1848,0.1082
6/8,x___x_,♩ ♪,ds,desce por salto,d1,desce 1,197,1848,0.1066
6/8,x___x_,♩ ♪,ds,desce por salto,s5,sobe 5,178,1848,0.0963
6/8,x___x_,♩ ♪,ds,desce por salto,s3,sobe 3,129,1848,0.0698
6/8,x___x_,♩ ♪,ds,desce por salto,s4,sobe 4,72,1848,0.039
6/8,x___x_,♩ ♪,ds,desce por salto,d3,desce 3,25,1848,0.0135
6/8,x___x_,♩ ♪,ds,desce por salto,d4,desce 4,12,1848,0.0065
6/8,x___x_,♩ ♪,ds,desce por salto,d5,desce 5,5,1848,0.0027
6/8,x___x_,♩ ♪,0,—,r,repete,62,166,0.3735
6/8,x___x_,♩ ♪,0,—,s2,sobe 2,26,166,0.1566
6/8,x___x_,♩ ♪,0,—,s1,sobe 1,19,166,0.1145
6/8,x___x_,♩ ♪,0,—,d1,desce 1,11,166,0.0663
6/8,x___x_,♩ ♪,0,—,d2,desce 2,10,166,0.0602
6/8,x___x_,♩ ♪,0,—,d3,desce 3,9,166,0.0542
6/8,x___x_,♩ ♪,0,—,s3,sobe 3,9,166,0.0542
6/8,x___x_,♩ ♪,0,—,s5,sobe 5,7,166,0.0422
6/8,x___x_,♩ ♪,0,—,s4,sobe 4,6,166,0.0361
6/8,x___x_,♩ ♪,0,—,d5,desce 5,5,166,0.0301
6/8,x___x_,♩ ♪,0,—,d4,desce 4,2,166,0.012
6/8,x_x_x_,♪ ♪ ♪,ss,sobe por salto,d1d1,"desce 1, desce 1",1030,5319,0.1936
6/8,x_x_x_,♪ ♪ ♪,ss,sobe por salto,d2d2,"desce 2, desce 2",558,5319,0.1049
6/8,x_x_x_,♪ ♪ ♪,ss,sobe por salto,s1s1,"sobe 1, sobe 1",553,5319,0.104
6/8,x_x_x_,♪ ♪ ♪,ss,sobe por salto,d1s1,"desce 1, sobe 1",417,5319,0.0784
6/8,x_x_x_,♪ ♪ ♪,ss,sobe por salto,s1d1,"sobe 1, desce 1",306,5319,0.0575
6/8,x_x_x_,♪ ♪ ♪,ss,sobe por salto,rr,"repete, repete",253,5319,0.0476
6/8,x_x_x_,♪ ♪ ♪,ss,sobe por salto,d2r,"desce 2, repete",245,5319,0.0461
6/8,x_x_x_,♪ ♪ ♪,ss,sobe por salto,d2s2,"desce 2, sobe 2",187,5319,0.0352
6/8,x_x_x_,♪ ♪ ♪,ss,sobe por salto,s2d2,"sobe 2, desce 2",168,5319,0.0316
6/8,x_x_x_,♪ ♪ ♪,ss,sobe por salto,d3d2,"desce 3, desce 2",163,5319,0.0306
6/8,x_x_x_,♪ ♪ ♪,ss,sobe por salto,d4r,"desce 4, repete",155,5319,0.0291
6/8,x_x_x_,♪ ♪ ♪,ss,sobe por salto,d1d2,"desce 1, desce 2",122,5319,0.0229
6/8,x_x_x_,♪ ♪ ♪,ss,sobe por salto,d1r,"desce 1, repete",113,5319,0.0212
6/8,x_x_x_,♪ ♪ ♪,ss,sobe por salto,d2d1,"desce 2, desce 1",101,5319,0.019
6/8,x_x_x_,♪ ♪ ♪,ss,sobe por salto,d5r,"desce 5, repete",91,5319,0.0171
6/8,x_x_x_,♪ ♪ ♪,ss,sobe por salto,s2r,"sobe 2, repete",89,5319,0.0167
6/8,x_x_x_,♪ ♪ ♪,ss,sobe por salto,s2s2,"sobe 2, sobe 2",86,5319,0.0162
6/8,x_x_x_,♪ ♪ ♪,ss,sobe por salto,s2d1,"sobe 2, desce 1",65,5319,0.0122
6/8,x_x_x_,♪ ♪ ♪,ss,sobe por salto,d3s3,"desce 3, sobe 3",41,5319,0.0077
6/8,x_x_x_,♪ ♪ ♪,ss,sobe por salto,rd1,"repete, desce 1",36,5319,0.0068
6/8,x_x_x_,♪ ♪ ♪,ss,sobe por salto,rs1,"repete, sobe 1",36,5319,0.0068
6/8,x_x_x_,♪ ♪ ♪,ss,sobe por salto,d3d1,"desce 3, desce 1",35,5319,0.0066
6/8,x_x_x_,♪ ♪ ♪,ss,sobe por salto,d3r,"desce 3, repete",31,5319,0.0058
6/8,x_x_x_,♪ ♪ ♪,ss,sobe por salto,s3r,"sobe 3, repete",29,5319,0.0055
6/8,x_x_x_,♪ ♪ ♪,ss,sobe por salto,s2s3,"sobe 2, sobe 3",24,5319,0.0045
6/8,x_x_x_,♪ ♪ ♪,ss,sobe por salto,s1s2,"sobe 1, sobe 2",24,5319,0.0045
6/8,x_x_x_,♪ ♪ ♪,ss,sobe por salto,rs2,"repete, sobe 2",22,5319,0.0041
6/8,x_x_x_,♪ ♪ ♪,ss,sobe por salto,s1d2,"sobe 1, desce 2",21,5319,0.0039
6/8,x_x_x_,♪ ♪ ♪,ss,sobe por salto,s2s1,"sobe 2, sobe 1",20,5319,0.0038
6/8,x_x_x_,♪ ♪ ♪,ss,sobe por salto,s3d1,"sobe 3, desce 1",20,5319,0.0038
6/8,x_x_x_,♪ ♪ ♪,ss,sobe por salto,s1r,"sobe 1, repete",20,5319,0.0038
6/8,x_x_x_,♪ ♪ ♪,ss,sobe por salto,d2s1,"desce 2, sobe 1",19,5319,0.0036
6/8,x_x_x_,♪ ♪ ♪,ss,sobe por salto,s2d4,"sobe 2, desce 4",15,5319,0.0028
6/8,x_x_x_,♪ ♪ ♪,ss,sobe por salto,rd3,"repete, desce 3",15,5319,0.0028
6/8,x_x_x_,♪ ♪ ♪,ss,sobe por salto,d5d2,"desce 5, desce 2",14,5319,0.0026
6/8,x_x_x_,♪ ♪ ♪,ss,sobe por salto,d2s3,"desce 2, sobe 3",14,5319,0.0026
6/8,x_x_x_,♪ ♪ ♪,ss,sobe por salto,rd2,"repete, desce 2",13,5319,0.0024
6/8,x_x_x_,♪ ♪ ♪,ss,sobe por salto,s2d5,"sobe 2, desce 5",13,5319,0.0024
6/8,x_x_x_,♪ ♪ ♪,ss,sobe por salto,s3d2,"sobe 3, desce 2",12,5319,0.0023
6/8,x_x_x_,♪ ♪ ♪,ss,sobe por salto,s3s2,"sobe 3, sobe 2",9,5319,0.0017
6/8,x_x_x_,♪ ♪ ♪,ss,sobe por salto,d2s5,"desce 2, sobe 5",8,5319,0.0015
6/8,x_x_x_,♪ ♪ ♪,ss,sobe por salto,d1s2,"desce 1, sobe 2",8,5319,0.0015
6/8,x_x_x_,♪ ♪ ♪,ss,sobe por salto,d2d3,"desce 2, desce 3",7,5319,0.0013
6/8,x_x_x_,♪ ♪ ♪,ss,sobe por salto,d2s4,"desce 2, sobe 4",7,5319,0.0013
6/8,x_x_x_,♪ ♪ ♪,ss,sobe por salto,d3s1,"desce 3, sobe 1",6,5319,0.0011
6/8,x_x_x_,♪ ♪ ♪,ss,sobe por salto,d5s2,"desce 5, sobe 2",6,5319,0.0011
6/8,x_x_x_,♪ ♪ ♪,ss,sobe por salto,d1s5,"desce 1, sobe 5",6,5319,0.0011
6/8,x_x_x_,♪ ♪ ♪,ss,sobe por salto,d4s1,"desce 4, sobe 1",5,5319,0.0009
6/8,x_x_x_,♪ ♪ ♪,ss,sobe por salto,rs3,"repete, sobe 3",5,5319,0.0009
6/8,x_x_x_,♪ ♪ ♪,ss,sobe por salto,rd5,"repete, desce 5",5,5319,0.0009
6/8,x_x_x_,♪ ♪ ♪,ss,sobe por salto,d1d4,"desce 1, desce 4",5,5319,0.0009
6/8,x_x_x_,♪ ♪ ♪,ss,sobe por salto,s3s1,"sobe 3, sobe 1",5,5319,0.0009
6/8,x_x_x_,♪ ♪ ♪,ss,sobe por salto,s1d3,"sobe 1, desce 3",5,5319,0.0009
6/8,x_x_x_,♪ ♪ ♪,ss,sobe por salto,d3s2,"desce 3, sobe 2",5,5319,0.0009
6/8,x_x_x_,♪ ♪ ♪,ss,sobe por salto,d4s2,"desce 4, sobe 2",5,5319,0.0009
6/8,x_x_x_,♪ ♪ ♪,ss,sobe por salto,s3d5,"sobe 3, desce 5",4,5319,0.0008
6/8,x_x_x_,♪ ♪ ♪,ss,sobe por salto,s5d1,"sobe 5, desce 1",4,5319,0.0008
6/8,x_x_x_,♪ ♪ ♪,ss,sobe por salto,d5s5,"desce 5, sobe 5",4,5319,0.0008
6/8,x_x_x_,♪ ♪ ♪,ss,sobe por salto,d3s5,"desce 3, sobe 5",4,5319,0.0008
6/8,x_x_x_,♪ ♪ ♪,ss,sobe por salto,d5s1,"desce 5, sobe 1",3,5319,0.0006
6/8,x_x_x_,♪ ♪ ♪,ss,sobe por salto,s4d2,"sobe 4, desce 2",3,5319,0.0006
6/8,x_x_x_,♪ ♪ ♪,ss,sobe por salto,d3d4,"desce 3, desce 4",3,5319,0.0006
6/8,x_x_x_,♪ ♪ ♪,ss,sobe por salto,d1d3,"desce 1, desce 3",2,5319,0.0004
6/8,x_x_x_,♪ ♪ ♪,ss,sobe por salto,s3d3,"sobe 3, desce 3",2,5319,0.0004
6/8,x_x_x_,♪ ♪ ♪,ss,sobe por salto,d1s3,"desce 1, sobe 3",2,5319,0.0004
6/8,x_x_x_,♪ ♪ ♪,ss,sobe por salto,s5d2,"sobe 5, desce 2",2,5319,0.0004
6/8,x_x_x_,♪ ♪ ♪,ss,sobe por salto,s5s1,"sobe 5, sobe 1",2,5319,0.0004
6/8,x___x_,♩ ♪,ss,sobe por salto,r,repete,886,3103,0.2855
6/8,x___x_,♩ ♪,ss,sobe por salto,d2,desce 2,590,3103,0.1901
6/8,x___x_,♩ ♪,ss,sobe por salto,d1,desce 1,483,3103,0.1557
6/8,x___x_,♩ ♪,ss,sobe por salto,s1,sobe 1,431,3103,0.1389
6/8,x___x_,♩ ♪,ss,sobe por salto,s2,sobe 2,247,3103,0.0796
6/8,x___x_,♩ ♪,ss,sobe por salto,d3,desce 3,192,3103,0.0619
6/8,x___x_,♩ ♪,ss,sobe por salto,d4,desce 4,104,3103,0.0335
6/8,x___x_,♩ ♪,ss,sobe por salto,d5,desce 5,90,3103,0.029
6/8,x___x_,♩ ♪,ss,sobe por salto,s3,sobe 3,49,3103,0.0158
6/8,x___x_,♩ ♪,ss,sobe por salto,s5,sobe 5,24,3103,0.0077
6/8,x___x_,♩ ♪,ss,sobe por salto,s4,sobe 4,7,3103,0.0023
6/8,x_x_x_,♪ ♪ ♪,ds,desce por salto,s1s1,"sobe 1, sobe 1",488,3297,0.148
6/8,x_x_x_,♪ ♪ ♪,ds,desce por salto,d2d2,"desce 2, desce 2",329,3297,0.0998
6/8,x_x_x_,♪ ♪ ♪,ds,desce por salto,d1d1,"desce 1, desce 1",269,3297,0.0816
6/8,x_x_x_,♪ ♪ ♪,ds,desce por salto,s2s2,"sobe 2, sobe 2",258,3297,0.0783
6/8,x_x_x_,♪ ♪ ♪,ds,desce por salto,s1d1,"sobe 1, desce 1",195,3297,0.0591
6/8,x_x_x_,♪ ♪ ♪,ds,desce por salto,s3r,"sobe 3, repete",186,3297,0.0564
6/8,x_x_x_,♪ ♪ ♪,ds,desce por salto,d2r,"desce 2, repete",156,3297,0.0473
6/8,x_x_x_,♪ ♪ ♪,ds,desce por salto,d2s2,"desce 2, sobe 2",153,3297,0.0464
6/8,x_x_x_,♪ ♪ ♪,ds,desce por salto,s2r,"sobe 2, repete",129,3297,0.0391
6/8,x_x_x_,♪ ♪ ♪,ds,desce por salto,rr,"repete, repete",106,3297,0.0322
6/8,x_x_x_,♪ ♪ ♪,ds,desce por salto,d1s1,"desce 1, sobe 1",99,3297,0.03
6/8,x_x_x_,♪ ♪ ♪,ds,desce por salto,s2d2,"sobe 2, desce 2",80,3297,0.0243
6/8,x_x_x_,♪ ♪ ♪,ds,desce por salto,s3d1,"sobe 3, desce 1",71,3297,0.0215
6/8,x_x_x_,♪ ♪ ♪,ds,desce por salto,d2d1,"desce 2, desce 1",69,3297,0.0209
6/8,x_x_x_,♪ ♪ ♪,ds,desce por salto,d1d2,"desce 1, desce 2",54,3297,0.0164
6/8,x_x_x_,♪ ♪ ♪,ds,desce por salto,s1d2,"sobe 1, desce 2",41,3297,0.0124
6/8,x_x_x_,♪ ♪ ♪,ds,desce por salto,s2s3,"sobe 2, sobe 3",40,3297,0.0121
6/8,x_x_x_,♪ ♪ ♪,ds,desce por salto,s3s2,"sobe 3, sobe 2",37,3297,0.0112
6/8,x_x_x_,♪ ♪ ♪,ds,desce por salto,d2s1,"desce 2, sobe 1",34,3297,0.0103
6/8,x_x_x_,♪ ♪ ♪,ds,desce por salto,rs1,"repete, sobe 1",33,3297,0.01
6/8,x_x_x_,♪ ♪ ♪,ds,desce por salto,s2d1,"sobe 2, desce 1",33,3297,0.01
6/8,x_x_x_,♪ ♪ ♪,ds,desce por salto,rs2,"repete, sobe 2",31,3297,0.0094
6/8,x_x_x_,♪ ♪ ♪,ds,desce por salto,s5d1,"sobe 5, desce 1",29,3297,0.0088
6/8,x_x_x_,♪ ♪ ♪,ds,desce por salto,s5r,"sobe 5, repete",28,3297,0.0085
6/8,x_x_x_,♪ ♪ ♪,ds,desce por salto,d2s5,"desce 2, sobe 5",25,3297,0.0076
6/8,x_x_x_,♪ ♪ ♪,ds,desce por salto,d1r,"desce 1, repete",25,3297,0.0076
6/8,x_x_x_,♪ ♪ ♪,ds,desce por salto,s2s1,"sobe 2, sobe 1",23,3297,0.007
6/8,x_x_x_,♪ ♪ ♪,ds,desce por salto,s4r,"sobe 4, repete",19,3297,0.0058
6/8,x_x_x_,♪ ♪ ♪,ds,desce por salto,s1s2,"sobe 1, sobe 2",18,3297,0.0055
6/8,x_x_x_,♪ ♪ ♪,ds,desce por salto,s5d2,"sobe 5, desce 2",17,3297,0.0052
6/8,x_x_x_,♪ ♪ ♪,ds,desce por salto,d2s4,"desce 2, sobe 4",16,3297,0.0049
6/8,x_x_x_,♪ ♪ ♪,ds,desce por salto,s3s1,"sobe 3, sobe 1",15,3297,0.0045
6/8,x_x_x_,♪ ♪ ♪,ds,desce por salto,s1r,"sobe 1, repete",15,3297,0.0045
6/8,x_x_x_,♪ ♪ ♪,ds,desce por salto,rs5,"repete, sobe 5",14,3297,0.0042
6/8,x_x_x_,♪ ♪ ♪,ds,desce por salto,s2d3,"sobe 2, desce 3",12,3297,0.0036
6/8,x_x_x_,♪ ♪ ♪,ds,desce por salto,s3d2,"sobe 3, desce 2",11,3297,0.0033
6/8,x_x_x_,♪ ♪ ♪,ds,desce por salto,d2s3,"desce 2, sobe 3",10,3297,0.003
6/8,x_x_x_,♪ ♪ ♪,ds,desce por salto,s5d3,"sobe 5, desce 3",8,3297,0.0024
6/8,x_x_x_,♪ ♪ ♪,ds,desce por salto,s2s5,"sobe 2, sobe 5",8,3297,0.0024
6/8,x_x_x_,♪ ♪ ♪,ds,desce por salto,rs3,"repete, sobe 3",7,3297,0.0021
6/8,x_x_x_,♪ ♪ ♪,ds,desce por salto,rd1,"repete, desce 1",7,3297,0.0021
6/8,x_x_x_,♪ ♪ ♪,ds,desce por salto,rd2,"repete, desce 2",7,3297,0.0021
6/8,x_x_x_,♪ ♪ ♪,ds,desce por salto,s3d3,"sobe 3, desce 3",7,3297,0.0021
6/8,x_x_x_,♪ ♪ ♪,ds,desce por salto,d4r,"desce 4, repete",7,3297,0.0021
6/8,x_x_x_,♪ ♪ ♪,ds,desce por salto,rs4,"repete, sobe 4",6,3297,0.0018
6/8,x_x_x_,♪ ♪ ♪,ds,desce por salto,d2d3,"desce 2, desce 3",6,3297,0.0018
6/8,x_x_x_,♪ ♪ ♪,ds,desce por salto,d3s3,"desce 3, sobe 3",6,3297,0.0018
6/8,x_x_x_,♪ ♪ ♪,ds,desce por salto,s4d1,"sobe 4, desce 1",4,3297,0.0012
6/8,x_x_x_,♪ ♪ ♪,ds,desce por salto,d3d2,"desce 3, desce 2",4,3297,0.0012
6/8,x_x_x_,♪ ♪ ♪,ds,desce por salto,d1s3,"desce 1, sobe 3",4,3297,0.0012
6/8,x_x_x_,♪ ♪ ♪,ds,desce por salto,d1s2,"desce 1, sobe 2",4,3297,0.0012
6/8,x_x_x_,♪ ♪ ♪,ds,desce por salto,d3s1,"desce 3, sobe 1",4,3297,0.0012
6/8,x_x_x_,♪ ♪ ♪,ds,desce por salto,s1d3,"sobe 1, desce 3",4,3297,0.0012
6/8,x_x_x_,♪ ♪ ♪,ds,desce por salto,s5d5,"sobe 5, desce 5",4,3297,0.0012
6/8,x_x_x_,♪ ♪ ♪,ds,desce por salto,s2d4,"sobe 2, desce 4",3,3297,0.0009
6/8,x_x_x_,♪ ♪ ♪,ds,desce por salto,s3d5,"sobe 3, desce 5",3,3297,0.0009
6/8,x_x_x_,♪ ♪ ♪,ds,desce por salto,d3r,"desce 3, repete",3,3297,0.0009
6/8,x_x_x_,♪ ♪ ♪,ds,desce por salto,s4d2,"sobe 4, desce 2",3,3297,0.0009
6/8,x_x_x_,♪ ♪ ♪,ds,desce por salto,s1s3,"sobe 1, sobe 3",3,3297,0.0009
6/8,x_x_x_,♪ ♪ ♪,ds,desce por salto,d5r,"desce 5, repete",2,3297,0.0006
6/8,x_x_x_,♪ ♪ ♪,ds,desce por salto,d4s2,"desce 4, sobe 2",2,3297,0.0006
6/8,x_x_x_,♪ ♪ ♪,ds,desce por salto,s5s1,"sobe 5, sobe 1",2,3297,0.0006
6/8,x_x_x_,♪ ♪ ♪,ds,desce por salto,s4s1,"sobe 4, sobe 1",2,3297,0.0006
6/8,x___x_,♩ ♪,sg,sobe por grau,r,repete,678,3351,0.2023
6/8,x___x_,♩ ♪,sg,sobe por grau,s1,sobe 1,664,3351,0.1981
6/8,x___x_,♩ ♪,sg,sobe por grau,d2,desce 2,633,3351,0.1889
6/8,x___x_,♩ ♪,sg,sobe por grau,d1,desce 1,589,3351,0.1758
6/8,x___x_,♩ ♪,sg,sobe por grau,s2,sobe 2,294,3351,0.0877
6/8,x___x_,♩ ♪,sg,sobe por grau,s3,sobe 3,131,3351,0.0391
6/8,x___x_,♩ ♪,sg,sobe por grau,d3,desce 3,111,3351,0.0331
6/8,x___x_,♩ ♪,sg,sobe por grau,d4,desce 4,99,3351,0.0295
6/8,x___x_,♩ ♪,sg,sobe por grau,d5,desce 5,64,3351,0.0191
6/8,x___x_,♩ ♪,sg,sobe por grau,s5,sobe 5,50,3351,0.0149
6/8,x___x_,♩ ♪,sg,sobe por grau,s4,sobe 4,38,3351,0.0113
6/8,x___x_,♩ ♪,dg,desce por grau,d1,desce 1,777,3304,0.2352
6/8,x___x_,♩ ♪,dg,desce por grau,r,repete,756,3304,0.2288
6/8,x___x_,♩ ♪,dg,desce por grau,d2,desce 2,501,3304,0.1516
6/8,x___x_,♩ ♪,dg,desce por grau,s1,sobe 1,405,3304,0.1226
6/8,x___x_,♩ ♪,dg,desce por grau,s2,sobe 2,318,3304,0.0962
6/8,x___x_,♩ ♪,dg,desce por grau,s3,sobe 3,146,3304,0.0442
6/8,x___x_,♩ ♪,dg,desce por grau,s5,sobe 5,119,3304,0.036
6/8,x___x_,♩ ♪,dg,desce por grau,d3,desce 3,97,3304,0.0294
6/8,x___x_,♩ ♪,dg,desce por grau,s4,sobe 4,73,3304,0.0221
6/8,x___x_,♩ ♪,dg,desce por grau,d4,desce 4,72,3304,0.0218
6/8,x___x_,♩ ♪,dg,desce por grau,d5,desce 5,40,3304,0.0121
6/8,__x_x_,(lig.) ♪ ♪ ♪,sg,sobe por grau,s1,sobe 1,32,46,0.6957
6/8,__x_x_,(lig.) ♪ ♪ ♪,sg,sobe por grau,d2,desce 2,5,46,0.1087
6/8,__x_x_,(lig.) ♪ ♪ ♪,sg,sobe por grau,d1,desce 1,5,46,0.1087
6/8,__x_x_,(lig.) ♪ ♪ ♪,sg,sobe por grau,s2,sobe 2,2,46,0.0435
6/8,__x_x_,(lig.) ♪ ♪ ♪,sg,sobe por grau,r,repete,2,46,0.0435
6/8,__x_x_,(lig.) ♪ ♪ ♪,ss,sobe por salto,d1,desce 1,19,45,0.4222
6/8,__x_x_,(lig.) ♪ ♪ ♪,ss,sobe por salto,s1,sobe 1,6,45,0.1333
6/8,__x_x_,(lig.) ♪ ♪ ♪,ss,sobe por salto,s2,sobe 2,5,45,0.1111
6/8,__x_x_,(lig.) ♪ ♪ ♪,ss,sobe por salto,d3,desce 3,5,45,0.1111
6/8,__x_x_,(lig.) ♪ ♪ ♪,ss,sobe por salto,r,repete,4,45,0.0889
6/8,__x_x_,(lig.) ♪ ♪ ♪,ss,sobe por salto,d2,desce 2,2,45,0.0444
6/8,__x_x_,(lig.) ♪ ♪ ♪,ss,sobe por salto,d5,desce 5,2,45,0.0444
6/8,__x_x_,(lig.) ♪ ♪ ♪,ss,sobe por salto,s3,sobe 3,2,45,0.0444
6/8,x__xxx,♪. sc sc sc,sg,sobe por grau,s1d1d1,"sobe 1, desce 1, desce 1",20,65,0.3077
6/8,x__xxx,♪. sc sc sc,sg,sobe por grau,s1s1s1,"sobe 1, sobe 1, sobe 1",8,65,0.1231
6/8,x__xxx,♪. sc sc sc,sg,sobe por grau,s2d1d1,"sobe 2, desce 1, desce 1",5,65,0.0769
6/8,x__xxx,♪. sc sc sc,sg,sobe por grau,d1d1d1,"desce 1, desce 1, desce 1",5,65,0.0769
6/8,x__xxx,♪. sc sc sc,sg,sobe por grau,d1s1s1,"desce 1, sobe 1, sobe 1",4,65,0.0615
6/8,x__xxx,♪. sc sc sc,sg,sobe por grau,rrs1,"repete, repete, sobe 1",3,65,0.0462
6/8,x__xxx,♪. sc sc sc,sg,sobe por grau,d1d1s1,"desce 1, desce 1, sobe 1",3,65,0.0462
6/8,x__xxx,♪. sc sc sc,sg,sobe por grau,rs1d1,"repete, sobe 1, desce 1",2,65,0.0308
6/8,x__xxx,♪. sc sc sc,sg,sobe por grau,d1d1s2,"desce 1, desce 1, sobe 2",2,65,0.0308
6/8,x__xxx,♪. sc sc sc,sg,sobe por grau,s1s1d2,"sobe 1, sobe 1, desce 2",2,65,0.0308
6/8,x__xxx,♪. sc sc sc,sg,sobe por grau,d1d2d2,"desce 1, desce 2, desce 2",2,65,0.0308
6/8,x__xxx,♪. sc sc sc,sg,sobe por grau,s2s1s1,"sobe 2, sobe 1, sobe 1",2,65,0.0308
6/8,x__xxx,♪. sc sc sc,sg,sobe por grau,d2s1s1,"desce 2, sobe 1, sobe 1",2,65,0.0308
6/8,x__xx_,♪. sc ♪,sg,sobe por grau,s1d1,"sobe 1, desce 1",135,603,0.2239
6/8,x__xx_,♪. sc ♪,sg,sobe por grau,d1d1,"desce 1, desce 1",126,603,0.209
6/8,x__xx_,♪. sc ♪,sg,sobe por grau,d1s1,"desce 1, sobe 1",95,603,0.1575
6/8,x__xx_,♪. sc ♪,sg,sobe por grau,s1s1,"sobe 1, sobe 1",92,603,0.1526
6/8,x__xx_,♪. sc ♪,sg,sobe por grau,rr,"repete, repete",37,603,0.0614
6/8,x__xx_,♪. sc ♪,sg,sobe por grau,d1d2,"desce 1, desce 2",16,603,0.0265
6/8,x__xx_,♪. sc ♪,sg,sobe por grau,d2d2,"desce 2, desce 2",15,603,0.0249
6/8,x__xx_,♪. sc ♪,sg,sobe por grau,s2d1,"sobe 2, desce 1",9,603,0.0149
6/8,x__xx_,♪. sc ♪,sg,sobe por grau,s3r,"sobe 3, repete",7,603,0.0116
6/8,x__xx_,♪. sc ♪,sg,sobe por grau,s1d2,"sobe 1, desce 2",7,603,0.0116
6/8,x__xx_,♪. sc ♪,sg,sobe por grau,s2d2,"sobe 2, desce 2",6,603,0.01
6/8,x__xx_,♪. sc ♪,sg,sobe por grau,d2r,"desce 2, repete",6,603,0.01
6/8,x__xx_,♪. sc ♪,sg,sobe por grau,s1s2,"sobe 1, sobe 2",5,603,0.0083
6/8,x__xx_,♪. sc ♪,sg,sobe por grau,rs1,"repete, sobe 1",5,603,0.0083
6/8,x__xx_,♪. sc ♪,sg,sobe por grau,d3d2,"desce 3, desce 2",4,603,0.0066
6/8,x__xx_,♪. sc ♪,sg,sobe por grau,s1r,"sobe 1, repete",4,603,0.0066
6/8,x__xx_,♪. sc ♪,sg,sobe por grau,d5r,"desce 5, repete",4,603,0.0066
6/8,x__xx_,♪. sc ♪,sg,sobe por grau,d3r,"desce 3, repete",3,603,0.005
6/8,x__xx_,♪. sc ♪,sg,sobe por grau,d3s1,"desce 3, sobe 1",3,603,0.005
6/8,x__xx_,♪. sc ♪,sg,sobe por grau,d1s3,"desce 1, sobe 3",3,603,0.005
6/8,x__xx_,♪. sc ♪,sg,sobe por grau,s3d2,"sobe 3, desce 2",3,603,0.005
6/8,x__xx_,♪. sc ♪,sg,sobe por grau,s2r,"sobe 2, repete",2,603,0.0033
6/8,x__xx_,♪. sc ♪,sg,sobe por grau,d2s2,"desce 2, sobe 2",2,603,0.0033
6/8,x__xx_,♪. sc ♪,sg,sobe por grau,s2s3,"sobe 2, sobe 3",2,603,0.0033
6/8,x__xx_,♪. sc ♪,sg,sobe por grau,rs2,"repete, sobe 2",2,603,0.0033
6/8,x__xx_,♪. sc ♪,sg,sobe por grau,d1r,"desce 1, repete",2,603,0.0033
6/8,x__xx_,♪. sc ♪,sg,sobe por grau,rd1,"repete, desce 1",2,603,0.0033
6/8,x__xx_,♪. sc ♪,dg,desce por grau,d1d1,"desce 1, desce 1",135,513,0.2632
6/8,x__xx_,♪. sc ♪,dg,desce por grau,s1d1,"sobe 1, desce 1",95,513,0.1852
6/8,x__xx_,♪. sc ♪,dg,desce por grau,s1s1,"sobe 1, sobe 1",69,513,0.1345
6/8,x__xx_,♪. sc ♪,dg,desce por grau,d1s1,"desce 1, sobe 1",52,513,0.1014
6/8,x__xx_,♪. sc ♪,dg,desce por grau,rr,"repete, repete",46,513,0.0897
6/8,x__xx_,♪. sc ♪,dg,desce por grau,s1d2,"sobe 1, desce 2",15,513,0.0292
6/8,x__xx_,♪. sc ♪,dg,desce por grau,d2d2,"desce 2, desce 2",11,513,0.0214
6/8,x__xx_,♪. sc ♪,dg,desce por grau,d2r,"desce 2, repete",11,513,0.0214
6/8,x__xx_,♪. sc ♪,dg,desce por grau,s1s2,"sobe 1, sobe 2",9,513,0.0175
6/8,x__xx_,♪. sc ♪,dg,desce por grau,s2r,"sobe 2, repete",8,513,0.0156
6/8,x__xx_,♪. sc ♪,dg,desce por grau,s5r,"sobe 5, repete",7,513,0.0136
6/8,x__xx_,♪. sc ♪,dg,desce por grau,d1r,"desce 1, repete",6,513,0.0117
6/8,x__xx_,♪. sc ♪,dg,desce por grau,rs2,"repete, sobe 2",5,513,0.0097
6/8,x__xx_,♪. sc ♪,dg,desce por grau,rd1,"repete, desce 1",5,513,0.0097
6/8,x__xx_,♪. sc ♪,dg,desce por grau,s2d2,"sobe 2, desce 2",4,513,0.0078
6/8,x__xx_,♪. sc ♪,dg,desce por grau,s2s1,"sobe 2, sobe 1",4,513,0.0078
6/8,x__xx_,♪. sc ♪,dg,desce por grau,rs5,"repete, sobe 5",4,513,0.0078
6/8,x__xx_,♪. sc ♪,dg,desce por grau,d1d2,"desce 1, desce 2",4,513,0.0078
6/8,x__xx_,♪. sc ♪,dg,desce por grau,d2d1,"desce 2, desce 1",3,513,0.0058
6/8,x__xx_,♪. sc ♪,dg,desce por grau,d2s2,"desce 2, sobe 2",3,513,0.0058
6/8,x__xx_,♪. sc ♪,dg,desce por grau,s2s2,"sobe 2, sobe 2",3,513,0.0058
6/8,x__xx_,♪. sc ♪,dg,desce por grau,s3d1,"sobe 3, desce 1",2,513,0.0039
6/8,x__xx_,♪. sc ♪,dg,desce por grau,rs4,"repete, sobe 4",2,513,0.0039
6/8,xx__x_,sc ♪. ♪,sg,sobe por grau,s2d2,"sobe 2, desce 2",9,48,0.1875
6/8,xx__x_,sc ♪. ♪,sg,sobe por grau,s1d1,"sobe 1, desce 1",7,48,0.1458
6/8,xx__x_,sc ♪. ♪,sg,sobe por grau,d2d2,"desce 2, desce 2",5,48,0.1042
6/8,xx__x_,sc ♪. ♪,sg,sobe por grau,d2r,"desce 2, repete",5,48,0.1042
6/8,xx__x_,sc ♪. ♪,sg,sobe por grau,s3d1,"sobe 3, desce 1",4,48,0.0833
6/8,xx__x_,sc ♪. ♪,sg,sobe por grau,s3d2,"sobe 3, desce 2",4,48,0.0833
6/8,xx__x_,sc ♪. ♪,sg,sobe por grau,s2d5,"sobe 2, desce 5",3,48,0.0625
6/8,xx__x_,sc ♪. ♪,sg,sobe por grau,s3r,"sobe 3, repete",3,48,0.0625
6/8,xx__x_,sc ♪. ♪,sg,sobe por grau,s1d2,"sobe 1, desce 2",2,48,0.0417
6/8,x_x_x_,♪ ♪ ♪,0,—,s1d1,"sobe 1, desce 1",27,143,0.1888
6/8,x_x_x_,♪ ♪ ♪,0,—,s3r,"sobe 3, repete",20,143,0.1399
6/8,x_x_x_,♪ ♪ ♪,0,—,s1s1,"sobe 1, sobe 1",13,143,0.0909
6/8,x_x_x_,♪ ♪ ♪,0,—,d1s1,"desce 1, sobe 1",11,143,0.0769
6/8,x_x_x_,♪ ♪ ♪,0,—,rr,"repete, repete",10,143,0.0699
6/8,x_x_x_,♪ ♪ ♪,0,—,d2d2,"desce 2, desce 2",7,143,0.049
6/8,x_x_x_,♪ ♪ ♪,0,—,s2s2,"sobe 2, sobe 2",7,143,0.049
6/8,x_x_x_,♪ ♪ ♪,0,—,d2r,"desce 2, repete",7,143,0.049
6/8,x_x_x_,♪ ♪ ♪,0,—,d1d1,"desce 1, desce 1",5,143,0.035
6/8,x_x_x_,♪ ♪ ♪,0,—,d3d2,"desce 3, desce 2",4,143,0.028
6/8,x_x_x_,♪ ♪ ♪,0,—,s3s1,"sobe 3, sobe 1",4,143,0.028
6/8,x_x_x_,♪ ♪ ♪,0,—,s2d2,"sobe 2, desce 2",3,143,0.021
6/8,x_x_x_,♪ ♪ ♪,0,—,d2s2,"desce 2, sobe 2",3,143,0.021
6/8,x_x_x_,♪ ♪ ♪,0,—,s2r,"sobe 2, repete",3,143,0.021
6/8,x_x_x_,♪ ♪ ♪,0,—,d4r,"desce 4, repete",3,143,0.021
6/8,x_x_x_,♪ ♪ ♪,0,—,d2d1,"desce 2, desce 1",2,143,0.014
6/8,x_x_x_,♪ ♪ ♪,0,—,rs1,"repete, sobe 1",2,143,0.014
6/8,x_x_x_,♪ ♪ ♪,0,—,s5r,"sobe 5, repete",2,143,0.014
6/8,x_x_x_,♪ ♪ ♪,0,—,s2d1,"sobe 2, desce 1",2,143,0.014
6/8,x_x_x_,♪ ♪ ♪,0,—,d1d2,"desce 1, desce 2",2,143,0.014
6/8,x__xx_,♪. sc ♪,r,repete,s1d1,"sobe 1, desce 1",72,390,0.1846
6/8,x__xx_,♪. sc ♪,r,repete,d1d1,"desce 1, desce 1",66,390,0.1692
6/8,x__xx_,♪. sc ♪,r,repete,s1s1,"sobe 1, sobe 1",60,390,0.1538
6/8,x__xx_,♪. sc ♪,r,repete,d1r,"desce 1, repete",36,390,0.0923
6/8,x__xx_,♪. sc ♪,r,repete,d1s1,"desce 1, sobe 1",32,390,0.0821
6/8,x__xx_,♪. sc ♪,r,repete,rr,"repete, repete",29,390,0.0744
6/8,x__xx_,♪. sc ♪,r,repete,s1s2,"sobe 1, sobe 2",17,390,0.0436
6/8,x__xx_,♪. sc ♪,r,repete,d1d2,"desce 1, desce 2",10,390,0.0256
6/8,x__xx_,♪. sc ♪,r,repete,s3r,"sobe 3, repete",9,390,0.0231
6/8,x__xx_,♪. sc ♪,r,repete,d2d1,"desce 2, desce 1",8,390,0.0205
6/8,x__xx_,♪. sc ♪,r,repete,s5r,"sobe 5, repete",8,390,0.0205
6/8,x__xx_,♪. sc ♪,r,repete,s2s2,"sobe 2, sobe 2",7,390,0.0179
6/8,x__xx_,♪. sc ♪,r,repete,d2s2,"desce 2, sobe 2",4,390,0.0103
6/8,x__xx_,♪. sc ♪,r,repete,rs2,"repete, sobe 2",4,390,0.0103
6/8,x__xx_,♪. sc ♪,r,repete,d2r,"desce 2, repete",4,390,0.0103
6/8,x__xx_,♪. sc ♪,r,repete,s2d2,"sobe 2, desce 2",3,390,0.0077
6/8,x__xx_,♪. sc ♪,r,repete,d3s3,"desce 3, sobe 3",3,390,0.0077
6/8,x__xx_,♪. sc ♪,r,repete,s3d1,"sobe 3, desce 1",2,390,0.0051
6/8,x__xx_,♪. sc ♪,r,repete,s1r,"sobe 1, repete",2,390,0.0051
6/8,x__xx_,♪. sc ♪,r,repete,s1d2,"sobe 1, desce 2",2,390,0.0051
6/8,x__xx_,♪. sc ♪,r,repete,s3d3,"sobe 3, desce 3",2,390,0.0051
6/8,x__xx_,♪. sc ♪,r,repete,s2r,"sobe 2, repete",2,390,0.0051
6/8,x__xx_,♪. sc ♪,ds,desce por salto,s1s1,"sobe 1, sobe 1",56,275,0.2036
6/8,x__xx_,♪. sc ♪,ds,desce por salto,s1d1,"sobe 1, desce 1",46,275,0.1673
6/8,x__xx_,♪. sc ♪,ds,desce por salto,d1d1,"desce 1, desce 1",43,275,0.1564
6/8,x__xx_,♪. sc ♪,ds,desce por salto,d1s1,"desce 1, sobe 1",35,275,0.1273
6/8,x__xx_,♪. sc ♪,ds,desce por salto,rr,"repete, repete",20,275,0.0727
6/8,x__xx_,♪. sc ♪,ds,desce por salto,s5r,"sobe 5, repete",14,275,0.0509
6/8,x__xx_,♪. sc ♪,ds,desce por salto,s3r,"sobe 3, repete",9,275,0.0327
6/8,x__xx_,♪. sc ♪,ds,desce por salto,s2d2,"sobe 2, desce 2",7,275,0.0255
6/8,x__xx_,♪. sc ♪,ds,desce por salto,s1s2,"sobe 1, sobe 2",7,275,0.0255
6/8,x__xx_,♪. sc ♪,ds,desce por salto,d2r,"desce 2, repete",6,275,0.0218
6/8,x__xx_,♪. sc ♪,ds,desce por salto,s2s2,"sobe 2, sobe 2",6,275,0.0218
6/8,x__xx_,♪. sc ♪,ds,desce por salto,s2d1,"sobe 2, desce 1",5,275,0.0182
6/8,x__xx_,♪. sc ♪,ds,desce por salto,s2s1,"sobe 2, sobe 1",3,275,0.0109
6/8,x__xx_,♪. sc ♪,ds,desce por salto,s2d3,"sobe 2, desce 3",2,275,0.0073
6/8,x__xx_,♪. sc ♪,ds,desce por salto,d2s2,"desce 2, sobe 2",2,275,0.0073
6/8,x__xx_,♪. sc ♪,ds,desce por salto,s2s3,"sobe 2, sobe 3",2,275,0.0073
6/8,x__xx_,♪. sc ♪,ds,desce por salto,s4r,"sobe 4, repete",2,275,0.0073
6/8,x__xx_,♪. sc ♪,ds,desce por salto,rs4,"repete, sobe 4",2,275,0.0073
6/8,x__xx_,♪. sc ♪,ss,sobe por salto,d1d1,"desce 1, desce 1",133,537,0.2477
6/8,x__xx_,♪. sc ♪,ss,sobe por salto,s1d1,"sobe 1, desce 1",123,537,0.2291
6/8,x__xx_,♪. sc ♪,ss,sobe por salto,d1s1,"desce 1, sobe 1",53,537,0.0987
6/8,x__xx_,♪. sc ♪,ss,sobe por salto,s1s1,"sobe 1, sobe 1",52,537,0.0968
6/8,x__xx_,♪. sc ♪,ss,sobe por salto,rr,"repete, repete",51,537,0.095
6/8,x__xx_,♪. sc ♪,ss,sobe por salto,d2d2,"desce 2, desce 2",21,537,0.0391
6/8,x__xx_,♪. sc ♪,ss,sobe por salto,d5r,"desce 5, repete",10,537,0.0186
6/8,x__xx_,♪. sc ♪,ss,sobe por salto,d4r,"desce 4, repete",10,537,0.0186
6/8,x__xx_,♪. sc ♪,ss,sobe por salto,s1d2,"sobe 1, desce 2",9,537,0.0168
6/8,x__xx_,♪. sc ♪,ss,sobe por salto,d2r,"desce 2, repete",9,537,0.0168
6/8,x__xx_,♪. sc ♪,ss,sobe por salto,d1r,"desce 1, repete",9,537,0.0168
6/8,x__xx_,♪. sc ♪,ss,sobe por salto,d3d2,"desce 3, desce 2",7,537,0.013
6/8,x__xx_,♪. sc ♪,ss,sobe por salto,d3r,"desce 3, repete",6,537,0.0112
6/8,x__xx_,♪. sc ♪,ss,sobe por salto,d2d1,"desce 2, desce 1",6,537,0.0112
6/8,x__xx_,♪. sc ♪,ss,sobe por salto,d1d2,"desce 1, desce 2",5,537,0.0093
6/8,x__xx_,♪. sc ♪,ss,sobe por salto,s2d2,"sobe 2, desce 2",5,537,0.0093
6/8,x__xx_,♪. sc ♪,ss,sobe por salto,s2r,"sobe 2, repete",4,537,0.0074
6/8,x__xx_,♪. sc ♪,ss,sobe por salto,d2s2,"desce 2, sobe 2",3,537,0.0056
6/8,x__xx_,♪. sc ♪,ss,sobe por salto,s4r,"sobe 4, repete",2,537,0.0037
6/8,x__xx_,♪. sc ♪,ss,sobe por salto,rd2,"repete, desce 2",2,537,0.0037
6/8,x__xx_,♪. sc ♪,ss,sobe por salto,s2s2,"sobe 2, sobe 2",2,537,0.0037
6/8,x__xx_,♪. sc ♪,ss,sobe por salto,rs2,"repete, sobe 2",2,537,0.0037
6/8,x__xxx,♪. sc sc sc,r,repete,s1s1s1,"sobe 1, sobe 1, sobe 1",7,23,0.3043
6/8,x__xxx,♪. sc sc sc,r,repete,s1d1d1,"sobe 1, desce 1, desce 1",4,23,0.1739
6/8,x__xxx,♪. sc sc sc,r,repete,d1d1d1,"desce 1, desce 1, desce 1",2,23,0.087
6/8,x__xxx,♪. sc sc sc,r,repete,d1d1s1,"desce 1, desce 1, sobe 1",2,23,0.087
6/8,x__xxx,♪. sc sc sc,r,repete,d2s3d1,"desce 2, sobe 3, desce 1",2,23,0.087
6/8,x__xxx,♪. sc sc sc,r,repete,s1s1d2,"sobe 1, sobe 1, desce 2",2,23,0.087
6/8,x__xxx,♪. sc sc sc,r,repete,s1rd1,"sobe 1, repete, desce 1",2,23,0.087
6/8,x__xxx,♪. sc sc sc,ss,sobe por salto,s1s1s1,"sobe 1, sobe 1, sobe 1",12,54,0.2222
6/8,x__xxx,♪. sc sc sc,ss,sobe por salto,s1s1d1,"sobe 1, sobe 1, desce 1",8,54,0.1481
6/8,x__xxx,♪. sc sc sc,ss,sobe por salto,d1d1d1,"desce 1, desce 1, desce 1",7,54,0.1296
6/8,x__xxx,♪. sc sc sc,ss,sobe por salto,s1d1d1,"sobe 1, desce 1, desce 1",4,54,0.0741
6/8,x__xxx,♪. sc sc sc,ss,sobe por salto,rrd1,"repete, repete, desce 1",2,54,0.037
6/8,x__xxx,♪. sc sc sc,ss,sobe por salto,d2s2d2,"desce 2, sobe 2, desce 2",2,54,0.037
6/8,x__xxx,♪. sc sc sc,ss,sobe por salto,s1d2s1,"sobe 1, desce 2, sobe 1",2,54,0.037
6/8,x__xxx,♪. sc sc sc,ss,sobe por salto,d1d1s1,"desce 1, desce 1, sobe 1",2,54,0.037
6/8,x__xxx,♪. sc sc sc,ss,sobe por salto,s1s1d2,"sobe 1, sobe 1, desce 2",2,54,0.037
6/8,x__xxx,♪. sc sc sc,ds,desce por salto,s1d1d2,"sobe 1, desce 1, desce 2",3,18,0.1667
6/8,x__xxx,♪. sc sc sc,ds,desce por salto,s1s1d2,"sobe 1, sobe 1, desce 2",2,18,0.1111
6/8,x__xxx,♪. sc sc sc,ds,desce por salto,s1d1d1,"sobe 1, desce 1, desce 1",2,18,0.1111
6/8,x__xxx,♪. sc sc sc,ds,desce por salto,d1d1s2,"desce 1, desce 1, sobe 2",2,18,0.1111
6/8,x__xxx,♪. sc sc sc,ds,desce por salto,d1d1d1,"desce 1, desce 1, desce 1",2,18,0.1111
6/8,xxx_x_,sc sc ♪ ♪,sg,sobe por grau,s1s1d2,"sobe 1, sobe 1, desce 2",72,127,0.5669
6/8,xxx_x_,sc sc ♪ ♪,sg,sobe por grau,s1s1d5,"sobe 1, sobe 1, desce 5",11,127,0.0866
6/8,xxx_x_,sc sc ♪ ♪,sg,sobe por grau,s1s1d1,"sobe 1, sobe 1, desce 1",6,127,0.0472
6/8,xxx_x_,sc sc ♪ ♪,sg,sobe por grau,s1s1d3,"sobe 1, sobe 1, desce 3",5,127,0.0394
6/8,xxx_x_,sc sc ♪ ♪,sg,sobe por grau,d1d1d1,"desce 1, desce 1, desce 1",5,127,0.0394
6/8,xxx_x_,sc sc ♪ ♪,sg,sobe por grau,s1s1r,"sobe 1, sobe 1, repete",4,127,0.0315
6/8,xxx_x_,sc sc ♪ ♪,sg,sobe por grau,d1d1s2,"desce 1, desce 1, sobe 2",3,127,0.0236
6/8,xxx_x_,sc sc ♪ ♪,sg,sobe por grau,s1d1d1,"sobe 1, desce 1, desce 1",3,127,0.0236
6/8,xxx_x_,sc sc ♪ ♪,sg,sobe por grau,d1d1s1,"desce 1, desce 1, sobe 1",2,127,0.0157
6/8,xxx_x_,sc sc ♪ ♪,sg,sobe por grau,s1rd1,"sobe 1, repete, desce 1",2,127,0.0157
6/8,xxx_x_,sc sc ♪ ♪,sg,sobe por grau,d1d1d2,"desce 1, desce 1, desce 2",2,127,0.0157
6/8,_xx_x_,(lig.) sc sc ♪ ♪,sg,sobe por grau,d1r,"desce 1, repete",8,19,0.4211
6/8,_xx_x_,(lig.) sc sc ♪ ♪,sg,sobe por grau,d1d1,"desce 1, desce 1",3,19,0.1579
6/8,_xx_x_,(lig.) sc sc ♪ ♪,sg,sobe por grau,d1s3,"desce 1, sobe 3",2,19,0.1053
6/8,_xx_x_,(lig.) sc sc ♪ ♪,sg,sobe por grau,s1s1,"sobe 1, sobe 1",2,19,0.1053
6/8,__x_x_,(lig.) ♪ ♪ ♪,r,repete,r,repete,19,38,0.5
6/8,__x_x_,(lig.) ♪ ♪ ♪,r,repete,s1,sobe 1,9,38,0.2368
6/8,__x_x_,(lig.) ♪ ♪ ♪,r,repete,d2,desce 2,4,38,0.1053
6/8,__x_x_,(lig.) ♪ ♪ ♪,r,repete,d1,desce 1,3,38,0.0789
6/8,__x_x_,(lig.) ♪ ♪ ♪,r,repete,s5,sobe 5,2,38,0.0526
6/8,__x_x_,(lig.) ♪ ♪ ♪,ds,desce por salto,r,repete,15,56,0.2679
6/8,__x_x_,(lig.) ♪ ♪ ♪,ds,desce por salto,s1,sobe 1,11,56,0.1964
6/8,__x_x_,(lig.) ♪ ♪ ♪,ds,desce por salto,d1,desce 1,10,56,0.1786
6/8,__x_x_,(lig.) ♪ ♪ ♪,ds,desce por salto,s3,sobe 3,8,56,0.1429
6/8,__x_x_,(lig.) ♪ ♪ ♪,ds,desce por salto,s2,sobe 2,5,56,0.0893
6/8,__x_x_,(lig.) ♪ ♪ ♪,ds,desce por salto,d2,desce 2,4,56,0.0714
6/8,__x_x_,(lig.) ♪ ♪ ♪,ds,desce por salto,s5,sobe 5,3,56,0.0536
6/8,__xxx_,(lig.) ♪ sc sc ♪,ss,sobe por salto,s1s1,"sobe 1, sobe 1",8,14,0.5714
6/8,__xxx_,(lig.) ♪ sc sc ♪,ss,sobe por salto,d1d1,"desce 1, desce 1",4,14,0.2857
6/8,__xxx_,(lig.) ♪ sc sc ♪,ss,sobe por salto,d2d1,"desce 2, desce 1",2,14,0.1429
6/8,_xx_x_,(lig.) sc sc ♪ ♪,dg,desce por grau,s1s1,"sobe 1, sobe 1",5,19,0.2632
6/8,_xx_x_,(lig.) sc sc ♪ ♪,dg,desce por grau,d1s1,"desce 1, sobe 1",4,19,0.2105
6/8,_xx_x_,(lig.) sc sc ♪ ♪,dg,desce por grau,s1d1,"sobe 1, desce 1",2,19,0.1053
6/8,_xx_x_,(lig.) sc sc ♪ ♪,dg,desce por grau,d1r,"desce 1, repete",2,19,0.1053
6/8,_xx_x_,(lig.) sc sc ♪ ♪,dg,desce por grau,d1s2,"desce 1, sobe 2",2,19,0.1053
6/8,....xx,pausa ♩ sc sc,0,—,d1,desce 1,131,312,0.4199
6/8,....xx,pausa ♩ sc sc,0,—,s1,sobe 1,129,312,0.4135
6/8,....xx,pausa ♩ sc sc,0,—,d2,desce 2,21,312,0.0673
6/8,....xx,pausa ♩ sc sc,0,—,r,repete,15,312,0.0481
6/8,....xx,pausa ♩ sc sc,0,—,s2,sobe 2,14,312,0.0449
6/8,x__xx_,♪. sc ♪,0,—,s1d1,"sobe 1, desce 1",11,25,0.44
6/8,x__xx_,♪. sc ♪,0,—,rr,"repete, repete",3,25,0.12
6/8,x__xx_,♪. sc ♪,0,—,s1s1,"sobe 1, sobe 1",3,25,0.12
6/8,x__xx_,♪. sc ♪,0,—,d1d1,"desce 1, desce 1",2,25,0.08
6/8,x_xxxx,♪ sc sc sc sc,dg,desce por grau,d2s1s1d2,"desce 2, sobe 1, sobe 1, desce 2",4,18,0.2222
6/8,x_xxxx,♪ sc sc sc sc,dg,desce por grau,s2d1d1d1,"sobe 2, desce 1, desce 1, desce 1",2,18,0.1111
6/8,x_xxxx,♪ sc sc sc sc,dg,desce por grau,s1d1d1d1,"sobe 1, desce 1, desce 1, desce 1",2,18,0.1111
6/8,x_xxxx,♪ sc sc sc sc,dg,desce por grau,d1s1s1d1,"desce 1, sobe 1, sobe 1, desce 1",2,18,0.1111
6/8,x_xxxx,♪ sc sc sc sc,dg,desce por grau,rs2d1d1,"repete, sobe 2, desce 1, desce 1",2,18,0.1111
6/8,x___xx,♩ sc sc,r,repete,s2s1,"sobe 2, sobe 1",58,387,0.1499
6/8,x___xx,♩ sc sc,r,repete,s5s1,"sobe 5, sobe 1",55,387,0.1421
6/8,x___xx,♩ sc sc,r,repete,s1s1,"sobe 1, sobe 1",39,387,0.1008
6/8,x___xx,♩ sc sc,r,repete,rs1,"repete, sobe 1",27,387,0.0698
6/8,x___xx,♩ sc sc,r,repete,s4s1,"sobe 4, sobe 1",22,387,0.0568
6/8,x___xx,♩ sc sc,r,repete,s3d1,"sobe 3, desce 1",17,387,0.0439
6/8,x___xx,♩ sc sc,r,repete,rr,"repete, repete",15,387,0.0388
6/8,x___xx,♩ sc sc,r,repete,d1d1,"desce 1, desce 1",14,387,0.0362
6/8,x___xx,♩ sc sc,r,repete,d1s1,"desce 1, sobe 1",13,387,0.0336
6/8,x___xx,♩ sc sc,r,repete,s5d1,"sobe 5, desce 1",12,387,0.031
6/8,x___xx,♩ sc sc,r,repete,s4d1,"sobe 4, desce 1",11,387,0.0284
6/8,x___xx,♩ sc sc,r,repete,s2d1,"sobe 2, desce 1",11,387,0.0284
6/8,x___xx,♩ sc sc,r,repete,s1d1,"sobe 1, desce 1",10,387,0.0258
6/8,x___xx,♩ sc sc,r,repete,rd1,"repete, desce 1",8,387,0.0207
6/8,x___xx,♩ sc sc,r,repete,s5d2,"sobe 5, desce 2",8,387,0.0207
6/8,x___xx,♩ sc sc,r,repete,d1r,"desce 1, repete",6,387,0.0155
6/8,x___xx,♩ sc sc,r,repete,s1r,"sobe 1, repete",6,387,0.0155
6/8,x___xx,♩ sc sc,r,repete,s3s1,"sobe 3, sobe 1",6,387,0.0155
6/8,x___xx,♩ sc sc,r,repete,d2s1,"desce 2, sobe 1",5,387,0.0129
6/8,x___xx,♩ sc sc,r,repete,d4d1,"desce 4, desce 1",5,387,0.0129
6/8,x___xx,♩ sc sc,r,repete,s2s2,"sobe 2, sobe 2",4,387,0.0103
6/8,x___xx,♩ sc sc,r,repete,s4s2,"sobe 4, sobe 2",3,387,0.0078
6/8,x___xx,♩ sc sc,r,repete,s4r,"sobe 4, repete",3,387,0.0078
6/8,x___xx,♩ sc sc,r,repete,s5r,"sobe 5, repete",3,387,0.0078
6/8,x___xx,♩ sc sc,r,repete,s3r,"sobe 3, repete",3,387,0.0078
6/8,x___xx,♩ sc sc,r,repete,d3r,"desce 3, repete",3,387,0.0078
6/8,x___xx,♩ sc sc,r,repete,s2d2,"sobe 2, desce 2",2,387,0.0052
6/8,x___xx,♩ sc sc,r,repete,s1s2,"sobe 1, sobe 2",2,387,0.0052
6/8,x___xx,♩ sc sc,r,repete,d2r,"desce 2, repete",2,387,0.0052
6/8,x___xx,♩ sc sc,r,repete,d4r,"desce 4, repete",2,387,0.0052
6/8,x___xx,♩ sc sc,r,repete,s2r,"sobe 2, repete",2,387,0.0052
6/8,x___xx,♩ sc sc,r,repete,rs2,"repete, sobe 2",2,387,0.0052
6/8,x___xx,♩ sc sc,r,repete,s3d2,"sobe 3, desce 2",2,387,0.0052
6/8,xxx_x_,sc sc ♪ ♪,dg,desce por grau,s1s1d2,"sobe 1, sobe 1, desce 2",47,95,0.4947
6/8,xxx_x_,sc sc ♪ ♪,dg,desce por grau,s1s1d1,"sobe 1, sobe 1, desce 1",7,95,0.0737
6/8,xxx_x_,sc sc ♪ ♪,dg,desce por grau,s1s1s1,"sobe 1, sobe 1, sobe 1",7,95,0.0737
6/8,xxx_x_,sc sc ♪ ♪,dg,desce por grau,s1s1d4,"sobe 1, sobe 1, desce 4",4,95,0.0421
6/8,xxx_x_,sc sc ♪ ♪,dg,desce por grau,s1s1d5,"sobe 1, sobe 1, desce 5",4,95,0.0421
6/8,xxx_x_,sc sc ♪ ♪,dg,desce por grau,d1d1d1,"desce 1, desce 1, desce 1",3,95,0.0316
6/8,xxx_x_,sc sc ♪ ♪,dg,desce por grau,s1s1r,"sobe 1, sobe 1, repete",2,95,0.0211
6/8,xxx_x_,sc sc ♪ ♪,dg,desce por grau,s2d1d1,"sobe 2, desce 1, desce 1",2,95,0.0211
6/8,xxx_x_,sc sc ♪ ♪,dg,desce por grau,d1s4d2,"desce 1, sobe 4, desce 2",2,95,0.0211
6/8,xxx_x_,sc sc ♪ ♪,dg,desce por grau,d1d1s5,"desce 1, desce 1, sobe 5",2,95,0.0211
6/8,xxx_x_,sc sc ♪ ♪,dg,desce por grau,d1d1r,"desce 1, desce 1, repete",2,95,0.0211
6/8,xxx_x_,sc sc ♪ ♪,dg,desce por grau,rd2s3,"repete, desce 2, sobe 3",2,95,0.0211
6/8,x_x___,♪ ♩,dg,desce por grau,r,repete,14,54,0.2593
6/8,x_x___,♪ ♩,dg,desce por grau,d1,desce 1,13,54,0.2407
6/8,x_x___,♪ ♩,dg,desce por grau,s1,sobe 1,9,54,0.1667
6/8,x_x___,♪ ♩,dg,desce por grau,d2,desce 2,7,54,0.1296
6/8,x_x___,♪ ♩,dg,desce por grau,s2,sobe 2,6,54,0.1111
6/8,x_x___,♪ ♩,dg,desce por grau,s3,sobe 3,3,54,0.0556
6/8,x_x___,♪ ♩,sg,sobe por grau,s1,sobe 1,17,38,0.4474
6/8,x_x___,♪ ♩,sg,sobe por grau,r,repete,6,38,0.1579
6/8,x_x___,♪ ♩,sg,sobe por grau,d2,desce 2,6,38,0.1579
6/8,x_x___,♪ ♩,sg,sobe por grau,d1,desce 1,4,38,0.1053
6/8,x_x___,♪ ♩,sg,sobe por grau,s3,sobe 3,3,38,0.0789
6/8,x_xxx_,♪ sc sc ♪,r,repete,s1s1s1,"sobe 1, sobe 1, sobe 1",6,26,0.2308
6/8,x_xxx_,♪ sc sc ♪,r,repete,d2s1s1,"desce 2, sobe 1, sobe 1",4,26,0.1538
6/8,x_xxx_,♪ sc sc ♪,r,repete,d1d1s1,"desce 1, desce 1, sobe 1",2,26,0.0769
6/8,x_xxx_,♪ sc sc ♪,r,repete,rd1d2,"repete, desce 1, desce 2",2,26,0.0769
6/8,x_xxx_,♪ sc sc ♪,r,repete,rrr,"repete, repete, repete",2,26,0.0769
6/8,x_xxx_,♪ sc sc ♪,r,repete,d3s1s2,"desce 3, sobe 1, sobe 2",2,26,0.0769
6/8,x_xxx_,♪ sc sc ♪,r,repete,s2d2d1,"sobe 2, desce 2, desce 1",2,26,0.0769
6/8,x_xxx_,♪ sc sc ♪,r,repete,s2d1d1,"sobe 2, desce 1, desce 1",2,26,0.0769
6/8,xxx_x_,sc sc ♪ ♪,ds,desce por salto,s1s1d2,"sobe 1, sobe 1, desce 2",15,26,0.5769
6/8,xxx_x_,sc sc ♪ ♪,ds,desce por salto,s1s2d2,"sobe 1, sobe 2, desce 2",2,26,0.0769
6/8,xxx_x_,sc sc ♪ ♪,ds,desce por salto,s1s1s1,"sobe 1, sobe 1, sobe 1",2,26,0.0769
6/8,xxx_x_,sc sc ♪ ♪,ds,desce por salto,rrs2,"repete, repete, sobe 2",2,26,0.0769
6/8,xxx_x_,sc sc ♪ ♪,ds,desce por salto,s1s2r,"sobe 1, sobe 2, repete",2,26,0.0769
6/8,x_xxx_,♪ sc sc ♪,ss,sobe por salto,d2s1s1,"desce 2, sobe 1, sobe 1",7,27,0.2593
6/8,x_xxx_,♪ sc sc ♪,ss,sobe por salto,s1d1d2,"sobe 1, desce 1, desce 2",6,27,0.2222
6/8,x_xxx_,♪ sc sc ♪,ss,sobe por salto,rrr,"repete, repete, repete",5,27,0.1852
6/8,x_xxx_,♪ sc sc ♪,ss,sobe por salto,d1d1d1,"desce 1, desce 1, desce 1",3,27,0.1111
6/8,x_x_xx,♪ ♪ sc sc,sg,sobe por grau,s1s1s1,"sobe 1, sobe 1, sobe 1",5,46,0.1087
6/8,x_x_xx,♪ ♪ sc sc,sg,sobe por grau,d1d1d1,"desce 1, desce 1, desce 1",4,46,0.087
6/8,x_x_xx,♪ ♪ sc sc,sg,sobe por grau,rrr,"repete, repete, repete",3,46,0.0652
6/8,x_x_xx,♪ ♪ sc sc,sg,sobe por grau,rs1d1,"repete, sobe 1, desce 1",3,46,0.0652
6/8,x_x_xx,♪ ♪ sc sc,sg,sobe por grau,rd1r,"repete, desce 1, repete",2,46,0.0435
6/8,x_x_xx,♪ ♪ sc sc,sg,sobe por grau,s2rd1,"sobe 2, repete, desce 1",2,46,0.0435
6/8,x_x_xx,♪ ♪ sc sc,sg,sobe por grau,s2d1r,"sobe 2, desce 1, repete",2,46,0.0435
6/8,x_x_xx,♪ ♪ sc sc,sg,sobe por grau,d2s1d2,"desce 2, sobe 1, desce 2",2,46,0.0435
6/8,x___xx,♩ sc sc,ds,desce por salto,rs1,"repete, sobe 1",14,102,0.1373
6/8,x___xx,♩ sc sc,ds,desce por salto,s1s1,"sobe 1, sobe 1",7,102,0.0686
6/8,x___xx,♩ sc sc,ds,desce por salto,s2s1,"sobe 2, sobe 1",7,102,0.0686
6/8,x___xx,♩ sc sc,ds,desce por salto,s5s1,"sobe 5, sobe 1",6,102,0.0588
6/8,x___xx,♩ sc sc,ds,desce por salto,d1s1,"desce 1, sobe 1",6,102,0.0588
6/8,x___xx,♩ sc sc,ds,desce por salto,rr,"repete, repete",6,102,0.0588
6/8,x___xx,♩ sc sc,ds,desce por salto,d2s1,"desce 2, sobe 1",6,102,0.0588
6/8,x___xx,♩ sc sc,ds,desce por salto,s1d1,"sobe 1, desce 1",5,102,0.049
6/8,x___xx,♩ sc sc,ds,desce por salto,s2d2,"sobe 2, desce 2",5,102,0.049
6/8,x___xx,♩ sc sc,ds,desce por salto,s3s1,"sobe 3, sobe 1",4,102,0.0392
6/8,x___xx,♩ sc sc,ds,desce por salto,s2d1,"sobe 2, desce 1",3,102,0.0294
6/8,x___xx,♩ sc sc,ds,desce por salto,s5d1,"sobe 5, desce 1",3,102,0.0294
6/8,x___xx,♩ sc sc,ds,desce por salto,d1d1,"desce 1, desce 1",3,102,0.0294
6/8,x___xx,♩ sc sc,ds,desce por salto,s2r,"sobe 2, repete",3,102,0.0294
6/8,x___xx,♩ sc sc,ds,desce por salto,s5r,"sobe 5, repete",3,102,0.0294
6/8,x___xx,♩ sc sc,ds,desce por salto,s4d1,"sobe 4, desce 1",2,102,0.0196
6/8,x___xx,♩ sc sc,ds,desce por salto,d2r,"desce 2, repete",2,102,0.0196
6/8,x___xx,♩ sc sc,ds,desce por salto,s2s2,"sobe 2, sobe 2",2,102,0.0196
6/8,x___xx,♩ sc sc,ds,desce por salto,s3d2,"sobe 3, desce 2",2,102,0.0196
6/8,x___xx,♩ sc sc,ds,desce por salto,s1d2,"sobe 1, desce 2",2,102,0.0196
6/8,x_xxxx,♪ sc sc sc sc,ds,desce por salto,d1d1d1d1,"desce 1, desce 1, desce 1, desce 1",4,19,0.2105
6/8,x_xxxx,♪ sc sc sc sc,ds,desce por salto,rs1d1d1,"repete, sobe 1, desce 1, desce 1",3,19,0.1579
6/8,x_xxxx,♪ sc sc sc sc,ds,desce por salto,d2s1s1d2,"desce 2, sobe 1, sobe 1, desce 2",2,19,0.1053
6/8,x_xxxx,♪ sc sc sc sc,ds,desce por salto,s2s1s1d2,"sobe 2, sobe 1, sobe 1, desce 2",2,19,0.1053
6/8,x___xx,♩ sc sc,sg,sobe por grau,d1s1,"desce 1, sobe 1",27,187,0.1444
6/8,x___xx,♩ sc sc,sg,sobe por grau,rs1,"repete, sobe 1",25,187,0.1337
6/8,x___xx,♩ sc sc,sg,sobe por grau,s1s1,"sobe 1, sobe 1",16,187,0.0856
6/8,x___xx,♩ sc sc,sg,sobe por grau,rd1,"repete, desce 1",13,187,0.0695
6/8,x___xx,♩ sc sc,sg,sobe por grau,rr,"repete, repete",10,187,0.0535
6/8,x___xx,♩ sc sc,sg,sobe por grau,s2d1,"sobe 2, desce 1",10,187,0.0535
6/8,x___xx,♩ sc sc,sg,sobe por grau,d2s1,"desce 2, sobe 1",10,187,0.0535
6/8,x___xx,♩ sc sc,sg,sobe por grau,d1d1,"desce 1, desce 1",10,187,0.0535
6/8,x___xx,♩ sc sc,sg,sobe por grau,s1d1,"sobe 1, desce 1",9,187,0.0481
6/8,x___xx,♩ sc sc,sg,sobe por grau,s2s1,"sobe 2, sobe 1",6,187,0.0321
6/8,x___xx,♩ sc sc,sg,sobe por grau,d2r,"desce 2, repete",5,187,0.0267
6/8,x___xx,♩ sc sc,sg,sobe por grau,s1s2,"sobe 1, sobe 2",4,187,0.0214
6/8,x___xx,♩ sc sc,sg,sobe por grau,s2r,"sobe 2, repete",3,187,0.016
6/8,x___xx,♩ sc sc,sg,sobe por grau,s4d1,"sobe 4, desce 1",3,187,0.016
6/8,x___xx,♩ sc sc,sg,sobe por grau,d2d1,"desce 2, desce 1",2,187,0.0107
6/8,x___xx,♩ sc sc,sg,sobe por grau,rs2,"repete, sobe 2",2,187,0.0107
6/8,x___xx,♩ sc sc,sg,sobe por grau,s3r,"sobe 3, repete",2,187,0.0107
6/8,x___xx,♩ sc sc,sg,sobe por grau,d1r,"desce 1, repete",2,187,0.0107
6/8,x___xx,♩ sc sc,sg,sobe por grau,s3d2,"sobe 3, desce 2",2,187,0.0107
6/8,x___xx,♩ sc sc,sg,sobe por grau,s3s1,"sobe 3, sobe 1",2,187,0.0107
6/8,x___xx,♩ sc sc,sg,sobe por grau,rd2,"repete, desce 2",2,187,0.0107
6/8,x___xx,♩ sc sc,sg,sobe por grau,d1d2,"desce 1, desce 2",2,187,0.0107
6/8,x___xx,♩ sc sc,sg,sobe por grau,d3s1,"desce 3, sobe 1",2,187,0.0107
6/8,x___xx,♩ sc sc,sg,sobe por grau,s3d3,"sobe 3, desce 3",2,187,0.0107
6/8,xxx_x_,sc sc ♪ ♪,ss,sobe por salto,s1s1d2,"sobe 1, sobe 1, desce 2",40,93,0.4301
6/8,xxx_x_,sc sc ♪ ♪,ss,sobe por salto,s1s1d1,"sobe 1, sobe 1, desce 1",8,93,0.086
6/8,xxx_x_,sc sc ♪ ♪,ss,sobe por salto,rrr,"repete, repete, repete",6,93,0.0645
6/8,xxx_x_,sc sc ♪ ♪,ss,sobe por salto,s1s1d4,"sobe 1, sobe 1, desce 4",4,93,0.043
6/8,xxx_x_,sc sc ♪ ♪,ss,sobe por salto,s1d1d1,"sobe 1, desce 1, desce 1",4,93,0.043
6/8,xxx_x_,sc sc ♪ ♪,ss,sobe por salto,s1s1r,"sobe 1, sobe 1, repete",3,93,0.0323
6/8,xxx_x_,sc sc ♪ ♪,ss,sobe por salto,rrd3,"repete, repete, desce 3",3,93,0.0323
6/8,xxx_x_,sc sc ♪ ♪,ss,sobe por salto,d1d1d1,"desce 1, desce 1, desce 1",3,93,0.0323
6/8,xxx_x_,sc sc ♪ ♪,ss,sobe por salto,d1d1s2,"desce 1, desce 1, sobe 2",3,93,0.0323
6/8,xxx_x_,sc sc ♪ ♪,ss,sobe por salto,d1d1d2,"desce 1, desce 1, desce 2",2,93,0.0215
6/8,xxx_x_,sc sc ♪ ♪,ss,sobe por salto,s1s1s1,"sobe 1, sobe 1, sobe 1",2,93,0.0215
6/8,xxx_x_,sc sc ♪ ♪,ss,sobe por salto,rd1d1,"repete, desce 1, desce 1",2,93,0.0215
6/8,xxx_x_,sc sc ♪ ♪,ss,sobe por salto,s1rd1,"sobe 1, repete, desce 1",2,93,0.0215
6/8,xxx_x_,sc sc ♪ ♪,ss,sobe por salto,rrd2,"repete, repete, desce 2",2,93,0.0215
6/8,x_x___,♪ ♩,r,repete,r,repete,21,50,0.42
6/8,x_x___,♪ ♩,r,repete,d1,desce 1,20,50,0.4
6/8,x_x___,♪ ♩,r,repete,s1,sobe 1,3,50,0.06
6/8,x_x___,♪ ♩,r,repete,s5,sobe 5,3,50,0.06
6/8,x_x___,♪ ♩,r,repete,s2,sobe 2,2,50,0.04
6/8,xxx_x_,sc sc ♪ ♪,r,repete,s1s1d2,"sobe 1, sobe 1, desce 2",21,51,0.4118
6/8,xxx_x_,sc sc ♪ ♪,r,repete,s1s1d1,"sobe 1, sobe 1, desce 1",10,51,0.1961
6/8,xxx_x_,sc sc ♪ ♪,r,repete,rrr,"repete, repete, repete",3,51,0.0588
6/8,xxx_x_,sc sc ♪ ♪,r,repete,d1d2r,"desce 1, desce 2, repete",2,51,0.0392
6/8,xxx_x_,sc sc ♪ ♪,r,repete,d1rr,"desce 1, repete, repete",2,51,0.0392
6/8,x_x_xx,♪ ♪ sc sc,r,repete,s3rr,"sobe 3, repete, repete",5,60,0.0833
6/8,x_x_xx,♪ ♪ sc sc,r,repete,rrr,"repete, repete, repete",5,60,0.0833
6/8,x_x_xx,♪ ♪ sc sc,r,repete,d1d1r,"desce 1, desce 1, repete",5,60,0.0833
6/8,x_x_xx,♪ ♪ sc sc,r,repete,s1d1d1,"sobe 1, desce 1, desce 1",3,60,0.05
6/8,x_x_xx,♪ ♪ sc sc,r,repete,rrd1,"repete, repete, desce 1",2,60,0.0333
6/8,x_x_xx,♪ ♪ sc sc,r,repete,s2d2r,"sobe 2, desce 2, repete",2,60,0.0333
6/8,x_x_xx,♪ ♪ sc sc,r,repete,rs1s2,"repete, sobe 1, sobe 2",2,60,0.0333
6/8,x_x_xx,♪ ♪ sc sc,r,repete,d2rr,"desce 2, repete, repete",2,60,0.0333
6/8,x_x_xx,♪ ♪ sc sc,r,repete,rs1d1,"repete, sobe 1, desce 1",2,60,0.0333
6/8,x_x_xx,♪ ♪ sc sc,r,repete,s5d1d1,"sobe 5, desce 1, desce 1",2,60,0.0333
6/8,x_x_xx,♪ ♪ sc sc,r,repete,rd2s1,"repete, desce 2, sobe 1",2,60,0.0333
6/8,x_x_xx,♪ ♪ sc sc,r,repete,d1d1d1,"desce 1, desce 1, desce 1",2,60,0.0333
6/8,x_x_xx,♪ ♪ sc sc,r,repete,d1s1d1,"desce 1, sobe 1, desce 1",2,60,0.0333
6/8,x_x_xx,♪ ♪ sc sc,r,repete,rs1r,"repete, sobe 1, repete",2,60,0.0333
6/8,x_x_xx,♪ ♪ sc sc,r,repete,rrs1,"repete, repete, sobe 1",2,60,0.0333
6/8,x_x_xx,♪ ♪ sc sc,r,repete,s1s1d2,"sobe 1, sobe 1, desce 2",2,60,0.0333
6/8,x___xx,♩ sc sc,ss,sobe por salto,rs1,"repete, sobe 1",10,73,0.137
6/8,x___xx,♩ sc sc,ss,sobe por salto,d1d1,"desce 1, desce 1",10,73,0.137
6/8,x___xx,♩ sc sc,ss,sobe por salto,d2r,"desce 2, repete",6,73,0.0822
6/8,x___xx,♩ sc sc,ss,sobe por salto,rr,"repete, repete",6,73,0.0822
6/8,x___xx,♩ sc sc,ss,sobe por salto,s1s1,"sobe 1, sobe 1",5,73,0.0685
6/8,x___xx,♩ sc sc,ss,sobe por salto,d1s1,"desce 1, sobe 1",4,73,0.0548
6/8,x___xx,♩ sc sc,ss,sobe por salto,d2d2,"desce 2, desce 2",3,73,0.0411
6/8,x___xx,♩ sc sc,ss,sobe por salto,d3d1,"desce 3, desce 1",3,73,0.0411
6/8,x___xx,♩ sc sc,ss,sobe por salto,s1d1,"sobe 1, desce 1",2,73,0.0274
6/8,x___xx,♩ sc sc,ss,sobe por salto,s3s1,"sobe 3, sobe 1",2,73,0.0274
6/8,x___xx,♩ sc sc,ss,sobe por salto,s2d2,"sobe 2, desce 2",2,73,0.0274
6/8,x___xx,♩ sc sc,ss,sobe por salto,rs3,"repete, sobe 3",2,73,0.0274
6/8,x___xx,♩ sc sc,ss,sobe por salto,rd1,"repete, desce 1",2,73,0.0274
6/8,x___xx,♩ sc sc,ss,sobe por salto,d5r,"desce 5, repete",2,73,0.0274
6/8,x___xx,♩ sc sc,ss,sobe por salto,d1r,"desce 1, repete",2,73,0.0274
6/8,x___xx,♩ sc sc,ss,sobe por salto,d5s1,"desce 5, sobe 1",2,73,0.0274
6/8,x___xx,♩ sc sc,ss,sobe por salto,d2s1,"desce 2, sobe 1",2,73,0.0274
6/8,x___xx,♩ sc sc,dg,desce por grau,s1d1,"sobe 1, desce 1",20,203,0.0985
6/8,x___xx,♩ sc sc,dg,desce por grau,rs1,"repete, sobe 1",19,203,0.0936
6/8,x___xx,♩ sc sc,dg,desce por grau,s1s1,"sobe 1, sobe 1",16,203,0.0788
6/8,x___xx,♩ sc sc,dg,desce por grau,rr,"repete, repete",12,203,0.0591
6/8,x___xx,♩ sc sc,dg,desce por grau,d1s1,"desce 1, sobe 1",11,203,0.0542
6/8,x___xx,♩ sc sc,dg,desce por grau,s2s1,"sobe 2, sobe 1",10,203,0.0493
6/8,x___xx,♩ sc sc,dg,desce por grau,rs2,"repete, sobe 2",10,203,0.0493
6/8,x___xx,♩ sc sc,dg,desce por grau,s2d1,"sobe 2, desce 1",9,203,0.0443
6/8,x___xx,♩ sc sc,dg,desce por grau,rd1,"repete, desce 1",9,203,0.0443
6/8,x___xx,♩ sc sc,dg,desce por grau,d1s2,"desce 1, sobe 2",8,203,0.0394
6/8,x___xx,♩ sc sc,dg,desce por grau,s3d1,"sobe 3, desce 1",6,203,0.0296
6/8,x___xx,♩ sc sc,dg,desce por grau,s4s1,"sobe 4, sobe 1",6,203,0.0296
6/8,x___xx,♩ sc sc,dg,desce por grau,s5d1,"sobe 5, desce 1",6,203,0.0296
6/8,x___xx,♩ sc sc,dg,desce por grau,s3s1,"sobe 3, sobe 1",5,203,0.0246
6/8,x___xx,♩ sc sc,dg,desce por grau,s2r,"sobe 2, repete",5,203,0.0246
6/8,x___xx,♩ sc sc,dg,desce por grau,d2s1,"desce 2, sobe 1",4,203,0.0197
6/8,x___xx,♩ sc sc,dg,desce por grau,d2d2,"desce 2, desce 2",4,203,0.0197
6/8,x___xx,♩ sc sc,dg,desce por grau,s2d2,"sobe 2, desce 2",4,203,0.0197
6/8,x___xx,♩ sc sc,dg,desce por grau,s3r,"sobe 3, repete",3,203,0.0148
6/8,x___xx,♩ sc sc,dg,desce por grau,d1r,"desce 1, repete",3,203,0.0148
6/8,x___xx,♩ sc sc,dg,desce por grau,s5s1,"sobe 5, sobe 1",3,203,0.0148
6/8,x___xx,♩ sc sc,dg,desce por grau,d3d1,"desce 3, desce 1",2,203,0.0099
6/8,x___xx,♩ sc sc,dg,desce por grau,d1d1,"desce 1, desce 1",2,203,0.0099
6/8,x___xx,♩ sc sc,dg,desce por grau,s1s2,"sobe 1, sobe 2",2,203,0.0099
6/8,x___xx,♩ sc sc,dg,desce por grau,d2s2,"desce 2, sobe 2",2,203,0.0099
6/8,x___xx,♩ sc sc,dg,desce por grau,s4d1,"sobe 4, desce 1",2,203,0.0099
6/8,x___xx,♩ sc sc,dg,desce por grau,d2r,"desce 2, repete",2,203,0.0099
6/8,x___xx,♩ sc sc,dg,desce por grau,rs3,"repete, sobe 3",2,203,0.0099
6/8,x___xx,♩ sc sc,dg,desce por grau,s2s3,"sobe 2, sobe 3",2,203,0.0099
6/8,x___xx,♩ sc sc,dg,desce por grau,s3d2,"sobe 3, desce 2",2,203,0.0099
6/8,....xx,pausa ♩ sc sc,ss,sobe por salto,s1,sobe 1,14,34,0.4118
6/8,....xx,pausa ♩ sc sc,ss,sobe por salto,r,repete,7,34,0.2059
6/8,....xx,pausa ♩ sc sc,ss,sobe por salto,d1,desce 1,6,34,0.1765
6/8,....xx,pausa ♩ sc sc,ss,sobe por salto,d5,desce 5,3,34,0.0882
6/8,....xx,pausa ♩ sc sc,ss,sobe por salto,d3,desce 3,2,34,0.0588
6/8,x_xxx_,♪ sc sc ♪,ds,desce por salto,s2s1s1,"sobe 2, sobe 1, sobe 1",3,13,0.2308
6/8,x_xxx_,♪ sc sc ♪,ds,desce por salto,rs1s1,"repete, sobe 1, sobe 1",3,13,0.2308
6/8,x_xxx_,♪ sc sc ♪,ds,desce por salto,rrr,"repete, repete, repete",2,13,0.1538
6/8,x__xxx,♪. sc sc sc,dg,desce por grau,s1d1d1,"sobe 1, desce 1, desce 1",8,41,0.1951
6/8,x__xxx,♪. sc sc sc,dg,desce por grau,s2d1d1,"sobe 2, desce 1, desce 1",4,41,0.0976
6/8,x__xxx,♪. sc sc sc,dg,desce por grau,d1d1d1,"desce 1, desce 1, desce 1",4,41,0.0976
6/8,x__xxx,♪. sc sc sc,dg,desce por grau,d1s1s1,"desce 1, sobe 1, sobe 1",4,41,0.0976
6/8,x__xxx,♪. sc sc sc,dg,desce por grau,s1s1s1,"sobe 1, sobe 1, sobe 1",3,41,0.0732
6/8,x__xxx,♪. sc sc sc,dg,desce por grau,s1d2d2,"sobe 1, desce 2, desce 2",3,41,0.0732
6/8,x__xxx,♪. sc sc sc,dg,desce por grau,s1d2s1,"sobe 1, desce 2, sobe 1",2,41,0.0488
6/8,x__xxx,♪. sc sc sc,dg,desce por grau,d1d1s2,"desce 1, desce 1, sobe 2",2,41,0.0488
6/8,x__xxx,♪. sc sc sc,dg,desce por grau,s1s1d2,"sobe 1, sobe 1, desce 2",2,41,0.0488
6/8,x__xxx,♪. sc sc sc,dg,desce por grau,s2rs1,"sobe 2, repete, sobe 1",2,41,0.0488
6/8,x_xxxx,♪ sc sc sc sc,ss,sobe por salto,s2d1d1d1,"sobe 2, desce 1, desce 1, desce 1",7,27,0.2593
6/8,x_xxxx,♪ sc sc sc sc,ss,sobe por salto,s1d1d1d1,"sobe 1, desce 1, desce 1, desce 1",5,27,0.1852
6/8,x_xxxx,♪ sc sc sc sc,ss,sobe por salto,d1d1d1d1,"desce 1, desce 1, desce 1, desce 1",3,27,0.1111
6/8,x_xxxx,♪ sc sc sc sc,ss,sobe por salto,d2s1s1d2,"desce 2, sobe 1, sobe 1, desce 2",2,27,0.0741
6/8,x_xxxx,♪ sc sc sc sc,ss,sobe por salto,rs1d1d1,"repete, sobe 1, desce 1, desce 1",2,27,0.0741
6/8,x_xxxx,♪ sc sc sc sc,ss,sobe por salto,d2d1d1d1,"desce 2, desce 1, desce 1, desce 1",2,27,0.0741
6/8,x_xxxx,♪ sc sc sc sc,sg,sobe por grau,d2s1s1d2,"desce 2, sobe 1, sobe 1, desce 2",13,43,0.3023
6/8,x_xxxx,♪ sc sc sc sc,sg,sobe por grau,rs1s1s1,"repete, sobe 1, sobe 1, sobe 1",6,43,0.1395
6/8,x_xxxx,♪ sc sc sc sc,sg,sobe por grau,s1d1d1d1,"sobe 1, desce 1, desce 1, desce 1",5,43,0.1163
6/8,x_xxxx,♪ sc sc sc sc,sg,sobe por grau,d1d1d1d1,"desce 1, desce 1, desce 1, desce 1",3,43,0.0698
6/8,x_xxxx,♪ sc sc sc sc,sg,sobe por grau,rs1d1d1,"repete, sobe 1, desce 1, desce 1",3,43,0.0698
6/8,x_xxxx,♪ sc sc sc sc,sg,sobe por grau,s2d1d1d1,"sobe 2, desce 1, desce 1, desce 1",2,43,0.0465
6/8,x_x___,♪ ♩,ss,sobe por salto,r,repete,10,35,0.2857
6/8,x_x___,♪ ♩,ss,sobe por salto,d1,desce 1,8,35,0.2286
6/8,x_x___,♪ ♩,ss,sobe por salto,s3,sobe 3,5,35,0.1429
6/8,x_x___,♪ ♩,ss,sobe por salto,s2,sobe 2,4,35,0.1143
6/8,x_x___,♪ ♩,ss,sobe por salto,s1,sobe 1,3,35,0.0857
6/8,x_x___,♪ ♩,ss,sobe por salto,d2,desce 2,2,35,0.0571
6/8,x_x___,♪ ♩,ss,sobe por salto,d5,desce 5,2,35,0.0571
6/8,xx__x_,sc ♪. ♪,dg,desce por grau,d2r,"desce 2, repete",9,49,0.1837
6/8,xx__x_,sc ♪. ♪,dg,desce por grau,s2d2,"sobe 2, desce 2",9,49,0.1837
6/8,xx__x_,sc ♪. ♪,dg,desce por grau,s2d1,"sobe 2, desce 1",5,49,0.102
6/8,xx__x_,sc ♪. ♪,dg,desce por grau,d2d2,"desce 2, desce 2",3,49,0.0612
6/8,xx__x_,sc ♪. ♪,dg,desce por grau,s5d1,"sobe 5, desce 1",3,49,0.0612
6/8,xx__x_,sc ♪. ♪,dg,desce por grau,d2s3,"desce 2, sobe 3",3,49,0.0612
6/8,xx__x_,sc ♪. ♪,dg,desce por grau,d2s5,"desce 2, sobe 5",2,49,0.0408
6/8,xx__x_,sc ♪. ♪,dg,desce por grau,rd3,"repete, desce 3",2,49,0.0408
6/8,xx__x_,sc ♪. ♪,dg,desce por grau,s3d2,"sobe 3, desce 2",2,49,0.0408
6/8,xx__x_,sc ♪. ♪,dg,desce por grau,s4r,"sobe 4, repete",2,49,0.0408
6/8,xx__x_,sc ♪. ♪,dg,desce por grau,s1d1,"sobe 1, desce 1",2,49,0.0408
6/8,xx__x_,sc ♪. ♪,dg,desce por grau,s3d3,"sobe 3, desce 3",2,49,0.0408
6/8,__x_x_,(lig.) ♪ ♪ ♪,dg,desce por grau,d1,desce 1,41,67,0.6119
6/8,__x_x_,(lig.) ♪ ♪ ♪,dg,desce por grau,s1,sobe 1,9,67,0.1343
6/8,__x_x_,(lig.) ♪ ♪ ♪,dg,desce por grau,d2,desce 2,9,67,0.1343
6/8,__x_x_,(lig.) ♪ ♪ ♪,dg,desce por grau,s2,sobe 2,3,67,0.0448
6/8,__x_x_,(lig.) ♪ ♪ ♪,dg,desce por grau,r,repete,2,67,0.0299
6/8,x_x_..,♪ ♪ pausa ♪,ss,sobe por salto,d1,desce 1,14,18,0.7778
6/8,x_x_..,♪ ♪ pausa ♪,ss,sobe por salto,s2,sobe 2,2,18,0.1111
6/8,x_x_..,♪ ♪ pausa ♪,ds,desce por salto,d2,desce 2,7,18,0.3889
6/8,x_x_..,♪ ♪ pausa ♪,ds,desce por salto,r,repete,7,18,0.3889
6/8,x_x_..,♪ ♪ pausa ♪,ds,desce por salto,s2,sobe 2,2,18,0.1111
6/8,x_x_..,♪ ♪ pausa ♪,ds,desce por salto,s5,sobe 5,2,18,0.1111
6/8,x_x___,♪ ♩,ds,desce por salto,s2,sobe 2,8,38,0.2105
6/8,x_x___,♪ ♩,ds,desce por salto,d1,desce 1,8,38,0.2105
6/8,x_x___,♪ ♩,ds,desce por salto,r,repete,6,38,0.1579
6/8,x_x___,♪ ♩,ds,desce por salto,d2,desce 2,6,38,0.1579
6/8,x_x___,♪ ♩,ds,desce por salto,s1,sobe 1,5,38,0.1316
6/8,x_x___,♪ ♩,ds,desce por salto,s4,sobe 4,3,38,0.0789
6/8,x_x___,♪ ♩,ds,desce por salto,s3,sobe 3,2,38,0.0526
6/8,xx__x_,sc ♪. ♪,r,repete,s1d2,"sobe 1, desce 2",4,18,0.2222
6/8,xx__x_,sc ♪. ♪,r,repete,s2r,"sobe 2, repete",3,18,0.1667
6/8,xx__x_,sc ♪. ♪,r,repete,s3d1,"sobe 3, desce 1",2,18,0.1111
6/8,xx__x_,sc ♪. ♪,r,repete,s4d2,"sobe 4, desce 2",2,18,0.1111
6/8,x_x_xx,♪ ♪ sc sc,dg,desce por grau,rs1d1,"repete, sobe 1, desce 1",8,53,0.1509
6/8,x_x_xx,♪ ♪ sc sc,dg,desce por grau,s2d1d1,"sobe 2, desce 1, desce 1",5,53,0.0943
6/8,x_x_xx,♪ ♪ sc sc,dg,desce por grau,rrr,"repete, repete, repete",4,53,0.0755
6/8,x_x_xx,♪ ♪ sc sc,dg,desce por grau,d1d1r,"desce 1, desce 1, repete",3,53,0.0566
6/8,x_x_xx,♪ ♪ sc sc,dg,desce por grau,d2d1d2,"desce 2, desce 1, desce 2",3,53,0.0566
6/8,x_x_xx,♪ ♪ sc sc,dg,desce por grau,s1d1s1,"sobe 1, desce 1, sobe 1",2,53,0.0377
6/8,x_x_xx,♪ ♪ sc sc,dg,desce por grau,d1d1d1,"desce 1, desce 1, desce 1",2,53,0.0377
6/8,x_x_xx,♪ ♪ sc sc,dg,desce por grau,rs2s2,"repete, sobe 2, sobe 2",2,53,0.0377
6/8,x_x_xx,♪ ♪ sc sc,dg,desce por grau,rs2d2,"repete, sobe 2, desce 2",2,53,0.0377
6/8,x_x_xx,♪ ♪ sc sc,dg,desce por grau,s1s1s1,"sobe 1, sobe 1, sobe 1",2,53,0.0377
6/8,x_xxx_,♪ sc sc ♪,dg,desce por grau,rs1s1,"repete, sobe 1, sobe 1",4,15,0.2667
6/8,x_xxx_,♪ sc sc ♪,dg,desce por grau,rd2d1,"repete, desce 2, desce 1",3,15,0.2
6/8,x_xxx_,♪ sc sc ♪,dg,desce por grau,rrs4,"repete, repete, sobe 4",2,15,0.1333
6/8,x_x_xx,♪ ♪ sc sc,ds,desce por salto,rrr,"repete, repete, repete",5,34,0.1471
6/8,x_x_xx,♪ ♪ sc sc,ds,desce por salto,d2rs2,"desce 2, repete, sobe 2",4,34,0.1176
6/8,x_x_xx,♪ ♪ sc sc,ds,desce por salto,d1s1s1,"desce 1, sobe 1, sobe 1",4,34,0.1176
6/8,x_x_xx,♪ ♪ sc sc,ds,desce por salto,s3s2s2,"sobe 3, sobe 2, sobe 2",3,34,0.0882
6/8,x_x_xx,♪ ♪ sc sc,ds,desce por salto,s2s4d2,"sobe 2, sobe 4, desce 2",2,34,0.0588
6/8,x_x_xx,♪ ♪ sc sc,ds,desce por salto,s4d1d1,"sobe 4, desce 1, desce 1",2,34,0.0588
6/8,x_x_xx,♪ ♪ sc sc,ds,desce por salto,d2rs1,"desce 2, repete, sobe 1",2,34,0.0588
6/8,x_x_xx,♪ ♪ sc sc,ds,desce por salto,rs1s1,"repete, sobe 1, sobe 1",2,34,0.0588
6/8,x_xxx_,♪ sc sc ♪,sg,sobe por grau,s1d1d1,"sobe 1, desce 1, desce 1",5,15,0.3333
6/8,x_xxx_,♪ sc sc ♪,sg,sobe por grau,d2s1s1,"desce 2, sobe 1, sobe 1",2,15,0.1333
6/8,x_xxx_,♪ sc sc ♪,sg,sobe por grau,s1d1d2,"sobe 1, desce 1, desce 2",2,15,0.1333
6/8,x_xxx_,♪ sc sc ♪,sg,sobe por grau,s3s1s1,"sobe 3, sobe 1, sobe 1",2,15,0.1333
6/8,xx__x_,sc ♪. ♪,ds,desce por salto,d2r,"desce 2, repete",4,12,0.3333
6/8,xx__x_,sc ♪. ♪,ds,desce por salto,s2r,"sobe 2, repete",4,12,0.3333
6/8,xx__x_,sc ♪. ♪,ds,desce por salto,d1r,"desce 1, repete",4,12,0.3333
6/8,xxxxxx,sc sc sc sc sc sc,ss,sobe por salto,rs2d2rd1,"repete, sobe 2, desce 2, repete, desce 1",3,10,0.3
6/8,xxxxxx,sc sc sc sc sc sc,ss,sobe por salto,rrrd2r,"repete, repete, repete, desce 2, repete",2,10,0.2
6/8,xxxxxx,sc sc sc sc sc sc,ss,sobe por salto,d1d1d1d1d1,"desce 1, desce 1, desce 1, desce 1, desce 1",2,10,0.2
6/8,xxxxxx,sc sc sc sc sc sc,ss,sobe por salto,d1d1d1s1d2,"desce 1, desce 1, desce 1, sobe 1, desce 2",2,10,0.2
6/8,....xx,pausa ♩ sc sc,dg,desce por grau,s1,sobe 1,6,11,0.5455
6/8,....xx,pausa ♩ sc sc,dg,desce por grau,d1,desce 1,4,11,0.3636
6/8,x_..x_,♪ pausa ♪ ♪,dg,desce por grau,r,repete,18,57,0.3158
6/8,x_..x_,♪ pausa ♪ ♪,dg,desce por grau,s1,sobe 1,8,57,0.1404
6/8,x_..x_,♪ pausa ♪ ♪,dg,desce por grau,d1,desce 1,7,57,0.1228
6/8,x_..x_,♪ pausa ♪ ♪,dg,desce por grau,d4,desce 4,5,57,0.0877
6/8,x_..x_,♪ pausa ♪ ♪,dg,desce por grau,d3,desce 3,5,57,0.0877
6/8,x_..x_,♪ pausa ♪ ♪,dg,desce por grau,s2,sobe 2,5,57,0.0877
6/8,x_..x_,♪ pausa ♪ ♪,dg,desce por grau,d2,desce 2,4,57,0.0702
6/8,x_..x_,♪ pausa ♪ ♪,dg,desce por grau,s5,sobe 5,2,57,0.0351
6/8,x_..x_,♪ pausa ♪ ♪,dg,desce por grau,s4,sobe 4,2,57,0.0351
6/8,x_x_xx,♪ ♪ sc sc,ss,sobe por salto,s1d1d1,"sobe 1, desce 1, desce 1",3,28,0.1071
6/8,x_x_xx,♪ ♪ sc sc,ss,sobe por salto,rrr,"repete, repete, repete",3,28,0.1071
6/8,x_x_xx,♪ ♪ sc sc,ss,sobe por salto,d1s1s1,"desce 1, sobe 1, sobe 1",3,28,0.1071
6/8,x_x_xx,♪ ♪ sc sc,ss,sobe por salto,d1d1r,"desce 1, desce 1, repete",2,28,0.0714
6/8,x_x_xx,♪ ♪ sc sc,ss,sobe por salto,rs1d1,"repete, sobe 1, desce 1",2,28,0.0714
6/8,x_x_xx,♪ ♪ sc sc,ss,sobe por salto,rrd1,"repete, repete, desce 1",2,28,0.0714
6/8,x_x_xx,♪ ♪ sc sc,ss,sobe por salto,s1s1s1,"sobe 1, sobe 1, sobe 1",2,28,0.0714
6/8,x_x_..,♪ ♪ pausa ♪,dg,desce por grau,d2,desce 2,6,17,0.3529
6/8,x_x_..,♪ ♪ pausa ♪,dg,desce por grau,d1,desce 1,6,17,0.3529
6/8,x_x_..,♪ ♪ pausa ♪,dg,desce por grau,d3,desce 3,2,17,0.1176
6/8,x_x_..,♪ ♪ pausa ♪,dg,desce por grau,r,repete,2,17,0.1176
6/8,....xx,pausa ♩ sc sc,r,repete,s1,sobe 1,21,42,0.5
6/8,....xx,pausa ♩ sc sc,r,repete,r,repete,11,42,0.2619
6/8,....xx,pausa ♩ sc sc,r,repete,s2,sobe 2,7,42,0.1667
6/8,....xx,pausa ♩ sc sc,r,repete,d1,desce 1,3,42,0.0714
6/8,x_x_..,♪ ♪ pausa ♪,sg,sobe por grau,r,repete,16,39,0.4103
6/8,x_x_..,♪ ♪ pausa ♪,sg,sobe por grau,d2,desce 2,14,39,0.359
6/8,x_x_..,♪ ♪ pausa ♪,sg,sobe por grau,d1,desce 1,7,39,0.1795
6/8,x_x_..,♪ ♪ pausa ♪,sg,sobe por grau,s2,sobe 2,2,39,0.0513
6/8,....xx,pausa ♩ sc sc,ds,desce por salto,s2,sobe 2,20,49,0.4082
6/8,....xx,pausa ♩ sc sc,ds,desce por salto,s1,sobe 1,16,49,0.3265
6/8,....xx,pausa ♩ sc sc,ds,desce por salto,r,repete,11,49,0.2245
6/8,....xx,pausa ♩ sc sc,ds,desce por salto,s3,sobe 3,2,49,0.0408
6/8,x_x_..,♪ ♪ pausa ♪,r,repete,d1,desce 1,48,51,0.9412
6/8,x_x_..,♪ ♪ pausa ♪,r,repete,r,repete,3,51,0.0588
6/8,x_..x_,♪ pausa ♪ ♪,sg,sobe por grau,r,repete,8,21,0.381
6/8,x_..x_,♪ pausa ♪ ♪,sg,sobe por grau,s1,sobe 1,4,21,0.1905
6/8,x_..x_,♪ pausa ♪ ♪,sg,sobe por grau,d2,desce 2,2,21,0.0952
6/8,x_..x_,♪ pausa ♪ ♪,sg,sobe por grau,d1,desce 1,2,21,0.0952
6/8,x_..x_,♪ pausa ♪ ♪,sg,sobe por grau,s2,sobe 2,2,21,0.0952
6/8,x_..x_,♪ pausa ♪ ♪,ss,sobe por salto,r,repete,8,18,0.4444
6/8,x_..x_,♪ pausa ♪ ♪,ss,sobe por salto,d2,desce 2,5,18,0.2778
6/8,x_..x_,♪ pausa ♪ ♪,ss,sobe por salto,d3,desce 3,2,18,0.1111
6/8,x_..x_,♪ pausa ♪ ♪,ss,sobe por salto,s1,sobe 1,2,18,0.1111
6/8,x_..x_,♪ pausa ♪ ♪,ds,desce por salto,s2,sobe 2,15,49,0.3061
6/8,x_..x_,♪ pausa ♪ ♪,ds,desce por salto,r,repete,15,49,0.3061
6/8,x_..x_,♪ pausa ♪ ♪,ds,desce por salto,s1,sobe 1,5,49,0.102
6/8,x_..x_,♪ pausa ♪ ♪,ds,desce por salto,s5,sobe 5,5,49,0.102
6/8,x_..x_,♪ pausa ♪ ♪,ds,desce por salto,s4,sobe 4,3,49,0.0612
6/8,x_..x_,♪ pausa ♪ ♪,ds,desce por salto,d2,desce 2,3,49,0.0612
6/8,x_..x_,♪ pausa ♪ ♪,ds,desce por salto,s3,sobe 3,2,49,0.0408
6/8,x_..x_,♪ pausa ♪ ♪,r,repete,r,repete,26,55,0.4727
6/8,x_..x_,♪ pausa ♪ ♪,r,repete,s3,sobe 3,5,55,0.0909
6/8,x_..x_,♪ pausa ♪ ♪,r,repete,d2,desce 2,5,55,0.0909
6/8,x_..x_,♪ pausa ♪ ♪,r,repete,d3,desce 3,5,55,0.0909
6/8,x_..x_,♪ pausa ♪ ♪,r,repete,s2,sobe 2,4,55,0.0727
6/8,x_..x_,♪ pausa ♪ ♪,r,repete,d1,desce 1,3,55,0.0545
6/8,x_..x_,♪ pausa ♪ ♪,r,repete,d4,desce 4,2,55,0.0364
6/8,x_..x_,♪ pausa ♪ ♪,r,repete,s1,sobe 1,2,55,0.0364
6/8,x_..x_,♪ pausa ♪ ♪,r,repete,s4,sobe 4,2,55,0.0364
6/8,____xx,(lig.) ♩ sc sc,r,repete,s1,sobe 1,7,10,0.7
6/8,____xx,(lig.) ♩ sc sc,r,repete,d1,desce 1,2,10,0.2
6/8,xxxxxx,sc sc sc sc sc sc,dg,desce por grau,d1s1d1d1d1,"desce 1, sobe 1, desce 1, desce 1, desce 1",4,13,0.3077
6/8,xxxxxx,sc sc sc sc sc sc,dg,desce por grau,d1d1d1d2s2,"desce 1, desce 1, desce 1, desce 2, sobe 2",3,13,0.2308
6/8,xxxxxx,sc sc sc sc sc sc,dg,desce por grau,d1d1d1d1d1,"desce 1, desce 1, desce 1, desce 1, desce 1",2,13,0.1538
6/8,xx__x_,sc ♪. ♪,ss,sobe por salto,s2d2,"sobe 2, desce 2",5,18,0.2778
6/8,xx__x_,sc ♪. ♪,ss,sobe por salto,s2d5,"sobe 2, desce 5",5,18,0.2778
6/8,xx__x_,sc ♪. ♪,ss,sobe por salto,s1d1,"sobe 1, desce 1",3,18,0.1667
6/8,_x_x_x,(lig.) sc ♪ ♪ sc,dg,desce por grau,d1s1,"desce 1, sobe 1",3,13,0.2308
6/8,_x_x_x,(lig.) sc ♪ ♪ sc,dg,desce por grau,d1d1,"desce 1, desce 1",3,13,0.2308
6/8,_x_x_x,(lig.) sc ♪ ♪ sc,dg,desce por grau,d1d3,"desce 1, desce 3",2,13,0.1538
6/8,xxxxxx,sc sc sc sc sc sc,sg,sobe por grau,d1s1s1s1d2,"desce 1, sobe 1, sobe 1, sobe 1, desce 2",3,12,0.25
6/8,xxxxxx,sc sc sc sc sc sc,sg,sobe por grau,s1s1s1s1s1,"sobe 1, sobe 1, sobe 1, sobe 1, sobe 1",3,12,0.25
6/8,xxxxxx,sc sc sc sc sc sc,sg,sobe por grau,s1s1d1d1d1,"sobe 1, sobe 1, desce 1, desce 1, desce 1",2,12,0.1667
9/8,x_x_x_,♪ ♪ ♪,ss,sobe por salto,d1d1,"desce 1, desce 1",103,626,0.1645
9/8,x_x_x_,♪ ♪ ♪,ss,sobe por salto,s1s1,"sobe 1, sobe 1",100,626,0.1597
9/8,x_x_x_,♪ ♪ ♪,ss,sobe por salto,d2d2,"desce 2, desce 2",94,626,0.1502
9/8,x_x_x_,♪ ♪ ♪,ss,sobe por salto,d3d2,"desce 3, desce 2",54,626,0.0863
9/8,x_x_x_,♪ ♪ ♪,ss,sobe por salto,d1s1,"desce 1, sobe 1",54,626,0.0863
9/8,x_x_x_,♪ ♪ ♪,ss,sobe por salto,d2s2,"desce 2, sobe 2",27,626,0.0431
9/8,x_x_x_,♪ ♪ ♪,ss,sobe por salto,s1d1,"sobe 1, desce 1",26,626,0.0415
9/8,x_x_x_,♪ ♪ ♪,ss,sobe por salto,d2r,"desce 2, repete",20,626,0.0319
9/8,x_x_x_,♪ ♪ ♪,ss,sobe por salto,d2d1,"desce 2, desce 1",20,626,0.0319
9/8,x_x_x_,♪ ♪ ♪,ss,sobe por salto,s2d2,"sobe 2, desce 2",18,626,0.0288
9/8,x_x_x_,♪ ♪ ♪,ss,sobe por salto,d4r,"desce 4, repete",16,626,0.0256
9/8,x_x_x_,♪ ♪ ♪,ss,sobe por salto,d5r,"desce 5, repete",15,626,0.024
9/8,x_x_x_,♪ ♪ ♪,ss,sobe por salto,rs1,"repete, sobe 1",8,626,0.0128
9/8,x_x_x_,♪ ♪ ♪,ss,sobe por salto,d3d1,"desce 3, desce 1",7,626,0.0112
9/8,x_x_x_,♪ ♪ ♪,ss,sobe por salto,d4s4,"desce 4, sobe 4",6,626,0.0096
9/8,x_x_x_,♪ ♪ ♪,ss,sobe por salto,s2s1,"sobe 2, sobe 1",5,626,0.008
9/8,x_x_x_,♪ ♪ ♪,ss,sobe por salto,s1d2,"sobe 1, desce 2",5,626,0.008
9/8,x_x_x_,♪ ♪ ♪,ss,sobe por salto,d5d2,"desce 5, desce 2",5,626,0.008
9/8,x_x_x_,♪ ♪ ♪,ss,sobe por salto,s3d2,"sobe 3, desce 2",5,626,0.008
9/8,x_x_x_,♪ ♪ ♪,ss,sobe por salto,s3r,"sobe 3, repete",4,626,0.0064
9/8,x_x_x_,♪ ♪ ♪,ss,sobe por salto,d1d2,"desce 1, desce 2",4,626,0.0064
9/8,x_x_x_,♪ ♪ ♪,ss,sobe por salto,rr,"repete, repete",4,626,0.0064
9/8,x_x_x_,♪ ♪ ♪,ss,sobe por salto,rd1,"repete, desce 1",4,626,0.0064
9/8,x_x_x_,♪ ♪ ♪,ss,sobe por salto,s2s3,"sobe 2, sobe 3",3,626,0.0048
9/8,x_x_x_,♪ ♪ ♪,ss,sobe por salto,s2s2,"sobe 2, sobe 2",3,626,0.0048
9/8,x_x_x_,♪ ♪ ♪,ss,sobe por salto,s2r,"sobe 2, repete",3,626,0.0048
9/8,x_x_x_,♪ ♪ ♪,ss,sobe por salto,s2d1,"sobe 2, desce 1",3,626,0.0048
9/8,x_x_x_,♪ ♪ ♪,ss,sobe por salto,d3s3,"desce 3, sobe 3",2,626,0.0032
9/8,x_x_x_,♪ ♪ ♪,ss,sobe por salto,d5s1,"desce 5, sobe 1",2,626,0.0032
9/8,x_x_x_,♪ ♪ ♪,ss,sobe por salto,rs3,"repete, sobe 3",2,626,0.0032
9/8,x_x_x_,♪ ♪ ♪,r,repete,s1d1,"sobe 1, desce 1",65,477,0.1363
9/8,x_x_x_,♪ ♪ ♪,r,repete,s1s1,"sobe 1, sobe 1",55,477,0.1153
9/8,x_x_x_,♪ ♪ ♪,r,repete,d1s1,"desce 1, sobe 1",50,477,0.1048
9/8,x_x_x_,♪ ♪ ♪,r,repete,d1d1,"desce 1, desce 1",39,477,0.0818
9/8,x_x_x_,♪ ♪ ♪,r,repete,d2s2,"desce 2, sobe 2",36,477,0.0755
9/8,x_x_x_,♪ ♪ ♪,r,repete,s1d2,"sobe 1, desce 2",36,477,0.0755
9/8,x_x_x_,♪ ♪ ♪,r,repete,d2d2,"desce 2, desce 2",31,477,0.065
9/8,x_x_x_,♪ ♪ ♪,r,repete,s2d2,"sobe 2, desce 2",31,477,0.065
9/8,x_x_x_,♪ ♪ ♪,r,repete,s1s2,"sobe 1, sobe 2",22,477,0.0461
9/8,x_x_x_,♪ ♪ ♪,r,repete,s2s2,"sobe 2, sobe 2",17,477,0.0356
9/8,x_x_x_,♪ ♪ ♪,r,repete,s5d2,"sobe 5, desce 2",14,477,0.0294
9/8,x_x_x_,♪ ♪ ♪,r,repete,d1d2,"desce 1, desce 2",14,477,0.0294
9/8,x_x_x_,♪ ♪ ♪,r,repete,d3s3,"desce 3, sobe 3",11,477,0.0231
9/8,x_x_x_,♪ ♪ ♪,r,repete,d3d2,"desce 3, desce 2",11,477,0.0231
9/8,x_x_x_,♪ ♪ ♪,r,repete,s2s1,"sobe 2, sobe 1",8,477,0.0168
9/8,x_x_x_,♪ ♪ ♪,r,repete,d2s3,"desce 2, sobe 3",7,477,0.0147
9/8,x_x_x_,♪ ♪ ♪,r,repete,d3d1,"desce 3, desce 1",6,477,0.0126
9/8,x_x_x_,♪ ♪ ♪,r,repete,d4s4,"desce 4, sobe 4",6,477,0.0126
9/8,x_x_x_,♪ ♪ ♪,r,repete,s3d5,"sobe 3, desce 5",4,477,0.0084
9/8,x_x_x_,♪ ♪ ♪,r,repete,d3s2,"desce 3, sobe 2",3,477,0.0063
9/8,x_x_x_,♪ ♪ ♪,r,repete,s1d3,"sobe 1, desce 3",3,477,0.0063
9/8,x_x_x_,♪ ♪ ♪,r,repete,s4d1,"sobe 4, desce 1",2,477,0.0042
9/8,x_x_x_,♪ ♪ ♪,r,repete,s3d2,"sobe 3, desce 2",2,477,0.0042
9/8,x___x_,♩ ♪,r,repete,s1,sobe 1,68,294,0.2313
9/8,x___x_,♩ ♪,r,repete,d1,desce 1,57,294,0.1939
9/8,x___x_,♩ ♪,r,repete,s2,sobe 2,43,294,0.1463
9/8,x___x_,♩ ♪,r,repete,d2,desce 2,33,294,0.1122
9/8,x___x_,♩ ♪,r,repete,s5,sobe 5,23,294,0.0782
9/8,x___x_,♩ ♪,r,repete,s3,sobe 3,19,294,0.0646
9/8,x___x_,♩ ♪,r,repete,s4,sobe 4,19,294,0.0646
9/8,x___x_,♩ ♪,r,repete,r,repete,13,294,0.0442
9/8,x___x_,♩ ♪,r,repete,d3,desce 3,10,294,0.034
9/8,x___x_,♩ ♪,r,repete,d5,desce 5,5,294,0.017
9/8,x___x_,♩ ♪,r,repete,d4,desce 4,4,294,0.0136
9/8,x_x_x_,♪ ♪ ♪,dg,desce por grau,d1d1,"desce 1, desce 1",231,728,0.3173
9/8,x_x_x_,♪ ♪ ♪,dg,desce por grau,d2d2,"desce 2, desce 2",148,728,0.2033
9/8,x_x_x_,♪ ♪ ♪,dg,desce por grau,s1s1,"sobe 1, sobe 1",63,728,0.0865
9/8,x_x_x_,♪ ♪ ♪,dg,desce por grau,d2s2,"desce 2, sobe 2",57,728,0.0783
9/8,x_x_x_,♪ ♪ ♪,dg,desce por grau,d2d1,"desce 2, desce 1",44,728,0.0604
9/8,x_x_x_,♪ ♪ ♪,dg,desce por grau,s1d1,"sobe 1, desce 1",24,728,0.033
9/8,x_x_x_,♪ ♪ ♪,dg,desce por grau,d1s1,"desce 1, sobe 1",20,728,0.0275
9/8,x_x_x_,♪ ♪ ♪,dg,desce por grau,s1d2,"sobe 1, desce 2",18,728,0.0247
9/8,x_x_x_,♪ ♪ ♪,dg,desce por grau,s2d2,"sobe 2, desce 2",18,728,0.0247
9/8,x_x_x_,♪ ♪ ♪,dg,desce por grau,d1d2,"desce 1, desce 2",16,728,0.022
9/8,x_x_x_,♪ ♪ ♪,dg,desce por grau,s2d1,"sobe 2, desce 1",15,728,0.0206
9/8,x_x_x_,♪ ♪ ♪,dg,desce por grau,s2s2,"sobe 2, sobe 2",10,728,0.0137
9/8,x_x_x_,♪ ♪ ♪,dg,desce por grau,d1s2,"desce 1, sobe 2",7,728,0.0096
9/8,x_x_x_,♪ ♪ ♪,dg,desce por grau,rr,"repete, repete",5,728,0.0069
9/8,x_x_x_,♪ ♪ ♪,dg,desce por grau,d2s4,"desce 2, sobe 4",5,728,0.0069
9/8,x_x_x_,♪ ♪ ♪,dg,desce por grau,d2r,"desce 2, repete",5,728,0.0069
9/8,x_x_x_,♪ ♪ ♪,dg,desce por grau,s2r,"sobe 2, repete",5,728,0.0069
9/8,x_x_x_,♪ ♪ ♪,dg,desce por grau,d1r,"desce 1, repete",4,728,0.0055
9/8,x_x_x_,♪ ♪ ♪,dg,desce por grau,d2s1,"desce 2, sobe 1",4,728,0.0055
9/8,x_x_x_,♪ ♪ ♪,dg,desce por grau,d2s5,"desce 2, sobe 5",3,728,0.0041
9/8,x_x_x_,♪ ♪ ♪,dg,desce por grau,d3d2,"desce 3, desce 2",3,728,0.0041
9/8,x_x_x_,♪ ♪ ♪,dg,desce por grau,d1s3,"desce 1, sobe 3",3,728,0.0041
9/8,x_x_x_,♪ ♪ ♪,dg,desce por grau,s1s2,"sobe 1, sobe 2",3,728,0.0041
9/8,x_x_x_,♪ ♪ ♪,dg,desce por grau,d2s3,"desce 2, sobe 3",3,728,0.0041
9/8,x_x_x_,♪ ♪ ♪,dg,desce por grau,rs4,"repete, sobe 4",2,728,0.0027
9/8,x_x_x_,♪ ♪ ♪,dg,desce por grau,d1s5,"desce 1, sobe 5",2,728,0.0027
9/8,x_x_x_,♪ ♪ ♪,dg,desce por grau,s3r,"sobe 3, repete",2,728,0.0027
9/8,x_x_x_,♪ ♪ ♪,ds,desce por salto,s1s1,"sobe 1, sobe 1",58,342,0.1696
9/8,x_x_x_,♪ ♪ ♪,ds,desce por salto,d2s2,"desce 2, sobe 2",49,342,0.1433
9/8,x_x_x_,♪ ♪ ♪,ds,desce por salto,s1d1,"sobe 1, desce 1",34,342,0.0994
9/8,x_x_x_,♪ ♪ ♪,ds,desce por salto,d1d1,"desce 1, desce 1",26,342,0.076
9/8,x_x_x_,♪ ♪ ♪,ds,desce por salto,d2d2,"desce 2, desce 2",22,342,0.0643
9/8,x_x_x_,♪ ♪ ♪,ds,desce por salto,d1d2,"desce 1, desce 2",20,342,0.0585
9/8,x_x_x_,♪ ♪ ♪,ds,desce por salto,s2d2,"sobe 2, desce 2",17,342,0.0497
9/8,x_x_x_,♪ ♪ ♪,ds,desce por salto,s3r,"sobe 3, repete",15,342,0.0439
9/8,x_x_x_,♪ ♪ ♪,ds,desce por salto,d2r,"desce 2, repete",14,342,0.0409
9/8,x_x_x_,♪ ♪ ♪,ds,desce por salto,s2s2,"sobe 2, sobe 2",14,342,0.0409
9/8,x_x_x_,♪ ♪ ♪,ds,desce por salto,rs4,"repete, sobe 4",7,342,0.0205
9/8,x_x_x_,♪ ♪ ♪,ds,desce por salto,s2r,"sobe 2, repete",7,342,0.0205
9/8,x_x_x_,♪ ♪ ♪,ds,desce por salto,rr,"repete, repete",6,342,0.0175
9/8,x_x_x_,♪ ♪ ♪,ds,desce por salto,d2s1,"desce 2, sobe 1",6,342,0.0175
9/8,x_x_x_,♪ ♪ ♪,ds,desce por salto,s1d2,"sobe 1, desce 2",5,342,0.0146
9/8,x_x_x_,♪ ♪ ♪,ds,desce por salto,d2d1,"desce 2, desce 1",4,342,0.0117
9/8,x_x_x_,♪ ♪ ♪,ds,desce por salto,d3s3,"desce 3, sobe 3",4,342,0.0117
9/8,x_x_x_,♪ ♪ ♪,ds,desce por salto,s2s1,"sobe 2, sobe 1",4,342,0.0117
9/8,x_x_x_,♪ ♪ ♪,ds,desce por salto,s3s2,"sobe 3, sobe 2",4,342,0.0117
9/8,x_x_x_,♪ ♪ ♪,ds,desce por salto,d1s1,"desce 1, sobe 1",4,342,0.0117
9/8,x_x_x_,♪ ♪ ♪,ds,desce por salto,d2s4,"desce 2, sobe 4",3,342,0.0088
9/8,x_x_x_,♪ ♪ ♪,ds,desce por salto,rs2,"repete, sobe 2",3,342,0.0088
9/8,x_x_x_,♪ ♪ ♪,ds,desce por salto,s1r,"sobe 1, repete",3,342,0.0088
9/8,x_x_x_,♪ ♪ ♪,ds,desce por salto,s5d2,"sobe 5, desce 2",2,342,0.0058
9/8,x_x_x_,♪ ♪ ♪,ds,desce por salto,rs1,"repete, sobe 1",2,342,0.0058
9/8,x_x_x_,♪ ♪ ♪,ds,desce por salto,s3s1,"sobe 3, sobe 1",2,342,0.0058
9/8,x_x_x_,♪ ♪ ♪,ds,desce por salto,s3d1,"sobe 3, desce 1",2,342,0.0058
9/8,x___x_,♩ ♪,dg,desce por grau,d2,desce 2,88,281,0.3132
9/8,x___x_,♩ ♪,dg,desce por grau,s1,sobe 1,52,281,0.1851
9/8,x___x_,♩ ♪,dg,desce por grau,d1,desce 1,44,281,0.1566
9/8,x___x_,♩ ♪,dg,desce por grau,s2,sobe 2,42,281,0.1495
9/8,x___x_,♩ ♪,dg,desce por grau,s3,sobe 3,17,281,0.0605
9/8,x___x_,♩ ♪,dg,desce por grau,s5,sobe 5,13,281,0.0463
9/8,x___x_,♩ ♪,dg,desce por grau,r,repete,11,281,0.0391
9/8,x___x_,♩ ♪,dg,desce por grau,d4,desce 4,7,281,0.0249
9/8,x___x_,♩ ♪,dg,desce por grau,d3,desce 3,6,281,0.0214
9/8,x_x_x_,♪ ♪ ♪,sg,sobe por grau,s1s1,"sobe 1, sobe 1",138,638,0.2163
9/8,x_x_x_,♪ ♪ ♪,sg,sobe por grau,d1d1,"desce 1, desce 1",125,638,0.1959
9/8,x_x_x_,♪ ♪ ♪,sg,sobe por grau,d2d2,"desce 2, desce 2",81,638,0.127
9/8,x_x_x_,♪ ♪ ♪,sg,sobe por grau,s1d1,"sobe 1, desce 1",58,638,0.0909
9/8,x_x_x_,♪ ♪ ♪,sg,sobe por grau,d1s1,"desce 1, sobe 1",31,638,0.0486
9/8,x_x_x_,♪ ♪ ♪,sg,sobe por grau,d1d2,"desce 1, desce 2",29,638,0.0455
9/8,x_x_x_,♪ ♪ ♪,sg,sobe por grau,s1d2,"sobe 1, desce 2",23,638,0.0361
9/8,x_x_x_,♪ ♪ ♪,sg,sobe por grau,d2s2,"desce 2, sobe 2",22,638,0.0345
9/8,x_x_x_,♪ ♪ ♪,sg,sobe por grau,s2d2,"sobe 2, desce 2",18,638,0.0282
9/8,x_x_x_,♪ ♪ ♪,sg,sobe por grau,d2r,"desce 2, repete",17,638,0.0266
9/8,x_x_x_,♪ ♪ ♪,sg,sobe por grau,s1s2,"sobe 1, sobe 2",14,638,0.0219
9/8,x_x_x_,♪ ♪ ♪,sg,sobe por grau,d4r,"desce 4, repete",11,638,0.0172
9/8,x_x_x_,♪ ♪ ♪,sg,sobe por grau,d2d1,"desce 2, desce 1",10,638,0.0157
9/8,x_x_x_,♪ ♪ ♪,sg,sobe por grau,d3d1,"desce 3, desce 1",8,638,0.0125
9/8,x_x_x_,♪ ♪ ♪,sg,sobe por grau,s3r,"sobe 3, repete",8,638,0.0125
9/8,x_x_x_,♪ ♪ ♪,sg,sobe por grau,d3d2,"desce 3, desce 2",7,638,0.011
9/8,x_x_x_,♪ ♪ ♪,sg,sobe por grau,s3d1,"sobe 3, desce 1",4,638,0.0063
9/8,x_x_x_,♪ ♪ ♪,sg,sobe por grau,d2s1,"desce 2, sobe 1",4,638,0.0063
9/8,x_x_x_,♪ ♪ ♪,sg,sobe por grau,s2s1,"sobe 2, sobe 1",3,638,0.0047
9/8,x_x_x_,♪ ♪ ♪,sg,sobe por grau,rs1,"repete, sobe 1",3,638,0.0047
9/8,x_x_x_,♪ ♪ ♪,sg,sobe por grau,d1s2,"desce 1, sobe 2",3,638,0.0047
9/8,x_x_x_,♪ ♪ ♪,sg,sobe por grau,d1r,"desce 1, repete",3,638,0.0047
9/8,x_x_x_,♪ ♪ ♪,sg,sobe por grau,d3s3,"desce 3, sobe 3",3,638,0.0047
9/8,x_x_x_,♪ ♪ ♪,sg,sobe por grau,rd1,"repete, desce 1",3,638,0.0047
9/8,x_x_x_,♪ ♪ ♪,sg,sobe por grau,s1r,"sobe 1, repete",2,638,0.0031
9/8,x_x_x_,♪ ♪ ♪,sg,sobe por grau,s1d5,"sobe 1, desce 5",2,638,0.0031
9/8,x_x_x_,♪ ♪ ♪,sg,sobe por grau,d3r,"desce 3, repete",2,638,0.0031
9/8,x_x_x_,♪ ♪ ♪,0,—,s1d1,"sobe 1, desce 1",9,30,0.3
9/8,x_x_x_,♪ ♪ ♪,0,—,s1s1,"sobe 1, sobe 1",4,30,0.1333
9/8,x_x_x_,♪ ♪ ♪,0,—,d2d2,"desce 2, desce 2",4,30,0.1333
9/8,x_x_x_,♪ ♪ ♪,0,—,rr,"repete, repete",3,30,0.1
9/8,x_x_x_,♪ ♪ ♪,0,—,s2s2,"sobe 2, sobe 2",2,30,0.0667
9/8,x_x_x_,♪ ♪ ♪,0,—,s3r,"sobe 3, repete",2,30,0.0667
9/8,x_x_x_,♪ ♪ ♪,0,—,d1s1,"desce 1, sobe 1",2,30,0.0667
9/8,x___x_,♩ ♪,sg,sobe por grau,d2,desce 2,116,422,0.2749
9/8,x___x_,♩ ♪,sg,sobe por grau,s1,sobe 1,68,422,0.1611
9/8,x___x_,♩ ♪,sg,sobe por grau,d1,desce 1,66,422,0.1564
9/8,x___x_,♩ ♪,sg,sobe por grau,s2,sobe 2,54,422,0.128
9/8,x___x_,♩ ♪,sg,sobe por grau,r,repete,41,422,0.0972
9/8,x___x_,♩ ♪,sg,sobe por grau,s3,sobe 3,25,422,0.0592
9/8,x___x_,♩ ♪,sg,sobe por grau,d3,desce 3,16,422,0.0379
9/8,x___x_,♩ ♪,sg,sobe por grau,d4,desce 4,12,422,0.0284
9/8,x___x_,♩ ♪,sg,sobe por grau,d5,desce 5,11,422,0.0261
9/8,x___x_,♩ ♪,sg,sobe por grau,s5,sobe 5,8,422,0.019
9/8,x___x_,♩ ♪,sg,sobe por grau,s4,sobe 4,5,422,0.0118
9/8,xxx_x_,sc sc ♪ ♪,dg,desce por grau,s1s1d2,"sobe 1, sobe 1, desce 2",15,18,0.8333
9/8,xxx_x_,sc sc ♪ ♪,sg,sobe por grau,s1s1d2,"sobe 1, sobe 1, desce 2",19,22,0.8636
9/8,x___x_,♩ ♪,0,—,d2,desce 2,12,44,0.2727
9/8,x___x_,♩ ♪,0,—,s2,sobe 2,8,44,0.1818
9/8,x___x_,♩ ♪,0,—,r,repete,6,44,0.1364
9/8,x___x_,♩ ♪,0,—,d1,desce 1,6,44,0.1364
9/8,x___x_,♩ ♪,0,—,d4,desce 4,3,44,0.0682
9/8,x___x_,♩ ♪,0,—,s3,sobe 3,3,44,0.0682
9/8,x___x_,♩ ♪,0,—,d3,desce 3,3,44,0.0682
9/8,x___x_,♩ ♪,0,—,s1,sobe 1,2,44,0.0455
9/8,x___x_,♩ ♪,ss,sobe por salto,d2,desce 2,84,301,0.2791
9/8,x___x_,♩ ♪,ss,sobe por salto,r,repete,54,301,0.1794
9/8,x___x_,♩ ♪,ss,sobe por salto,s3,sobe 3,31,301,0.103
9/8,x___x_,♩ ♪,ss,sobe por salto,s2,sobe 2,29,301,0.0963
9/8,x___x_,♩ ♪,ss,sobe por salto,s1,sobe 1,28,301,0.093
9/8,x___x_,♩ ♪,ss,sobe por salto,d3,desce 3,26,301,0.0864
9/8,x___x_,♩ ♪,ss,sobe por salto,d4,desce 4,16,301,0.0532
9/8,x___x_,♩ ♪,ss,sobe por salto,d1,desce 1,15,301,0.0498
9/8,x___x_,♩ ♪,ss,sobe por salto,d5,desce 5,11,301,0.0365
9/8,x___x_,♩ ♪,ss,sobe por salto,s5,sobe 5,7,301,0.0233
9/8,x___x_,♩ ♪,ds,desce por salto,s2,sobe 2,52,238,0.2185
9/8,x___x_,♩ ♪,ds,desce por salto,s5,sobe 5,45,238,0.1891
9/8,x___x_,♩ ♪,ds,desce por salto,s1,sobe 1,43,238,0.1807
9/8,x___x_,♩ ♪,ds,desce por salto,s4,sobe 4,26,238,0.1092
9/8,x___x_,♩ ♪,ds,desce por salto,r,repete,22,238,0.0924
9/8,x___x_,♩ ♪,ds,desce por salto,s3,sobe 3,20,238,0.084
9/8,x___x_,♩ ♪,ds,desce por salto,d2,desce 2,17,238,0.0714
9/8,x___x_,♩ ♪,ds,desce por salto,d1,desce 1,13,238,0.0546
9/8,xxx_x_,sc sc ♪ ♪,ss,sobe por salto,s1s1d2,"sobe 1, sobe 1, desce 2",31,39,0.7949
9/8,xxx_x_,sc sc ♪ ♪,ss,sobe por salto,s1s1d1,"sobe 1, sobe 1, desce 1",3,39,0.0769
9/8,xxx_x_,sc sc ♪ ♪,ss,sobe por salto,s1s1r,"sobe 1, sobe 1, repete",3,39,0.0769
9/8,x__xx_,♪. sc ♪,ds,desce por salto,s1d1,"sobe 1, desce 1",7,13,0.5385
9/8,x__xx_,♪. sc ♪,ds,desce por salto,d1d1,"desce 1, desce 1",3,13,0.2308
9/8,x__xx_,♪. sc ♪,ds,desce por salto,s2s2,"sobe 2, sobe 2",2,13,0.1538
9/8,x__xx_,♪. sc ♪,dg,desce por grau,d1d1,"desce 1, desce 1",5,11,0.4545
9/8,x__xx_,♪. sc ♪,dg,desce por grau,s1s1,"sobe 1, sobe 1",3,11,0.2727
9/8,x___xx,♩ sc sc,sg,sobe por grau,s5d1,"sobe 5, desce 1",3,14,0.2143
9/8,x___xx,♩ sc sc,sg,sobe por grau,d1s1,"desce 1, sobe 1",3,14,0.2143
9/8,x___xx,♩ sc sc,sg,sobe por grau,rs1,"repete, sobe 1",2,14,0.1429
9/8,x__xx_,♪. sc ♪,ss,sobe por salto,s1d1,"sobe 1, desce 1",9,23,0.3913
9/8,x__xx_,♪. sc ♪,ss,sobe por salto,d2d1,"desce 2, desce 1",6,23,0.2609
9/8,x__xx_,♪. sc ♪,ss,sobe por salto,s1s1,"sobe 1, sobe 1",3,23,0.1304
9/8,x__xx_,♪. sc ♪,ss,sobe por salto,d3s3,"desce 3, sobe 3",2,23,0.087
9/8,x__xx_,♪. sc ♪,ss,sobe por salto,s2s2,"sobe 2, sobe 2",2,23,0.087
9/8,x__xx_,♪. sc ♪,r,repete,s1d1,"sobe 1, desce 1",5,19,0.2632
9/8,x__xx_,♪. sc ♪,r,repete,s2s2,"sobe 2, sobe 2",5,19,0.2632
9/8,x__xx_,♪. sc ♪,r,repete,d1d1,"desce 1, desce 1",3,19,0.1579
9/8,x__xx_,♪. sc ♪,r,repete,d2d2,"desce 2, desce 2",2,19,0.1053
9/8,x__xx_,♪. sc ♪,sg,sobe por grau,s1s1,"sobe 1, sobe 1",9,14,0.6429
9/8,x__xx_,♪. sc ♪,sg,sobe por grau,d1d2,"desce 1, desce 2",3,14,0.2143
9/8,x__xx_,♪. sc ♪,sg,sobe por grau,s1d1,"sobe 1, desce 1",2,14,0.1429
9/8,__x_x_,(lig.) ♪ ♪ ♪,ds,desce por salto,r,repete,8,18,0.4444
9/8,__x_x_,(lig.) ♪ ♪ ♪,ds,desce por salto,s2,sobe 2,5,18,0.2778
9/8,__x_x_,(lig.) ♪ ♪ ♪,ds,desce por salto,s3,sobe 3,2,18,0.1111
9/8,__x_x_,(lig.) ♪ ♪ ♪,ds,desce por salto,s1,sobe 1,2,18,0.1111
9/8,__x_x_,(lig.) ♪ ♪ ♪,sg,sobe por grau,s1,sobe 1,12,14,0.8571
9/8,x_..x_,♪ pausa ♪ ♪,sg,sobe por grau,d2,desce 2,4,11,0.3636
9/8,x_..x_,♪ pausa ♪ ♪,sg,sobe por grau,s1,sobe 1,2,11,0.1818
9/8,x_..x_,♪ pausa ♪ ♪,sg,sobe por grau,s3,sobe 3,2,11,0.1818
12/8,x___x_,♩ ♪,ss,sobe por salto,d2,desce 2,7,14,0.5
12/8,x___x_,♩ ♪,ss,sobe por salto,d1,desce 1,3,14,0.2143
12/8,x___x_,♩ ♪,ss,sobe por salto,s1,sobe 1,2,14,0.1429
12/8,x___x_,♩ ♪,sg,sobe por grau,d2,desce 2,7,17,0.4118
12/8,x___x_,♩ ♪,sg,sobe por grau,s1,sobe 1,3,17,0.1765
12/8,x___x_,♩ ♪,sg,sobe por grau,d1,desce 1,3,17,0.1765
12/8,x_x_x_,♪ ♪ ♪,sg,sobe por grau,d2d2,"desce 2, desce 2",6,33,0.1818
12/8,x_x_x_,♪ ♪ ♪,sg,sobe por grau,s1s1,"sobe 1, sobe 1",5,33,0.1515
12/8,x_x_x_,♪ ♪ ♪,sg,sobe por grau,s1d1,"sobe 1, desce 1",5,33,0.1515
12/8,x_x_x_,♪ ♪ ♪,sg,sobe por grau,d1d1,"desce 1, desce 1",4,33,0.1212
12/8,x_x_x_,♪ ♪ ♪,sg,sobe por grau,s2d2,"sobe 2, desce 2",4,33,0.1212
12/8,x_x_x_,♪ ♪ ♪,sg,sobe por grau,d1s1,"desce 1, sobe 1",3,33,0.0909
12/8,x_x_x_,♪ ♪ ♪,sg,sobe por grau,d2r,"desce 2, repete",2,33,0.0606
12/8,x___x_,♩ ♪,r,repete,d1,desce 1,7,18,0.3889
12/8,x___x_,♩ ♪,r,repete,s2,sobe 2,2,18,0.1111
12/8,x___x_,♩ ♪,r,repete,s5,sobe 5,2,18,0.1111
12/8,x___x_,♩ ♪,r,repete,d2,desce 2,2,18,0.1111
12/8,x___x_,♩ ♪,r,repete,s3,sobe 3,2,18,0.1111
12/8,x___x_,♩ ♪,r,repete,s1,sobe 1,2,18,0.1111
12/8,x_x_x_,♪ ♪ ♪,dg,desce por grau,d1d1,"desce 1, desce 1",6,22,0.2727
12/8,x_x_x_,♪ ♪ ♪,dg,desce por grau,d2d2,"desce 2, desce 2",4,22,0.1818
12/8,x_x_x_,♪ ♪ ♪,dg,desce por grau,s2d2,"sobe 2, desce 2",4,22,0.1818
12/8,x_x_x_,♪ ♪ ♪,dg,desce por grau,d3s3,"desce 3, sobe 3",2,22,0.0909
12/8,x_x_x_,♪ ♪ ♪,dg,desce por grau,s1s1,"sobe 1, sobe 1",2,22,0.0909
12/8,x_x_x_,♪ ♪ ♪,r,repete,s2d2,"sobe 2, desce 2",6,20,0.3
12/8,x_x_x_,♪ ♪ ♪,r,repete,s1d1,"sobe 1, desce 1",5,20,0.25
12/8,x_x_x_,♪ ♪ ♪,r,repete,s4d4,"sobe 4, desce 4",3,20,0.15
12/8,x_x_x_,♪ ♪ ♪,r,repete,s1s1,"sobe 1, sobe 1",2,20,0.1
12/8,x_x_x_,♪ ♪ ♪,ds,desce por salto,rs1,"repete, sobe 1",3,14,0.2143
12/8,x_x_x_,♪ ♪ ♪,ds,desce por salto,d1d2,"desce 1, desce 2",2,14,0.1429
12/8,x_x_x_,♪ ♪ ♪,ds,desce por salto,s1s1,"sobe 1, sobe 1",2,14,0.1429
12/8,x_x_x_,♪ ♪ ♪,ds,desce por salto,rs2,"repete, sobe 2",2,14,0.1429
12/8,x___x_,♩ ♪,ds,desce por salto,s2,sobe 2,12,32,0.375
12/8,x___x_,♩ ♪,ds,desce por salto,s5,sobe 5,8,32,0.25
12/8,x___x_,♩ ♪,ds,desce por salto,d2,desce 2,4,32,0.125
12/8,x___x_,♩ ♪,ds,desce por salto,s4,sobe 4,2,32,0.0625
12/8,x___x_,♩ ♪,ds,desce por salto,s3,sobe 3,2,32,0.0625
12/8,x___x_,♩ ♪,ds,desce por salto,d3,desce 3,2,32,0.0625
