id,fonte,titulo,compasso_original,compasso,familia,anacrusa_16,compassos,tempos,notas,tonica_pc,modo,dobra_cv
0,Aird's Airs,A Quick Step.,2/2,4/4,simples,0,12,48,90,7,maior,0
1,Aird's Airs,Ardkinglass's Delight.,2/2,4/4,simples,4,16,64,88,2,maior,1
2,Aird's Airs,As I came o'er the Cairney Mount.,2/2,4/4,simples,2,16.13,65,86,2,maior,2
3,Aird's Airs,Athole house.,2/2,4/4,simples,2,12,48,102,7,maior,3
4,Aird's Airs,Birks of Abergeldie.,2/2,4/4,simples,0,12,48,93,7,maior,4
5,Aird's Airs,Bodachan a Garidh.,2/2,4/4,simples,2,8.88,36,71,2,maior,0
6,Aird's Airs,Bonny Annie.,2/2,4/4,simples,2,12,48,102,0,maior,1
7,Aird's Airs,Bonny Lass of Fisherrow.,2/2,4/4,simples,0,12,48,96,2,maior,2
8,Aird's Airs,Braes of Busbie.,2/2,4/4,simples,2,17.5,70,150,9,menor,3
9,Aird's Airs,Capt. McKenzie's Strathspey.,2/2,4/4,simples,2,12,48,99,4,menor,4
10,Aird's Airs,Capt. Sinclair's Reel.,2/2,4/4,simples,2,12,48,99,9,maior,0
11,Aird's Airs,"Charles Street, Bath.",2/2,4/4,simples,0,8,32,56,7,maior,1
12,Aird's Airs,Col: Wemys's Reel,2/2,4/4,simples,2,11.88,48,95,7,maior,2
13,Aird's Airs,Count Brown's Do.,2/2,4/4,simples,4,18,72,117,2,maior,3
14,Aird's Airs,Countess of Lothean's Reel.,2/2,4/4,simples,2,12,48,94,2,maior,4
15,Aird's Airs,Craig Elachie.,2/2,4/4,simples,2,16,64,129,2,maior,0
16,Aird's Airs,Crief Fair.,2/2,4/4,simples,0,12,48,97,2,menor,1
17,Aird's Airs,Dalkeith Maiden Bridge.,2/2,4/4,simples,4,12,48,80,4,menor,2
18,Aird's Airs,Dalnaglare's Rant.,2/2,4/4,simples,0,13,52,90,7,maior,3
19,Aird's Airs,Ditto.,2/2,4/4,simples,4,16,64,88,10,maior,4
20,Aird's Airs,Donald McQueen.,2/2,4/4,simples,0,8,32,58,2,menor,0
21,Aird's Airs,Duke of Gordon's Birth Day.,2/2,4/4,simples,0,8,32,64,7,maior,1
22,Aird's Airs,Duke of Perth's Reel.,2/2,4/4,simples,2,8,32,68,7,maior,2
23,Aird's Airs,"Earl of Breadalbane's Birth Day,",2/2,4/4,simples,2,12,48,104,4,menor,3
24,Aird's Airs,Edinburgh Volunteer's March.,2/2,4/4,simples,0,16,64,107,7,maior,4
25,Aird's Airs,Fill the Stoup.,2/2,4/4,simples,2,16,64,132,9,maior,0
26,Aird's Airs,French Air.,2/2,4/4,simples,8,12.25,49,66,6,menor,1
27,Aird's Airs,Graham of Orchall's Do.,2/2,4/4,simples,2,8,32,62,7,maior,2
28,Aird's Airs,Hanny of Bargaly's Reel.,2/2,4/4,simples,2,16,64,132,2,maior,3
29,Aird's Airs,Jenny Sutton.,2/2,4/4,simples,0,12,48,94,4,menor,4
30,Aird's Airs,Jenny's Babee.,2/2,4/4,simples,2,8,32,64,2,maior,0
31,Aird's Airs,Jumping Joan.,2/2,4/4,simples,0,12.25,49,88,4,menor,1
32,Aird's Airs,Knockandoe's Strathspey.,2/2,4/4,simples,2,8.13,33,65,2,menor,2
33,Aird's Airs,Lady Baird's Strathspey.,2/2,4/4,simples,2,8,32,62,7,maior,3
34,Aird's Airs,Lady Grace Douglas's Reel.,2/2,4/4,simples,2,12,48,94,2,maior,4
35,Aird's Airs,Let me alone,2/2,4/4,simples,2,8,32,48,9,maior,0
36,Aird's Airs,Lira Lira La.,2/2,4/4,simples,0,15.25,61,83,2,maior,1
37,Aird's Airs,Lochness.,2/2,4/4,simples,2,12,48,102,9,menor,2
38,Aird's Airs,Lord Finlater's Reel.,2/2,4/4,simples,0,8.38,33,68,2,maior,3
39,Aird's Airs,Lord MacDonald's Reel.,2/2,4/4,simples,2,24,96,190,7,maior,4
40,Aird's Airs,Love Sick Polly.,2/2,4/4,simples,0,16,64,97,4,menor,0
41,Aird's Airs,Major Churchill's Dance.,2/2,4/4,simples,0,12,48,89,2,maior,1
42,Aird's Airs,"March,",2/2,4/4,simples,2,16.13,65,100,7,maior,2
43,Aird's Airs,Mary & Donald.,2/2,4/4,simples,2,8,32,68,0,maior,3
44,Aird's Airs,McCrae's Fancy.,2/2,4/4,simples,2,12,48,83,2,maior,4
45,Aird's Airs,McNeil's Maggot.,2/2,4/4,simples,0,12,48,100,2,maior,0
46,Aird's Airs,Miss Bridges' Strathspey.,2/2,4/4,simples,2,12,48,103,2,maior,1
47,Aird's Airs,Miss Geddes's Strathspey.,2/2,4/4,simples,2,12,48,102,7,maior,2
48,Aird's Airs,Miss Hamilton of Bangour's Strathspey.,2/2,4/4,simples,2,12,48,100,7,maior,3
49,Aird's Airs,Miss Isabella Murdoch's Reel.,2/2,4/4,simples,2,12,48,100,2,maior,4
50,Aird's Airs,Miss J. Somervell's Favourite Strathspey.,2/2,4/4,simples,0,10,40,79,4,menor,0
51,Aird's Airs,Miss Matilda Lockhart's Reel.,2/2,4/4,simples,2,12.88,52,112,2,maior,1
52,Aird's Airs,Miss Rabina Boswell's Reel.,2/2,4/4,simples,2,12,48,98,7,maior,2
53,Aird's Airs,Miss Stewart of Garth's Reel.,2/2,4/4,simples,2,12,48,95,0,maior,3
54,Aird's Airs,Miss Willy Alexander.,2/2,4/4,simples,2,12,48,102,7,maior,4
55,Aird's Airs,Money Musk.,2/2,4/4,simples,2,12,48,100,7,maior,0
56,Aird's Airs,Mount your Baggage.,2/2,4/4,simples,4,18,72,78,2,maior,1
57,Aird's Airs,Mr Bushby Maitland's Reel.,2/2,4/4,simples,2,13.88,56,108,2,maior,2
58,Aird's Airs,Mr. Davidson's Strathsy.,2/2,4/4,simples,2,9.88,40,95,7,maior,3
59,Aird's Airs,Mr. Hamilton of Wishaw's Reel.,2/2,4/4,simples,2,12,48,101,2,maior,4
60,Aird's Airs,Mr. Hanny of Bargaly's Reel.,2/2,4/4,simples,2,16,64,132,2,maior,0
61,Aird's Airs,Mr. Robertson of Law's Strathspey.,2/2,4/4,simples,2,24,96,214,2,maior,1
62,Aird's Airs,Mrs Muir of Caldwall's Strathspey,2/2,4/4,simples,2,12,48,87,2,maior,2
63,Aird's Airs,Mrs. Morthland's Reel.,2/2,4/4,simples,2,12,48,95,0,maior,3
64,Aird's Airs,Munro's Rant.,2/2,4/4,simples,0,16,64,121,7,maior,4
65,Aird's Airs,"My Love's the fairest creature,",2/2,4/4,simples,4,16,64,76,4,menor,0
66,Aird's Airs,Niel Gow.,2/2,4/4,simples,2,8,32,63,4,menor,1
67,Aird's Airs,"Niven's Scots Measure, or Mary's Dream.",2/2,4/4,simples,4,16,64,102,7,menor,2
68,Aird's Airs,O'er the Muir to Maggy.,2/2,4/4,simples,4,16,64,96,7,maior,3
69,Aird's Airs,Orchall.,2/2,4/4,simples,2,7.88,32,63,5,maior,4
70,Aird's Airs,Peep of Day.,2/2,4/4,simples,0,12,48,87,7,maior,0
71,Aird's Airs,Prince Adolphus' Fancy.,2/2,4/4,simples,0,8,32,52,2,maior,1
72,Aird's Airs,Prince Eugene's March.,2/2,4/4,simples,4,22,88,111,2,maior,2
73,Aird's Airs,Shurleys fancy.,2/2,4/4,simples,2,16,64,129,7,maior,3
74,Aird's Airs,Soldiers Joy.,2/2,4/4,simples,4,16,64,105,2,maior,4
75,Aird's Airs,Southwark Grenadier's March.,2/2,4/4,simples,4,16,64,65,2,maior,0
76,Aird's Airs,Staten Island Hornpipe.,2/2,4/4,simples,4,16,64,92,2,maior,1
77,Aird's Airs,Struan Robertson's Rant.,2/2,4/4,simples,2,12.13,49,97,4,menor,2
78,Aird's Airs,Stumpie.,2/2,4/4,simples,2,8,32,65,7,maior,3
79,Aird's Airs,Surrender of Calias.,2/2,4/4,simples,0,8,32,54,7,maior,4
80,Aird's Airs,Sweet Richard,2/2,4/4,simples,2,12,48,79,7,maior,0
81,Aird's Airs,Tadie's Wattle.,2/2,4/4,simples,0,12,48,87,7,maior,1
82,Aird's Airs,Tambourine.,2/2,4/4,simples,0,16,64,110,2,maior,2
83,Aird's Airs,Taymouth House.,2/2,4/4,simples,0,16,64,116,9,maior,3
84,Aird's Airs,The Ale Wife and her Barrel.,2/2,4/4,simples,0,9,36,68,4,menor,4
85,Aird's Airs,The Auld Man ill ne'er die.,2/2,4/4,simples,0,12,48,98,4,menor,0
86,Aird's Airs,The Bedding of the Bride.,2/2,4/4,simples,2,16,64,137,9,maior,1
87,Aird's Airs,The Braes of Aughtertyre.,2/2,4/4,simples,0,16,64,118,2,maior,2
88,Aird's Airs,The Buffoon Dance.,2/2,4/4,simples,4,24,96,113,2,maior,3
89,Aird's Airs,The Chaplet.,2/2,4/4,simples,0,12,48,89,2,maior,4
90,Aird's Airs,The Fife Hunt.,2/2,4/4,simples,2,4,16,24,2,maior,0
91,Aird's Airs,The Inverness Scots Measure.,2/2,4/4,simples,4,32,128,216,2,maior,1
92,Aird's Airs,The Lass amongst the Actenoch.,2/2,4/4,simples,2,8,32,61,9,menor,2
93,Aird's Airs,The Millers Daughter.,2/2,4/4,simples,2,8,32,65,7,maior,3
94,Aird's Airs,The New Highland Laddie.,2/2,4/4,simples,0,16,64,88,7,maior,4
95,Aird's Airs,The Oyster Wives rant.,2/2,4/4,simples,2,8,32,60,2,maior,0
96,Aird's Airs,The Plate Rant.,2/2,4/4,simples,2,8.88,36,70,2,maior,1
97,Aird's Airs,The Ranting Highlandman.,2/2,4/4,simples,4,16,64,84,7,maior,2
98,Aird's Airs,The Reel of Tulloch.,2/2,4/4,simples,2,13.88,56,121,9,maior,3
99,Aird's Airs,The Royal Boarding School. or 5th. of December,2/2,4/4,simples,2,12,48,98,9,maior,4
100,Aird's Airs,The Royal Scots March.,2/2,4/4,simples,4,16,64,111,7,maior,0
101,Aird's Airs,The Savage Dance with Variations.,2/2,4/4,simples,0,24,96,163,7,maior,1
102,Aird's Airs,The Whigs of Fife.,2/2,4/4,simples,2,8,32,68,4,menor,2
103,Aird's Airs,The bonny Lad.,2/2,4/4,simples,2,8,32,64,7,maior,3
104,Aird's Airs,The merry Lads of Foss.,2/2,4/4,simples,0,12.25,49,93,2,maior,4
105,Aird's Airs,The tenth of June.,2/2,4/4,simples,0,10,40,81,9,menor,0
106,Aird's Airs,They took frae me my Wife yestreen.,2/2,4/4,simples,0,12,48,89,4,menor,1
107,Aird's Airs,Tuath is Deas.,2/2,4/4,simples,2,12,48,95,7,maior,2
108,Aird's Airs,What a Beau my Granny was.,2/2,4/4,simples,2,8,32,61,2,maior,3
109,Aird's Airs,2d. Quick Step 30th. Regt.,2/4,2/4,simples,0,16,32,66,2,maior,4
110,Aird's Airs,3d Quick March 15th Regt,2/4,2/4,simples,0,24,48,103,2,maior,0
111,Aird's Airs,A German Quick March.,2/4,2/4,simples,0,24,48,90,2,maior,1
112,Aird's Airs,A Lovely Lass to a Friar Came.,2/4,2/4,simples,2,12,24,56,7,maior,2
113,Aird's Airs,A March.,2/4,2/4,simples,0,16,32,63,0,maior,3
114,Aird's Airs,A Spanish March.,2/4,2/4,simples,0,28,56,117,2,maior,4
115,Aird's Airs,A Trip to Clumber.,2/4,2/4,simples,0,24,48,88,2,maior,0
116,Aird's Airs,A Trip to Clumber.,2/4,2/4,simples,0,24,48,88,7,maior,1
117,Aird's Airs,A Trip to Dunkirk.,2/4,2/4,simples,0,16,32,72,7,maior,2
118,Aird's Airs,Aldridge's Allemande.,2/4,2/4,simples,2,16,32,96,2,maior,3
119,Aird's Airs,Allemanda,2/4,2/4,simples,2,16.25,33,71,0,maior,4
120,Aird's Airs,Allemanda.,2/4,2/4,simples,0,32,64,126,2,maior,0
121,Aird's Airs,Allemande.,2/4,2/4,simples,2,16,32,75,2,maior,1
122,Aird's Airs,Always Pretty.,2/4,2/4,simples,2,24,48,95,11,menor,2
123,Aird's Airs,An ye had been where I ha'e been.,2/4,2/4,simples,2,16,32,77,2,maior,3
124,Aird's Airs,Andrew and his Cutty Gun.,2/4,2/4,simples,0,12,24,49,11,menor,4
125,Aird's Airs,"Banks of Esk,",2/4,2/4,simples,2,24,48,113,4,menor,0
126,Aird's Airs,Batchelors of every Station.,2/4,2/4,simples,0,15.5,31,71,4,menor,1
127,Aird's Airs,Better late then never.,2/4,2/4,simples,2,16,32,69,7,maior,2
128,Aird's Airs,Bleak was the Morn.,2/4,2/4,simples,0,46.5,93,148,7,maior,3
129,Aird's Airs,Bonny Breast Notes.,2/4,2/4,simples,0,16,32,65,2,maior,4
130,Aird's Airs,Buttered Pease.,2/4,2/4,simples,0,16,32,75,7,maior,0
131,Aird's Airs,Calimbe.,2/4,2/4,simples,0,16,32,63,7,maior,1
132,Aird's Airs,Campbell's Allemande.,2/4,2/4,simples,0,32,64,128,2,maior,2
133,Aird's Airs,Capt. Campbel of Aird's Quick Step W.F.R.,2/4,2/4,simples,0,12,24,53,2,maior,3
134,Aird's Airs,Capt. Jiphson's Whim,2/4,2/4,simples,2,16,32,63,7,maior,4
135,Aird's Airs,Capt. Mackintosh.,2/4,2/4,simples,2,32,64,123,9,maior,0
136,Aird's Airs,Carlen is your Daughter Ready.,2/4,2/4,simples,0,16,32,63,4,menor,1
137,Aird's Airs,Cauld Kail.,2/4,2/4,simples,2,16,32,67,2,maior,2
138,Aird's Airs,Charles Street Bank.,2/4,2/4,simples,0,16,32,56,7,maior,3
139,Aird's Airs,Colin stole my Heart away.,2/4,2/4,simples,2,32,64,73,2,maior,4
140,Aird's Airs,Cotillon.,2/4,2/4,simples,0,16,32,74,4,menor,0
141,Aird's Airs,Cotillon.,2/4,2/4,simples,0,16,32,80,7,maior,1
142,Aird's Airs,Cotillon.,2/4,2/4,simples,0,24,48,104,7,maior,2
143,Aird's Airs,Cottillon,2/4,2/4,simples,0,20,40,103,7,maior,3
144,Aird's Airs,Cottilon.,2/4,2/4,simples,0,16,32,68,0,maior,4
145,Aird's Airs,Cottilon.,2/4,2/4,simples,2,16.25,33,85,0,maior,0
146,Aird's Airs,Cupid's Recruiting Serjeant,2/4,2/4,simples,2,24,48,86,7,maior,1
147,Aird's Airs,Destruction of the Bastile.,2/4,2/4,simples,0,24,48,86,7,maior,2
148,Aird's Airs,Donald Couper and his man,2/4,2/4,simples,2,16,32,77,2,maior,3
149,Aird's Airs,Donald of Dundee.,2/4,2/4,simples,2,27,54,109,11,menor,4
150,Aird's Airs,"Dr. MacKay,",2/4,2/4,simples,0,16,32,58,2,maior,0
151,Aird's Airs,Dublin Volunteers Quick March.,2/4,2/4,simples,2,23.75,48,99,7,maior,1
152,Aird's Airs,Duke of York's Favourite.,2/4,2/4,simples,0,16,32,95,7,maior,2
153,Aird's Airs,Duncan Gray.,2/4,2/4,simples,0,24,48,108,7,maior,3
154,Aird's Airs,East Nook of Fife.,2/4,2/4,simples,2,16,32,91,7,maior,4
155,Aird's Airs,For a' that and a' that.,2/4,2/4,simples,2,16,32,61,4,menor,0
156,Aird's Airs,French Taptoo.,2/4,2/4,simples,2,16,32,70,7,maior,1
157,Aird's Airs,Gallway Girls.,2/4,2/4,simples,0,24,48,88,9,menor,2
158,Aird's Airs,Gentle Ann.,2/4,2/4,simples,0,16,32,71,2,maior,3
159,Aird's Airs,German Dance.,2/4,2/4,simples,0,23.5,47,101,7,maior,4
160,Aird's Airs,German Hornpipe.,2/4,2/4,simples,0,24,48,96,4,menor,0
161,Aird's Airs,Had the Lass till I win at her,2/4,2/4,simples,0,16,32,73,4,menor,1
162,Aird's Airs,Harper's Fancy:,2/4,2/4,simples,2,16,32,77,2,maior,2
163,Aird's Airs,Highland Laddie.,2/4,2/4,simples,2,16,32,61,7,maior,3
164,Aird's Airs,Hopeton House.,2/4,2/4,simples,2,16,32,64,11,menor,4
165,Aird's Airs,Jackson's Tunet.,2/4,2/4,simples,2,16,32,101,2,maior,0
166,Aird's Airs,Jocky's Dance.,2/4,2/4,simples,0,16,32,89,7,maior,1
167,Aird's Airs,John Anderson my Jo.,2/4,2/4,simples,2,32,64,114,9,menor,2
168,Aird's Airs,John Anderson my Jo.,2/4,2/4,simples,2,32,64,114,4,menor,3
169,Aird's Airs,John Anderson's auldest Daughter.,2/4,2/4,simples,4,19.5,39,68,9,menor,4
170,Aird's Airs,John come along,2/4,2/4,simples,0,18,36,71,2,maior,0
171,Aird's Airs,Johnie's Grey Breeks.,2/4,2/4,simples,2,20,40,101,4,menor,1
172,Aird's Airs,Johnie's Grey Breeks. for the Ger: Flute.,2/4,2/4,simples,2,20,40,101,11,menor,2
173,Aird's Airs,"Kiss My Lady,",2/4,2/4,simples,2,60,120,205,2,maior,3
174,Aird's Airs,Kiss me Sweetly.,2/4,2/4,simples,2,16,32,72,7,maior,4
175,Aird's Airs,Kiss my bonny mow.,2/4,2/4,simples,2,23.75,48,107,2,maior,0
176,Aird's Airs,L'abbe',2/4,2/4,simples,2,16,32,49,2,maior,1
177,Aird's Airs,La Belle Catherine.,2/4,2/4,simples,2,15.25,31,72,2,maior,2
178,Aird's Airs,La Bissette.,2/4,2/4,simples,0,32,64,118,7,maior,3
179,Aird's Airs,La Nouvelle Angloise.,2/4,2/4,simples,0,12,24,81,7,maior,4
180,Aird's Airs,La Nov\'ell\'e Hol\'endoise.,2/4,2/4,simples,2,20,40,94,7,maior,0
181,Aird's Airs,La Polonese.,2/4,2/4,simples,0,16,32,100,7,maior,1
182,Aird's Airs,La Rochelle.,2/4,2/4,simples,2,16,32,69,2,maior,2
183,Aird's Airs,La Royal Loverie Gavot.,2/4,2/4,simples,0,16,32,64,2,maior,3
184,Aird's Airs,La Triumph.,2/4,2/4,simples,2,24,48,71,7,maior,4
185,Aird's Airs,La Visite.,2/4,2/4,simples,0,16,32,62,0,maior,0
186,Aird's Airs,Lady Shaftsbury's Strathsy.,2/4,2/4,simples,2,24,48,90,2,maior,1
187,Aird's Airs,Le Fette De Village.,2/4,2/4,simples,0,16,32,79,2,maior,2
188,Aird's Airs,Leap over the Garter.,2/4,2/4,simples,0,16,32,78,2,maior,3
189,Aird's Airs,Little House under the Hill.,2/4,2/4,simples,2,16,32,78,7,maior,4
190,Aird's Airs,Lord Bath's gate.,2/4,2/4,simples,0,16,32,50,2,maior,0
191,Aird's Airs,Lord Glencairn's Quick Step. W.F.R.,2/4,2/4,simples,0,16,32,71,2,maior,1
192,Aird's Airs,Love and Opportunity.,2/4,2/4,simples,0,16,32,69,7,maior,2
193,Aird's Airs,Madle. Heinel's Fancy.,2/4,2/4,simples,0,16,32,94,7,maior,3
194,Aird's Airs,"Major Crichton's Delight,",2/4,2/4,simples,0,31,62,122,11,menor,4
195,Aird's Airs,Major Jas. Campbell's Quick Step W.F.R.,2/4,2/4,simples,2,16,32,83,2,maior,0
196,Aird's Airs,March de Gen's d' Armes.,2/4,2/4,simples,0,20,40,81,7,maior,1
197,Aird's Airs,Marche Francoise.,2/4,2/4,simples,0,16,32,82,2,maior,2
198,Aird's Airs,Mazzinghi's Fancy.,2/4,2/4,simples,0,24.5,49,92,7,maior,3
199,Aird's Airs,McDonalds Quick Step.,2/4,2/4,simples,2,16,32,69,11,menor,4
200,Aird's Airs,Miss Beutick's Fancy,2/4,2/4,simples,0,23.75,47,94,7,maior,0
201,Aird's Airs,Miss C. Ramsay's Fancy.,2/4,2/4,simples,2,15.25,31,59,2,maior,1
202,Aird's Airs,Miss Forbes's Farewell.,2/4,2/4,simples,2,16,32,91,7,maior,2
203,Aird's Airs,Miss Gunning's Delight.,2/4,2/4,simples,0,24,48,92,7,maior,3
204,Aird's Airs,Miss Jamieson's Jig.,2/4,2/4,simples,0,16,32,62,2,maior,4
205,Aird's Airs,Miss Ramsay's Reel.,2/4,2/4,simples,2,16,32,68,7,maior,0
206,Aird's Airs,Miss Sackvile's Fancy.,2/4,2/4,simples,0,16,32,117,2,maior,1
207,Aird's Airs,Miss Wade's Delight.,2/4,2/4,simples,0,16,32,64,2,maior,2
208,Aird's Airs,Moar Nein I Giberlan.,2/4,2/4,simples,0,33.75,67,108,4,menor,3
209,Aird's Airs,Mr. Will's Favourite.,2/4,2/4,simples,2,16,32,69,2,maior,4
210,Aird's Airs,Mrs MacDouall Grant's Strathspey.,2/4,2/4,simples,2,24,48,98,7,maior,0
211,Aird's Airs,Mrs. Forbes of Shivers' Fancy.,2/4,2/4,simples,2,16,32,55,2,maior,1
212,Aird's Airs,My Dearie an thou die.,2/4,2/4,simples,2,16,32,83,0,maior,2
213,Aird's Airs,My Love She's but a Lassie yet.,2/4,2/4,simples,2,16,32,75,11,menor,3
214,Aird's Airs,"My Nannie, O,",2/4,2/4,simples,1,22,44,113,2,maior,4
215,Aird's Airs,Notingham Castle.,2/4,2/4,simples,0,16,32,89,7,maior,0
216,Aird's Airs,Nottingham Races.,2/4,2/4,simples,0,24,48,104,4,menor,1
217,Aird's Airs,O La my Dear,2/4,2/4,simples,2,24.25,49,66,2,maior,2
218,Aird's Airs,O'er the Moor amang the Heather.,2/4,2/4,simples,4,34.5,69,84,11,menor,3
219,Aird's Airs,Pease upon a Trencher.,2/4,2/4,simples,0,16,32,54,7,maior,4
220,Aird's Airs,Peggy Perkins.,2/4,2/4,simples,2,16.5,33,95,2,maior,0
221,Aird's Airs,Pleyel's Fancy.,2/4,2/4,simples,0,16,32,53,2,maior,1
222,Aird's Airs,Prince Ferdinands Quick Step.,2/4,2/4,simples,0,25.75,51,108,2,maior,2
223,Aird's Airs,Provance.,2/4,2/4,simples,2,16,32,68,7,maior,3
224,Aird's Airs,Push about the Jorum.,2/4,2/4,simples,2,24,48,92,4,menor,4
225,Aird's Airs,Queensberry House.,2/4,2/4,simples,2,16,32,60,2,maior,0
226,Aird's Airs,Quick March 19th. Regt.,2/4,2/4,simples,0,16,32,83,7,maior,1
227,Aird's Airs,Quick March Scots Royals.,2/4,2/4,simples,2,16,32,72,2,maior,2
228,Aird's Airs,Quick Step 12th. Regt.,2/4,2/4,simples,0,16,32,68,7,maior,3
229,Aird's Airs,Quick Step 13th. Regt.,2/4,2/4,simples,0,16,32,64,7,maior,4
230,Aird's Airs,Quick Step 25th Regt.,2/4,2/4,simples,0,16,32,99,7,maior,0
231,Aird's Airs,Quick Step 2d. Batn. Royals.,2/4,2/4,simples,2,24,48,122,9,maior,1
232,Aird's Airs,Quick Step 2d. Regt.,2/4,2/4,simples,0,24,48,72,7,maior,2
233,Aird's Airs,Quick Step 30th. Regt.,2/4,2/4,simples,0,16,32,65,2,maior,3
234,Aird's Airs,Quick Step 33d. Regt.,2/4,2/4,simples,2,16,32,84,2,maior,4
235,Aird's Airs,Quick Step 42d. Regt.,2/4,2/4,simples,0,16,32,54,4,menor,0
236,Aird's Airs,Quick Step 44th. Regt.,2/4,2/4,simples,2,16,32,60,7,maior,1
237,Aird's Airs,Quick Step Old Buffs.,2/4,2/4,simples,2,16,32,64,2,maior,2
238,Aird's Airs,Quick Step South Fencibles.,2/4,2/4,simples,0,16,32,70,7,maior,3
239,Aird's Airs,Quick Step West Fencibles.,2/4,2/4,simples,0,16,32,63,2,maior,4
240,Aird's Airs,Quick Step in the Battle of Prague.,2/4,2/4,simples,0,15,30,61,2,maior,0
241,Aird's Airs,Quick Step.,2/4,2/4,simples,0,16,32,75,7,maior,1
242,Aird's Airs,Quick Step.,2/4,2/4,simples,0,24,48,89,7,maior,2
243,Aird's Airs,Quick Step. 21th. Regt.,2/4,2/4,simples,0,12,24,51,2,maior,3
244,Aird's Airs,Quick Step. 25th Regt.,2/4,2/4,simples,0,16,32,69,7,maior,4
245,Aird's Airs,Rothsay and Caithness Fencibles.,2/4,2/4,simples,2,24,48,86,11,menor,0
246,Aird's Airs,Row dow dow.,2/4,2/4,simples,4,24,48,57,7,maior,1
247,Aird's Airs,Seige of Belgrade.,2/4,2/4,simples,0,15.75,31,109,2,maior,2
248,Aird's Airs,Semenzati.,2/4,2/4,simples,0,16,32,67,7,maior,3
249,Aird's Airs,Since then I'm Doom'd,2/4,2/4,simples,2,20,40,66,2,maior,4
250,Aird's Airs,Spanish Dance.,2/4,2/4,simples,2,24,48,113,2,maior,0
251,Aird's Airs,Sr. Alexr. Mc.Donald's Reel.,2/4,2/4,simples,0,16,32,64,2,maior,1
252,Aird's Airs,Sussie.,2/4,2/4,simples,2,16,32,69,2,maior,2
253,Aird's Airs,Sweet Mally,2/4,2/4,simples,0,16,32,64,11,menor,3
254,Aird's Airs,Sweetest Lassie.,2/4,2/4,simples,0,16,32,78,2,maior,4
255,Aird's Airs,Symon Brodie.,2/4,2/4,simples,0,16,32,72,4,menor,0
256,Aird's Airs,Tack and Tack,2/4,2/4,simples,2,18.5,37,74,7,maior,1
257,Aird's Airs,The 22nd. Regts. Quick Step.,2/4,2/4,simples,2,16,32,74,9,menor,2
258,Aird's Airs,The Amorous Goddess.,2/4,2/4,simples,0,24,48,84,2,maior,3
259,Aird's Airs,The Banks of Clyde.,2/4,2/4,simples,4,32,64,107,4,menor,4
260,Aird's Airs,The Battle.,2/4,2/4,simples,0,16,32,52,2,maior,0
261,Aird's Airs,The Billet Doux.,2/4,2/4,simples,2,16,32,68,7,maior,1
262,Aird's Airs,The Boatie Rows.,2/4,2/4,simples,2,16.25,33,60,2,maior,2
263,Aird's Airs,The Bonton.,2/4,2/4,simples,0,16,32,73,7,maior,3
264,Aird's Airs,The Braes of Angus,2/4,2/4,simples,0,24,48,94,4,menor,4
265,Aird's Airs,The Button Hole.,2/4,2/4,simples,2,16,32,87,7,maior,0
266,Aird's Airs,The Caledonian Beauty.,2/4,2/4,simples,0,24,48,112,2,maior,1
267,Aird's Airs,The Caledonian Maid.,2/4,2/4,simples,2,15.5,31,62,2,maior,2
268,Aird's Airs,The Cameronian's Rant.,2/4,2/4,simples,2,24,48,96,4,menor,3
269,Aird's Airs,The Carle he came o'er the Craft.,2/4,2/4,simples,0,16,32,67,9,maior,4
270,Aird's Airs,The Corporal.,2/4,2/4,simples,2,16,32,62,4,menor,0
271,Aird's Airs,The Drummer,2/4,2/4,simples,2,16,32,63,9,menor,1
272,Aird's Airs,The Duke of Gloucesters Quick March.,2/4,2/4,simples,2,16,32,70,2,maior,2
273,Aird's Airs,The Dumb Glutton.,2/4,2/4,simples,0,24,48,76,7,maior,3
274,Aird's Airs,The Fyket.,2/4,2/4,simples,2,16,32,67,4,menor,4
275,Aird's Airs,The Goddesses.,2/4,2/4,simples,0,32,64,141,2,maior,0
276,Aird's Airs,The Highlandman Kiss'd his Mother.,2/4,2/4,simples,0,16,32,66,7,maior,1
277,Aird's Airs,The Humour's of the point.,2/4,2/4,simples,2,12.25,25,83,7,maior,2
278,Aird's Airs,The Irish Hautboy.,2/4,2/4,simples,0,16,32,55,4,menor,3
279,Aird's Airs,The Iron Chest.,2/4,2/4,simples,0,16,32,114,0,maior,4
280,Aird's Airs,The Job of Journey Work.,2/4,2/4,simples,2,20,40,88,4,menor,0
281,Aird's Airs,The Jolly Ringer's.,2/4,2/4,simples,2,35.75,72,119,7,maior,1
282,Aird's Airs,The Jubilee.,2/4,2/4,simples,0,16,32,69,2,maior,2
283,Aird's Airs,The Killworth Volunteers Quick March.,2/4,2/4,simples,2,32,64,126,7,maior,3
284,Aird's Airs,The Lads of the Village.,2/4,2/4,simples,0,16,32,64,7,maior,4
285,Aird's Airs,The Lee Rigg.,2/4,2/4,simples,2,24,48,97,4,menor,0
286,Aird's Airs,The Little Nabob.,2/4,2/4,simples,0,16,32,49,2,maior,1
287,Aird's Airs,The Loudon.,2/4,2/4,simples,0,32,64,121,7,maior,2
288,Aird's Airs,The Marquis of Granby's delight.,2/4,2/4,simples,2,28,56,104,7,maior,3
289,Aird's Airs,The Marquis of Huntleys Reel.,2/4,2/4,simples,0,24,48,100,9,menor,4
290,Aird's Airs,The Merry Meeting.,2/4,2/4,simples,0,32,64,112,4,menor,0
291,Aird's Airs,The Nymph,2/4,2/4,simples,0,24,48,86,2,maior,1
292,Aird's Airs,The Parson in the Suds.,2/4,2/4,simples,2,16,32,63,7,maior,2
293,Aird's Airs,The Princes Favourite.,2/4,2/4,simples,0,23,46,85,2,maior,3
294,Aird's Airs,The Queen of Hearts.,2/4,2/4,simples,0,16,32,64,7,maior,4
295,Aird's Airs,The Queen's or 2d. Regt. Quick Step.,2/4,2/4,simples,0,24,48,85,2,maior,0
296,Aird's Airs,The Rakes of Mallo.,2/4,2/4,simples,0,16,32,73,7,maior,1
297,Aird's Airs,The Rakes of Rochester.,2/4,2/4,simples,2,16,32,67,7,maior,2
298,Aird's Airs,The Ranting Roaring Highlandman.,2/4,2/4,simples,2,19.75,40,86,9,maior,3
299,Aird's Airs,The Ruffians Rant.,2/4,2/4,simples,2,32,64,130,11,menor,4
300,Aird's Airs,The Russian Tippet.,2/4,2/4,simples,0,16,32,49,7,maior,0
301,Aird's Airs,The Soldier's Wedding.,2/4,2/4,simples,0,16,32,84,11,menor,1
302,Aird's Airs,The Sows Tail to Geordie.,2/4,2/4,simples,0,32.5,65,150,2,maior,2
303,Aird's Airs,The Spa.,2/4,2/4,simples,0,32,64,134,11,menor,3
304,Aird's Airs,The Tabor Boy.,2/4,2/4,simples,0,16,32,88,0,maior,4
305,Aird's Airs,The Ton.,2/4,2/4,simples,2,16,32,76,7,maior,0
306,Aird's Airs,The Wonder,2/4,2/4,simples,0,16,32,90,7,maior,1
307,Aird's Airs,The faithfull Shepherd.,2/4,2/4,simples,0,16,32,83,7,maior,2
308,Aird's Airs,The happy Milk Maid.,2/4,2/4,simples,2,16,32,68,2,maior,3
309,Aird's Airs,The merry Plowman.,2/4,2/4,simples,2,16,32,81,7,maior,4
310,Aird's Airs,The new Spa Dance.,2/4,2/4,simples,0,16,32,69,7,maior,0
311,Aird's Airs,The white Cockade.,2/4,2/4,simples,2,16,32,84,7,maior,1
312,Aird's Airs,There's nae luck about the House.,2/4,2/4,simples,2,24,48,83,2,maior,2
313,Aird's Airs,This is not my Ain House,2/4,2/4,simples,2,20,40,82,2,maior,3
314,Aird's Airs,"To Rodney we will go,",2/4,2/4,simples,2,24,48,87,7,maior,4
315,Aird's Airs,To Rodney we will go.,2/4,2/4,simples,2,24,48,87,7,maior,0
316,Aird's Airs,To the Weaver gin ye go.,2/4,2/4,simples,2,16,32,61,4,menor,1
317,Aird's Airs,Too old to marry.,2/4,2/4,simples,0,32,64,141,7,maior,2
318,Aird's Airs,Tulloch Gorm.,2/4,2/4,simples,0,16,32,60,2,maior,3
319,Aird's Airs,We'll gang nae mair to yon Town.,2/4,2/4,simples,2,24,48,93,7,maior,4
320,Aird's Airs,Where will our Goodman lye.,2/4,2/4,simples,2,16,32,79,7,maior,0
321,Aird's Airs,Wilkes's Release,2/4,2/4,simples,2,16.25,33,87,2,maior,1
322,Aird's Airs,Willie was a Wanton Wag.,2/4,2/4,simples,2,16,32,74,2,maior,2
323,Aird's Airs,Yanky Doodle.,2/4,2/4,simples,0,80,160,293,2,maior,3
324,Aird's Airs,A Favourite Ballad from Robin Hood,3/4,3/4,simples,6,14.83,45,66,7,maior,4
325,Aird's Airs,A bonny young lad is my Jockey.,3/4,3/4,simples,4,19,57,81,7,maior,0
326,Aird's Airs,Afton Water.,3/4,3/4,simples,4,16,48,63,7,maior,1
327,Aird's Airs,"Aileen Aroon,",3/4,3/4,simples,0,21,63,74,2,maior,2
328,Aird's Airs,All in the Douns.,3/4,3/4,simples,0,28,84,69,4,menor,3
329,Aird's Airs,Bannocks of barley meal.,3/4,3/4,simples,0,12,36,50,7,maior,4
330,Aird's Airs,Bonny Bell.,3/4,3/4,simples,2,16,48,78,7,maior,0
331,Aird's Airs,Capt. O Kain.,3/4,3/4,simples,4,24,72,83,7,menor,1
332,Aird's Airs,Death of Admiral Benbow,3/4,3/4,simples,4,15.33,46,70,7,maior,2
333,Aird's Airs,Drimindoo,3/4,3/4,simples,4,16,48,51,11,menor,3
334,Aird's Airs,Frenet Ha'.,3/4,3/4,simples,4,24,72,111,9,menor,4
335,Aird's Airs,I'll never leave thee.,3/4,3/4,simples,0,15.83,47,68,2,maior,0
336,Aird's Airs,In Wine there is all.,3/4,3/4,simples,4,13.33,40,42,2,maior,1
337,Aird's Airs,Irish Air.,3/4,3/4,simples,0,14,42,61,7,maior,2
338,Aird's Airs,Laddie ly near me.,3/4,3/4,simples,0,16,48,54,4,menor,3
339,Aird's Airs,Lay by your wheel Betty.,3/4,3/4,simples,4,24,72,92,7,maior,4
340,Aird's Airs,Logie o' Buchan.,3/4,3/4,simples,4,32,96,96,2,maior,0
341,Aird's Airs,Love will find out the way.,3/4,3/4,simples,4,24,72,109,2,maior,1
342,Aird's Airs,MacGregor Aruaro.,3/4,3/4,simples,4,28,84,115,2,maior,2
343,Aird's Airs,Miss Callander's Minuet.,3/4,3/4,simples,0,18,54,79,7,maior,3
344,Aird's Airs,"Morfa Rhuddlan,",3/4,3/4,simples,0,23.67,71,100,9,menor,4
345,Aird's Airs,Mucking of Geordie's Byre.,3/4,3/4,simples,4,24,72,80,2,maior,0
346,Aird's Airs,Peggy Bawn.,3/4,3/4,simples,4,16,48,67,11,menor,1
347,Aird's Airs,Pompey ran away.,3/4,3/4,simples,0,12,36,58,4,menor,2
348,Aird's Airs,Princess of Wales's Minuet.,3/4,3/4,simples,0,15.67,47,49,7,maior,3
349,Aird's Airs,Queen Mary's Lamentation.,3/4,3/4,simples,4,39.33,118,149,7,maior,4
350,Aird's Airs,Ross Castle.,3/4,3/4,simples,2,12,36,100,7,maior,0
351,Aird's Airs,Sailor's Journale.,3/4,3/4,simples,6,15.83,48,82,2,maior,1
352,Aird's Airs,Tam Glen.,3/4,3/4,simples,4,29,87,95,11,menor,2
353,Aird's Airs,The Free Masson's Anthem.,3/4,3/4,simples,0,24.33,73,106,9,menor,3
354,Aird's Airs,The Shepherd Adonis.,3/4,3/4,simples,4,16,48,47,11,menor,4
355,Aird's Airs,The Sutors of Selkirk.,3/4,3/4,simples,4,24.33,73,89,7,maior,0
356,Aird's Airs,The Token,3/4,3/4,simples,6,21.83,66,99,2,maior,1
357,Aird's Airs,The yellow hair'd Laddie.,3/4,3/4,simples,4,19.33,58,82,2,maior,2
358,Aird's Airs,Tweed Side.,3/4,3/4,simples,4,25.67,77,109,7,maior,3
359,Aird's Airs,Viotti's Pollacca.,3/4,3/4,simples,2,24,72,196,9,maior,4
360,Aird's Airs,Wally Wally.,3/4,3/4,simples,2,16,48,79,2,maior,0
361,Aird's Airs,Banks of the Yarrow.,3/8,3/8,composto,2,26.67,27,80,4,menor,1
362,Aird's Airs,By Jove I'll be free.,3/8,3/8,composto,2,30,30,98,2,maior,2
363,Aird's Airs,German Waltz.,3/8,3/8,composto,2,32.33,33,109,0,maior,3
364,Aird's Airs,John Small's Minuet.,3/8,3/8,composto,2,24,24,79,4,menor,4
365,Aird's Airs,New Castle Troop.,3/8,3/8,composto,2,32,32,121,2,maior,0
366,Aird's Airs,One Bottle more.,3/8,3/8,composto,2,22.67,23,87,7,maior,1
367,Aird's Airs,The new German Waltz.,3/8,3/8,composto,2,32,32,95,7,maior,2
368,Aird's Airs,1st. Turks March.,4/4,4/4,simples,4,16,64,87,7,maior,3
369,Aird's Airs,2d. Turks March.,4/4,4/4,simples,4,20,80,104,7,maior,4
370,Aird's Airs,A Bonny Lass to marry me.,4/4,4/4,simples,2,8,32,64,7,maior,0
371,Aird's Airs,A Do.,4/4,4/4,simples,2,8,32,59,9,maior,1
372,Aird's Airs,A Do.,4/4,4/4,simples,0,8,32,61,4,menor,2
373,Aird's Airs,A Do.,4/4,4/4,simples,0,8,32,57,2,maior,3
374,Aird's Airs,A Do.,4/4,4/4,simples,0,8,32,50,0,maior,4
375,Aird's Airs,A Do.,4/4,4/4,simples,0,8,32,57,2,maior,0
376,Aird's Airs,A Favourite Highland Quick Step. 73. Regt.,4/4,4/4,simples,2,12,48,101,7,maior,1
377,Aird's Airs,A Favourite Strathspey.,4/4,4/4,simples,0,12,48,96,2,maior,2
378,Aird's Airs,A Highland Dance.,4/4,4/4,simples,0,8,32,57,7,maior,3
379,Aird's Airs,A Highland Reel.,4/4,4/4,simples,0,8,32,64,2,maior,4
380,Aird's Airs,"A March,",4/4,4/4,simples,4,16,64,104,2,maior,0
381,Aird's Airs,A New March.,4/4,4/4,simples,4,13,52,84,7,maior,1
382,Aird's Airs,A Ploughman Sailor.,4/4,4/4,simples,4,28,112,185,7,maior,2
383,Aird's Airs,A Sky Air.,4/4,4/4,simples,0,16,64,109,4,menor,3
384,Aird's Airs,A Sky Air.,4/4,4/4,simples,0,10,40,55,4,menor,4
385,Aird's Airs,A Sky Dance.,4/4,4/4,simples,2,8,32,54,9,maior,0
386,Aird's Airs,A Trip to Inchcomb.,4/4,4/4,simples,2,12,48,91,7,maior,1
387,Aird's Airs,A Western Isle Air.,4/4,4/4,simples,0,8,32,50,9,menor,2
388,Aird's Airs,Admiral Howe's March.,4/4,4/4,simples,4,16,64,101,2,maior,3
389,Aird's Airs,Aire de l'Opera Francoise.,4/4,4/4,simples,0,24,96,131,7,maior,4
390,Aird's Airs,An Irish Air.,4/4,4/4,simples,0,16,64,78,7,maior,0
391,Aird's Airs,Athole House.,4/4,4/4,simples,2,12,48,100,7,maior,1
392,Aird's Airs,Auld Rob the Laird.,4/4,4/4,simples,2,8,32,64,7,maior,2
393,Aird's Airs,Auld Robin Gray.,4/4,4/4,simples,4,8,32,52,7,maior,3
394,Aird's Airs,Awa Whigs awa.,4/4,4/4,simples,4,16,64,86,7,maior,4
395,Aird's Airs,Because he was a bonny Lad,4/4,4/4,simples,2,12,48,114,7,maior,0
396,Aird's Airs,Blanchard's Hornpipe.,4/4,4/4,simples,0,15.75,63,115,7,maior,1
397,Aird's Airs,"Bog in Lochan,",4/4,4/4,simples,2,20,80,163,4,menor,2
398,Aird's Airs,Bold Robin Hood.,4/4,4/4,simples,2,12,48,81,7,maior,3
399,Aird's Airs,Bonny Charlie.,4/4,4/4,simples,0,23.5,94,138,4,menor,4
400,Aird's Airs,Bonny Lass of Livingston.,4/4,4/4,simples,4,16,64,97,4,menor,0
401,Aird's Airs,Borlum's Reel.,4/4,4/4,simples,0,8,32,66,4,menor,1
402,Aird's Airs,Boyne Water.,4/4,4/4,simples,4,16,64,91,4,menor,2
403,Aird's Airs,Braes of Balwhedar.,4/4,4/4,simples,2,12,48,102,7,maior,3
404,Aird's Airs,Braes of Mar.,4/4,4/4,simples,2,8,32,66,2,maior,4
405,Aird's Airs,British Boy's.,4/4,4/4,simples,0,16,64,163,2,maior,0
406,Aird's Airs,Burliegh Park.,4/4,4/4,simples,0,16,64,102,2,maior,1
407,Aird's Airs,Ca' the Ewes.,4/4,4/4,simples,0,7.88,31,54,11,menor,2
408,Aird's Airs,Callam Brougach.,4/4,4/4,simples,2,24.13,97,192,4,menor,3
409,Aird's Airs,"Callum Fidhdair,",4/4,4/4,simples,2,15.88,64,132,4,menor,4
410,Aird's Airs,"Cameron House, a Strathsy.",4/4,4/4,simples,2,12,48,102,9,menor,0
411,Aird's Airs,Cameron has got his Wife again.,4/4,4/4,simples,2,12,48,105,2,maior,1
412,Aird's Airs,Capt. Hillman's March.,4/4,4/4,simples,4,16,64,126,2,maior,2
413,Aird's Airs,Capt. Ross's Reel.,4/4,4/4,simples,0,8,32,65,7,maior,3
414,Aird's Airs,Care thou Canker.,4/4,4/4,simples,0,24,96,95,2,maior,4
415,Aird's Airs,"Carlione,",4/4,4/4,simples,4,20,80,139,7,maior,0
416,Aird's Airs,Chester Castle.,4/4,4/4,simples,4,16,64,117,2,maior,1
417,Aird's Airs,Cleghorn's Rant.,4/4,4/4,simples,0,7.75,31,67,2,maior,2
418,Aird's Airs,Col: McDonald's Strathsy.,4/4,4/4,simples,2,8,32,74,9,menor,3
419,Aird's Airs,Coldstream March.,4/4,4/4,simples,4,16,64,98,2,maior,4
420,Aird's Airs,Colonel McLean's March.,4/4,4/4,simples,4,24,96,131,2,maior,0
421,Aird's Airs,Come Sweet Lass.,4/4,4/4,simples,0,9,36,47,4,menor,1
422,Aird's Airs,Come ashore Jolly Tar & your Trousers on.,4/4,4/4,simples,4,32,128,220,4,menor,2
423,Aird's Airs,Come hap me with thy Petticoat,4/4,4/4,simples,2,12,48,80,7,maior,3
424,Aird's Airs,Come now for Jest & smiling.,4/4,4/4,simples,4,16,64,60,2,maior,4
425,Aird's Airs,Dainty Davie,4/4,4/4,simples,4,16,64,85,7,maior,0
426,Aird's Airs,Dear to me is my Hero.,4/4,4/4,simples,0,16,64,106,11,menor,1
427,Aird's Airs,"Ding Dong, Ding Dong.",4/4,4/4,simples,4,22,88,66,7,maior,2
428,Aird's Airs,Double Kisses.,4/4,4/4,simples,2,12,48,98,0,maior,3
429,Aird's Airs,"Down with the Peebles,",4/4,4/4,simples,2,12,48,85,2,maior,4
430,Aird's Airs,Duff's Scots Measure.,4/4,4/4,simples,2,16,64,105,2,maior,0
431,Aird's Airs,Duke of Brunswick's Do.,4/4,4/4,simples,4,12,48,81,2,maior,1
432,Aird's Airs,Duke of Richmond's March.,4/4,4/4,simples,4,32,128,170,2,maior,2
433,Aird's Airs,Duke of York's March,4/4,4/4,simples,0,19.75,79,122,7,maior,3
434,Aird's Airs,Dumbarton Drums beat bonny O;,4/4,4/4,simples,4,16,64,99,2,menor,4
435,Aird's Airs,Dundee Volunteers March.,4/4,4/4,simples,4,16,64,93,7,maior,0
436,Aird's Airs,Dunse dings a'.,4/4,4/4,simples,0,12,48,97,9,maior,1
437,Aird's Airs,Dutchess of Gordon's Reel.,4/4,4/4,simples,2,20,80,167,2,maior,2
438,Aird's Airs,Dutchess of Gordon's Strathspey.,4/4,4/4,simples,2,12,48,96,2,maior,3
439,Aird's Airs,Dutchess' Slipper.,4/4,4/4,simples,0,12,48,87,7,maior,4
440,Aird's Airs,Earl Marshal's Reel.,4/4,4/4,simples,0,12,48,96,7,maior,0
441,Aird's Airs,Earl of Balcarras's March.,4/4,4/4,simples,4,15.5,62,98,7,maior,1
442,Aird's Airs,Earl of Loudoun's Strathspey.,4/4,4/4,simples,2,12,48,105,7,maior,2
443,Aird's Airs,Emperor of Germany's March.,4/4,4/4,simples,0,32,128,172,2,maior,3
444,Aird's Airs,Etrick Banks.,4/4,4/4,simples,4,16.63,66,93,2,menor,4
445,Aird's Airs,Fee him Father fee him.,4/4,4/4,simples,2,6.75,27,51,4,menor,0
446,Aird's Airs,Ferguson's Rant.,4/4,4/4,simples,2,15.75,63,115,7,maior,1
447,Aird's Airs,Fort George Assembly.,4/4,4/4,simples,2,12,48,99,2,maior,2
448,Aird's Airs,French Marine's March.,4/4,4/4,simples,4,32,128,189,2,maior,3
449,Aird's Airs,Fy gar Rub her o'er wi' Straw.,4/4,4/4,simples,2,24,96,168,9,menor,4
450,Aird's Airs,Garthland's Strathspey.,4/4,4/4,simples,2,12,48,105,7,maior,0
451,Aird's Airs,Gi'e the Lasses mair o'it.,4/4,4/4,simples,2,12,48,94,2,maior,1
452,Aird's Airs,Good Night and Joy be wi' you all.,4/4,4/4,simples,4,12,48,71,4,menor,2
453,Aird's Airs,Gordon Castle.,4/4,4/4,simples,4,16,64,134,4,menor,3
454,Aird's Airs,Grim Malcolm.,4/4,4/4,simples,2,12.38,50,124,7,maior,4
455,Aird's Airs,Groans of the Wounded.,4/4,4/4,simples,0,8,32,43,2,maior,0
456,Aird's Airs,Hamilton's Rant.,4/4,4/4,simples,0,8,32,60,7,maior,1
457,Aird's Airs,Hearts of Oak.,4/4,4/4,simples,2,13.88,56,80,2,maior,2
458,Aird's Airs,"Her answer was, I'm too young.",4/4,4/4,simples,4,8,32,50,11,menor,3
459,Aird's Airs,Highland Fair.,4/4,4/4,simples,2,8,32,65,2,maior,4
460,Aird's Airs,Hilton Lodge.,4/4,4/4,simples,2,12,48,96,2,maior,0
461,Aird's Airs,Honble. Earl of Breadalbine's Strathsy.,4/4,4/4,simples,2,8,32,62,2,maior,1
462,Aird's Airs,Honble. Miss Elphinston's Strathspey.,4/4,4/4,simples,0,8,32,57,2,maior,2
463,Aird's Airs,Honble. Miss K. Elphinston's,4/4,4/4,simples,2,12,48,84,7,maior,3
464,Aird's Airs,Honble. Ramsey Maule's March.,4/4,4/4,simples,0,16,64,106,2,maior,4
465,Aird's Airs,Hopetoun House.,4/4,4/4,simples,2,12,48,95,11,menor,0
466,Aird's Airs,How Imperfect is Expression.,4/4,4/4,simples,0,16,64,104,0,maior,1
467,Aird's Airs,I Love the Youth.,4/4,4/4,simples,0,16,64,92,11,menor,2
468,Aird's Airs,I have been courting at a Lass.,4/4,4/4,simples,2,8,32,60,2,maior,3
469,Aird's Airs,Inch of Garth.,4/4,4/4,simples,0,12,48,98,2,maior,4
470,Aird's Airs,Indian's March.,4/4,4/4,simples,4,16,64,97,7,maior,0
471,Aird's Airs,Jack's Gratitude.,4/4,4/4,simples,2,7.63,31,50,2,maior,1
472,Aird's Airs,Jenny Nettles.,4/4,4/4,simples,2,12,48,89,9,menor,2
473,Aird's Airs,Jess McFarlane.,4/4,4/4,simples,2,8.63,35,53,7,maior,3
474,Aird's Airs,John O' Badenyond.,4/4,4/4,simples,2,16,64,113,11,menor,4
475,Aird's Airs,Johnny Cope.,4/4,4/4,simples,4,32,128,177,7,maior,0
476,Aird's Airs,Johnny and Mary.,4/4,4/4,simples,0,21.63,86,136,11,menor,1
477,Aird's Airs,"Joseph est bien marie,",4/4,4/4,simples,8,12,48,48,2,menor,2
478,Aird's Airs,Killycrankie.,4/4,4/4,simples,2,16,64,134,2,maior,3
479,Aird's Airs,La Reveil du Peuple.,4/4,4/4,simples,8,15.88,63,77,2,maior,4
480,Aird's Airs,Lady Ann Hope's Strathspe.,4/4,4/4,simples,2,12,48,107,7,maior,0
481,Aird's Airs,Lady Cathrine Stewart's Strathspey.,4/4,4/4,simples,2,12,48,104,2,maior,1
482,Aird's Airs,Lady Charlote Murray's Strathspey.,4/4,4/4,simples,2,12,48,111,2,maior,2
483,Aird's Airs,Lady Charlotte Campbell's Strathspey.,4/4,4/4,simples,2,12.13,49,107,7,maior,3
484,Aird's Airs,Lady Haddo's Strathspey.,4/4,4/4,simples,2,12,48,112,2,maior,4
485,Aird's Airs,Lady Harriet Hope's Reel.,4/4,4/4,simples,0,12,48,94,2,maior,0
486,Aird's Airs,Lady Loudon's Strathspey.,4/4,4/4,simples,2,12,48,100,2,maior,1
487,Aird's Airs,Lady Mary Ann.,4/4,4/4,simples,4,8,32,53,11,menor,2
488,Aird's Airs,Lady Mary Montague's Do.,4/4,4/4,simples,2,12,48,92,2,maior,3
489,Aird's Airs,Lamberton Races.,4/4,4/4,simples,2,8,32,66,7,maior,4
490,Aird's Airs,Lass if I come near you.,4/4,4/4,simples,0,8,32,58,9,menor,0
491,Aird's Airs,Lassie wi the Yellow Coatie.,4/4,4/4,simples,0,8,32,65,0,maior,1
492,Aird's Airs,Les Drapeaux.,4/4,4/4,simples,8,26,104,100,4,menor,2
493,Aird's Airs,Let that stand there.,4/4,4/4,simples,2,12,48,92,7,maior,3
494,Aird's Airs,Little Peggy's Love.,4/4,4/4,simples,0,12,48,90,7,maior,4
495,Aird's Airs,Loch Ness.,4/4,4/4,simples,2,8,32,67,11,menor,0
496,Aird's Airs,Loch Vach.,4/4,4/4,simples,0,12,48,96,7,maior,1
497,Aird's Airs,"Lochiel's awa to France, but he'll come again.",4/4,4/4,simples,2,12,48,107,7,maior,2
498,Aird's Airs,London March.,4/4,4/4,simples,0,24,96,155,2,maior,3
499,Aird's Airs,Lord Bernard's March.,4/4,4/4,simples,4,18,72,139,0,maior,4
500,Aird's Airs,Lord Cornwallis's March.,4/4,4/4,simples,4,16,64,92,2,maior,0
501,Aird's Airs,Lord Kelly's Reel.,4/4,4/4,simples,2,12,48,105,4,menor,1
502,Aird's Airs,Lord Lindsay's March.,4/4,4/4,simples,0,15.75,63,123,2,maior,2
503,Aird's Airs,Lord Spencer's Strathspey.,4/4,4/4,simples,2,12,48,93,2,maior,3
504,Aird's Airs,Lovely Jeanie.,4/4,4/4,simples,4,16,64,115,4,menor,4
505,Aird's Airs,Maggy's Wame is fu I true.,4/4,4/4,simples,2,8,32,68,2,maior,0
506,Aird's Airs,Major McLean's Reel.,4/4,4/4,simples,2,12,48,95,7,menor,1
507,Aird's Airs,Major Montgomerie's Quick Step.,4/4,4/4,simples,2,16,64,98,2,maior,2
508,Aird's Airs,March 30th. Regt.,4/4,4/4,simples,4,16,64,114,2,maior,3
509,Aird's Airs,March 3d. Regt. of Guards.,4/4,4/4,simples,4,16,64,95,2,maior,4
510,Aird's Airs,March 3d. Regt. of Guards.,4/4,4/4,simples,0,24,96,152,2,maior,0
511,Aird's Airs,March of Lord McDonald's Highlanders.,4/4,4/4,simples,4,16,64,105,2,maior,1
512,Aird's Airs,Marche des Marseillois,4/4,4/4,simples,4,34,136,154,2,maior,2
513,Aird's Airs,Marquis of Huntley's Reel.,4/4,4/4,simples,2,12.13,49,104,9,menor,3
514,Aird's Airs,Marshall's Do.,4/4,4/4,simples,0,12,48,104,2,maior,4
515,Aird's Airs,Mary's Dream.,4/4,4/4,simples,2,15.5,62,90,7,maior,0
516,Aird's Airs,McFarlane's Strathspey.,4/4,4/4,simples,2,8,32,63,2,maior,1
517,Aird's Airs,McLachlan's Strathspey.,4/4,4/4,simples,2,12,48,96,2,maior,2
518,Aird's Airs,Mental Beauty.,4/4,4/4,simples,2,21.63,87,98,11,menor,3
519,Aird's Airs,"Mi'm'shuidh an deridh Bata,",4/4,4/4,simples,4,12,48,84,4,menor,4
520,Aird's Airs,Miss Admiral Gordon's Reel.,4/4,4/4,simples,2,16,64,132,2,maior,0
521,Aird's Airs,Miss Ann Bain's Fancy.,4/4,4/4,simples,0,12,48,73,7,maior,1
522,Aird's Airs,Miss Baillie's March.,4/4,4/4,simples,0,17.88,71,132,2,maior,2
523,Aird's Airs,Miss Bain's Reel.,4/4,4/4,simples,0,12.25,49,103,2,maior,3
524,Aird's Airs,Miss Bain's Strathsy.,4/4,4/4,simples,2,12,48,96,4,menor,4
525,Aird's Airs,Miss Brown's Reel.,4/4,4/4,simples,2,12,48,92,7,maior,0
526,Aird's Airs,Miss Campbell of Monizie's Strathspey.,4/4,4/4,simples,2,12,48,94,2,maior,1
527,Aird's Airs,Miss Campbell's Strathsy.,4/4,4/4,simples,2,11,44,93,7,maior,2
528,Aird's Airs,Miss Corbet's Reel.,4/4,4/4,simples,2,12,48,98,2,maior,3
529,Aird's Airs,Miss Duff of Muirton's Reel.,4/4,4/4,simples,2,12,48,92,7,maior,4
530,Aird's Airs,Miss Eleanora Campbell of Kilbride's Reel.,4/4,4/4,simples,2,12,48,104,2,maior,0
531,Aird's Airs,Miss Flemyng of Moness's Strathspey.,4/4,4/4,simples,2,12,48,107,7,maior,1
532,Aird's Airs,Miss Graham of Inchbrakie's Strathspey.,4/4,4/4,simples,2,12,48,104,2,maior,2
533,Aird's Airs,Miss Grant's Strathsy.,4/4,4/4,simples,2,12,48,109,2,maior,3
534,Aird's Airs,Miss Hay's Favourite.,4/4,4/4,simples,2,11.88,48,105,7,maior,4
535,Aird's Airs,Miss Helen Grant's Reel.,4/4,4/4,simples,2,12,48,96,2,maior,0
536,Aird's Airs,Miss Jean Kerr's Strathsy.,4/4,4/4,simples,2,12,48,107,7,maior,1
537,Aird's Airs,Miss Jean Robertson's Reel.,4/4,4/4,simples,2,12,48,95,2,maior,2
538,Aird's Airs,Miss Jean Shirreff's Reel.,4/4,4/4,simples,2,12,48,93,2,maior,3
539,Aird's Airs,Miss Maule of Panmure's Reel.,4/4,4/4,simples,0,12,48,105,2,maior,4
540,Aird's Airs,Miss McNeill's.,4/4,4/4,simples,2,12,48,102,2,maior,0
541,Aird's Airs,Miss Menzies of Culdare's.,4/4,4/4,simples,2,12,48,103,2,maior,1
542,Aird's Airs,Miss Montgomery of Skelmorlie's Do.,4/4,4/4,simples,2,12.13,49,95,7,maior,2
543,Aird's Airs,Miss Ogilvie's Reel.,4/4,4/4,simples,2,8,32,67,7,maior,3
544,Aird's Airs,Miss Peggy McKenzie's Reel.,4/4,4/4,simples,2,12,48,99,2,maior,4
545,Aird's Airs,Miss Sally Bartlet's Reel.,4/4,4/4,simples,2,12,48,98,2,maior,0
546,Aird's Airs,Miss Sitwell's Strathsy.,4/4,4/4,simples,2,16.25,65,144,2,maior,1
547,Aird's Airs,Miss Wardlaw's Reel.,4/4,4/4,simples,2,12,48,87,7,maior,2
548,Aird's Airs,Miss Williamson's Reel.,4/4,4/4,simples,2,12,48,97,7,maior,3
549,Aird's Airs,Miss. L. Montgomery of Skermorlie's Strathsy.,4/4,4/4,simples,2,12,48,102,2,maior,4
550,Aird's Airs,Monmouth Street.,4/4,4/4,simples,0,20,80,87,7,maior,0
551,Aird's Airs,Mr. A. Pearson's Favourite Strathspey.,4/4,4/4,simples,2,8,32,66,4,menor,1
552,Aird's Airs,Mr. A. Pearson's Strathsy.,4/4,4/4,simples,2,8.13,33,65,7,maior,2
553,Aird's Airs,Mr. D: Bridge's Reel.,4/4,4/4,simples,2,12,48,99,2,maior,3
554,Aird's Airs,Mr. Drummond (Younger) of Perth's Strathsy.,4/4,4/4,simples,2,12,48,98,7,maior,4
555,Aird's Airs,Mr. Lumsdain of Blanairn's Strathspey.,4/4,4/4,simples,2,12,48,118,7,maior,0
556,Aird's Airs,Mr. Robertson of Strowan's Strathspey.,4/4,4/4,simples,2,12,48,108,11,menor,1
557,Aird's Airs,Mr. Willm. Stewart's Strathsy.,4/4,4/4,simples,0,12,48,94,2,maior,2
558,Aird's Airs,Mrs Baird's Strathsy.,4/4,4/4,simples,2,12,48,93,4,menor,3
559,Aird's Airs,Mrs. Christie's Rant.,4/4,4/4,simples,2,8,32,70,9,menor,4
560,Aird's Airs,Mrs. Clark's Strathspey.,4/4,4/4,simples,2,12,48,105,2,maior,0
561,Aird's Airs,Mrs. Dundas McQueen's Reel.,4/4,4/4,simples,2,18.13,73,156,7,maior,1
562,Aird's Airs,Mrs. Hamilton of Wishaw's Strathspey.,4/4,4/4,simples,2,12,48,105,7,maior,2
563,Aird's Airs,Mrs. Leitch's Strathspey.,4/4,4/4,simples,4,24,96,203,2,maior,3
564,Aird's Airs,Mrs. McReady's Strathspey.,4/4,4/4,simples,2,12,48,101,7,maior,4
565,Aird's Airs,Mrs. Menzies of Culdare's Strathspey.,4/4,4/4,simples,2,12,48,103,2,maior,0
566,Aird's Airs,Mrs. Sevewright's Reel.,4/4,4/4,simples,2,12,48,97,7,maior,1
567,Aird's Airs,My Father said that he would hire to me a man.,4/4,4/4,simples,2,11,44,70,2,maior,2
568,Aird's Airs,My Peggy is a Young thing.,4/4,4/4,simples,2,16,64,121,4,menor,3
569,Aird's Airs,Neglected Tar.,4/4,4/4,simples,4,24,96,101,5,maior,4
570,Aird's Airs,Neil Gows Lamentation for Abercairney.,4/4,4/4,simples,2,12,48,114,2,maior,0
571,Aird's Airs,Niel Gow's Compliments return'd to Mr. Marshal.,4/4,4/4,simples,0,11.88,47,109,2,maior,1
572,Aird's Airs,Nos Calen,4/4,4/4,simples,0,12,48,54,7,maior,2
573,Aird's Airs,O gin ye were dead Gude-man.,4/4,4/4,simples,4,16,64,91,7,maior,3
574,Aird's Airs,O gin ye were dead Gudeman.,4/4,4/4,simples,4,16,64,89,2,maior,4
575,Aird's Airs,O he de No's,4/4,4/4,simples,0,9.63,38,67,9,maior,0
576,Aird's Airs,O merry may the Maid be.,4/4,4/4,simples,4,16,64,71,4,menor,1
577,Aird's Airs,O'er the Dyke.,4/4,4/4,simples,0,16,64,91,4,menor,2
578,Aird's Airs,O'er the Hills and far awa.,4/4,4/4,simples,4,32,128,182,9,menor,3
579,Aird's Airs,"Parlalaw, a German Tune.",4/4,4/4,simples,2,8,32,74,7,maior,4
580,Aird's Airs,"Peggy of Darby, or the Dandys.",4/4,4/4,simples,2,8,32,56,2,maior,0
581,Aird's Airs,Peggy wi' the gowden Hair.,4/4,4/4,simples,2,16,64,101,2,maior,1
582,Aird's Airs,Perth=Shire Hunt.,4/4,4/4,simples,2,12,48,99,2,maior,2
583,Aird's Airs,Poor a purse but routh o' Credit.,4/4,4/4,simples,0,8,32,89,2,maior,3
584,Aird's Airs,Port Rorie Dall,4/4,4/4,simples,0,27,108,152,4,menor,4
585,Aird's Airs,Prince of Saxe Cobourg's Favourite March.,4/4,4/4,simples,0,37.5,150,180,2,menor,0
586,Aird's Airs,Prince of Wales's (or 13th. Regt.) Do.,4/4,4/4,simples,4,20,80,104,2,maior,1
587,Aird's Airs,Queen's Grand March.,4/4,4/4,simples,4,16,64,80,2,maior,2
588,Aird's Airs,Quick Step 10 Regt.,4/4,4/4,simples,2,7.88,32,74,2,maior,3
589,Aird's Airs,Quick Step.,4/4,4/4,simples,0,24,96,90,7,maior,4
590,Aird's Airs,Ratha Fair.,4/4,4/4,simples,2,8,32,63,9,menor,0
591,Aird's Airs,"Rayan's Rant,",4/4,4/4,simples,0,8,32,64,2,maior,1
592,Aird's Airs,Reel of Caithness.,4/4,4/4,simples,0,8,32,57,4,menor,2
593,Aird's Airs,Reel of Fife.,4/4,4/4,simples,0,8,32,63,2,maior,3
594,Aird's Airs,Retreat.,4/4,4/4,simples,0,12,48,82,2,maior,4
595,Aird's Airs,Rise lazy Lubber.,4/4,4/4,simples,2,8,32,57,9,menor,0
596,Aird's Airs,Roger's Farewell,4/4,4/4,simples,2,11.88,48,87,4,menor,1
597,Aird's Airs,Rondo D'Henry 4th.,4/4,4/4,simples,8,14,56,57,7,maior,2
598,Aird's Airs,Rothemurches's Reel.,4/4,4/4,simples,2,16,64,122,2,maior,3
599,Aird's Airs,Rough & Hardy.,4/4,4/4,simples,0,16,64,81,11,menor,4
600,Aird's Airs,Rule Britannia.,4/4,4/4,simples,2,14.13,57,94,2,maior,0
601,Aird's Airs,Russian March.,4/4,4/4,simples,4,16,64,89,2,maior,1
602,Aird's Airs,Ruthven's Rant.,4/4,4/4,simples,0,12,48,88,7,maior,2
603,Aird's Airs,Salt Fish & Dumplins,4/4,4/4,simples,4,16,64,104,7,maior,3
604,Aird's Airs,Sam Jones,4/4,4/4,simples,0,8,32,65,7,maior,4
605,Aird's Airs,Saw ye Johnny Coming co she.,4/4,4/4,simples,2,6.75,27,47,4,menor,0
606,Aird's Airs,See the Conquering Hero comes,4/4,4/4,simples,0,16,64,58,7,maior,1
607,Aird's Airs,Shammie Breeches.,4/4,4/4,simples,2,8,32,68,7,maior,2
608,Aird's Airs,Shantruish.,4/4,4/4,simples,2,8,32,65,9,menor,3
609,Aird's Airs,She had something else to do.,4/4,4/4,simples,4,18.75,75,92,7,maior,4
610,Aird's Airs,Sir John Malcolm.,4/4,4/4,simples,2,12,48,91,2,maior,0
611,Aird's Airs,Sir John Stewart of Grandtully's Strathspey.,4/4,4/4,simples,2,12,48,117,7,maior,1
612,Aird's Airs,Sir John Whitefoord's.,4/4,4/4,simples,2,12,48,90,4,menor,2
613,Aird's Airs,Soldier's Dance after the Battle,4/4,4/4,simples,2,12,48,103,7,maior,3
614,Aird's Airs,Steer her up and had her gaan.,4/4,4/4,simples,4,16,64,88,2,maior,4
615,Aird's Airs,Stumpie Strathspey.,4/4,4/4,simples,2,8,32,68,7,maior,0
616,Aird's Airs,Sukey Bids me.,4/4,4/4,simples,0,12,48,71,7,maior,1
617,Aird's Airs,Tail Toddle,4/4,4/4,simples,0,16,64,134,7,maior,2
618,Aird's Airs,Tarry Woo.,4/4,4/4,simples,0,16,64,90,7,maior,3
619,Aird's Airs,The 14th. of October.,4/4,4/4,simples,4,16,64,110,7,maior,4
620,Aird's Airs,The Amazon.,4/4,4/4,simples,0,16,64,66,2,maior,0
621,Aird's Airs,The Auld Man's Mare's dead.,4/4,4/4,simples,2,7.88,32,61,4,menor,1
622,Aird's Airs,The Back of the Change house.,4/4,4/4,simples,2,8,32,71,2,maior,2
623,Aird's Airs,The Banks of Spey.,4/4,4/4,simples,0,15.88,63,114,9,menor,3
624,Aird's Airs,The Beard of the Thistle.,4/4,4/4,simples,2,16,64,113,2,maior,4
625,Aird's Airs,The Blathrie o'it.,4/4,4/4,simples,4,8,32,59,4,menor,0
626,Aird's Airs,The Bob of Fettercairn.,4/4,4/4,simples,2,24.13,97,185,4,menor,1
627,Aird's Airs,The Bottom of the Punch Bowl.,4/4,4/4,simples,4,16,64,93,11,menor,2
628,Aird's Airs,The Braes of Aberarder.,4/4,4/4,simples,2,12,48,103,7,maior,3
629,Aird's Airs,The Brothers.,4/4,4/4,simples,0,16,64,97,7,maior,4
630,Aird's Airs,The Caledonian Hunt.,4/4,4/4,simples,2,16,64,139,2,maior,0
631,Aird's Airs,The Cordwainer's March.,4/4,4/4,simples,2,8,32,73,11,menor,1
632,Aird's Airs,The Dainty Besom Maker.,4/4,4/4,simples,2,8,32,59,2,maior,2
633,Aird's Airs,The Dawning of the Day.,4/4,4/4,simples,4,12.25,49,96,4,menor,3
634,Aird's Airs,The Drunken Wives of Fochabers.,4/4,4/4,simples,2,8,32,68,4,menor,4
635,Aird's Airs,The Dutch Trot.,4/4,4/4,simples,2,16,64,179,2,maior,0
636,Aird's Airs,The Dutches of Athole's Strathspey.,4/4,4/4,simples,2,16.13,65,129,2,maior,1
637,Aird's Airs,The Feathers,4/4,4/4,simples,0,20,80,164,2,maior,2
638,Aird's Airs,The Fife Hunt.,4/4,4/4,simples,2,12,48,84,2,maior,3
639,Aird's Airs,The Game Cock.,4/4,4/4,simples,2,12,48,101,2,maior,4
640,Aird's Airs,The Gardener's March.,4/4,4/4,simples,0,16,64,68,7,maior,0
641,Aird's Airs,"The Hammermen's March, or Tinkers Occupation.",4/4,4/4,simples,0,8,32,37,9,maior,1
642,Aird's Airs,The Highland Chiftain.,4/4,4/4,simples,2,16,64,122,2,maior,2
643,Aird's Airs,The Hollow Drum.,4/4,4/4,simples,0,16,64,73,7,maior,3
644,Aird's Airs,The Honble. Mrs Gray's Strathsy.,4/4,4/4,simples,2,12.13,49,102,2,maior,4
645,Aird's Airs,The Isle of Sky.,4/4,4/4,simples,2,16,64,140,2,maior,0
646,Aird's Airs,The Key of Kindness.,4/4,4/4,simples,2,12,48,102,2,maior,1
647,Aird's Airs,The Kirkoswold Reel.,4/4,4/4,simples,2,8,32,60,2,maior,2
648,Aird's Airs,The Lillie.,4/4,4/4,simples,0,12,48,89,2,maior,3
649,Aird's Airs,The Maid that tends the Goats.,4/4,4/4,simples,0,10,40,73,11,menor,4
650,Aird's Airs,The Mariners.,4/4,4/4,simples,8,36,144,150,9,menor,0
651,Aird's Airs,The Masson Laddie.,4/4,4/4,simples,0,16,64,123,7,maior,1
652,Aird's Airs,The Merry Minx.,4/4,4/4,simples,0,8,32,62,7,maior,2
653,Aird's Airs,The Miller is canty.,4/4,4/4,simples,2,8,32,60,7,maior,3
654,Aird's Airs,The Parting Kiss.,4/4,4/4,simples,0,15.75,63,80,7,maior,4
655,Aird's Airs,The Peacock.,4/4,4/4,simples,4,11.75,47,60,2,maior,0
656,Aird's Airs,The Prince of Tunis.,4/4,4/4,simples,2,16,64,91,4,menor,1
657,Aird's Airs,The Prince's welcome &c.,4/4,4/4,simples,4,32,128,214,7,maior,2
658,Aird's Airs,The Prince's welcome to the Isle of Sky.,4/4,4/4,simples,4,32,128,214,2,maior,3
659,Aird's Airs,The Red Jock.,4/4,4/4,simples,4,24,96,122,7,maior,4
660,Aird's Airs,The Scots Queen.,4/4,4/4,simples,2,18,72,111,4,menor,0
661,Aird's Airs,The Soldier's Adieu.,4/4,4/4,simples,2,28.25,113,133,7,maior,1
662,Aird's Airs,The Steward's Lodge Song.,4/4,4/4,simples,4,16,64,74,2,maior,2
663,Aird's Airs,The Weavers March or 21st. of August.,4/4,4/4,simples,0,16,64,79,4,menor,3
664,Aird's Airs,The York Fancy.,4/4,4/4,simples,0,11.75,47,87,2,maior,4
665,Aird's Airs,The black Lassie's no Canty.,4/4,4/4,simples,2,12,48,93,7,menor,0
666,Aird's Airs,The blind Sailor.,4/4,4/4,simples,4,15.5,62,58,2,maior,1
667,Aird's Airs,The bonny Green of Glasgow.,4/4,4/4,simples,2,12,48,96,2,maior,2
668,Aird's Airs,The bonny gray eye'd morn.,4/4,4/4,simples,2,16,64,104,2,maior,3
669,Aird's Airs,The empty Purse.,4/4,4/4,simples,2,8,32,75,4,menor,4
670,Aird's Airs,The high road to Linton.,4/4,4/4,simples,2,8,32,58,9,maior,0
671,Aird's Airs,The three Sheep Skins.,4/4,4/4,simples,2,8,32,57,7,maior,1
672,Aird's Airs,There's my thumb &c.,4/4,4/4,simples,0,15.88,63,104,7,maior,2
673,Aird's Airs,There's nae luck about the house.,4/4,4/4,simples,2,9.88,40,74,2,maior,3
674,Aird's Airs,Tibby Fowler in the Glen,4/4,4/4,simples,0,11.88,47,94,4,menor,4
675,Aird's Airs,To danton me.,4/4,4/4,simples,4,24,96,177,4,menor,0
676,Aird's Airs,Waes my Heart that we should sunder.,4/4,4/4,simples,2,15.25,61,99,2,maior,1
677,Aird's Airs,Wantoness for ever mair.,4/4,4/4,simples,0,16,64,86,11,menor,2
678,Aird's Airs,War's alarms entic'd my Willy.,4/4,4/4,simples,0,16,64,87,4,menor,3
679,Aird's Airs,Wattie Lang.,4/4,4/4,simples,2,11.88,48,102,7,maior,4
680,Aird's Airs,Welsh Dance.,4/4,4/4,simples,0,12,48,88,4,menor,0
681,Aird's Airs,What will I do gin my Hoggie die.,4/4,4/4,simples,4,32,128,167,2,maior,1
682,Aird's Airs,Wilt thou be my Dearie.,4/4,4/4,simples,2,9,36,64,7,maior,2
683,Aird's Airs,Within a Mile of Edinburgh.,4/4,4/4,simples,4,13.75,55,93,2,maior,3
684,Aird's Airs,Wood's Hornpipe.,4/4,4/4,simples,4,16,64,118,7,maior,4
685,Aird's Airs,Yarrow Vale.,4/4,4/4,simples,4,18.75,75,115,2,maior,0
686,Aird's Airs,Yeo Yeo.,4/4,4/4,simples,4,16,64,52,7,maior,1
687,Aird's Airs,2d. Quick Step 2d. Battn. Royals,6/8,6/8,composto,2,12,24,62,2,maior,2
688,Aird's Airs,2d. Quick Step of 15th. Regt.,6/8,6/8,composto,0,16,32,82,2,maior,3
689,Aird's Airs,2d. Quick Step. 42d. Regt.,6/8,6/8,composto,0,23.67,47,91,7,maior,4
690,Aird's Airs,"A Basket of Oysters, or Pady the Weaver",6/8,6/8,composto,2,16,32,76,4,menor,0
691,Aird's Airs,A Cock Laird fu' Cadgie.,6/8,6/8,composto,2,8,16,46,4,menor,1
692,Aird's Airs,A Dance.,6/8,6/8,composto,0,15.5,31,71,0,maior,2
693,Aird's Airs,A Do.,6/8,6/8,composto,2,16,32,90,4,menor,3
694,Aird's Airs,A Do.,6/8,6/8,composto,2,12,24,62,7,maior,4
695,Aird's Airs,A Do.,6/8,6/8,composto,2,16.17,33,81,9,maior,0
696,Aird's Airs,A Do.,6/8,6/8,composto,0,16,32,79,9,maior,1
697,Aird's Airs,A Friend in Need.,6/8,6/8,composto,2,16,32,75,2,maior,2
698,Aird's Airs,A Highland Dance.,6/8,6/8,composto,2,16,32,84,9,menor,3
699,Aird's Airs,A Irish Jig.,6/8,6/8,composto,2,16,32,89,2,maior,4
700,Aird's Airs,A Jig.,6/8,6/8,composto,0,24,48,134,2,maior,0
701,Aird's Airs,A Jig.,6/8,6/8,composto,2,16,32,86,9,maior,1
702,Aird's Airs,A North Highland Reel.,6/8,6/8,composto,2,16,32,84,9,maior,2
703,Aird's Airs,A Rock & a wi Pickle Tow.,6/8,6/8,composto,2,12,24,67,7,maior,3
704,Aird's Airs,A Rondo.,6/8,6/8,composto,2,15.83,32,67,2,maior,4
705,Aird's Airs,A Spanish Jigg.,6/8,6/8,composto,2,8,16,46,7,maior,0
706,Aird's Airs,A Trip to Forneth.,6/8,6/8,composto,0,16,32,65,4,menor,1
707,Aird's Airs,A Trip to Sligo.,6/8,6/8,composto,0,16,32,87,7,maior,2
708,Aird's Airs,A Trip to York.,6/8,6/8,composto,0,16,32,83,7,maior,3
709,Aird's Airs,A Trip to the Rotunda.,6/8,6/8,composto,0,16,32,94,2,maior,4
710,Aird's Airs,A Trumpet Air,6/8,6/8,composto,2,16,32,79,7,maior,0
711,Aird's Airs,Air de Chasse.,6/8,6/8,composto,2,12,24,46,9,maior,1
712,Aird's Airs,Albina.,6/8,6/8,composto,0,16,32,72,2,maior,2
713,Aird's Airs,Aldridges Dance.,6/8,6/8,composto,2,15.33,31,71,7,maior,3
714,Aird's Airs,Allemanda.,6/8,6/8,composto,0,20,40,103,2,maior,4
715,Aird's Airs,An Irish Air.,6/8,6/8,composto,0,16,32,69,9,menor,0
716,Aird's Airs,And will you be.,6/8,6/8,composto,2,16,32,85,2,maior,1
717,Aird's Airs,"Araidh nam badan,",6/8,6/8,composto,0,16,32,81,7,maior,2
718,Aird's Airs,As now we're met.,6/8,6/8,composto,2,16,32,74,11,menor,3
719,Aird's Airs,Auld Bessy.,6/8,6/8,composto,2,16,32,66,7,maior,4
720,Aird's Airs,"Auld Reekie, or Hoble about.",6/8,6/8,composto,2,16,32,96,2,maior,0
721,Aird's Airs,Bab at the Bouster.,6/8,6/8,composto,2,24,48,124,7,maior,1
722,Aird's Airs,"Baltioura,",6/8,6/8,composto,0,12,24,68,7,maior,2
723,Aird's Airs,"Bank's Dance.  for ""As you like it""",6/8,6/8,composto,2,24,48,122,7,maior,3
724,Aird's Airs,Batchelor's Hall.,6/8,6/8,composto,2,19.33,39,133,2,maior,4
725,Aird's Airs,Bessy Bell and Marry Gray,6/8,6/8,composto,2,16,32,86,2,maior,0
726,Aird's Airs,Big Bowwow.,6/8,6/8,composto,2,16.5,33,70,7,maior,1
727,Aird's Airs,Big Bowwow.,6/8,6/8,composto,2,16,32,77,7,maior,2
728,Aird's Airs,Black Jock.,6/8,6/8,composto,2,16,32,83,7,maior,3
729,Aird's Airs,Black Mary.,6/8,6/8,composto,2,16,32,86,7,maior,4
730,Aird's Airs,Blow Zabella.,6/8,6/8,composto,0,20.33,40,93,7,maior,0
731,Aird's Airs,Bonny Kitty.,6/8,6/8,composto,2,21.83,44,123,5,maior,1
732,Aird's Airs,Bottle of Punch.,6/8,6/8,composto,0,16,32,93,11,menor,2
733,Aird's Airs,Bowman's Fancy.,6/8,6/8,composto,2,24,48,134,2,maior,3
734,Aird's Airs,Bung Your Eye.,6/8,6/8,composto,2,16,32,81,9,menor,4
735,Aird's Airs,Cacina,6/8,6/8,composto,0,23.5,47,92,7,maior,0
736,Aird's Airs,Caledonian Hunt's Delight.,6/8,6/8,composto,2,16,32,83,7,maior,1
737,Aird's Airs,Casseys Jig.,6/8,6/8,composto,0,24,48,133,7,maior,2
738,Aird's Airs,Chapter of Kings.,6/8,6/8,composto,2,12,24,63,2,maior,3
739,Aird's Airs,Chasse Marine.,6/8,6/8,composto,2,16,32,75,0,maior,4
740,Aird's Airs,Chorus Jig.,6/8,6/8,composto,2,40.67,82,203,2,maior,0
741,Aird's Airs,Christmas day in the Morning.,6/8,6/8,composto,0,16,32,74,7,maior,1
742,Aird's Airs,Colr. Archd. Campbells Quick Step.,6/8,6/8,composto,2,12,24,62,2,maior,2
743,Aird's Airs,Come then all ye social powers.,6/8,6/8,composto,0,16,32,62,7,maior,3
744,Aird's Airs,Dance in Queen Mab.,6/8,6/8,composto,2,16,32,82,7,maior,4
745,Aird's Airs,Do. for the German Flute.,6/8,6/8,composto,2,16,32,89,11,menor,0
746,Aird's Airs,Dribbles of Brandy.,6/8,6/8,composto,0,16,32,73,4,menor,1
747,Aird's Airs,Drink to me only.,6/8,6/8,composto,0,14,28,66,9,maior,2
748,Aird's Airs,Drops of Drink.,6/8,6/8,composto,2,16,32,77,4,menor,3
749,Aird's Airs,Drub the Rogues.,6/8,6/8,composto,0,16,32,81,7,maior,4
750,Aird's Airs,Drury Hill.,6/8,6/8,composto,2,16,32,95,2,maior,0
751,Aird's Airs,Dumfries House.,6/8,6/8,composto,2,32,64,170,7,maior,1
752,Aird's Airs,Duncan's Dance.,6/8,6/8,composto,0,16,32,76,7,maior,2
753,Aird's Airs,Eppie McNabb.,6/8,6/8,composto,2,16,32,88,4,menor,3
754,Aird's Airs,Genl. Carleton's Quick March.,6/8,6/8,composto,2,16,32,76,2,maior,4
755,Aird's Airs,Gi'e me A Lass wi' a Lump o' Land,6/8,6/8,composto,0,15.83,31,82,4,menor,0
756,Aird's Airs,Gibralter Balloons,6/8,6/8,composto,0,16,32,82,2,maior,1
757,Aird's Airs,Giga.,6/8,6/8,composto,0,16,32,82,7,maior,2
758,Aird's Airs,"Gillibh na fela,",6/8,6/8,composto,0,12,24,68,2,maior,3
759,Aird's Airs,Grace's Farewell,6/8,6/8,composto,2,16,32,89,7,maior,4
760,Aird's Airs,Green Sleeves.,6/8,6/8,composto,2,16,32,80,7,maior,0
761,Aird's Airs,Happy Clown.,6/8,6/8,composto,2,16,32,76,7,maior,1
762,Aird's Airs,Have you heard of the Tax.,6/8,6/8,composto,2,15.67,32,90,2,maior,2
763,Aird's Airs,Here's a Health to them that's awa.,6/8,6/8,composto,0,15.67,31,72,2,maior,3
764,Aird's Airs,Hey to Couper.,6/8,6/8,composto,2,16,32,81,7,maior,4
765,Aird's Airs,Highway to Edinburgh,6/8,6/8,composto,2,16,32,89,4,menor,0
766,Aird's Airs,Hoddom Castle.,6/8,6/8,composto,2,16.83,34,103,2,maior,1
767,Aird's Airs,Humours of Graignamanoch.,6/8,6/8,composto,0,34,68,171,2,maior,2
768,Aird's Airs,I wish I may die if I do.,6/8,6/8,composto,2,28,56,135,2,maior,3
769,Aird's Airs,I wish you a merry new Year.,6/8,6/8,composto,2,16,32,80,2,maior,4
770,Aird's Airs,I'll Touzle your Kurchy.,6/8,6/8,composto,2,16,32,87,4,menor,0
771,Aird's Airs,I's rather have a piece than a Kiss of my Jo.,6/8,6/8,composto,2,32,64,180,7,maior,1
772,Aird's Airs,Innes's Jig.,6/8,6/8,composto,2,16,32,88,7,maior,2
773,Aird's Airs,Irish Air.,6/8,6/8,composto,0,23.5,47,125,7,maior,3
774,Aird's Airs,Irish Air.,6/8,6/8,composto,2,24.17,49,105,7,maior,4
775,Aird's Airs,Irish Billy.,6/8,6/8,composto,0,16,32,74,7,maior,0
776,Aird's Airs,Irish Lasses.,6/8,6/8,composto,0,16,32,81,4,menor,1
777,Aird's Airs,Irish Lilt.,6/8,6/8,composto,2,12,24,68,2,maior,2
778,Aird's Airs,Irish Morshaw.,6/8,6/8,composto,2,16,32,89,2,maior,3
779,Aird's Airs,Irish Pelt.,6/8,6/8,composto,0,15.83,31,93,2,maior,4
780,Aird's Airs,Irish Trott.,6/8,6/8,composto,0,8,16,44,2,maior,0
781,Aird's Airs,Jackson over the Water.,6/8,6/8,composto,2,16,32,92,2,menor,1
782,Aird's Airs,"Jackson over the water, 1780.",6/8,6/8,composto,2,16,32,92,2,maior,2
783,Aird's Airs,Jackson's Bouner Bougher,6/8,6/8,composto,0,16,32,87,11,menor,3
784,Aird's Airs,Jackson's Dream.,6/8,6/8,composto,2,16,32,85,2,maior,4
785,Aird's Airs,Jackson's Frolic.,6/8,6/8,composto,2,16,32,85,2,maior,0
786,Aird's Airs,Jackson's Morning Brush.,6/8,6/8,composto,2,24,48,132,2,maior,1
787,Aird's Airs,Jackson's Night Cap.,6/8,6/8,composto,2,24,48,140,2,maior,2
788,Aird's Airs,Jink About.,6/8,6/8,composto,2,16,32,88,9,maior,3
789,Aird's Airs,Jockey to the Fair.,6/8,6/8,composto,2,22,44,99,7,maior,4
790,Aird's Airs,Johnie Blunt.,6/8,6/8,composto,2,8,16,37,7,maior,0
791,Aird's Airs,Johnny Macgill.,6/8,6/8,composto,2,16,32,85,4,menor,1
792,Aird's Airs,Jollity.,6/8,6/8,composto,0,16,32,68,2,maior,2
793,Aird's Airs,Joseph's Frolick.,6/8,6/8,composto,2,16,32,94,2,maior,3
794,Aird's Airs,Just as I was in the morning.,6/8,6/8,composto,2,12,24,62,2,maior,4
795,Aird's Airs,Kiss me fast my mothers coming.,6/8,6/8,composto,0,16,32,79,2,maior,0
796,Aird's Airs,L' Ord'nance.,6/8,6/8,composto,0,32.33,64,124,9,maior,1
797,Aird's Airs,La Counterfaitte.,6/8,6/8,composto,2,16,32,76,7,maior,2
798,Aird's Airs,La Damoselle.,6/8,6/8,composto,2,22,44,107,7,maior,3
799,Aird's Airs,La Jupon Rouge or the Scarlet Petticoat.,6/8,6/8,composto,2,23.67,48,118,7,maior,4
800,Aird's Airs,La Rosalia.,6/8,6/8,composto,2,16,32,88,7,maior,0
801,Aird's Airs,Lad if you lo'e me.,6/8,6/8,composto,0,31,62,136,2,maior,1
802,Aird's Airs,Lady Charlote's Delight.,6/8,6/8,composto,0,16,32,86,7,maior,2
803,Aird's Airs,Lady Charlotte Bruce's Favourite.,6/8,6/8,composto,2,24,48,119,7,maior,3
804,Aird's Airs,Lady Eliza Callander's Favourite.,6/8,6/8,composto,0,11.83,23,65,2,maior,4
805,Aird's Airs,Lango Lee.,6/8,6/8,composto,2,16,32,90,7,maior,0
806,Aird's Airs,Lango Lee. New way.,6/8,6/8,composto,0,20,40,98,2,maior,1
807,Aird's Airs,Lary Grogan,6/8,6/8,composto,2,12,24,64,7,maior,2
808,Aird's Airs,"Lary Grogan,",6/8,6/8,composto,2,16,32,91,2,maior,3
809,Aird's Airs,Lass gin ye loe me tell me now.,6/8,6/8,composto,0,15.17,30,73,2,maior,4
810,Aird's Airs,Lather awa' wi' your Oak Stick.,6/8,6/8,composto,0,16,32,80,0,maior,0
811,Aird's Airs,Les Plaiseurs des Dames.,6/8,6/8,composto,6,19.5,39,87,7,maior,1
812,Aird's Airs,Lesslie's March.,6/8,6/8,composto,0,24,48,132,2,maior,2
813,Aird's Airs,Lethe.,6/8,6/8,composto,2,16,32,103,7,maior,3
814,Aird's Airs,Life's a Pun,6/8,6/8,composto,2,18,36,111,11,menor,4
815,Aird's Airs,"Ligrum cus,",6/8,6/8,composto,0,16,32,68,2,maior,0
816,Aird's Airs,Lillie Bulera.,6/8,6/8,composto,2,24,48,137,7,maior,1
817,Aird's Airs,Lillignoneth Francoise.,6/8,6/8,composto,2,32,64,143,5,maior,2
818,Aird's Airs,Linky Lanky.,6/8,6/8,composto,2,23.67,48,102,4,menor,3
819,Aird's Airs,Linnen Hall.,6/8,6/8,composto,0,16,32,69,7,maior,4
820,Aird's Airs,Little Skirmish.,6/8,6/8,composto,2,16,32,71,2,maior,0
821,Aird's Airs,Lord Dunmore's Quick Step.,6/8,6/8,composto,0,16,32,75,2,maior,1
822,Aird's Airs,Lovely Mally.,6/8,6/8,composto,2,16,32,90,2,maior,2
823,Aird's Airs,Major John Bruce's Quick Step.,6/8,6/8,composto,2,16,32,86,0,maior,3
824,Aird's Airs,Major's Maggot.,6/8,6/8,composto,0,16,32,78,2,maior,4
825,Aird's Airs,Malbrouke.,6/8,6/8,composto,2,20,40,75,7,maior,0
826,Aird's Airs,Margate Hunt.,6/8,6/8,composto,0,16,32,80,11,menor,1
827,Aird's Airs,Marias Frolick.,6/8,6/8,composto,2,16,32,82,2,maior,2
828,Aird's Airs,Marionets.,6/8,6/8,composto,0,16,32,68,7,maior,3
829,Aird's Airs,Marquis of Granby - Shambuy.,6/8,6/8,composto,0,16,32,85,4,menor,4
830,Aird's Airs,Matthew Briggs.,6/8,6/8,composto,0,16,32,76,9,menor,0
831,Aird's Airs,McFarlan's Delight.,6/8,6/8,composto,2,24,48,138,2,maior,1
832,Aird's Airs,Miss Campbell's Jig.,6/8,6/8,composto,2,16,32,91,7,maior,2
833,Aird's Airs,Miss Charlote Stirling's Jig.,6/8,6/8,composto,2,20,40,105,2,maior,3
834,Aird's Airs,Miss Dawson's Whim.,6/8,6/8,composto,2,16.17,33,92,7,maior,4
835,Aird's Airs,Miss Douglas's Fancy.,6/8,6/8,composto,2,16,32,70,7,maior,0
836,Aird's Airs,Miss Jane Bruce's Jig.,6/8,6/8,composto,2,15.67,32,94,2,maior,1
837,Aird's Airs,Miss Katie Hall's Reel.,6/8,6/8,composto,0,16,32,90,2,maior,2
838,Aird's Airs,Miss Lindsay's Jig.,6/8,6/8,composto,2,16,32,82,7,maior,3
839,Aird's Airs,Miss Margt. Brown's Favourite.,6/8,6/8,composto,2,24,48,132,4,menor,4
840,Aird's Airs,Miss Murray's Jig.,6/8,6/8,composto,0,16,32,95,5,maior,0
841,Aird's Airs,Miss Sally Hunter of Thurston's Jig.,6/8,6/8,composto,2,24,48,122,2,maior,1
842,Aird's Airs,Miss Sharp's Fancy.,6/8,6/8,composto,2,24,48,131,2,maior,2
843,Aird's Airs,Moll in the Wad.,6/8,6/8,composto,2,16,32,84,0,maior,3
844,Aird's Airs,"Mr Binden's Fancy,",6/8,6/8,composto,0,16,32,108,4,menor,4
845,Aird's Airs,Mr. Blair of Blair's Jig.,6/8,6/8,composto,2,16,32,92,7,maior,0
846,Aird's Airs,Mr. P.P. Shirreff's Favorite.,6/8,6/8,composto,2,16,32,102,2,maior,1
847,Aird's Airs,Mrs. Edwards of Woodend's Jig.,6/8,6/8,composto,2,19.83,40,116,2,maior,2
848,Aird's Airs,Mrs. John Stirling's Jig.,6/8,6/8,composto,2,16,32,92,2,maior,3
849,Aird's Airs,Mrs. Spens Monro's Jig.,6/8,6/8,composto,2,16,32,89,4,menor,4
850,Aird's Airs,My Lodging is on the Cold Ground.,6/8,6/8,composto,2,16,32,82,11,menor,0
851,Aird's Airs,My Mother says I manna.,6/8,6/8,composto,2,17.67,36,81,11,menor,1
852,Aird's Airs,My Mother's ay Glowring o'er me.,6/8,6/8,composto,2,16,32,80,7,maior,2
853,Aird's Airs,My Wifes a Wanton wee thing.,6/8,6/8,composto,2,16,32,73,2,maior,3
854,Aird's Airs,Nancy Dawson,6/8,6/8,composto,0,16,32,66,7,maior,4
855,Aird's Airs,Neapolitan Threshers.,6/8,6/8,composto,2,16,32,86,2,maior,0
856,Aird's Airs,New Stepney March.,6/8,6/8,composto,2,16,32,85,7,maior,1
857,Aird's Airs,New Stepney March.,6/8,6/8,composto,2,16,32,85,2,maior,2
858,Aird's Airs,New Years day.,6/8,6/8,composto,2,16,32,87,5,maior,3
859,Aird's Airs,New york Girls.,6/8,6/8,composto,2,20,40,93,7,maior,4
860,Aird's Airs,Norickystie or the Wild Irish Man.,6/8,6/8,composto,2,16,32,68,2,maior,0
861,Aird's Airs,Oak Stick.,6/8,6/8,composto,2,16,32,73,2,maior,1
862,Aird's Airs,Oak Stick.,6/8,6/8,composto,0,16,32,74,2,maior,2
863,Aird's Airs,Oh dear what can the matter be.,6/8,6/8,composto,2,15.5,31,75,7,maior,3
864,Aird's Airs,On dit qu-ia quinze ans.,6/8,6/8,composto,0,16,32,61,2,maior,4
865,Aird's Airs,Over the Water to Charlie.,6/8,6/8,composto,0,32,64,156,2,maior,0
866,Aird's Airs,Oxford Castle.,6/8,6/8,composto,0,19.83,39,115,7,maior,1
867,Aird's Airs,Paddeen O Rafardie,6/8,6/8,composto,0,15.83,31,98,7,maior,2
868,Aird's Airs,Paddy o' Blarney.,6/8,6/8,composto,2,15.67,32,84,2,maior,3
869,Aird's Airs,Pady Whack,6/8,6/8,composto,2,16,32,90,7,maior,4
870,Aird's Airs,Pady's Resource,6/8,6/8,composto,2,16,32,89,5,maior,0
871,Aird's Airs,Pady's Resource.,6/8,6/8,composto,2,16,32,89,2,maior,1
872,Aird's Airs,Pither in enough.,6/8,6/8,composto,2,24,48,126,2,maior,2
873,Aird's Airs,Port Patrick.,6/8,6/8,composto,2,16,32,87,7,maior,3
874,Aird's Airs,Prince William Henry's Return.,6/8,6/8,composto,2,24,48,113,2,maior,4
875,Aird's Airs,Quick March 10th. Regt.,6/8,6/8,composto,2,16,32,91,2,maior,0
876,Aird's Airs,Quick March 1st. Battn. Royals.,6/8,6/8,composto,2,16,32,84,2,maior,1
877,Aird's Airs,Quick March 2nd Battn. of Royals,6/8,6/8,composto,2,16,32,72,2,maior,2
878,Aird's Airs,Quick March 8th. Regt.,6/8,6/8,composto,0,16,32,90,7,maior,3
879,Aird's Airs,Quick March East York Militia.,6/8,6/8,composto,2,32,64,170,7,maior,4
880,Aird's Airs,Quick Step 15th. Regt.,6/8,6/8,composto,0,12,24,63,2,maior,0
881,Aird's Airs,Quick Step 23d. Regt.,6/8,6/8,composto,2,16,32,72,7,maior,1
882,Aird's Airs,Quick Step 26th Regt.,6/8,6/8,composto,2,16,32,87,7,maior,2
883,Aird's Airs,Quick Step 32d. Regt.,6/8,6/8,composto,2,16,32,86,7,maior,3
884,Aird's Airs,Quick Step 37th Regt.,6/8,6/8,composto,0,16,32,84,2,maior,4
885,Aird's Airs,Quick Step 40th. Regt.,6/8,6/8,composto,2,16,32,77,2,maior,0
886,Aird's Airs,Quick Step 43d. Regt.,6/8,6/8,composto,0,16,32,75,7,maior,1
887,Aird's Airs,Quick Step 45th. Regt.,6/8,6/8,composto,2,16,32,67,7,maior,2
888,Aird's Airs,Quick Step 4th. Regt.,6/8,6/8,composto,0,16,32,75,7,maior,3
889,Aird's Airs,Quick Step 55th. Regt.,6/8,6/8,composto,0,24,48,112,7,maior,4
890,Aird's Airs,Quick Step 71st. Regt.,6/8,6/8,composto,0,8,16,44,11,menor,0
891,Aird's Airs,Quick Step Fusileers.,6/8,6/8,composto,2,16,32,81,7,maior,1
892,Aird's Airs,Quick Step Genl. Burgoynes.,6/8,6/8,composto,2,32,64,160,2,maior,2
893,Aird's Airs,Quick Step the Troopers.,6/8,6/8,composto,0,16,32,77,2,maior,3
894,Aird's Airs,"Quick Step,",6/8,6/8,composto,2,16,32,78,4,menor,4
895,Aird's Airs,Quick Step.  La Prominade.,6/8,6/8,composto,0,24,48,98,2,maior,0
896,Aird's Airs,Quick Step. 17 Regt.,6/8,6/8,composto,2,16,32,70,7,maior,1
897,Aird's Airs,Quick Step. Turkish.,6/8,6/8,composto,0,16,32,86,7,maior,2
898,Aird's Airs,Ranger's Frolick,6/8,6/8,composto,0,24,48,130,7,maior,3
899,Aird's Airs,Roast Beef.,6/8,6/8,composto,2,10,20,50,2,maior,4
900,Aird's Airs,Rob: Down.,6/8,6/8,composto,2,16,32,86,4,menor,0
901,Aird's Airs,Rosette. Quick Step.,6/8,6/8,composto,2,16,32,74,7,maior,1
902,Aird's Airs,Rossie House.,6/8,6/8,composto,2,16,32,96,7,maior,2
903,Aird's Airs,Rural Felicity,6/8,6/8,composto,2,16,32,90,2,maior,3
904,Aird's Airs,Sae braley as I was Kiss'd Yestreen,6/8,6/8,composto,2,16,32,85,9,menor,4
905,Aird's Airs,Sailor Laddie.,6/8,6/8,composto,2,16,32,98,7,maior,0
906,Aird's Airs,Sailor's Rant.,6/8,6/8,composto,0,16,32,74,7,maior,1
907,Aird's Airs,Shiling O'Gairey,6/8,6/8,composto,0,12,24,60,7,maior,2
908,Aird's Airs,Siugue.,6/8,6/8,composto,0,32,64,140,7,maior,3
909,Aird's Airs,Skiver the Quilt,6/8,6/8,composto,2,16,32,74,4,menor,4
910,Aird's Airs,Soldier's Dance.,6/8,6/8,composto,2,16,32,75,9,maior,0
911,Aird's Airs,Somebody.,6/8,6/8,composto,2,15.33,31,67,7,maior,1
912,Aird's Airs,St. Patricks Day in the morning.,6/8,6/8,composto,2,22,44,119,4,menor,2
913,Aird's Airs,The 6 Following Tunes are taken from Oscar & Malvina.,6/8,6/8,composto,0,24,48,138,2,maior,3
914,Aird's Airs,The Barring of the Door.,6/8,6/8,composto,2,8,16,33,0,maior,4
915,Aird's Airs,"The Basket of Oysters,",6/8,6/8,composto,2,16,32,75,11,menor,0
916,Aird's Airs,The Bath Medley,6/8,6/8,composto,2,16,32,84,4,menor,1
917,Aird's Airs,The Campbell's are coming.,6/8,6/8,composto,2,16,32,85,7,maior,2
918,Aird's Airs,The Capuchin,6/8,6/8,composto,2,16,32,81,2,maior,3
919,Aird's Airs,The Charity Boy.,6/8,6/8,composto,0,16,32,79,0,maior,4
920,Aird's Airs,The Cow behind the Haycock.,6/8,6/8,composto,0,16,32,64,2,maior,0
921,Aird's Airs,The Cream Pot.,6/8,6/8,composto,0,24,48,111,7,maior,1
922,Aird's Airs,The Doctor.,6/8,6/8,composto,2,16,32,93,7,maior,2
923,Aird's Airs,The Drunken Drummer.,6/8,6/8,composto,2,16,32,84,7,maior,3
924,Aird's Airs,The Ducks dang o'er my Dadie.,6/8,6/8,composto,2,12,24,65,11,menor,4
925,Aird's Airs,The Excambey.,6/8,6/8,composto,2,16.17,33,88,2,maior,0
926,Aird's Airs,The Farewell.,6/8,6/8,composto,0,16,32,84,2,maior,1
927,Aird's Airs,The Feathers.,6/8,6/8,composto,2,23.83,48,108,7,maior,2
928,Aird's Airs,The Female Hero.,6/8,6/8,composto,0,16,32,97,7,maior,3
929,Aird's Airs,The Female Rake.,6/8,6/8,composto,0,16,32,87,2,maior,4
930,Aird's Airs,The Flag Dance.,6/8,6/8,composto,2,15.67,32,73,2,maior,0
931,Aird's Airs,The Flight.,6/8,6/8,composto,2,16,32,78,2,maior,1
932,Aird's Airs,The Fox Hunter's Jig.,6/8,6/8,composto,2,24,48,120,2,maior,2
933,Aird's Airs,The Free Mason's March.,6/8,6/8,composto,2,8,16,49,7,maior,3
934,Aird's Airs,The Fumbler.,6/8,6/8,composto,2,16,32,98,5,maior,4
935,Aird's Airs,The General Toast.,6/8,6/8,composto,0,16,32,77,7,maior,0
936,Aird's Airs,The Gobby O.,6/8,6/8,composto,2,16,32,76,9,menor,1
937,Aird's Airs,The Good thing.,6/8,6/8,composto,0,16,32,78,2,maior,2
938,Aird's Airs,The Grand Parade.,6/8,6/8,composto,0,16,32,83,2,maior,3
939,Aird's Airs,The Green Garters.,6/8,6/8,composto,2,7.83,16,49,7,maior,4
940,Aird's Airs,The Hare in Corn.,6/8,6/8,composto,2,16,32,91,7,maior,0
941,Aird's Airs,The Hay makers.,6/8,6/8,composto,2,12,24,66,7,maior,1
942,Aird's Airs,The Hemp Dressers.,6/8,6/8,composto,2,16,32,71,7,maior,2
943,Aird's Airs,The High Way to Dublin.,6/8,6/8,composto,0,24.83,49,111,2,menor,3
944,Aird's Airs,The House of Gray.,6/8,6/8,composto,2,16,32,84,9,menor,4
945,Aird's Airs,The Humours of Limerick.,6/8,6/8,composto,2,16,32,96,7,maior,0
946,Aird's Airs,The Humours of Listivain.,6/8,6/8,composto,0,20,40,108,4,menor,1
947,Aird's Airs,The Irish Washerwoman.,6/8,6/8,composto,2,16,32,95,7,maior,2
948,Aird's Airs,The Knight.,6/8,6/8,composto,2,16,32,78,2,maior,3
949,Aird's Airs,The Lads of Dunse.,6/8,6/8,composto,2,16,32,87,2,maior,4
950,Aird's Airs,"The Lady's play thing, or Gen Howe's March.",6/8,6/8,composto,2,20,40,102,7,maior,0
951,Aird's Airs,The Lakes of Kellarnie.,6/8,6/8,composto,2,26.33,53,180,2,maior,1
952,Aird's Airs,The Lasses of Dunse,6/8,6/8,composto,2,16,32,87,2,maior,2
953,Aird's Airs,The Lasses of Melross.,6/8,6/8,composto,2,16,32,89,7,maior,3
954,Aird's Airs,The Life we love.,6/8,6/8,composto,2,15.67,32,80,7,maior,4
955,Aird's Airs,The Lilly.,6/8,6/8,composto,2,16,32,93,2,maior,0
956,Aird's Airs,The Madrigal.,6/8,6/8,composto,2,17.83,36,82,0,maior,1
957,Aird's Airs,The Maid of the Mill.,6/8,6/8,composto,2,15.33,31,75,7,maior,2
958,Aird's Airs,The Maid of the Mill.,6/8,6/8,composto,2,15.33,31,82,7,maior,3
959,Aird's Airs,The Major,6/8,6/8,composto,0,12,24,68,9,maior,4
960,Aird's Airs,The Merry Dancers.,6/8,6/8,composto,2,24,48,135,7,maior,0
961,Aird's Airs,The Merry Girls of York.,6/8,6/8,composto,2,16,32,79,2,maior,1
962,Aird's Airs,The Merry Girls of York.,6/8,6/8,composto,2,16,32,79,10,maior,2
963,Aird's Airs,The Midnight Hour.,6/8,6/8,composto,0,16,32,86,7,maior,3
964,Aird's Airs,The Milk Maid,6/8,6/8,composto,2,24,48,121,2,maior,4
965,Aird's Airs,The Millers Rant.,6/8,6/8,composto,2,16,32,84,9,menor,0
966,Aird's Airs,"The Miners of Wicklow,",6/8,6/8,composto,2,16,32,96,2,maior,1
967,Aird's Airs,The Miners of Wicklow.,6/8,6/8,composto,2,16,32,87,2,maior,2
968,Aird's Airs,The Moon and Seven Stars.,6/8,6/8,composto,0,16,32,79,2,maior,3
969,Aird's Airs,The Morgan Rattler.,6/8,6/8,composto,2,34.17,69,185,11,menor,4
970,Aird's Airs,The Pantheon.,6/8,6/8,composto,0,23.5,47,108,7,maior,0
971,Aird's Airs,The Parlour.,6/8,6/8,composto,0,16,32,72,7,maior,1
972,Aird's Airs,The Parson in his Boots.,6/8,6/8,composto,2,16,32,84,9,maior,2
973,Aird's Airs,The Petticoat.,6/8,6/8,composto,2,20,40,93,2,maior,3
974,Aird's Airs,The Polygon,6/8,6/8,composto,2,16.5,33,91,2,maior,4
975,Aird's Airs,The Rack of Silly.,6/8,6/8,composto,2,16,32,79,7,maior,0
976,Aird's Airs,The Rakish Highland man.,6/8,6/8,composto,0,16,32,63,11,menor,1
977,Aird's Airs,The Recruiting Officer.,6/8,6/8,composto,2,16,32,80,2,maior,2
978,Aird's Airs,The Ring Dove.,6/8,6/8,composto,2,20,40,112,2,maior,3
979,Aird's Airs,The Rope Dance.,6/8,6/8,composto,2,16,32,83,7,maior,4
980,Aird's Airs,The Royal Glasgow Volunteer's Jig.,6/8,6/8,composto,0,16,32,75,7,maior,0
981,Aird's Airs,The Rural Thought.,6/8,6/8,composto,0,32,64,125,7,maior,1
982,Aird's Airs,The Sailor Laddie.,6/8,6/8,composto,2,16,32,86,7,maior,2
983,Aird's Airs,The Spinning Wheel.,6/8,6/8,composto,2,16,32,87,4,menor,3
984,Aird's Airs,The Taylor's March.,6/8,6/8,composto,2,10.83,22,63,2,maior,4
985,Aird's Airs,The Weazle.,6/8,6/8,composto,0,16,32,72,7,maior,0
986,Aird's Airs,The Whipman Laddie,6/8,6/8,composto,2,8,16,44,2,maior,1
987,Aird's Airs,The Whirlie-Wha.,6/8,6/8,composto,2,15.67,32,77,2,maior,2
988,Aird's Airs,The Widows Rant.,6/8,6/8,composto,2,16,32,90,9,maior,3
989,Aird's Airs,The Wrights Rant.,6/8,6/8,composto,0,16,32,99,9,maior,4
990,Aird's Airs,The high way to Dublin.,6/8,6/8,composto,2,16,32,87,2,maior,0
991,Aird's Airs,The maids in the morning.,6/8,6/8,composto,0,32,64,151,4,menor,1
992,Aird's Airs,Thro' the Lang Muir.,6/8,6/8,composto,0,12,24,63,4,menor,2
993,Aird's Airs,Tit for Tat.,6/8,6/8,composto,0,16,32,70,2,maior,3
994,Aird's Airs,"Tom Jones,",6/8,6/8,composto,0,16,32,70,2,maior,4
995,Aird's Airs,Tristram Shandy.,6/8,6/8,composto,0,8,16,44,2,maior,0
996,Aird's Airs,Turkish March.,6/8,6/8,composto,2,18.83,38,94,7,maior,1
997,Aird's Airs,Vulcan's Forge.,6/8,6/8,composto,0,15.5,31,79,0,maior,2
998,Aird's Airs,Warkworth Castle.,6/8,6/8,composto,2,16,32,78,2,maior,3
999,Aird's Airs,Well a go to Kelso.,6/8,6/8,composto,2,16,32,91,7,maior,4
1000,Aird's Airs,Well done Jock.,6/8,6/8,composto,0,16,32,78,2,maior,0
1001,Aird's Airs,"Well-a-day, Lack-a-day.",6/8,6/8,composto,2,16.92,34,77,7,maior,1
1002,Aird's Airs,When I follow'd a Lass.,6/8,6/8,composto,2,16,32,91,7,maior,2
1003,Aird's Airs,When she came ben she bobed.,6/8,6/8,composto,2,16,32,88,4,menor,3
1004,Aird's Airs,White Jock.,6/8,6/8,composto,0,16,32,79,2,maior,4
1005,Aird's Airs,Wilkes's Wrigle.,6/8,6/8,composto,2,12,24,49,9,maior,0
1006,Aird's Airs,Winter.,6/8,6/8,composto,2,15.83,32,76,0,maior,1
1007,Aird's Airs,Women's dance in the Ombres Chinoises.,6/8,6/8,composto,2,16,32,80,7,maior,2
1008,Aird's Airs,Wood Nunrich fair,6/8,6/8,composto,2,24,48,133,7,maior,3
1009,Aird's Airs,A Jig,9/8,9/8,composto,2,8,24,68,7,maior,4
1010,Aird's Airs,A favourite Air.,9/8,9/8,composto,0,8,24,73,2,maior,0
1011,Aird's Airs,"Andrew Carey,",9/8,9/8,composto,0,8,24,61,2,maior,1
1012,Aird's Airs,Dollie's the Girl for me,9/8,9/8,composto,2,12,36,102,2,maior,2
1013,Aird's Airs,Drown Drouth.,9/8,9/8,composto,2,8,24,69,2,maior,3
1014,Aird's Airs,Fy let us a' to the Bridal.,9/8,9/8,composto,2,8,24,68,4,menor,4
1015,Aird's Airs,"Hey me Nanny,",9/8,9/8,composto,0,8,24,63,2,maior,0
1016,Aird's Airs,Hott Mutton Pyes.,9/8,9/8,composto,2,9,27,74,9,menor,1
1017,Aird's Airs,Miss Margt. MacGregor's Favourite.,9/8,9/8,composto,2,12,36,109,2,maior,2
1018,Aird's Airs,North Fencibles.,9/8,9/8,composto,2,8,24,61,4,menor,3
1019,Aird's Airs,Old Plantation Girls.,9/8,9/8,composto,2,8,24,60,9,menor,4
1020,Aird's Airs,Patie's Wedding.,9/8,9/8,composto,2,7.78,24,65,9,menor,0
1021,Aird's Airs,Piper's Maggot.,9/8,9/8,composto,2,8,24,72,7,maior,1
1022,Aird's Airs,Rakes of Kilkenny.,9/8,9/8,composto,0,8,24,76,2,maior,2
1023,Aird's Airs,"Rakes of Westmouth,",9/8,9/8,composto,0,8,24,59,2,maior,3
1024,Aird's Airs,"Sheela na Gigg,",9/8,9/8,composto,0,10,30,80,7,maior,4
1025,Aird's Airs,Sir John Scott's Favourite.,9/8,9/8,composto,2,12,36,108,4,menor,0
1026,Aird's Airs,The Bucket.,9/8,9/8,composto,2,8,24,63,7,maior,1
1027,Aird's Airs,The Cudgell.,9/8,9/8,composto,0,11.89,35,105,7,maior,2
1028,Aird's Airs,The Long Room of Scarbrough.,9/8,9/8,composto,0,12,36,99,4,menor,3
1029,Aird's Airs,The Parks of Yester.,9/8,9/8,composto,2,16,48,132,2,maior,4
1030,Aird's Airs,The Ragged Sailor.,9/8,9/8,composto,2,8,24,66,7,maior,0
1031,Aird's Airs,The Sailor Lassie.,9/8,9/8,composto,2,12,36,108,2,maior,1
1032,Aird's Airs,The way to get Married.,9/8,9/8,composto,0,8,24,66,7,maior,2
1033,Aird's Airs,Three good Fellows.,9/8,9/8,composto,2,8,24,60,11,menor,3
1034,Aird's Airs,Up wi't Ailly now.,9/8,9/8,composto,0,8,24,58,9,maior,4
1035,Aird's Airs,Why shou'd I not like my Love.,9/8,9/8,composto,2,12,36,98,7,maior,0
1036,Aird's Airs,Woo'd and Married and a',9/8,9/8,composto,2,12,36,97,4,menor,1
1037,Aird's Airs,Gramachree is a Sup of good Drink.,12/8,12/8,composto,2,8,32,78,2,menor,2
1038,Aird's Airs,Quick Step 10th. Regt.,12/8,12/8,composto,0,8,32,86,9,maior,3
1039,Aird's Airs,Saw away 'lias Scrape away.,12/8,12/8,composto,0,12,48,103,7,maior,4
1040,"J. S. Bach, corais (soprano)","113. Ihr Gestirn', ihr hohen L\u3fte",3/4,3/4,simples,0,16,48,32,2,menor,0
1041,"J. S. Bach, corais (soprano)",Aus meines Herzens Grunde,3/4,3/4,simples,4,21,63,59,7,maior,1
1042,"J. S. Bach, corais (soprano)",Erschienen ist der herrliche Tag,3/4,3/4,simples,0,18,54,46,4,menor,2
1043,"J. S. Bach, corais (soprano)","Nun lob, mein Seel, den Herren",3/4,3/4,simples,4,37,111,89,9,maior,3
1044,"J. S. Bach, corais (soprano)",Puer natus in Bethlehem,3/4,3/4,simples,4,16,48,40,9,menor,4
1045,"J. S. Bach, corais (soprano)",bwv248.42-4.mxl,3/4,3/4,simples,0,52.17,156,168,5,maior,0
1046,"J. S. Bach, corais (soprano)",bwv248.42-s.mxl,3/4,3/4,simples,0,28,84,55,5,maior,1
1047,"J. S. Bach, corais (soprano)",bwv266.mxl,3/4,3/4,simples,0,22,66,51,4,menor,2
1048,"J. S. Bach, corais (soprano)",bwv269.mxl,3/4,3/4,simples,4,21,63,46,7,maior,3
1049,"J. S. Bach, corais (soprano)",bwv282.mxl,3/4,3/4,simples,4,19,57,32,7,maior,4
1050,"J. S. Bach, corais (soprano)",bwv29.8.mxl,3/4,3/4,simples,4,34,102,28,2,maior,0
1051,"J. S. Bach, corais (soprano)",bwv295.mxl,3/4,3/4,simples,0,16,48,32,2,menor,1
1052,"J. S. Bach, corais (soprano)",bwv299.mxl,3/4,3/4,simples,4,16,48,55,10,maior,2
1053,"J. S. Bach, corais (soprano)",bwv306.mxl,3/4,3/4,simples,4,16,48,39,5,maior,3
1054,"J. S. Bach, corais (soprano)",bwv320.mxl,3/4,3/4,simples,0,38,114,89,5,maior,4
1055,"J. S. Bach, corais (soprano)",bwv321.mxl,3/4,3/4,simples,0,16,48,33,10,maior,0
1056,"J. S. Bach, corais (soprano)",bwv326.mxl,3/4,3/4,simples,4,16,48,32,7,menor,1
1057,"J. S. Bach, corais (soprano)",bwv327.mxl,3/4,3/4,simples,4,16,48,32,11,menor,2
1058,"J. S. Bach, corais (soprano)",bwv342.mxl,3/4,3/4,simples,0,24,72,53,9,menor,3
1059,"J. S. Bach, corais (soprano)",bwv343.mxl,3/4,3/4,simples,4,21,63,41,5,maior,4
1060,"J. S. Bach, corais (soprano)",bwv344.mxl,3/4,3/4,simples,0,24,72,46,7,menor,0
1061,"J. S. Bach, corais (soprano)",bwv349.mxl,3/4,3/4,simples,0,16,48,33,5,maior,1
1062,"J. S. Bach, corais (soprano)",bwv356.mxl,3/4,3/4,simples,0,20,60,43,7,menor,2
1063,"J. S. Bach, corais (soprano)",bwv366.mxl,3/4,3/4,simples,0,24,72,47,2,menor,3
1064,"J. S. Bach, corais (soprano)",bwv368.mxl,3/4,3/4,simples,4,32.33,97,65,5,maior,4
1065,"J. S. Bach, corais (soprano)",bwv390.mxl,3/4,3/4,simples,4,36,108,88,0,maior,0
1066,"J. S. Bach, corais (soprano)",bwv391.mxl,3/4,3/4,simples,0,18,54,43,7,maior,1
1067,"J. S. Bach, corais (soprano)",bwv400.mxl,3/4,3/4,simples,0,18,54,40,0,menor,2
1068,"J. S. Bach, corais (soprano)",bwv403.mxl,3/4,3/4,simples,0,21,63,42,7,menor,3
1069,"J. S. Bach, corais (soprano)",bwv413.mxl,3/4,3/4,simples,0,32,96,70,2,menor,4
1070,"J. S. Bach, corais (soprano)",bwv43.11.mxl,3/4,3/4,simples,0,22,66,50,7,maior,0
1071,"J. S. Bach, corais (soprano)",bwv57.8.mxl,3/4,3/4,simples,0,13,39,41,10,maior,1
1072,"J. S. Bach, corais (soprano)",bwv65.2.mxl,3/4,3/4,simples,4,16,48,33,9,menor,2
1073,"J. S. Bach, corais (soprano)",bwv67.4.xml,3/4,3/4,simples,4,18,54,39,1,menor,3
1074,"J. S. Bach, corais (soprano)",bwv70.7.mxl,3/4,3/4,simples,0,34,102,62,7,maior,4
1075,"J. S. Bach, corais (soprano)",bwv79.6.mxl,3/4,3/4,simples,4,16,48,37,7,maior,0
1076,"J. S. Bach, corais (soprano)",25. Christ lag in Todesbanden,4/4,4/4,simples,4,12.25,49,51,2,menor,1
1077,"J. S. Bach, corais (soprano)","28. Christus, der ist mein Leben",4/4,4/4,simples,4,8,32,26,5,maior,2
1078,"J. S. Bach, corais (soprano)","Ach Gott, vom Himmel sieh' darein",4/4,4/4,simples,4,10.25,41,46,9,menor,3
1079,"J. S. Bach, corais (soprano)","Allein zu dir, Herr Jesu Christ",4/4,4/4,simples,4,16.25,65,64,9,menor,4
1080,"J. S. Bach, corais (soprano)",An Wasserfluessen Babylon,4/4,4/4,simples,4,17.25,69,75,7,maior,0
1081,"J. S. Bach, corais (soprano)",Aus tiefer Not schrei ich zu dir 1,4/4,4/4,simples,0,13,52,45,9,menor,1
1082,"J. S. Bach, corais (soprano)",Christ lag in Todesbanden,4/4,4/4,simples,4,12,48,60,2,menor,2
1083,"J. S. Bach, corais (soprano)","Christus, der ist mein Leben",4/4,4/4,simples,4,8,32,29,5,maior,3
1084,"J. S. Bach, corais (soprano)",Ein feste Burg ist unser Gott,4/4,4/4,simples,4,12.25,49,56,2,maior,4
1085,"J. S. Bach, corais (soprano)","Ermuntre dich, mein schwacher Geist",4/4,4/4,simples,4,12.25,49,56,7,maior,0
1086,"J. S. Bach, corais (soprano)",Es ist das Heil uns kommen her,4/4,4/4,simples,4,10.25,41,45,4,maior,1
1087,"J. S. Bach, corais (soprano)",Es woll uns Gott genaedig sein 2,4/4,4/4,simples,4,17,68,71,11,menor,2
1088,"J. S. Bach, corais (soprano)","Freuet euch, ihr Christen alle",4/4,4/4,simples,0,20,80,72,5,menor,3
1089,"J. S. Bach, corais (soprano)","Ich dank dir, lieber Herre",4/4,4/4,simples,4,13,52,56,9,maior,4
1090,"J. S. Bach, corais (soprano)",Ich hab mein Sach Gott heimgestellt,4/4,4/4,simples,4,9.25,37,45,7,menor,0
1091,"J. S. Bach, corais (soprano)","Menschenkind, merk eben",4/4,4/4,simples,0,13,52,50,7,maior,1
1092,"J. S. Bach, corais (soprano)","O Herre Gott, dein goettlich Wort",4/4,4/4,simples,4,14,56,59,7,maior,2
1093,"J. S. Bach, corais (soprano)",bwv245.40.mxl,4/4,4/4,simples,4,28,112,114,0,menor,3
1094,"J. S. Bach, corais (soprano)",bwv245.5.mxl,4/4,4/4,simples,4,12,48,55,2,menor,4
1095,"J. S. Bach, corais (soprano)",bwv248.12-2.mxl,4/4,4/4,simples,4,12,48,49,7,maior,0
1096,"J. S. Bach, corais (soprano)",bwv248.17.mxl,4/4,4/4,simples,4,8,32,42,9,menor,1
1097,"J. S. Bach, corais (soprano)",bwv248.23-s.mxl,4/4,4/4,simples,4,8,32,38,4,menor,2
1098,"J. S. Bach, corais (soprano)",bwv248.28.mxl,4/4,4/4,simples,4,10,40,42,9,maior,3
1099,"J. S. Bach, corais (soprano)",bwv248.33-3.mxl,4/4,4/4,simples,0,13,52,48,7,maior,4
1100,"J. S. Bach, corais (soprano)",bwv248.35-3.mxl,4/4,4/4,simples,4,11,44,45,6,menor,0
1101,"J. S. Bach, corais (soprano)",bwv248.35-3c.mxl,4/4,4/4,simples,4,11,44,46,6,menor,1
1102,"J. S. Bach, corais (soprano)",bwv248.46-5.mxl,4/4,4/4,simples,4,12,48,50,9,maior,2
1103,"J. S. Bach, corais (soprano)",bwv248.5.mxl,4/4,4/4,simples,4,12,48,45,9,menor,3
1104,"J. S. Bach, corais (soprano)",bwv248.53-5.mxl,4/4,4/4,simples,0,8,32,37,6,menor,4
1105,"J. S. Bach, corais (soprano)",bwv248.59-6.mxl,4/4,4/4,simples,4,10,40,48,7,maior,0
1106,"J. S. Bach, corais (soprano)",bwv248.9-1.mxl,4/4,4/4,simples,4,13.13,52,70,2,maior,1
1107,"J. S. Bach, corais (soprano)",bwv248.9-s.mxl,4/4,4/4,simples,4,8,32,37,11,menor,2
1108,"J. S. Bach, corais (soprano)",bwv25.6.mxl,4/4,4/4,simples,0,13,52,49,0,maior,3
1109,"J. S. Bach, corais (soprano)",bwv250.mxl,4/4,4/4,simples,4,10,40,45,7,maior,4
1110,"J. S. Bach, corais (soprano)",bwv251.mxl,4/4,4/4,simples,4,10,40,48,7,maior,0
1111,"J. S. Bach, corais (soprano)",bwv252.mxl,4/4,4/4,simples,4,12,48,40,7,maior,1
1112,"J. S. Bach, corais (soprano)",bwv253.mxl,4/4,4/4,simples,4,10,40,39,9,maior,2
1113,"J. S. Bach, corais (soprano)",bwv254.mxl,4/4,4/4,simples,4,11,44,41,2,menor,3
1114,"J. S. Bach, corais (soprano)",bwv255.mxl,4/4,4/4,simples,4,8,32,34,7,maior,4
1115,"J. S. Bach, corais (soprano)",bwv256.mxl,4/4,4/4,simples,4,10,40,50,9,menor,0
1116,"J. S. Bach, corais (soprano)",bwv257.mxl,4/4,4/4,simples,4,10,40,46,9,menor,1
1117,"J. S. Bach, corais (soprano)",bwv258.mxl,4/4,4/4,simples,4,10,40,46,11,menor,2
1118,"J. S. Bach, corais (soprano)",bwv259.mxl,4/4,4/4,simples,0,12,48,44,4,menor,3
1119,"J. S. Bach, corais (soprano)",bwv26.6.mxl,4/4,4/4,simples,0,10,40,40,9,menor,4
1120,"J. S. Bach, corais (soprano)",bwv260.mxl,4/4,4/4,simples,4,10,40,47,7,maior,0
1121,"J. S. Bach, corais (soprano)",bwv261.mxl,4/4,4/4,simples,4,19.25,77,65,11,menor,1
1122,"J. S. Bach, corais (soprano)",bwv262.mxl,4/4,4/4,simples,0,12,48,46,2,maior,2
1123,"J. S. Bach, corais (soprano)",bwv263.mxl,4/4,4/4,simples,0,12,48,51,7,maior,3
1124,"J. S. Bach, corais (soprano)",bwv264.mxl,4/4,4/4,simples,4,10,40,31,7,maior,4
1125,"J. S. Bach, corais (soprano)",bwv265.mxl,4/4,4/4,simples,4,8,32,30,2,menor,0
1126,"J. S. Bach, corais (soprano)",bwv267.mxl,4/4,4/4,simples,4,17,68,78,9,menor,1
1127,"J. S. Bach, corais (soprano)",bwv268.mxl,4/4,4/4,simples,4,11,44,45,7,maior,2
1128,"J. S. Bach, corais (soprano)",bwv270.mxl,4/4,4/4,simples,4,12,48,43,11,menor,3
1129,"J. S. Bach, corais (soprano)",bwv271.mxl,4/4,4/4,simples,4,12,48,43,11,menor,4
1130,"J. S. Bach, corais (soprano)",bwv272.mxl,4/4,4/4,simples,4,12,48,42,2,menor,0
1131,"J. S. Bach, corais (soprano)",bwv273.mxl,4/4,4/4,simples,4,10,40,44,7,menor,1
1132,"J. S. Bach, corais (soprano)",bwv274.mxl,4/4,4/4,simples,4,8,32,37,7,menor,2
1133,"J. S. Bach, corais (soprano)",bwv275.mxl,4/4,4/4,simples,4,15,60,46,0,maior,3
1134,"J. S. Bach, corais (soprano)",bwv276.mxl,4/4,4/4,simples,4,29.5,118,116,2,menor,4
1135,"J. S. Bach, corais (soprano)",bwv277.mxl,4/4,4/4,simples,4,16.25,65,70,2,menor,0
1136,"J. S. Bach, corais (soprano)",bwv278.mxl,4/4,4/4,simples,4,12,48,53,4,menor,1
1137,"J. S. Bach, corais (soprano)",bwv279.mxl,4/4,4/4,simples,4,16,64,63,4,menor,2
1138,"J. S. Bach, corais (soprano)",bwv28.6.mxl,4/4,4/4,simples,4,12,48,43,9,menor,3
1139,"J. S. Bach, corais (soprano)",bwv280.mxl,4/4,4/4,simples,4,14,56,64,2,menor,4
1140,"J. S. Bach, corais (soprano)",bwv281.mxl,4/4,4/4,simples,4,8,32,26,5,maior,0
1141,"J. S. Bach, corais (soprano)",bwv283.mxl,4/4,4/4,simples,0,17,68,67,9,menor,1
1142,"J. S. Bach, corais (soprano)",bwv284.mxl,4/4,4/4,simples,0,15,60,51,7,menor,2
1143,"J. S. Bach, corais (soprano)",bwv285.mxl,4/4,4/4,simples,4,12,48,50,0,menor,3
1144,"J. S. Bach, corais (soprano)",bwv286.mxl,4/4,4/4,simples,4,6,24,23,9,menor,4
1145,"J. S. Bach, corais (soprano)",bwv287.mxl,4/4,4/4,simples,4,12,48,42,5,maior,0
1146,"J. S. Bach, corais (soprano)",bwv288.mxl,4/4,4/4,simples,4,12,48,53,9,menor,1
1147,"J. S. Bach, corais (soprano)",bwv289.mxl,4/4,4/4,simples,4,12,48,55,11,menor,2
1148,"J. S. Bach, corais (soprano)",bwv290.mxl,4/4,4/4,simples,4,8,32,35,5,maior,3
1149,"J. S. Bach, corais (soprano)",bwv291.mxl,4/4,4/4,simples,4,11,44,39,2,menor,4
1150,"J. S. Bach, corais (soprano)",bwv292.mxl,4/4,4/4,simples,0,14,56,45,0,maior,0
1151,"J. S. Bach, corais (soprano)",bwv293.mxl,4/4,4/4,simples,4,8,32,32,2,menor,1
1152,"J. S. Bach, corais (soprano)",bwv294.mxl,4/4,4/4,simples,4,16,64,65,7,maior,2
1153,"J. S. Bach, corais (soprano)",bwv296.mxl,4/4,4/4,simples,4,14.25,57,40,7,maior,3
1154,"J. S. Bach, corais (soprano)",bwv297.mxl,4/4,4/4,simples,4,11.25,45,46,2,menor,4
1155,"J. S. Bach, corais (soprano)",bwv298.mxl,4/4,4/4,simples,4,9.25,37,39,7,menor,0
1156,"J. S. Bach, corais (soprano)",bwv3.6.mxl,4/4,4/4,simples,4,8,32,37,6,menor,1
1157,"J. S. Bach, corais (soprano)",bwv30.6.mxl,4/4,4/4,simples,0,14,56,49,9,maior,2
1158,"J. S. Bach, corais (soprano)",bwv300.mxl,4/4,4/4,simples,4,16,64,51,4,menor,3
1159,"J. S. Bach, corais (soprano)",bwv301.mxl,4/4,4/4,simples,0,14,56,46,2,menor,4
1160,"J. S. Bach, corais (soprano)",bwv302.mxl,4/4,4/4,simples,4,12,48,52,7,maior,0
1161,"J. S. Bach, corais (soprano)",bwv303.mxl,4/4,4/4,simples,4,11,44,54,7,maior,1
1162,"J. S. Bach, corais (soprano)",bwv305.mxl,4/4,4/4,simples,4,13,52,53,0,maior,2
1163,"J. S. Bach, corais (soprano)",bwv307.mxl,4/4,4/4,simples,4,10,40,44,10,maior,3
1164,"J. S. Bach, corais (soprano)",bwv308.mxl,4/4,4/4,simples,4,10,40,45,10,maior,4
1165,"J. S. Bach, corais (soprano)",bwv309.mxl,4/4,4/4,simples,4,13,52,47,7,menor,0
1166,"J. S. Bach, corais (soprano)",bwv31.9.mxl,4/4,4/4,simples,4,15,60,64,0,maior,1
1167,"J. S. Bach, corais (soprano)",bwv310.mxl,4/4,4/4,simples,0,10,40,37,4,menor,2
1168,"J. S. Bach, corais (soprano)",bwv311.mxl,4/4,4/4,simples,4,17,68,68,11,menor,3
1169,"J. S. Bach, corais (soprano)",bwv312.mxl,4/4,4/4,simples,4,16,64,69,9,menor,4
1170,"J. S. Bach, corais (soprano)",bwv313.mxl,4/4,4/4,simples,4,9,36,35,7,menor,0
1171,"J. S. Bach, corais (soprano)",bwv314.mxl,4/4,4/4,simples,4,10,40,43,9,maior,1
1172,"J. S. Bach, corais (soprano)",bwv315.mxl,4/4,4/4,simples,4,12,48,64,4,menor,2
1173,"J. S. Bach, corais (soprano)",bwv316.mxl,4/4,4/4,simples,4,10,40,41,7,menor,3
1174,"J. S. Bach, corais (soprano)",bwv317.mxl,4/4,4/4,simples,0,16,64,62,2,maior,4
1175,"J. S. Bach, corais (soprano)",bwv318.mxl,4/4,4/4,simples,0,13,52,46,7,maior,0
1176,"J. S. Bach, corais (soprano)",bwv319.mxl,4/4,4/4,simples,4,11,44,51,4,menor,1
1177,"J. S. Bach, corais (soprano)",bwv32.6.mxl,4/4,4/4,simples,0,13,52,47,7,maior,2
1178,"J. S. Bach, corais (soprano)",bwv322.mxl,4/4,4/4,simples,4,20,80,71,0,maior,3
1179,"J. S. Bach, corais (soprano)",bwv323.mxl,4/4,4/4,simples,0,11,44,22,6,menor,4
1180,"J. S. Bach, corais (soprano)",bwv324.mxl,4/4,4/4,simples,0,10.5,42,25,4,menor,0
1181,"J. S. Bach, corais (soprano)",bwv325.mxl,4/4,4/4,simples,0,17,68,57,5,maior,1
1182,"J. S. Bach, corais (soprano)",bwv328.mxl,4/4,4/4,simples,4,48.25,193,185,2,menor,2
1183,"J. S. Bach, corais (soprano)",bwv329.mxl,4/4,4/4,simples,0,14,56,45,3,maior,3
1184,"J. S. Bach, corais (soprano)",bwv33.6.mxl,4/4,4/4,simples,4,16,64,71,9,menor,4
1185,"J. S. Bach, corais (soprano)",bwv330.mxl,4/4,4/4,simples,0,8.75,35,36,9,menor,0
1186,"J. S. Bach, corais (soprano)",bwv331.mxl,4/4,4/4,simples,0,10,40,31,9,menor,1
1187,"J. S. Bach, corais (soprano)",bwv332.mxl,4/4,4/4,simples,4,8,32,34,7,maior,2
1188,"J. S. Bach, corais (soprano)",bwv333.mxl,4/4,4/4,simples,4,10,40,40,7,menor,3
1189,"J. S. Bach, corais (soprano)",bwv334.mxl,4/4,4/4,simples,4,11,44,44,7,menor,4
1190,"J. S. Bach, corais (soprano)",bwv335.mxl,4/4,4/4,simples,4,8,32,38,9,maior,0
1191,"J. S. Bach, corais (soprano)",bwv336.mxl,4/4,4/4,simples,4,8,32,32,9,maior,1
1192,"J. S. Bach, corais (soprano)",bwv337.mxl,4/4,4/4,simples,0,12,48,36,9,menor,2
1193,"J. S. Bach, corais (soprano)",bwv338.mxl,4/4,4/4,simples,4,10,40,38,9,menor,3
1194,"J. S. Bach, corais (soprano)",bwv339.mxl,4/4,4/4,simples,0,12.75,51,45,6,menor,4
1195,"J. S. Bach, corais (soprano)",bwv340.mxl,4/4,4/4,simples,4,19,76,89,9,menor,0
1196,"J. S. Bach, corais (soprano)",bwv341.mxl,4/4,4/4,simples,4,9,36,31,7,menor,1
1197,"J. S. Bach, corais (soprano)",bwv345.mxl,4/4,4/4,simples,4,10,40,61,7,menor,2
1198,"J. S. Bach, corais (soprano)",bwv346.mxl,4/4,4/4,simples,4,15.25,61,55,0,maior,3
1199,"J. S. Bach, corais (soprano)",bwv347.mxl,4/4,4/4,simples,4,13,52,53,9,maior,4
1200,"J. S. Bach, corais (soprano)",bwv348.mxl,4/4,4/4,simples,4,16,64,67,10,maior,0
1201,"J. S. Bach, corais (soprano)",bwv350.mxl,4/4,4/4,simples,4,18,72,71,7,menor,1
1202,"J. S. Bach, corais (soprano)",bwv351.mxl,4/4,4/4,simples,4,9,36,36,2,maior,2
1203,"J. S. Bach, corais (soprano)",bwv352.mxl,4/4,4/4,simples,0,12,48,51,9,menor,3
1204,"J. S. Bach, corais (soprano)",bwv353.mxl,4/4,4/4,simples,0,14,56,49,7,menor,4
1205,"J. S. Bach, corais (soprano)",bwv354.mxl,4/4,4/4,simples,0,12,48,50,10,menor,0
1206,"J. S. Bach, corais (soprano)",bwv355.mxl,4/4,4/4,simples,0,16,64,52,9,maior,1
1207,"J. S. Bach, corais (soprano)",bwv357.mxl,4/4,4/4,simples,0,16,64,69,0,menor,2
1208,"J. S. Bach, corais (soprano)",bwv358.mxl,4/4,4/4,simples,0,13,52,41,2,menor,3
1209,"J. S. Bach, corais (soprano)",bwv359.mxl,4/4,4/4,simples,0,12,48,46,11,menor,4
1210,"J. S. Bach, corais (soprano)",bwv36.8-2.mxl,4/4,4/4,simples,0,8,32,33,11,menor,0
1211,"J. S. Bach, corais (soprano)",bwv360.mxl,4/4,4/4,simples,0,12,48,46,10,maior,1
1212,"J. S. Bach, corais (soprano)",bwv361.mxl,4/4,4/4,simples,0,13,52,57,7,menor,2
1213,"J. S. Bach, corais (soprano)",bwv363.mxl,4/4,4/4,simples,0,11.75,47,45,4,menor,3
1214,"J. S. Bach, corais (soprano)",bwv364.mxl,4/4,4/4,simples,0,11,44,36,2,menor,4
1215,"J. S. Bach, corais (soprano)",bwv365.mxl,4/4,4/4,simples,0,9,36,30,9,menor,0
1216,"J. S. Bach, corais (soprano)",bwv367.mxl,4/4,4/4,simples,4,12,48,40,7,maior,1
1217,"J. S. Bach, corais (soprano)",bwv369.mxl,4/4,4/4,simples,4,12,48,43,7,maior,2
1218,"J. S. Bach, corais (soprano)",bwv37.6.mxl,4/4,4/4,simples,4,17,68,70,9,maior,3
1219,"J. S. Bach, corais (soprano)",bwv370.mxl,4/4,4/4,simples,4,8,32,32,0,maior,4
1220,"J. S. Bach, corais (soprano)",bwv371.mxl,4/4,4/4,simples,0,40,160,132,7,maior,0
1221,"J. S. Bach, corais (soprano)",bwv372.mxl,4/4,4/4,simples,0,15.5,62,52,7,menor,1
1222,"J. S. Bach, corais (soprano)",bwv373.mxl,4/4,4/4,simples,0,10,40,32,7,maior,2
1223,"J. S. Bach, corais (soprano)",bwv374.mxl,4/4,4/4,simples,4,19.25,77,56,7,menor,3
1224,"J. S. Bach, corais (soprano)",bwv375.mxl,4/4,4/4,simples,4,10,40,43,7,maior,4
1225,"J. S. Bach, corais (soprano)",bwv376.mxl,4/4,4/4,simples,4,10,40,44,9,maior,0
1226,"J. S. Bach, corais (soprano)",bwv377.mxl,4/4,4/4,simples,4,8,32,33,2,maior,1
1227,"J. S. Bach, corais (soprano)",bwv378.mxl,4/4,4/4,simples,4,16,64,51,7,maior,2
1228,"J. S. Bach, corais (soprano)",bwv379.mxl,4/4,4/4,simples,0,9,36,29,7,maior,3
1229,"J. S. Bach, corais (soprano)",bwv38.6.mxl,4/4,4/4,simples,0,13,52,43,9,menor,4
1230,"J. S. Bach, corais (soprano)",bwv380.mxl,4/4,4/4,simples,0,13,52,59,3,maior,0
1231,"J. S. Bach, corais (soprano)",bwv381.mxl,4/4,4/4,simples,0,15,60,60,7,maior,1
1232,"J. S. Bach, corais (soprano)",bwv382.mxl,4/4,4/4,simples,4,12.25,49,46,9,menor,2
1233,"J. S. Bach, corais (soprano)",bwv383.mxl,4/4,4/4,simples,0,27,108,87,9,menor,3
1234,"J. S. Bach, corais (soprano)",bwv384.mxl,4/4,4/4,simples,8,8,32,35,0,menor,4
1235,"J. S. Bach, corais (soprano)",bwv385.mxl,4/4,4/4,simples,4,14,56,52,6,menor,0
1236,"J. S. Bach, corais (soprano)",bwv386.mxl,4/4,4/4,simples,4,12,48,40,9,maior,1
1237,"J. S. Bach, corais (soprano)",bwv387.mxl,4/4,4/4,simples,4,8,32,34,9,menor,2
1238,"J. S. Bach, corais (soprano)",bwv388.mxl,4/4,4/4,simples,4,10,40,41,7,maior,3
1239,"J. S. Bach, corais (soprano)",bwv389.mxl,4/4,4/4,simples,4,19,76,87,0,maior,4
1240,"J. S. Bach, corais (soprano)",bwv39.7.mxl,4/4,4/4,simples,0,13,52,46,10,maior,0
1241,"J. S. Bach, corais (soprano)",bwv392.mxl,4/4,4/4,simples,4,12,48,52,10,maior,1
1242,"J. S. Bach, corais (soprano)",bwv393.mxl,4/4,4/4,simples,4,12.25,49,49,9,maior,2
1243,"J. S. Bach, corais (soprano)",bwv394.mxl,4/4,4/4,simples,4,12,48,54,9,maior,3
1244,"J. S. Bach, corais (soprano)",bwv395.mxl,4/4,4/4,simples,4,12,48,52,9,maior,4
1245,"J. S. Bach, corais (soprano)",bwv396.mxl,4/4,4/4,simples,4,8,32,28,9,menor,0
1246,"J. S. Bach, corais (soprano)",bwv397.mxl,4/4,4/4,simples,0,13,52,41,5,maior,1
1247,"J. S. Bach, corais (soprano)",bwv398.mxl,4/4,4/4,simples,4,16,64,58,9,maior,2
1248,"J. S. Bach, corais (soprano)",bwv399.mxl,4/4,4/4,simples,4,12,48,49,7,maior,3
1249,"J. S. Bach, corais (soprano)",bwv4.8.mxl,4/4,4/4,simples,4,12,48,51,2,menor,4
1250,"J. S. Bach, corais (soprano)",bwv40.3.mxl,4/4,4/4,simples,4,11,44,43,7,menor,0
1251,"J. S. Bach, corais (soprano)",bwv40.6.mxl,4/4,4/4,simples,0,16,64,56,2,menor,1
1252,"J. S. Bach, corais (soprano)",bwv40.8.mxl,4/4,4/4,simples,0,20,80,76,5,menor,2
1253,"J. S. Bach, corais (soprano)",bwv401.mxl,4/4,4/4,simples,4,11,44,44,5,maior,3
1254,"J. S. Bach, corais (soprano)",bwv402.mxl,4/4,4/4,simples,4,18,72,72,3,maior,4
1255,"J. S. Bach, corais (soprano)",bwv404.mxl,4/4,4/4,simples,4,8.25,33,31,9,menor,0
1256,"J. S. Bach, corais (soprano)",bwv405.mxl,4/4,4/4,simples,0,11,44,41,2,menor,1
1257,"J. S. Bach, corais (soprano)",bwv406.mxl,4/4,4/4,simples,0,11,44,37,2,menor,2
1258,"J. S. Bach, corais (soprano)",bwv407.mxl,4/4,4/4,simples,0,27,108,65,2,maior,3
1259,"J. S. Bach, corais (soprano)",bwv408.mxl,4/4,4/4,simples,0,12,48,41,7,menor,4
1260,"J. S. Bach, corais (soprano)",bwv409.mxl,4/4,4/4,simples,0,11,44,38,6,menor,0
1261,"J. S. Bach, corais (soprano)",bwv410.mxl,4/4,4/4,simples,0,14,56,51,7,menor,1
1262,"J. S. Bach, corais (soprano)",bwv411.mxl,4/4,4/4,simples,0,13,52,46,7,maior,2
1263,"J. S. Bach, corais (soprano)",bwv412.mxl,4/4,4/4,simples,4,15,60,61,7,menor,3
1264,"J. S. Bach, corais (soprano)",bwv414.mxl,4/4,4/4,simples,4,10,40,39,4,menor,4
1265,"J. S. Bach, corais (soprano)",bwv415.mxl,4/4,4/4,simples,4,12,48,45,2,maior,0
1266,"J. S. Bach, corais (soprano)",bwv416.mxl,4/4,4/4,simples,4,12,48,51,2,menor,1
1267,"J. S. Bach, corais (soprano)",bwv417.mxl,4/4,4/4,simples,4,12,48,49,11,menor,2
1268,"J. S. Bach, corais (soprano)",bwv418.mxl,4/4,4/4,simples,4,16,64,59,9,menor,3
1269,"J. S. Bach, corais (soprano)",bwv419.mxl,4/4,4/4,simples,4,12,48,42,9,menor,4
1270,"J. S. Bach, corais (soprano)",bwv42.7.mxl,4/4,4/4,simples,4,27,108,109,6,menor,0
1271,"J. S. Bach, corais (soprano)",bwv420.mxl,4/4,4/4,simples,4,10,40,45,9,menor,1
1272,"J. S. Bach, corais (soprano)",bwv421.mxl,4/4,4/4,simples,4,10,40,43,9,menor,2
1273,"J. S. Bach, corais (soprano)",bwv422.mxl,4/4,4/4,simples,0,13,52,50,7,maior,3
1274,"J. S. Bach, corais (soprano)",bwv423.mxl,4/4,4/4,simples,0,16,64,64,7,menor,4
1275,"J. S. Bach, corais (soprano)",bwv424.mxl,4/4,4/4,simples,0,9.25,37,33,9,menor,0
1276,"J. S. Bach, corais (soprano)",bwv425.mxl,4/4,4/4,simples,4,25.25,101,101,2,menor,1
1277,"J. S. Bach, corais (soprano)",bwv426.mxl,4/4,4/4,simples,0,16,64,58,7,maior,2
1278,"J. S. Bach, corais (soprano)",bwv427.mxl,4/4,4/4,simples,4,14,56,46,3,maior,3
1279,"J. S. Bach, corais (soprano)",bwv428.mxl,4/4,4/4,simples,4,15,60,63,7,maior,4
1280,"J. S. Bach, corais (soprano)",bwv429.mxl,4/4,4/4,simples,4,15,60,65,9,maior,0
1281,"J. S. Bach, corais (soprano)",bwv430.mxl,4/4,4/4,simples,4,15,60,63,9,maior,1
1282,"J. S. Bach, corais (soprano)",bwv431.mxl,4/4,4/4,simples,4,9,36,36,5,maior,2
1283,"J. S. Bach, corais (soprano)",bwv433.mxl,4/4,4/4,simples,0,20.75,83,59,4,menor,3
1284,"J. S. Bach, corais (soprano)",bwv434.mxl,4/4,4/4,simples,4,9,36,39,9,menor,4
1285,"J. S. Bach, corais (soprano)",bwv435.mxl,4/4,4/4,simples,4,11,44,41,4,menor,0
1286,"J. S. Bach, corais (soprano)",bwv436.mxl,4/4,4/4,simples,4,14,56,48,4,maior,1
1287,"J. S. Bach, corais (soprano)",bwv437.mxl,4/4,4/4,simples,0,32,128,103,2,menor,2
1288,"J. S. Bach, corais (soprano)",bwv438.mxl,4/4,4/4,simples,4,8,32,34,5,maior,3
1289,"J. S. Bach, corais (soprano)",bwv44.7.mxl,4/4,4/4,simples,4,12,48,47,10,maior,4
1290,"J. S. Bach, corais (soprano)",bwv45.7.mxl,4/4,4/4,simples,4,16,64,55,4,maior,0
1291,"J. S. Bach, corais (soprano)",bwv46.6.mxl,4/4,4/4,simples,4,18.25,73,58,5,maior,1
1292,"J. S. Bach, corais (soprano)",bwv47.5.mxl,4/4,4/4,simples,4,10,40,43,7,menor,2
1293,"J. S. Bach, corais (soprano)",bwv48.3.mxl,4/4,4/4,simples,4,10.25,41,35,7,menor,3
1294,"J. S. Bach, corais (soprano)",bwv48.7.mxl,4/4,4/4,simples,4,11,44,44,7,menor,4
1295,"J. S. Bach, corais (soprano)",bwv5.7.mxl,4/4,4/4,simples,4,12,48,40,7,menor,0
1296,"J. S. Bach, corais (soprano)",bwv52.6.mxl,4/4,4/4,simples,4,14,56,53,5,maior,1
1297,"J. S. Bach, corais (soprano)",bwv55.5.mxl,4/4,4/4,simples,0,12,48,47,10,maior,2
1298,"J. S. Bach, corais (soprano)",bwv56.5.mxl,4/4,4/4,simples,0,12.75,51,40,0,menor,3
1299,"J. S. Bach, corais (soprano)",bwv59.3.mxl,4/4,4/4,simples,4,28,112,95,7,maior,4
1300,"J. S. Bach, corais (soprano)",bwv6.6.mxl,4/4,4/4,simples,4,8.25,33,38,7,menor,0
1301,"J. S. Bach, corais (soprano)",bwv60.5.mxl,4/4,4/4,simples,0,20,80,60,9,maior,1
1302,"J. S. Bach, corais (soprano)",bwv62.6.mxl,4/4,4/4,simples,4,8,32,37,7,menor,2
1303,"J. S. Bach, corais (soprano)",bwv64.2.mxl,4/4,4/4,simples,4,10.25,41,38,7,maior,3
1304,"J. S. Bach, corais (soprano)",bwv64.4.mxl,4/4,4/4,simples,4,16,64,51,2,maior,4
1305,"J. S. Bach, corais (soprano)",bwv64.8.mxl,4/4,4/4,simples,0,13,52,38,4,menor,0
1306,"J. S. Bach, corais (soprano)",bwv65.7.mxl,4/4,4/4,simples,4,14,56,52,7,maior,1
1307,"J. S. Bach, corais (soprano)",bwv66.6.mxl,4/4,4/4,simples,4,9,36,36,6,menor,2
1308,"J. S. Bach, corais (soprano)",bwv67.7.mxl,4/4,4/4,simples,4,9,36,32,9,maior,3
1309,"J. S. Bach, corais (soprano)",bwv69.6-a.mxl,4/4,4/4,simples,4,10,40,37,7,maior,4
1310,"J. S. Bach, corais (soprano)",bwv69.6.xml,4/4,4/4,simples,4,21.5,86,58,2,maior,0
1311,"J. S. Bach, corais (soprano)",bwv7.7.mxl,4/4,4/4,simples,4,18,72,81,4,menor,1
1312,"J. S. Bach, corais (soprano)",bwv70.11.mxl,4/4,4/4,simples,0,13,52,57,0,maior,2
1313,"J. S. Bach, corais (soprano)",bwv72.6.mxl,4/4,4/4,simples,4,19,76,70,9,menor,3
1314,"J. S. Bach, corais (soprano)",bwv73.5.mxl,4/4,4/4,simples,4,12,48,40,0,menor,4
1315,"J. S. Bach, corais (soprano)",bwv74.8.mxl,4/4,4/4,simples,4,13,52,60,9,menor,0
1316,"J. S. Bach, corais (soprano)",bwv77.6.mxl,4/4,4/4,simples,4,12,48,44,7,menor,1
1317,"J. S. Bach, corais (soprano)",bwv78.7.mxl,4/4,4/4,simples,0,16,64,64,7,menor,2
1318,"J. S. Bach, corais (soprano)",bwv79.3.mxl,4/4,4/4,simples,0,62,248,358,7,maior,3
1319,"J. S. Bach, corais (soprano)",bwv8.6.mxl,4/4,4/4,simples,0,15.75,63,62,4,maior,4
1320,"J. S. Bach, corais (soprano)",bwv80.8.mxl,4/4,4/4,simples,4,12,48,53,7,maior,0
1321,"J. S. Bach, corais (soprano)",bwv81.7.mxl,4/4,4/4,simples,0,13,52,39,4,menor,1
1322,"J. S. Bach, corais (soprano)",bwv83.5.mxl,4/4,4/4,simples,4,12,48,49,9,menor,2
1323,"J. S. Bach, corais (soprano)",bwv84.5.mxl,4/4,4/4,simples,4,9,36,34,11,menor,3
1324,"J. S. Bach, corais (soprano)",bwv846.mxl,4/4,4/4,simples,0,33.88,135,401,0,maior,4
1325,"J. S. Bach, corais (soprano)",bwv85.6.mxl,4/4,4/4,simples,4,14,56,68,0,menor,0
1326,"J. S. Bach, corais (soprano)",bwv86.6.mxl,4/4,4/4,simples,4,10,40,43,4,maior,1
1327,"J. S. Bach, corais (soprano)",bwv87.7.mxl,4/4,4/4,simples,0,13,52,43,2,menor,2
1328,"J. S. Bach, corais (soprano)",bwv88.7.mxl,4/4,4/4,simples,4,9,36,37,11,menor,3
1329,"J. S. Bach, corais (soprano)",bwv89.6.mxl,4/4,4/4,simples,4,12,48,41,7,menor,4
1330,"J. S. Bach, corais (soprano)",bwv9.7.mxl,4/4,4/4,simples,4,10,40,47,4,maior,0
1331,"J. S. Bach, corais (soprano)",bwv90.5.mxl,4/4,4/4,simples,4,12,48,49,2,menor,1
1332,"J. S. Bach, corais (soprano)",bwv91.6.mxl,4/4,4/4,simples,4,10,40,53,7,maior,2
1333,"J. S. Bach, corais (soprano)",bwv92.9.mxl,4/4,4/4,simples,4,19,76,73,9,maior,3
1334,"J. S. Bach, corais (soprano)",bwv93.7.mxl,4/4,4/4,simples,4,15,60,53,0,menor,4
1335,"J. S. Bach, corais (soprano)",bwv94.8.mxl,4/4,4/4,simples,4,16,64,59,2,maior,0
1336,"J. S. Bach, corais (soprano)",bwv95.7.mxl,4/4,4/4,simples,4,15,60,72,7,maior,1
1337,"J. S. Bach, corais (soprano)",bwv96.6.mxl,4/4,4/4,simples,4,10,40,35,5,maior,2
1338,"J. S. Bach, corais (soprano)",bwv97.9.mxl,4/4,4/4,simples,4,12,48,58,10,maior,3
1339,"J. S. Bach, corais (soprano)",bwv99.6.mxl,4/4,4/4,simples,4,14,56,56,7,maior,4
1340,"J. S. Bach, corais (soprano)",bwv248.23-2.mxl,12/8,12/8,composto,6,12.5,50,60,7,maior,0
1341,Essen Folksong Collection,Andreas - Hofer - Lied,2/2,4/4,simples,8,16,64,60,0,maior,1
1342,Essen Folksong Collection,Blue Bonnets,2/2,4/4,simples,0,16,64,112,0,maior,2
1343,Essen Folksong Collection,Cumbernauld House,2/2,4/4,simples,4,16,64,106,0,menor,3
1344,Essen Folksong Collection,DER HIMMEL UNSER HORT DIE FREIHEIT UNSER WORT,2/2,4/4,simples,4,7.75,31,30,11,menor,4
1345,Essen Folksong Collection,Dainty Davie,2/2,4/4,simples,4,16,64,84,2,maior,0
1346,Essen Folksong Collection,Das Bauerntoechterlein,2/2,4/4,simples,4,4,16,17,0,maior,1
1347,Essen Folksong Collection,Der Maedchenmoerder (Halewijn - Ulinger),2/2,4/4,simples,4,8.25,33,48,2,menor,2
1348,Essen Folksong Collection,"Der Rwelmann (4-100), S. 136",2/2,4/4,simples,4,25.75,103,95,7,maior,3
1349,Essen Folksong Collection,Der Scheintod,2/2,4/4,simples,12,4,16,17,5,maior,4
1350,Essen Folksong Collection,Die Todesbraut,2/2,4/4,simples,12,4,16,18,2,maior,0
1351,Essen Folksong Collection,"Die Woche (4-96), S.128",2/2,4/4,simples,0,14,56,46,2,maior,1
1352,Essen Folksong Collection,Die elfjaehrige Markgraefin,2/2,4/4,simples,4,11,44,32,5,maior,2
1353,Essen Folksong Collection,Die verkaufte Muellerin,2/2,4/4,simples,4,6.75,27,26,7,maior,3
1354,Essen Folksong Collection,Duncan Davison,2/2,4/4,simples,1,8,32,68,0,maior,4
1355,Essen Folksong Collection,Duncan Gray,2/2,4/4,simples,0,8,32,60,7,maior,0
1356,Essen Folksong Collection,Es wollt ein Maedchen waschen gan,2/2,4/4,simples,4,22,88,57,7,menor,1
1357,Essen Folksong Collection,Fy Gar Rub Her O'er Wi' Strae,2/2,4/4,simples,2,16,64,88,4,menor,2
1358,Essen Folksong Collection,Gemalte Rosen,2/2,4/4,simples,4,10,40,28,2,maior,3
1359,Essen Folksong Collection,"Gemalte Rosen (3-19), S. 67",2/2,4/4,simples,4,10,40,28,2,maior,4
1360,Essen Folksong Collection,Genovefa,2/2,4/4,simples,4,8,32,30,9,menor,0
1361,Essen Folksong Collection,Graserin und Reiter,2/2,4/4,simples,8,26.5,106,44,0,maior,1
1362,Essen Folksong Collection,Green Grow the Rashes,2/2,4/4,simples,2,8,32,58,2,menor,2
1363,Essen Folksong Collection,HEU MARTIS ALEA,2/2,4/4,simples,4,12,48,42,9,menor,3
1364,Essen Folksong Collection,Heimkehr des Ehemannes,2/2,4/4,simples,4,8,32,26,9,menor,4
1365,Essen Folksong Collection,Heimkehr des Ehemannes,2/2,4/4,simples,4,8,32,32,2,maior,0
1366,Essen Folksong Collection,I Love My Love in Secret,2/2,4/4,simples,4,16,64,101,7,maior,1
1367,Essen Folksong Collection,I'm O'er Young to Marry yet,2/2,4/4,simples,2,8,32,64,10,maior,2
1368,Essen Folksong Collection,ICH SCHWING MEIN HORN INS JAMMERTHAL,2/2,4/4,simples,0,31,124,87,0,maior,3
1369,Essen Folksong Collection,"Ich fahr wohl ber ein See (Band 1), S. 252",2/2,4/4,simples,4,23.75,95,91,7,maior,4
1370,Essen Folksong Collection,"In dem Wirtshaus schne Manier (3-96), S. 265",2/2,4/4,simples,0,12,48,45,5,maior,0
1371,Essen Folksong Collection,John Anderson,2/2,4/4,simples,4,16,64,55,7,maior,1
1372,Essen Folksong Collection,Jger im grnen Wald (2-60) S. 187,2/2,4/4,simples,4,13.75,55,49,7,maior,2
1373,Essen Folksong Collection,Kindelwiegenlied,2/2,4/4,simples,0,19,76,41,5,maior,3
1374,Essen Folksong Collection,"Kommt herab, ihr Himmelsgeister (5-72), S. 72f",2/2,4/4,simples,0,27.75,111,106,7,maior,4
1375,Essen Folksong Collection,Maggy Lauder,2/2,4/4,simples,0,16,64,147,10,maior,0
1376,Essen Folksong Collection,Merry May the Maid Be,2/2,4/4,simples,4,16,64,62,2,menor,1
1377,Essen Folksong Collection,My Boy Tammy,2/2,4/4,simples,0,8,32,53,2,menor,2
1378,Essen Folksong Collection,Petrus und Pilatus,2/2,4/4,simples,4,9.75,39,29,7,menor,3
1379,Essen Folksong Collection,"Petrus und Pilatus (3-15), S. 53",2/2,4/4,simples,4,9.75,39,30,7,menor,4
1380,Essen Folksong Collection,Ritter und Magd,2/2,4/4,simples,4,8,32,36,7,maior,0
1381,Essen Folksong Collection,"Schfersmdchen, komm mit mir (Band 1), S. 262",2/2,4/4,simples,0,15.75,63,60,9,maior,1
1382,Essen Folksong Collection,The Bonniest Lass in A'The World,2/2,4/4,simples,4,16,64,101,11,menor,2
1383,Essen Folksong Collection,The Gard'ner Wi' his Paidle,2/2,4/4,simples,4,16,64,80,9,maior,3
1384,Essen Folksong Collection,The Lass of Livingston,2/2,4/4,simples,4,16,64,95,0,menor,4
1385,Essen Folksong Collection,The Ploughman,2/2,4/4,simples,2,7,28,55,2,maior,0
1386,Essen Folksong Collection,The Walking of the Fauld,2/2,4/4,simples,4,16,64,117,11,menor,1
1387,Essen Folksong Collection,The White Cockade,2/2,4/4,simples,4,16,64,80,2,maior,2
1388,Essen Folksong Collection,This Is no Mine Ain House,2/2,4/4,simples,2,8,32,64,10,maior,3
1389,Essen Folksong Collection,"Und als ich an denselbigen Abend gedenk (4-75), S. 96",2/2,4/4,simples,4,7.75,31,48,2,maior,4
1390,Essen Folksong Collection,"Wer wohl ein reicher Bauer will sein (3-47), S. 138",2/2,4/4,simples,4,11,44,43,3,maior,0
1391,Essen Folksong Collection,Willie was a Wanton Wag,2/2,4/4,simples,2,8,32,66,0,maior,1
1392,Essen Folksong Collection,"Zehenlied (4-87), S. 113",2/2,4/4,simples,2,8.88,36,47,5,maior,2
1393,Essen Folksong Collection,"""Abschied""",2/4,2/4,simples,2,15.75,32,58,7,maior,3
1394,Essen Folksong Collection,"""Abschied""",2/4,2/4,simples,2,15.75,32,57,7,maior,4
1395,Essen Folksong Collection,"""Adelina""",2/4,2/4,simples,2,9.75,20,38,4,menor,0
1396,Essen Folksong Collection,"""Aelplers Fruehlingslied""",2/4,2/4,simples,2,19.75,40,55,2,maior,1
1397,Essen Folksong Collection,"""Alt und Jung""",2/4,2/4,simples,2,19.75,40,65,2,maior,2
1398,Essen Folksong Collection,"""Braver Entschluss""",2/4,2/4,simples,2,7.75,16,34,7,maior,3
1399,Essen Folksong Collection,"""Buko von Halberstadt""",2/4,2/4,simples,0,10,20,42,5,maior,4
1400,Essen Folksong Collection,"""Das Grindelfest""",2/4,2/4,simples,2,19.75,40,66,10,maior,0
1401,Essen Folksong Collection,"""Das Schlaraffenland""",2/4,2/4,simples,2,18,36,65,9,maior,1
1402,Essen Folksong Collection,"""Das Wunder""",2/4,2/4,simples,0,12,24,41,0,maior,2
1403,Essen Folksong Collection,"""Das bucklichte Maennlein""",2/4,2/4,simples,0,8,16,26,9,maior,3
1404,Essen Folksong Collection,"""Der Alpjaeger""",2/4,2/4,simples,2,15.75,32,56,10,maior,4
1405,Essen Folksong Collection,"""Der Daeumling""",2/4,2/4,simples,2,27.75,56,73,0,maior,0
1406,Essen Folksong Collection,"""Der Guckkasten""",2/4,2/4,simples,2,16,32,74,7,maior,1
1407,Essen Folksong Collection,"""Der Jaeger im Walde""",2/4,2/4,simples,2,13.75,28,50,9,menor,2
1408,Essen Folksong Collection,"""Der Kuckuck""",2/4,2/4,simples,2,8,16,33,7,maior,3
1409,Essen Folksong Collection,"""Der Landsturm""",2/4,2/4,simples,2,28,56,88,10,maior,4
1410,Essen Folksong Collection,"""Der Mann""",2/4,2/4,simples,0,7.75,15,40,2,maior,0
1411,Essen Folksong Collection,"""Der Mann""",2/4,2/4,simples,0,14,28,43,9,maior,1
1412,Essen Folksong Collection,"""Der Odenwalder""",2/4,2/4,simples,2,11.75,24,40,8,maior,2
1413,Essen Folksong Collection,"""Der Plauderer""",2/4,2/4,simples,2,19,38,107,10,maior,3
1414,Essen Folksong Collection,"""Der Rattenfaenger von Hameln""",2/4,2/4,simples,0,12,24,45,7,maior,4
1415,Essen Folksong Collection,"""Der Ritt zum Kloster""",2/4,2/4,simples,2,9.75,20,31,4,maior,0
1416,Essen Folksong Collection,"""Der Schleifer""",2/4,2/4,simples,2,10,20,52,9,maior,1
1417,Essen Folksong Collection,"""Der Schuetze""",2/4,2/4,simples,2,15.75,32,73,9,maior,2
1418,Essen Folksong Collection,"""Der Tochter Wunsch""",2/4,2/4,simples,2,17.75,36,62,4,maior,3
1419,Essen Folksong Collection,"""Der Wecker""",2/4,2/4,simples,0,16.5,33,38,7,menor,4
1420,Essen Folksong Collection,"""Der Wunderarzt""",2/4,2/4,simples,2,15.75,32,57,0,maior,0
1421,Essen Folksong Collection,"""Der Wunsch""",2/4,2/4,simples,2,7.75,16,34,7,maior,1
1422,Essen Folksong Collection,"""Der Wunsch""",2/4,2/4,simples,2,12,24,58,5,maior,2
1423,Essen Folksong Collection,"""Der Zimmergesell""",2/4,2/4,simples,2,11.75,24,47,9,menor,3
1424,Essen Folksong Collection,"""Der boese Bruder""",2/4,2/4,simples,2,23.75,48,68,8,maior,4
1425,Essen Folksong Collection,"""Der verrathene Ritter """,2/4,2/4,simples,2,10,20,37,0,menor,0
1426,Essen Folksong Collection,"""Die Blutbraut""",2/4,2/4,simples,0,7.75,15,30,6,menor,1
1427,Essen Folksong Collection,"""Die Einzige""",2/4,2/4,simples,2,15.75,32,46,2,maior,2
1428,Essen Folksong Collection,"""Die Frankfurter Messe""",2/4,2/4,simples,0,13.5,27,39,2,maior,3
1429,Essen Folksong Collection,"""Die Graefin von Holland""",2/4,2/4,simples,0,14,28,54,9,maior,4
1430,Essen Folksong Collection,"""Die Heirath""",2/4,2/4,simples,2,16,32,56,7,maior,0
1431,Essen Folksong Collection,"""Die Henne""",2/4,2/4,simples,0,14,28,78,7,maior,1
1432,Essen Folksong Collection,"""Die Jagd""",2/4,2/4,simples,2,12.75,26,43,7,maior,2
1433,Essen Folksong Collection,"""Die Juedin""",2/4,2/4,simples,2,15.75,32,62,4,maior,3
1434,Essen Folksong Collection,"""Die Kluge""",2/4,2/4,simples,2,12,24,51,2,menor,4
1435,Essen Folksong Collection,"""Die Koenigstochter""",2/4,2/4,simples,2,11.75,24,45,9,menor,0
1436,Essen Folksong Collection,"""Die Nixenbraut""",2/4,2/4,simples,2,11.75,24,47,7,menor,1
1437,Essen Folksong Collection,"""Die Ritterfahrt""",2/4,2/4,simples,2,16,32,66,9,menor,2
1438,Essen Folksong Collection,"""Die Rosen""",2/4,2/4,simples,2,8,16,33,0,maior,3
1439,Essen Folksong Collection,"""Die Schlaue""",2/4,2/4,simples,0,7.5,15,26,9,maior,4
1440,Essen Folksong Collection,"""Die Spinnerinnen""",2/4,2/4,simples,0,16,32,60,0,maior,0
1441,Essen Folksong Collection,"""Die Ueberbotene""",2/4,2/4,simples,0,12,24,42,9,maior,1
1442,Essen Folksong Collection,"""Die Verschmitzte""",2/4,2/4,simples,2,15.75,32,52,10,maior,2
1443,Essen Folksong Collection,"""Die Versuchung""",2/4,2/4,simples,2,15.75,32,42,9,menor,3
1444,Essen Folksong Collection,"""Die Wacht""",2/4,2/4,simples,0,16.5,33,43,2,menor,4
1445,Essen Folksong Collection,"""Eifersucht""",2/4,2/4,simples,2,10.75,22,41,10,maior,0
1446,Essen Folksong Collection,"""Elisabeth""",2/4,2/4,simples,2,14,28,55,9,menor,1
1447,Essen Folksong Collection,"""Engellied zu Weihnachten""",2/4,2/4,simples,4,12,24,40,5,maior,2
1448,Essen Folksong Collection,"""Enttaeuschung""",2/4,2/4,simples,2,10,20,38,10,maior,3
1449,Essen Folksong Collection,"""Falscher Sinn""",2/4,2/4,simples,2,8.75,18,35,0,maior,4
1450,Essen Folksong Collection,"""Faschingslied""",2/4,2/4,simples,0,12,24,42,6,menor,0
1451,Essen Folksong Collection,"""Fruehlingssieg""",2/4,2/4,simples,0,15.5,31,50,10,maior,1
1452,Essen Folksong Collection,"""Gang zur Liebsten""",2/4,2/4,simples,2,9.75,20,48,9,menor,2
1453,Essen Folksong Collection,"""Gebeth thut noth""",2/4,2/4,simples,0,9.5,19,27,3,maior,3
1454,Essen Folksong Collection,"""Geheime Liebe""",2/4,2/4,simples,2,13.75,28,49,5,maior,4
1455,Essen Folksong Collection,"""Gertrud""",2/4,2/4,simples,2,7.75,16,43,8,maior,0
1456,Essen Folksong Collection,"""Geusenlied""",2/4,2/4,simples,2,26,52,96,7,maior,1
1457,Essen Folksong Collection,"""Gunhilde""",2/4,2/4,simples,2,11.75,24,49,4,menor,2
1458,Essen Folksong Collection,"""Gute Nacht""",2/4,2/4,simples,2,15.75,32,59,2,menor,3
1459,Essen Folksong Collection,"""Hochzeitslied""",2/4,2/4,simples,2,17.75,36,87,11,menor,4
1460,Essen Folksong Collection,"""Jaegerraenke""",2/4,2/4,simples,2,7.75,16,31,5,maior,0
1461,Essen Folksong Collection,"""Kleiner feiner Almanach. Altes Lied. """,2/4,2/4,simples,2,10,20,38,0,maior,1
1462,Essen Folksong Collection,"""Kos'liedchen""",2/4,2/4,simples,0,7.5,15,35,7,maior,2
1463,Essen Folksong Collection,"""Kueherlied""",2/4,2/4,simples,2,12.75,26,43,7,maior,3
1464,Essen Folksong Collection,"""Kuhreigen""",2/4,2/4,simples,2,26.75,54,140,7,maior,4
1465,Essen Folksong Collection,"""Liebesprobe """,2/4,2/4,simples,2,36,72,142,7,menor,0
1466,Essen Folksong Collection,"""Lied der Geisselbrueder""",2/4,2/4,simples,2,16,32,75,9,menor,1
1467,Essen Folksong Collection,"""Maria's Wallfahrt""",2/4,2/4,simples,2,7.75,16,30,9,menor,2
1468,Essen Folksong Collection,"""Napoleon""",2/4,2/4,simples,2,11.75,24,50,9,maior,3
1469,Essen Folksong Collection,"""Raethsellied""",2/4,2/4,simples,2,15.75,32,43,5,maior,4
1470,Essen Folksong Collection,"""Reimlied""",2/4,2/4,simples,0,11.5,23,26,5,maior,0
1471,Essen Folksong Collection,"""Schifferlied zur Arbeit""",2/4,2/4,simples,0,10.5,21,37,7,maior,1
1472,Essen Folksong Collection,"""Schifferlied""",2/4,2/4,simples,2,15.75,32,55,7,menor,2
1473,Essen Folksong Collection,"""Schlechte Besserung""",2/4,2/4,simples,2,13.75,28,51,10,maior,3
1474,Essen Folksong Collection,"""Schlemmhimmel""",2/4,2/4,simples,0,16,32,56,0,maior,4
1475,Essen Folksong Collection,"""Schusters Abendlied""",2/4,2/4,simples,2,11.75,24,37,5,maior,0
1476,Essen Folksong Collection,"""Todesgedanken""",2/4,2/4,simples,0,10.5,21,42,5,maior,1
1477,Essen Folksong Collection,"""Trost""",2/4,2/4,simples,2,7.75,16,29,7,maior,2
1478,Essen Folksong Collection,"""Trost""",2/4,2/4,simples,4,16,32,33,5,maior,3
1479,Essen Folksong Collection,"""Verdacht""",2/4,2/4,simples,2,15.75,32,58,7,maior,4
1480,Essen Folksong Collection,"""Verzweiflung""",2/4,2/4,simples,0,11.75,23,55,10,maior,0
1481,Essen Folksong Collection,"""Vor der Hochzeit""",2/4,2/4,simples,2,9.75,20,39,7,maior,1
1482,Essen Folksong Collection,"""Vorsorge""",2/4,2/4,simples,2,16,32,52,9,maior,2
1483,Essen Folksong Collection,"""Waldlust""",2/4,2/4,simples,0,14,28,56,9,maior,3
1484,Essen Folksong Collection,"""Wehrmannslied""",2/4,2/4,simples,2,18.75,38,64,7,maior,4
1485,Essen Folksong Collection,"""Zwist und Versoehnung""",2/4,2/4,simples,2,15.75,32,61,9,menor,0
1486,Essen Folksong Collection,'SASS A NAEHTERIN UND SIE NAEHT,2/4,2/4,simples,0,9.5,19,30,5,maior,1
1487,Essen Folksong Collection,"'T Seche vun der ro'der Gá (1-22), S. 59f",2/4,2/4,simples,2,31.75,64,98,7,maior,2
1488,Essen Folksong Collection,A A A DER WINTER DER IST DA,2/4,2/4,simples,0,11.5,23,34,7,maior,3
1489,Essen Folksong Collection,A B C DIE KATZE LIEF IN SCHNEE,2/4,2/4,simples,0,7.5,15,19,7,maior,4
1490,Essen Folksong Collection,A SCHLOSSER HAT AN GSELLEN GHOT,2/4,2/4,simples,2,19.75,40,78,7,maior,0
1491,Essen Folksong Collection,A SCHUESSLA UND A RAINDEL,2/4,2/4,simples,2,15.75,32,58,9,menor,1
1492,Essen Folksong Collection,"A bhean úd thíos ae bhruach an t-srutháin, S. 18",2/4,2/4,simples,2,24,48,100,3,maior,2
1493,Essen Folksong Collection,"A wu santi, S. 58",2/4,2/4,simples,4,7,14,23,7,maior,3
1494,Essen Folksong Collection,ABEND WIRD ES WIEDER,2/4,2/4,simples,0,10,20,27,3,maior,4
1495,Essen Folksong Collection,ACH BLUEMLEIN BLAU VERDORRE NICHT,2/4,2/4,simples,2,10,20,37,7,menor,0
1496,Essen Folksong Collection,ACH DENKET DENKET MIEN HERZ IST FORT,2/4,2/4,simples,2,5.5,11,22,8,maior,1
1497,Essen Folksong Collection,ACH HAETT ICH HUNDERTTAUSEND GULDEN,2/4,2/4,simples,2,18,36,50,7,maior,2
1498,Essen Folksong Collection,ACH HAMELN DU WUNDERSCHOENE STADT,2/4,2/4,simples,2,23.75,48,81,0,maior,3
1499,Essen Folksong Collection,ACH JUNGFER ICH WILL IHR WAS AUFZURATHEN,2/4,2/4,simples,2,23.75,48,66,7,maior,4
1500,Essen Folksong Collection,ACH KOENNT ICH MOLLY KAUFEN FUER GOLD UND EDELSTEIN,2/4,2/4,simples,2,15.75,32,61,7,maior,0
1501,Essen Folksong Collection,ACH MANN DU SOLLST NACH HAUSE KOMMN,2/4,2/4,simples,2,15.75,32,56,7,maior,1
1502,Essen Folksong Collection,"ACH MUTTER, LIEBE MUTTER!",2/4,2/4,simples,2,9.75,20,40,7,maior,2
1503,Essen Folksong Collection,"ACH SCHIFFER, LIEBER SCHIFFER, STOSS' NOCH NICHT AB",2/4,2/4,simples,2,15.75,32,58,10,maior,3
1504,Essen Folksong Collection,ACH SCHIFFMANN DU FEIN GUETIGER MANN,2/4,2/4,simples,2,29.75,60,127,0,maior,4
1505,Essen Folksong Collection,ACH SCHWESTER DIE DU SICHER,2/4,2/4,simples,2,15.75,32,75,7,maior,0
1506,Essen Folksong Collection,ACH WAS IST DIE LIEBE FUER EIN SUESSES DING,2/4,2/4,simples,0,20,40,59,3,maior,1
1507,Essen Folksong Collection,ACH WIE ISTS MOEGLICH DANN,2/4,2/4,simples,0,15.5,31,44,10,maior,2
1508,Essen Folksong Collection,ACH WIE ISTS MOEGLICH DANN,2/4,2/4,simples,0,15.5,31,44,10,maior,3
1509,Essen Folksong Collection,ADAM HATTE SIEBEN SOEHN,2/4,2/4,simples,0,14.5,29,52,9,menor,4
1510,Essen Folksong Collection,ADAM HATTE SIEBEN SOEHNE,2/4,2/4,simples,0,24,48,89,0,maior,0
1511,Essen Folksong Collection,ADAM HATTE SIEBEN SOEHNE,2/4,2/4,simples,0,8,16,28,0,maior,1
1512,Essen Folksong Collection,ADE ZUR GUTEN NACHT,2/4,2/4,simples,2,17.75,36,65,7,maior,2
1513,Essen Folksong Collection,ALLDORT AUF GRUENEN MATTEN,2/4,2/4,simples,2,7.75,16,28,5,maior,3
1514,Essen Folksong Collection,ALLE DIE DAS RINGLEIN LIEBEN,2/4,2/4,simples,0,7.75,15,34,7,maior,4
1515,Essen Folksong Collection,ALLE DIE WILLEN NAER,2/4,2/4,simples,0,15.5,31,49,9,menor,0
1516,Essen Folksong Collection,ALLE LEUTE SOLLENS WISSEN,2/4,2/4,simples,0,8,16,40,7,maior,1
1517,Essen Folksong Collection,ALLE MEINE ENTCHEN,2/4,2/4,simples,0,9.5,19,27,2,menor,2
1518,Essen Folksong Collection,ALLERSCHOENSTER ENGEL,2/4,2/4,simples,0,19.5,39,60,5,maior,3
1519,Essen Folksong Collection,ALLERSCHOENSTER ENGEL,2/4,2/4,simples,0,15.5,31,47,0,maior,4
1520,Essen Folksong Collection,ALLERSCHOENSTER ENGEL,2/4,2/4,simples,0,20,40,59,5,maior,0
1521,Essen Folksong Collection,ALLES LIEBT UND PAART SICH WIEDER,2/4,2/4,simples,2,13.75,28,76,7,maior,1
1522,Essen Folksong Collection,ALLES NEU MACHT DER MAI,2/4,2/4,simples,0,15.5,31,49,9,maior,2
1523,Essen Folksong Collection,ALLES SCHLAEFT NUR SILBERN SCHALLET,2/4,2/4,simples,0,28,56,73,7,maior,3
1524,Essen Folksong Collection,ALLES STILL IN SUESSER RUH,2/4,2/4,simples,0,15.5,31,53,3,maior,4
1525,Essen Folksong Collection,ALS DER WAECHTER AUF DEM THURME SASS,2/4,2/4,simples,4,15.5,31,48,7,maior,0
1526,Essen Folksong Collection,ALS DIE WUNDERSCHOENE ANNA,2/4,2/4,simples,4,16,32,57,3,maior,1
1527,Essen Folksong Collection,ALS DIE WUNDERSCHOENE ANNA,2/4,2/4,simples,4,16,32,55,3,maior,2
1528,Essen Folksong Collection,ALS DIE WUNDERSCHOENE ANNA,2/4,2/4,simples,4,16,32,55,3,maior,3
1529,Essen Folksong Collection,ALS DIE WUNDERSCHOENE ANNA,2/4,2/4,simples,4,12,24,39,3,maior,4
1530,Essen Folksong Collection,ALS ICH AN EINEM SOMMERTAG,2/4,2/4,simples,2,16.75,34,70,7,maior,0
1531,Essen Folksong Collection,ALS ICH AN EINEM SOMMERTAG,2/4,2/4,simples,2,19.75,40,65,7,maior,1
1532,Essen Folksong Collection,ALS ICH AUF DEN KIRCHHOF KAM,2/4,2/4,simples,2,11.75,24,47,5,maior,2
1533,Essen Folksong Collection,ALS ICH EIN JUNG GESELLE WAR,2/4,2/4,simples,2,16,32,53,5,maior,3
1534,Essen Folksong Collection,ALS ICH EINMAL REISTE,2/4,2/4,simples,0,7.5,15,26,4,menor,4
1535,Essen Folksong Collection,ALS ICH NUN NACH HAUSE KAM,2/4,2/4,simples,2,25.75,52,87,7,maior,0
1536,Essen Folksong Collection,ALS JUENGSTENS HERR MERCURIUS IM HIMMEL REFERIRTE,2/4,2/4,simples,2,15.75,32,60,7,maior,1
1537,Essen Folksong Collection,ALS MICH DIE MAMA HAENSCHEN KUESSEN SAH,2/4,2/4,simples,0,11.5,23,43,7,maior,2
1538,Essen Folksong Collection,ALS WIR JUENGST IN REGENSBURG WAREN,2/4,2/4,simples,0,31.5,63,82,4,maior,3
1539,Essen Folksong Collection,ALS WIR JUENGST IN REGENSBURG WAREN,2/4,2/4,simples,0,23.5,47,55,2,maior,4
1540,Essen Folksong Collection,AM SONNTAG DA ISST DER MEISTER BOHNE,2/4,2/4,simples,2,14,28,51,2,maior,0
1541,Essen Folksong Collection,AN EINEM SOMMERABEND SCHOEN,2/4,2/4,simples,2,24,48,107,9,maior,1
1542,Essen Folksong Collection,AN SCHLOSSER HAT AN G'SELLEN G'HOT,2/4,2/4,simples,2,16,32,56,7,maior,2
1543,Essen Folksong Collection,ANNA SASS AUF EINEM STEIN,2/4,2/4,simples,2,6.75,14,22,5,maior,3
1544,Essen Folksong Collection,AUF BRUEDER LASST UNS ROSEN PFLUECKEN,2/4,2/4,simples,0,27.5,55,63,9,maior,4
1545,Essen Folksong Collection,AUF D ALMA GEH I AUFE,2/4,2/4,simples,2,27.75,56,93,3,maior,0
1546,Essen Folksong Collection,AUF DEINEN HOEHN,2/4,2/4,simples,2,15.75,32,50,3,maior,1
1547,Essen Folksong Collection,AUF DEM BERGE WACHSEN REBEN,2/4,2/4,simples,4,22,44,73,10,maior,2
1548,Essen Folksong Collection,AUF DEM GRUENEN RASEN,2/4,2/4,simples,0,7.5,15,22,7,maior,3
1549,Essen Folksong Collection,AUF DEM KIRCHHOF,2/4,2/4,simples,2,10,20,43,9,menor,4
1550,Essen Folksong Collection,AUF EINEM BAUM EIN KUCKUK,2/4,2/4,simples,4,8,16,29,7,maior,0
1551,Essen Folksong Collection,AUF EINER HOHEN MAUER,2/4,2/4,simples,2,15.75,32,55,2,maior,1
1552,Essen Folksong Collection,AUF GEBET UNS DAS PFINGSTEI,2/4,2/4,simples,2,10,20,34,7,menor,2
1553,Essen Folksong Collection,AUF GOTTES WELT ISTS SCHOEN,2/4,2/4,simples,2,7.75,16,26,9,maior,3
1554,Essen Folksong Collection,AUF MEINEM GRAB DA LIEGT EIN STEIN,2/4,2/4,simples,6,12,24,44,7,maior,4
1555,Essen Folksong Collection,AUF MUNTRE BRUEDER,2/4,2/4,simples,0,23.5,47,62,7,maior,0
1556,Essen Folksong Collection,AUF UND AN SPANNT DEN HAHN,2/4,2/4,simples,0,17.5,35,52,2,maior,1
1557,Essen Folksong Collection,AUS DEM HIMMEL DROBEN FAELLT EIN GOLDNER SCHNEE,2/4,2/4,simples,0,30,60,77,2,maior,2
1558,Essen Folksong Collection,AUS IST DAS LIEDCHEN,2/4,2/4,simples,0,8,16,29,5,maior,3
1559,Essen Folksong Collection,"Abends und Morgens, S. 49",2/4,2/4,simples,2,12,24,37,7,maior,4
1560,Essen Folksong Collection,"Abends und morgens (278), S. 468",2/4,2/4,simples,2,11.75,24,37,7,maior,0
1561,Essen Folksong Collection,Abgewiesene Freier ( Drei Gesellen ),2/4,2/4,simples,2,22,44,69,7,maior,1
1562,Essen Folksong Collection,"Abschied von Frankfurt (242), S. 519",2/4,2/4,simples,0,14.75,29,55,7,maior,2
1563,Essen Folksong Collection,"Abschied von der Wallfahrt (3-10), S. 39",2/4,2/4,simples,0,8,16,29,10,maior,3
1564,Essen Folksong Collection,Ach Mutter liebe Mutter,2/4,2/4,simples,2,9.75,20,39,7,maior,4
1565,Essen Folksong Collection,"Ach Mutter, liebe Mutter,",2/4,2/4,simples,2,9.75,20,39,7,maior,0
1566,Essen Folksong Collection,"Ach Schatz, verdenk mir's nicht (4-47), S. 64",2/4,2/4,simples,2,15.75,32,41,4,menor,1
1567,Essen Folksong Collection,"Ach Schatz, wo fehlt es dir (Band 1), S. 215",2/4,2/4,simples,0,10,20,39,7,maior,2
1568,Essen Folksong Collection,"Achtzehn Jahre alt (129), S. 294",2/4,2/4,simples,2,8,16,30,0,maior,3
1569,Essen Folksong Collection,"Adam hatte sieben Shn, S. 48",2/4,2/4,simples,0,7.75,15,30,2,maior,4
1570,Essen Folksong Collection,"Adam hatte sieben Shne (261), S. 559",2/4,2/4,simples,0,8,16,29,2,maior,0
1571,Essen Folksong Collection,Ai erwa,2/4,2/4,simples,0,14,28,45,0,menor,1
1572,Essen Folksong Collection,Aihu renmin zidibing,2/4,2/4,simples,0,8,16,26,9,maior,2
1573,Essen Folksong Collection,"Aililiu na Gamhna, S.35",2/4,2/4,simples,0,32,64,103,2,menor,3
1574,Essen Folksong Collection,Alexius (2-14) S. 49,2/4,2/4,simples,2,7.75,16,25,5,maior,4
1575,Essen Folksong Collection,Als Gott die Welt erschaffen hat,2/4,2/4,simples,2,7.75,16,29,2,maior,0
1576,Essen Folksong Collection,"Als Gott die Welt erschaffen hat (Band 1), S. 232",2/4,2/4,simples,2,7.75,16,29,2,maior,1
1577,Essen Folksong Collection,"Altes Mbel (2-38), S. 99f",2/4,2/4,simples,0,20,40,74,7,maior,2
1578,Essen Folksong Collection,Amei jinri ba lu shang,2/4,2/4,simples,0,18,36,79,0,maior,3
1579,Essen Folksong Collection,"Amour und Liebe (2-50), S. 137",2/4,2/4,simples,0,7.5,15,25,5,maior,4
1580,Essen Folksong Collection,"An cailín rua, S. 57",2/4,2/4,simples,2,16,32,44,7,maior,0
1581,Essen Folksong Collection,"Ansingelied an den Fastnachtstagen (216), S. 469",2/4,2/4,simples,2,8,16,27,2,menor,1
1582,Essen Folksong Collection,"Arm an ellen (285), S. 599",2/4,2/4,simples,0,8,16,29,5,maior,2
1583,Essen Folksong Collection,As Maadla von Gmaa hot schoena weissa Baa,2/4,2/4,simples,2,15.75,32,51,8,menor,3
1584,Essen Folksong Collection,BACKE BACKE KUCHEN,2/4,2/4,simples,0,15,30,53,5,maior,4
1585,Essen Folksong Collection,BAEH LAEMMEL BAEH,2/4,2/4,simples,0,9.5,19,32,5,maior,0
1586,Essen Folksong Collection,BALD SINKT NUN DER MITTERNACHT,2/4,2/4,simples,4,16,32,61,7,maior,1
1587,Essen Folksong Collection,BAUER BAUE KESSEL,2/4,2/4,simples,0,8,16,26,7,maior,2
1588,Essen Folksong Collection,BEI SEDAN WAR DIE LETZTE SCHLACHT,2/4,2/4,simples,2,19.75,40,88,4,menor,3
1589,Essen Folksong Collection,BEKRAENZT MIT LAUB DEN LIEBEN VOLLEN BECHER,2/4,2/4,simples,2,15.75,32,47,10,maior,4
1590,Essen Folksong Collection,BERGLEUT SIND DIE SCHOENSTEN LEUT,2/4,2/4,simples,0,11.5,23,39,7,maior,0
1591,Essen Folksong Collection,BESENBINDERS TOCHTER,2/4,2/4,simples,0,23.5,47,81,5,maior,1
1592,Essen Folksong Collection,BET KINDCHEN BET,2/4,2/4,simples,0,9.5,19,27,5,maior,2
1593,Essen Folksong Collection,BIMBAUM DIE GLOCK IST KRANK,2/4,2/4,simples,0,12,24,36,7,maior,3
1594,Essen Folksong Collection,BIN ALBEN E WERTHI TOCHTER GSY,2/4,2/4,simples,2,23.75,48,116,9,menor,4
1595,Essen Folksong Collection,BIN EIN LUSTGER GRENADIER,2/4,2/4,simples,0,19.5,39,65,7,maior,0
1596,Essen Folksong Collection,BIN EIN LUSTGER GRENADIER,2/4,2/4,simples,0,19.5,39,64,7,maior,1
1597,Essen Folksong Collection,BLAEH SCHAEFCHEN BLAEH,2/4,2/4,simples,0,9.5,19,30,7,maior,2
1598,Essen Folksong Collection,BLAKOHL SEIN DIE BESTEN PFLANZEN,2/4,2/4,simples,0,23.75,47,68,7,maior,3
1599,Essen Folksong Collection,BLAUE BLAUE WOLKEN,2/4,2/4,simples,0,7.75,15,26,7,maior,4
1600,Essen Folksong Collection,BLAUER BLAUER FINGERHUT,2/4,2/4,simples,0,15.75,31,51,0,maior,0
1601,Essen Folksong Collection,BLAUER BLAUER FINGERHUT,2/4,2/4,simples,0,26,52,85,3,maior,1
1602,Essen Folksong Collection,BLEIBT BEISAMMEN DENN ES DAUERT NET MEHR LANGE,2/4,2/4,simples,4,8,16,30,7,maior,2
1603,Essen Folksong Collection,BLUEHE LIEBES VEILCHEN DAS ICH SELBST ERZOG,2/4,2/4,simples,0,15.5,31,44,7,maior,3
1604,Essen Folksong Collection,BOM BAM BEIER,2/4,2/4,simples,0,8,16,26,7,maior,4
1605,Essen Folksong Collection,BRUEDER ZU DEN FESTLICHEN GELAGEN,2/4,2/4,simples,0,31.5,63,98,7,maior,0
1606,Essen Folksong Collection,BUKO VON HALBERSTADT,2/4,2/4,simples,0,7.75,15,28,5,maior,1
1607,Essen Folksong Collection,BUKO VON HALBERSTADT,2/4,2/4,simples,0,11.75,23,49,5,maior,2
1608,Essen Folksong Collection,BUKO VON HALBERSTADT,2/4,2/4,simples,0,11.75,23,47,5,maior,3
1609,Essen Folksong Collection,BUM BAM BEIER DE KOESTER MAG KIEN EIER,2/4,2/4,simples,0,9,18,30,5,maior,4
1610,Essen Folksong Collection,BURGUNDER HER BURGUNDER HER,2/4,2/4,simples,2,16,32,68,0,maior,0
1611,Essen Folksong Collection,Ba Huangshan bianchen fu cunzhuang,2/4,2/4,simples,0,20,40,57,11,menor,1
1612,Essen Folksong Collection,Ba gen luchai hua,2/4,2/4,simples,0,16,32,78,10,maior,2
1613,Essen Folksong Collection,Balujun shi renmin de zidibing,2/4,2/4,simples,0,8,16,21,9,maior,3
1614,Essen Folksong Collection,Balujun shi zijiren,2/4,2/4,simples,0,21,42,75,0,menor,4
1615,Essen Folksong Collection,"Ban - chnoic éireann ó, S. 37",2/4,2/4,simples,4,32,64,101,7,maior,0
1616,Essen Folksong Collection,Bangchui da zai shitou shang,2/4,2/4,simples,0,21,42,104,7,maior,1
1617,Essen Folksong Collection,Banjin youmian tui wowo,2/4,2/4,simples,0,8,16,28,4,menor,2
1618,Essen Folksong Collection,Banjiu Xiaodiao,2/4,2/4,simples,0,26,52,129,11,menor,3
1619,Essen Folksong Collection,Baobao yao shuijiao,2/4,2/4,simples,0,40,80,94,2,maior,4
1620,Essen Folksong Collection,Bauerndorf (2-46) S. 147,2/4,2/4,simples,2,23.75,48,93,2,maior,0
1621,Essen Folksong Collection,Bauernstand (2-45) S. 142,2/4,2/4,simples,0,14,28,53,5,maior,1
1622,Essen Folksong Collection,Bawang Haozi,2/4,2/4,simples,0,7.5,15,26,5,maior,2
1623,Essen Folksong Collection,Bayue guihua biandi kai,2/4,2/4,simples,0,24,48,93,2,maior,3
1624,Essen Folksong Collection,Bayue shiwu kan yueguang,2/4,2/4,simples,0,12,24,39,5,maior,4
1625,Essen Folksong Collection,Bayueguihua biandikai,2/4,2/4,simples,0,24,48,79,3,maior,0
1626,Essen Folksong Collection,Bazhao hao,2/4,2/4,simples,0,28.75,57,103,9,menor,1
1627,Essen Folksong Collection,"Bedenken gegen das Heiraten (185), S.404",2/4,2/4,simples,2,17.75,36,59,5,maior,2
1628,Essen Folksong Collection,Beifaqu,2/4,2/4,simples,0,86,172,278,7,maior,3
1629,Essen Folksong Collection,Beili dachu shi qionghan,2/4,2/4,simples,0,12,24,39,7,maior,4
1630,Essen Folksong Collection,"Beim Mondenschein (176), S. 386",2/4,2/4,simples,2,7.75,16,35,7,maior,0
1631,Essen Folksong Collection,"Beim Pfnderspiel (254), S. 545",2/4,2/4,simples,2,16.75,34,66,7,maior,1
1632,Essen Folksong Collection,"Beluxt a beduxt (194), S. 423",2/4,2/4,simples,2,7.75,16,26,4,menor,2
1633,Essen Folksong Collection,"Besenbinders Tochter (3-41), S. 124",2/4,2/4,simples,2,7.75,16,25,5,maior,3
1634,Essen Folksong Collection,Bettelfrau und Bettelmann (2-97) S. 283,2/4,2/4,simples,0,13.75,27,43,7,maior,4
1635,Essen Folksong Collection,Bi gu diao,2/4,2/4,simples,0,59,118,160,7,menor,0
1636,Essen Folksong Collection,Bian qu shi chang,2/4,2/4,simples,0,9,18,43,7,maior,1
1637,Essen Folksong Collection,Biandange,2/4,2/4,simples,0,20,40,88,2,menor,2
1638,Essen Folksong Collection,Bing nuan ge,2/4,2/4,simples,0,24.5,49,95,1,menor,3
1639,Essen Folksong Collection,Braut - Werbung (Hildesage),2/4,2/4,simples,2,6.75,14,26,7,maior,4
1640,Essen Folksong Collection,Braut - Werbung (Hildesage),2/4,2/4,simples,4,8,16,25,5,maior,0
1641,Essen Folksong Collection,"Bruder Melchor, S. 54",2/4,2/4,simples,0,24,48,80,7,maior,1
1642,Essen Folksong Collection,Bu guo,2/4,2/4,simples,0,28,56,99,7,maior,2
1643,Essen Folksong Collection,Bu pa huangshui chong shanglai,2/4,2/4,simples,0,16,32,46,0,maior,3
1644,Essen Folksong Collection,"Bucheklopper (4-99), S. 132",2/4,2/4,simples,2,16,32,51,7,maior,4
1645,Essen Folksong Collection,Bupa baigui laishaolou,2/4,2/4,simples,0,24,48,101,2,menor,0
1646,Essen Folksong Collection,CHOEN ULERICH UND HANSELEIN,2/4,2/4,simples,2,6.75,14,25,7,maior,1
1647,Essen Folksong Collection,CONSTANZ LIEGT AM BODENSEE,2/4,2/4,simples,0,4,8,16,7,maior,2
1648,Essen Folksong Collection,CRAMBAMBULI DAS IST DER TITEL,2/4,2/4,simples,2,30,60,92,2,maior,3
1649,Essen Folksong Collection,Cai Cha mang,2/4,2/4,simples,0,22,44,68,10,maior,4
1650,Essen Folksong Collection,Cai Cha yao,2/4,2/4,simples,0,12,24,29,9,menor,0
1651,Essen Folksong Collection,Cai cha deng,2/4,2/4,simples,0,32,64,100,4,menor,1
1652,Essen Folksong Collection,Cai hua,2/4,2/4,simples,0,11,22,41,1,menor,2
1653,Essen Folksong Collection,Cai mi ge,2/4,2/4,simples,0,42.5,85,87,0,maior,3
1654,Essen Folksong Collection,"Cai mian hua, vgl. Kopie)",2/4,2/4,simples,0,22,44,71,0,maior,4
1655,Essen Folksong Collection,Cai sang,2/4,2/4,simples,0,19,38,51,7,menor,0
1656,Essen Folksong Collection,Caiquange,2/4,2/4,simples,0,30,60,97,7,menor,1
1657,Essen Folksong Collection,Can gong diao,2/4,2/4,simples,0,16,32,73,0,maior,2
1658,Essen Folksong Collection,Cange,2/4,2/4,simples,0,15.75,31,62,5,maior,3
1659,Essen Folksong Collection,"Cange, 2)",2/4,2/4,simples,0,19.5,39,81,2,menor,4
1660,Essen Folksong Collection,Canjia le gaojishe,2/4,2/4,simples,0,12,24,45,4,menor,0
1661,Essen Folksong Collection,Canjun baojiaYuan,2/4,2/4,simples,0,8,16,40,0,maior,1
1662,Essen Folksong Collection,"Caoine na maighdine, S. 110",2/4,2/4,simples,0,16,32,38,5,maior,2
1663,Essen Folksong Collection,Caoyuan qingge,2/4,2/4,simples,0,14,28,56,7,menor,3
1664,Essen Folksong Collection,Caoyuan shang samanle jinse de yangguang,2/4,2/4,simples,0,16,32,63,7,maior,4
1665,Essen Folksong Collection,Chan caopi,2/4,2/4,simples,0,8,16,25,0,maior,0
1666,Essen Folksong Collection,Chan xian ge,2/4,2/4,simples,0,53,106,170,7,maior,1
1667,Essen Folksong Collection,Chang beishan,2/4,2/4,simples,0,9,18,36,5,menor,2
1668,Essen Folksong Collection,Chang qi chage tiao chadeng,2/4,2/4,simples,0,22,44,75,4,menor,3
1669,Essen Folksong Collection,"Chang shou Shange,shi mei xin",2/4,2/4,simples,0,19.75,39,52,4,menor,4
1670,Essen Folksong Collection,Chang tiaotang,2/4,2/4,simples,0,16,32,53,2,maior,0
1671,Essen Folksong Collection,Changge yao shu liu sanjie,2/4,2/4,simples,0,26,52,86,0,maior,1
1672,Essen Folksong Collection,Changge yaoyong ge wen hua,2/4,2/4,simples,0,10,20,39,0,maior,2
1673,Essen Folksong Collection,Changgong ge,2/4,2/4,simples,0,14,28,40,4,maior,3
1674,Essen Folksong Collection,Changgong hen,2/4,2/4,simples,0,10.5,21,37,9,menor,4
1675,Essen Folksong Collection,Changgong ku,2/4,2/4,simples,0,14,28,61,7,maior,0
1676,Essen Folksong Collection,Changzhe geer qu fangyang,2/4,2/4,simples,0,20,40,64,7,menor,1
1677,Essen Folksong Collection,Chazi zhai lai yuan dingdang,2/4,2/4,simples,0,8.5,17,35,4,maior,2
1678,Essen Folksong Collection,"Chenjunzhang, qingnin hebei nuomijiu",2/4,2/4,simples,0,11,22,51,10,maior,3
1679,Essen Folksong Collection,Chishui buwang dajingren,2/4,2/4,simples,0,22,44,73,0,maior,4
1680,Essen Folksong Collection,Chuan gu niang,2/4,2/4,simples,0,22,44,88,10,maior,0
1681,Essen Folksong Collection,Chuhai,2/4,2/4,simples,0,13,26,30,7,maior,1
1682,Essen Folksong Collection,Chun gong yao,2/4,2/4,simples,0,20,40,70,5,maior,2
1683,Essen Folksong Collection,Chunji zhaicha chaye xin,2/4,2/4,simples,0,19,38,75,11,menor,3
1684,Essen Folksong Collection,Congci renmin danglejia,2/4,2/4,simples,0,35,70,100,9,maior,4
1685,Essen Folksong Collection,Cui dong cui,2/4,2/4,simples,0,18,36,81,2,maior,0
1686,Essen Folksong Collection,"D'Fullenhochzeit, S. 38",2/4,2/4,simples,2,8,16,30,7,menor,1
1687,Essen Folksong Collection,"D'n E'm Steffen (195), S. 424",2/4,2/4,simples,4,16,32,46,5,maior,2
1688,Essen Folksong Collection,DA KOM ALL EIN KANOENNEKEN,2/4,2/4,simples,2,7.75,16,26,0,maior,3
1689,Essen Folksong Collection,DANN WANN DIE HAEHNE KRAEHEN,2/4,2/4,simples,2,7.75,16,26,4,menor,4
1690,Essen Folksong Collection,DAS FEUERROHR AUS ERZ,2/4,2/4,simples,2,23.75,48,64,0,maior,0
1691,Essen Folksong Collection,DAS IST KURZ UND DAS IST LANG,2/4,2/4,simples,0,13.5,27,38,5,maior,1
1692,Essen Folksong Collection,DAS KANAPEE IST MEIN VERGNUEGEN,2/4,2/4,simples,2,21.75,44,62,10,maior,2
1693,Essen Folksong Collection,DAS SCHIFF STREICHT DURCH DIE WELLEN,2/4,2/4,simples,2,15.75,32,80,7,maior,3
1694,Essen Folksong Collection,DAS WANDERN IST DES MUELLERS LUST,2/4,2/4,simples,2,13.75,28,52,10,maior,4
1695,Essen Folksong Collection,DE KUCKUK UP DEN TUNE SAT,2/4,2/4,simples,2,11.75,24,39,10,maior,0
1696,Essen Folksong Collection,DEN SONNTAG DEN MONTAG IN ALLER FRUEH,2/4,2/4,simples,2,15.75,32,45,5,maior,1
1697,Essen Folksong Collection,DER ABT IST NICHT ZU HAUSE,2/4,2/4,simples,2,9.25,19,35,7,maior,2
1698,Essen Folksong Collection,DER ABT IST NICHT ZU HAUSE,2/4,2/4,simples,2,8.25,17,28,7,maior,3
1699,Essen Folksong Collection,DER FRUEHLING KEHRET WIEDER,2/4,2/4,simples,2,7.75,16,26,9,menor,4
1700,Essen Folksong Collection,DER FUCHS GEHT RUM,2/4,2/4,simples,2,9,18,33,5,maior,0
1701,Essen Folksong Collection,DER GENRAL WERDER HAT EINMAL,2/4,2/4,simples,2,31.75,64,94,10,maior,1
1702,Essen Folksong Collection,DER HERR DER SCHICKT DEN JOCKEL AUS,2/4,2/4,simples,2,8,16,32,7,maior,2
1703,Essen Folksong Collection,DER HIMMEL IST SO TRUEBE,2/4,2/4,simples,2,15.75,32,54,7,maior,3
1704,Essen Folksong Collection,DER JAEGER IN DEM GRUENEN WALD,2/4,2/4,simples,2,13.75,28,52,7,menor,4
1705,Essen Folksong Collection,DER JAEGER LAENGS AM WEIHER GING,2/4,2/4,simples,2,13.75,28,56,7,maior,0
1706,Essen Folksong Collection,DER JAEGER LAENGS DEM WEIHER GING,2/4,2/4,simples,4,14,28,56,10,maior,1
1707,Essen Folksong Collection,DER KUCKUK AUF DEM ZAUNE,2/4,2/4,simples,4,8,16,26,7,maior,2
1708,Essen Folksong Collection,DER KUCKUK IST EIN KLUGER MANN,2/4,2/4,simples,2,23.75,48,94,0,maior,3
1709,Essen Folksong Collection,DER LENZ IST ANGEKOMMEN,2/4,2/4,simples,2,14.75,30,44,7,maior,4
1710,Essen Folksong Collection,DER LENZ THUT SEINEN FREUDENGRUSS,2/4,2/4,simples,2,29,58,92,0,maior,0
1711,Essen Folksong Collection,DER LUNZI KUMMT,2/4,2/4,simples,2,8,16,27,5,maior,1
1712,Essen Folksong Collection,DER MEISCHTER SCHICKT DER JOCKELE,2/4,2/4,simples,2,10,20,32,7,maior,2
1713,Essen Folksong Collection,DER N N HAT NE HOHE MUETZE,2/4,2/4,simples,2,8,16,30,5,maior,3
1714,Essen Folksong Collection,DER SANDMANN KOMMT,2/4,2/4,simples,2,6,12,24,7,maior,4
1715,Essen Folksong Collection,DER SOMMER KEHRET WIEDER,2/4,2/4,simples,2,11,22,32,10,maior,0
1716,Essen Folksong Collection,DER SPERLING DER GIBT DER BRAUT DEN TRAURING,2/4,2/4,simples,2,16,32,57,0,maior,1
1717,Essen Folksong Collection,DER STRAUSS DEN ICH GEPFLUECKET,2/4,2/4,simples,2,14,28,47,0,maior,2
1718,Essen Folksong Collection,DER VOGELFAENGER,2/4,2/4,simples,2,16,32,86,2,maior,3
1719,Essen Folksong Collection,DER WAECHTER AUF DEM THURME SASS,2/4,2/4,simples,2,11.75,24,47,7,maior,4
1720,Essen Folksong Collection,DER WALDBEERSTRAUCH,2/4,2/4,simples,2,10,20,37,10,maior,0
1721,Essen Folksong Collection,DER ZAUN DER WIRD GEFLOCHTEN,2/4,2/4,simples,2,7.75,16,29,7,maior,1
1722,Essen Folksong Collection,DES ABENDS WENN ICH SCHLAFEN GEH,2/4,2/4,simples,2,11.75,24,44,5,maior,2
1723,Essen Folksong Collection,DES ABENDS WENN ICH SCHLAFEN GEH,2/4,2/4,simples,2,11.75,24,47,7,maior,3
1724,Essen Folksong Collection,DIE BESTE ZEIT IM JAHR IST MEIN,2/4,2/4,simples,2,13.5,27,40,7,menor,4
1725,Essen Folksong Collection,DIE CIGARREN UND DIE MENSCHEN,2/4,2/4,simples,4,16,32,60,4,menor,0
1726,Essen Folksong Collection,DIE DONAU IST INS WASSER GEFALLN,2/4,2/4,simples,2,7.75,16,31,7,maior,1
1727,Essen Folksong Collection,DIE DONAU IST INS WASSER GFALLN,2/4,2/4,simples,2,11.75,24,42,7,maior,2
1728,Essen Folksong Collection,DIE FENSTER AUF DIE HERZEN AUF,2/4,2/4,simples,2,13.75,28,43,0,maior,3
1729,Essen Folksong Collection,DIE FRAU SIE WOLLT ZUM REIGEN GEHN,2/4,2/4,simples,2,11.75,24,42,9,maior,4
1730,Essen Folksong Collection,DIE GLOCKE ZU KAPERNAUM,2/4,2/4,simples,2,4,8,14,7,maior,0
1731,Essen Folksong Collection,DIE GULDNE SCHNUR GIEHT UM DAS HAUS,2/4,2/4,simples,2,18,36,68,7,maior,1
1732,Essen Folksong Collection,DIE HEILGEN DREI KOENIGE,2/4,2/4,simples,2,23.75,48,64,9,maior,2
1733,Essen Folksong Collection,DIE HUSSITEN ZOGEN VOR NAUMBURG,2/4,2/4,simples,0,15.5,31,56,7,maior,3
1734,Essen Folksong Collection,DIE LEINEWEBER HABEN EINE SAUBERE ZUNFT,2/4,2/4,simples,2,31.75,64,82,5,maior,4
1735,Essen Folksong Collection,DIE LUFT IST BLAU,2/4,2/4,simples,2,12,24,59,7,maior,0
1736,Essen Folksong Collection,DIE MAENNER SIND VERAENDERLICH,2/4,2/4,simples,2,14.75,30,45,9,maior,1
1737,Essen Folksong Collection,DIE MAID SIE WOLT NEN BUHLEN WERT,2/4,2/4,simples,2,9.75,20,32,7,maior,2
1738,Essen Folksong Collection,DIE MARIANDL IST SO SCHOEN,2/4,2/4,simples,2,33.5,67,124,7,maior,3
1739,Essen Folksong Collection,DIE PFERD HAN ROTHE RIEMA,2/4,2/4,simples,2,7.75,16,29,7,menor,4
1740,Essen Folksong Collection,DIE SCHNEIDER HIELTENS GRINDELFEST,2/4,2/4,simples,2,19.75,40,66,7,maior,0
1741,Essen Folksong Collection,DIE TROMMEL RUFT,2/4,2/4,simples,2,15.75,32,51,10,maior,1
1742,Essen Folksong Collection,DIE WOLLUST IN DEN MAYEN,2/4,2/4,simples,2,15.75,32,50,9,maior,2
1743,Essen Folksong Collection,DIES BRUEDER IST DER KOENIG,2/4,2/4,simples,2,7.75,16,37,3,maior,3
1744,Essen Folksong Collection,DING DING THALERING,2/4,2/4,simples,0,13.5,27,43,7,maior,4
1745,Essen Folksong Collection,DING DING THALERRING,2/4,2/4,simples,0,13.5,27,44,7,maior,0
1746,Essen Folksong Collection,DIR FOLGEN MEINE THRAENEN,2/4,2/4,simples,2,7.75,16,33,5,menor,1
1747,Essen Folksong Collection,DO KOM ALL EIN KANOENNEKEN AN,2/4,2/4,simples,2,7.75,16,26,0,maior,2
1748,Essen Folksong Collection,DORT OBEN AUF DEM BERGE,2/4,2/4,simples,2,9.75,20,39,5,maior,3
1749,Essen Folksong Collection,DORT OBEN AUF DEM BERGE,2/4,2/4,simples,2,11.75,24,44,5,maior,4
1750,Essen Folksong Collection,DORT OBN AUF JENEM BERGE,2/4,2/4,simples,2,11.75,24,48,7,maior,0
1751,Essen Folksong Collection,DR HANS HAT HOSEN A,2/4,2/4,simples,0,15.5,31,45,5,maior,1
1752,Essen Folksong Collection,DREI LEDRIGE STRUEMPF,2/4,2/4,simples,2,12,24,45,5,maior,2
1753,Essen Folksong Collection,DREIMAL UM DAS KAESTCHEN,2/4,2/4,simples,0,16,32,52,7,maior,3
1754,Essen Folksong Collection,DROBEN AUF DEM KIRCHHOF,2/4,2/4,simples,0,11.5,23,45,0,maior,4
1755,Essen Folksong Collection,DU LIEBER FROMMER HEILGER CHRIST,2/4,2/4,simples,2,15.75,32,40,7,maior,0
1756,Essen Folksong Collection,DU LIEBLICHER STERN DU LEUCHTEST SO FERN,2/4,2/4,simples,2,8,16,21,6,menor,1
1757,Essen Folksong Collection,DU TAPFRER HELD,2/4,2/4,simples,0,12.5,25,37,7,maior,2
1758,Essen Folksong Collection,DURCH FELD UND WALD,2/4,2/4,simples,2,12.25,25,46,5,maior,3
1759,Essen Folksong Collection,Da Jinan,2/4,2/4,simples,0,12,24,36,3,maior,4
1760,Essen Folksong Collection,Da baoyunchuan,2/4,2/4,simples,0,19.5,39,59,4,maior,0
1761,Essen Folksong Collection,Da guang deng,2/4,2/4,simples,0,14,28,47,7,maior,1
1762,Essen Folksong Collection,"Da kam die Maus von allen Musen daher (Band 1), S. 246",2/4,2/4,simples,0,13.5,27,43,7,maior,2
1763,Essen Folksong Collection,Da lian cheng,2/4,2/4,simples,0,19,38,56,0,maior,3
1764,Essen Folksong Collection,Da liang peng,2/4,2/4,simples,0,22,44,89,2,maior,4
1765,Essen Folksong Collection,"Da nangoucha, Weggabelung)",2/4,2/4,simples,0,12,24,41,5,maior,0
1766,Essen Folksong Collection,Da qiu qian,2/4,2/4,simples,0,25.5,51,74,0,maior,1
1767,Essen Folksong Collection,Da suan zao,2/4,2/4,simples,0,13,26,46,5,maior,2
1768,Essen Folksong Collection,Da suanzao,2/4,2/4,simples,0,13,26,53,2,menor,3
1769,Essen Folksong Collection,Da xie di,2/4,2/4,simples,0,31,62,107,10,maior,4
1770,Essen Folksong Collection,Da yiezhu,2/4,2/4,simples,0,13.5,27,45,7,maior,0
1771,Essen Folksong Collection,Da yingtao,2/4,2/4,simples,0,12,24,40,5,maior,1
1772,Essen Folksong Collection,Da zhi Shange guo heng pai,2/4,2/4,simples,0,14,28,67,9,menor,2
1773,Essen Folksong Collection,Daban xiaolang yi zhi hua,2/4,2/4,simples,0,23,46,77,5,maior,3
1774,Essen Folksong Collection,Daer was een edel Pfalzgravin,2/4,2/4,simples,1,11.88,24,49,2,menor,4
1775,Essen Folksong Collection,"Dahaam bo meiner Mutter, do rumplt alles um und um",2/4,2/4,simples,2,7.75,16,28,10,maior,0
1776,Essen Folksong Collection,Dahong gongji chuang tai wo,2/4,2/4,simples,0,10,20,26,7,maior,1
1777,Essen Folksong Collection,Dakai sangmen changxinjing,2/4,2/4,simples,0,12,24,36,7,menor,2
1778,Essen Folksong Collection,Damihao,2/4,2/4,simples,0,10,20,24,5,menor,3
1779,Essen Folksong Collection,"Dang hu chuan, Boot auf dem Trockenen)",2/4,2/4,simples,0,28,56,88,2,maior,4
1780,Essen Folksong Collection,Dangzongyang ba lantian cajingle,2/4,2/4,simples,2,18.75,38,60,3,maior,0
1781,Essen Folksong Collection,Danianzi qileshou,2/4,2/4,simples,0,17,34,51,0,maior,1
1782,Essen Folksong Collection,Dao ban jiang,2/4,2/4,simples,0,54,108,155,4,maior,2
1783,Essen Folksong Collection,Dao chun lai,2/4,2/4,simples,0,18,36,89,0,maior,3
1784,Essen Folksong Collection,Daogu fengshou duimancang,2/4,2/4,simples,0,15.5,31,58,2,maior,4
1785,Essen Folksong Collection,Daoqing diao,2/4,2/4,simples,0,36,72,131,11,menor,0
1786,Essen Folksong Collection,Daqi huagun xilianlian,2/4,2/4,simples,0,24,48,81,0,maior,1
1787,Essen Folksong Collection,Daqingshan wulala shantaoshan,2/4,2/4,simples,0,9,18,31,2,menor,2
1788,Essen Folksong Collection,"Das Hausen fllt mir viel zu schwer (3-93), S. 256",2/4,2/4,simples,2,15.75,32,57,7,maior,3
1789,Essen Folksong Collection,"Das Kiddelein (270), S. 575",2/4,2/4,simples,2,9,18,39,2,maior,4
1790,Essen Folksong Collection,Das Madl von der Gmaa hat schoene weisse Baa,2/4,2/4,simples,2,8,16,28,2,maior,0
1791,Essen Folksong Collection,Das Maedchen und der Faehnrich,2/4,2/4,simples,2,8,16,30,11,maior,1
1792,Essen Folksong Collection,Das Maedchen und der Faehnrich,2/4,2/4,simples,2,12,24,54,7,maior,2
1793,Essen Folksong Collection,Das Maedchen und der Faehnrich,2/4,2/4,simples,2,8,16,32,7,maior,3
1794,Essen Folksong Collection,"Das Mdchen vom Lande (223), S. 406",2/4,2/4,simples,2,23.75,48,74,7,maior,4
1795,Essen Folksong Collection,Das Schwabentoechterlein,2/4,2/4,simples,2,12,24,48,7,maior,0
1796,Essen Folksong Collection,Das Schwabentoechterlein,2/4,2/4,simples,0,10,20,45,2,menor,1
1797,Essen Folksong Collection,Das Schwabentoechterlein,2/4,2/4,simples,0,10,20,46,2,menor,2
1798,Essen Folksong Collection,Das Schwabentoechterlein,2/4,2/4,simples,2,10,20,34,7,maior,3
1799,Essen Folksong Collection,Das Schwabentoechterlein,2/4,2/4,simples,4,14,28,37,7,maior,4
1800,Essen Folksong Collection,"Das alte Weib (197d), S. 431",2/4,2/4,simples,2,15.75,32,56,5,maior,0
1801,Essen Folksong Collection,"Das faule Gretchen (225b), S. 485",2/4,2/4,simples,2,17.75,36,58,7,maior,1
1802,Essen Folksong Collection,"Das faule Gretchen (225c), S. 486",2/4,2/4,simples,2,9.75,20,35,7,maior,2
1803,Essen Folksong Collection,"Das faule Weibchen (225a), S. 483",2/4,2/4,simples,2,9.75,20,36,7,maior,3
1804,Essen Folksong Collection,Das hungernde Kind,2/4,2/4,simples,0,10,20,31,7,maior,4
1805,Essen Folksong Collection,Das hungernde Kind,2/4,2/4,simples,0,12,24,42,7,maior,0
1806,Essen Folksong Collection,Das hungernde Kind,2/4,2/4,simples,0,12,24,42,7,maior,1
1807,Essen Folksong Collection,Das hungernde Kind,2/4,2/4,simples,0,8,16,14,7,maior,2
1808,Essen Folksong Collection,Das hungernde Kind,2/4,2/4,simples,0,5,10,18,7,maior,3
1809,Essen Folksong Collection,Das hungernde Kind,2/4,2/4,simples,0,5,10,17,7,maior,4
1810,Essen Folksong Collection,Das mannstolle Maedchen,2/4,2/4,simples,4,17,34,42,4,menor,0
1811,Essen Folksong Collection,Das mannstolle Maedchen,2/4,2/4,simples,2,8.25,17,28,7,maior,1
1812,Essen Folksong Collection,Das mannstolle Maedchen,2/4,2/4,simples,2,6.25,13,22,2,maior,2
1813,Essen Folksong Collection,Das weinholende Maedchen,2/4,2/4,simples,0,10,20,22,7,menor,3
1814,Essen Folksong Collection,Datie ge,2/4,2/4,simples,0,28,56,116,7,maior,4
1815,Essen Folksong Collection,Dawo ge,2/4,2/4,simples,0,15,30,85,9,menor,0
1816,Essen Folksong Collection,Dawo hao,2/4,2/4,simples,0,15.5,31,44,2,menor,1
1817,Essen Folksong Collection,Daxi chuyou xibian sha,2/4,2/4,simples,0,23.5,47,56,9,maior,2
1818,Essen Folksong Collection,Dayanjing sai dengzhan li,2/4,2/4,simples,0,14.5,29,49,5,maior,3
1819,Essen Folksong Collection,"De Baurejong (290), S. 604",2/4,2/4,simples,2,15.75,32,54,7,maior,4
1820,Essen Folksong Collection,"De Butzemennchen, S. 26",2/4,2/4,simples,0,14,28,49,7,maior,0
1821,Essen Folksong Collection,"De Kirmesjang (273), S. 583",2/4,2/4,simples,2,11.75,24,45,9,maior,1
1822,Essen Folksong Collection,"De Schwarzen (271), S. 460",2/4,2/4,simples,0,32,64,79,4,menor,2
1823,Essen Folksong Collection,"De Steffchen, de fiert mat Spien an 't Stat (1-26), S.70",2/4,2/4,simples,4,16,32,46,5,maior,3
1824,Essen Folksong Collection,"De klenge Man (3-28), S. 72",2/4,2/4,simples,2,7.75,16,34,0,maior,4
1825,Essen Folksong Collection,"De klenge Mennchen, S. 27",2/4,2/4,simples,2,7.75,16,26,5,maior,0
1826,Essen Folksong Collection,"De klenge Mnnchen (3-32), S. 82",2/4,2/4,simples,2,7.75,16,28,5,maior,1
1827,Essen Folksong Collection,"De schwarze Man (2-4), S. 8",2/4,2/4,simples,0,24,48,53,4,menor,2
1828,Essen Folksong Collection,"De' Fielzer Eisebunn (3-7), S. 7",2/4,2/4,simples,2,23.75,48,97,7,maior,3
1829,Essen Folksong Collection,"Dem Bauer seng Heilegsgof (266), S. 566",2/4,2/4,simples,2,15.5,31,61,7,maior,4
1830,Essen Folksong Collection,"Den Em Steffen, S. 29",2/4,2/4,simples,2,8,16,44,5,maior,0
1831,Essen Folksong Collection,"Dengelengeleng meng Fra as krank, S. 35f",2/4,2/4,simples,0,8,16,36,2,maior,1
1832,Essen Folksong Collection,"Der Abram ist gestorben (3-21), S. 54",2/4,2/4,simples,2,12.75,26,38,5,maior,2
1833,Essen Folksong Collection,"Der Abschiedskuá (99), S. 249",2/4,2/4,simples,0,11.5,23,43,7,maior,3
1834,Essen Folksong Collection,"Der Bettelmann (Band 1), S. 129",2/4,2/4,simples,2,16,32,43,5,maior,4
1835,Essen Folksong Collection,"Der Buechabecher Boder, der hot a sammats Kaeppl auf",2/4,2/4,simples,2,23.75,48,84,0,maior,0
1836,Essen Folksong Collection,Der Elsberger,2/4,2/4,simples,2,4,8,16,7,menor,1
1837,Essen Folksong Collection,Der Essigkrug,2/4,2/4,simples,2,15.75,32,51,10,maior,2
1838,Essen Folksong Collection,"Der Essigkrug (3-49), S. 143",2/4,2/4,simples,2,15,30,46,7,menor,3
1839,Essen Folksong Collection,"Der Habersack (37), S.126",2/4,2/4,simples,2,11.75,24,47,7,maior,4
1840,Essen Folksong Collection,Der Hammerschmiedssohn,2/4,2/4,simples,2,14.75,30,53,5,maior,0
1841,Essen Folksong Collection,Der Hammerschmiedssohn,2/4,2/4,simples,2,11.75,24,35,5,maior,1
1842,Essen Folksong Collection,Der Hammerschmiedssohn,2/4,2/4,simples,2,11.75,24,31,5,maior,2
1843,Essen Folksong Collection,Der Hammerschmiedssohn,2/4,2/4,simples,0,9.5,19,32,5,maior,3
1844,Essen Folksong Collection,Der Hammerschmiedssohn,2/4,2/4,simples,2,7.75,16,35,5,maior,4
1845,Essen Folksong Collection,Der Jaeger auf koeniglicher Heide,2/4,2/4,simples,2,6,12,26,0,maior,0
1846,Essen Folksong Collection,"Der Jud von Seebach (4-99), S. 133",2/4,2/4,simples,0,16,32,44,9,menor,1
1847,Essen Folksong Collection,"Der Jger und das Mgdelein (2c), S. 31",2/4,2/4,simples,0,15.5,31,46,7,maior,2
1848,Essen Folksong Collection,"Der Jger und das Mgdelein (2d), S. 33",2/4,2/4,simples,4,12,24,28,10,maior,3
1849,Essen Folksong Collection,"Der Kaminfeger (4-41), S. 56",2/4,2/4,simples,4,16,32,66,7,maior,4
1850,Essen Folksong Collection,Der Knab von Haselach (2-34) S. 108,2/4,2/4,simples,3,8.88,18,41,5,maior,0
1851,Essen Folksong Collection,"Der Kuckuck (3-38), S. 100",2/4,2/4,simples,4,8,16,29,5,maior,1
1852,Essen Folksong Collection,Der Meierin Sohn,2/4,2/4,simples,0,12,24,32,4,menor,2
1853,Essen Folksong Collection,Der Nachtjaeger,2/4,2/4,simples,2,15.75,32,49,7,maior,3
1854,Essen Folksong Collection,Der Nachtjaeger,2/4,2/4,simples,2,13.75,28,44,2,maior,4
1855,Essen Folksong Collection,Der Nachtjaeger,2/4,2/4,simples,2,12,24,37,7,maior,0
1856,Essen Folksong Collection,Der Nachtjaeger,2/4,2/4,simples,2,8.75,18,30,7,menor,1
1857,Essen Folksong Collection,Der Ring,2/4,2/4,simples,2,15.75,32,49,4,menor,2
1858,Essen Folksong Collection,"Der Ring (3-89), S. 246",2/4,2/4,simples,2,15.75,32,53,4,menor,3
1859,Essen Folksong Collection,"Der Schwatzhafte (141), S. 316",2/4,2/4,simples,2,12.75,26,39,7,maior,4
1860,Essen Folksong Collection,"Der Schweizermann (205a), S. 447",2/4,2/4,simples,4,21,42,51,7,maior,0
1861,Essen Folksong Collection,"Der Tausendknstler (291), S. 605",2/4,2/4,simples,4,29,58,78,7,maior,1
1862,Essen Folksong Collection,"Der Tod von Basel (2-57), S. 150f",2/4,2/4,simples,2,23.75,48,78,5,maior,2
1863,Essen Folksong Collection,"Der Tod von Basel (3-95), S. 261",2/4,2/4,simples,0,15,30,49,7,maior,3
1864,Essen Folksong Collection,"Der Wasserkrug (47a), S. 179",2/4,2/4,simples,2,9.75,20,35,7,maior,4
1865,Essen Folksong Collection,"Der Wasserkrug (Band 1), S. 133",2/4,2/4,simples,2,9.75,20,35,4,menor,0
1866,Essen Folksong Collection,"Der alte Drudelsack (197c), S. 430",2/4,2/4,simples,2,7.75,16,26,7,maior,1
1867,Essen Folksong Collection,"Der bestrafte Fhnrich (35a), S. 122f",2/4,2/4,simples,2,12.75,26,47,7,maior,2
1868,Essen Folksong Collection,"Der betrogene Ehemann (191), S. 415f",2/4,2/4,simples,2,41.75,84,144,0,maior,3
1869,Essen Folksong Collection,Der betruegerische Freier,2/4,2/4,simples,2,11.75,24,41,9,menor,4
1870,Essen Folksong Collection,Der betruegerische Freier,2/4,2/4,simples,2,7.75,16,37,4,maior,0
1871,Essen Folksong Collection,Der betruegerische Freier,2/4,2/4,simples,2,4,8,14,7,maior,1
1872,Essen Folksong Collection,Der betruegerische Freier,2/4,2/4,simples,2,11.75,24,43,9,menor,2
1873,Essen Folksong Collection,Der betruegerische Freier,2/4,2/4,simples,1,11.63,24,42,9,menor,3
1874,Essen Folksong Collection,Der betruegerische Freier,2/4,2/4,simples,2,9.75,20,39,10,maior,4
1875,Essen Folksong Collection,Der betruegerische Freier,2/4,2/4,simples,4,8,16,15,7,maior,0
1876,Essen Folksong Collection,Der betruegerische Freier,2/4,2/4,simples,0,8,16,14,7,maior,1
1877,Essen Folksong Collection,"Der bon vivant (45a), S. 145",2/4,2/4,simples,2,7.75,16,33,7,maior,2
1878,Essen Folksong Collection,"Der bon vivant (45b), S. 146",2/4,2/4,simples,2,7.75,16,29,7,maior,3
1879,Essen Folksong Collection,Der falsche Schreiber,2/4,2/4,simples,2,4,8,19,0,maior,4
1880,Essen Folksong Collection,"Der gefangene Husar (142), S. 317",2/4,2/4,simples,2,17.75,36,50,7,maior,0
1881,Essen Folksong Collection,Der gepruegelte Ehemann,2/4,2/4,simples,2,11.75,24,40,7,maior,1
1882,Essen Folksong Collection,Der grausame Bruder,2/4,2/4,simples,2,11.75,24,34,7,menor,2
1883,Essen Folksong Collection,Der grausame Bruder,2/4,2/4,simples,0,13,26,35,7,menor,3
1884,Essen Folksong Collection,Der grausame Bruder,2/4,2/4,simples,4,8,16,26,7,maior,4
1885,Essen Folksong Collection,Der grausame Bruder,2/4,2/4,simples,2,11.75,24,33,7,maior,0
1886,Essen Folksong Collection,Der junge Held,2/4,2/4,simples,2,7.75,16,35,5,maior,1
1887,Essen Folksong Collection,Der lustige Nagelschmied,2/4,2/4,simples,0,8,16,29,7,maior,2
1888,Essen Folksong Collection,"Der lustige Nagelschmied (3-42), S. 127",2/4,2/4,simples,0,8,16,29,7,maior,3
1889,Essen Folksong Collection,"Der lustige Sptter (76), S. 212f",2/4,2/4,simples,2,15.75,32,49,5,maior,4
1890,Essen Folksong Collection,Der schwatzhafte Junggeselle,2/4,2/4,simples,4,16,32,42,7,maior,0
1891,Essen Folksong Collection,Der schwatzhafte Junggeselle,2/4,2/4,simples,2,18,36,52,5,maior,1
1892,Essen Folksong Collection,Der schwatzhafte Junggeselle,2/4,2/4,simples,4,26,52,68,7,maior,2
1893,Essen Folksong Collection,Der schwatzhafte Junggeselle,2/4,2/4,simples,2,16,32,50,7,maior,3
1894,Essen Folksong Collection,"Der siebente Sprung (Band 1), S. 270",2/4,2/4,simples,0,9.75,19,31,2,maior,4
1895,Essen Folksong Collection,Der verkleidete Markgrafensohn,2/4,2/4,simples,2,5,10,23,0,maior,0
1896,Essen Folksong Collection,"Der wunderliche Kittel (263), S. 561f",2/4,2/4,simples,0,26.5,53,92,5,maior,1
1897,Essen Folksong Collection,Des Pfalzgrafen Tchterlein (51a),2/4,2/4,simples,0,7.25,14,26,2,maior,2
1898,Essen Folksong Collection,"Des Pfalzgrafen Tchterlein (51a),",2/4,2/4,simples,0,7.25,14,25,2,maior,3
1899,Essen Folksong Collection,Dianhu wugeng han,2/4,2/4,simples,0,8,16,29,7,maior,4
1900,Essen Folksong Collection,Die Antwerpener Kaufmannstochter,2/4,2/4,simples,2,31.75,64,90,9,maior,0
1901,Essen Folksong Collection,"Die Beichte (46), S. 147",2/4,2/4,simples,2,17.75,36,60,7,maior,1
1902,Essen Folksong Collection,Die Bernauerin,2/4,2/4,simples,0,36,72,113,0,maior,2
1903,Essen Folksong Collection,Die Bluthochzeit,2/4,2/4,simples,2,7.75,16,23,2,menor,3
1904,Essen Folksong Collection,"Die Brombeeren (29a),",2/4,2/4,simples,2,9.75,20,44,7,maior,4
1905,Essen Folksong Collection,Die Brombeerpflueckerin,2/4,2/4,simples,2,11.75,24,42,7,maior,0
1906,Essen Folksong Collection,"Die Gefangene (114a), S. 269",2/4,2/4,simples,0,11.5,23,32,5,maior,1
1907,Essen Folksong Collection,"Die Gefangene (114d), S. 271",2/4,2/4,simples,2,11.75,24,35,0,maior,2
1908,Essen Folksong Collection,"Die Jdin (22b), S. 93",2/4,2/4,simples,2,9.75,20,40,5,maior,3
1909,Essen Folksong Collection,"Die Jdin und der Schreiber (22a),",2/4,2/4,simples,2,7.75,16,30,0,maior,4
1910,Essen Folksong Collection,"Die Kauernburger Lena, die hot so gutn Schnupftabak",2/4,2/4,simples,2,7.75,16,29,0,maior,0
1911,Essen Folksong Collection,Die Koenigskinder,2/4,2/4,simples,2,9.75,20,40,7,maior,1
1912,Essen Folksong Collection,Die Koenigskinder,2/4,2/4,simples,2,9.75,20,46,7,maior,2
1913,Essen Folksong Collection,Die Koenigstochter im Heeresdienst,2/4,2/4,simples,0,4,8,16,7,maior,3
1914,Essen Folksong Collection,Die Koenigstochter im Heeresdienst,2/4,2/4,simples,0,8,16,24,7,maior,4
1915,Essen Folksong Collection,"Die Leberwurst (272b), S. 581",2/4,2/4,simples,4,18,36,57,5,maior,0
1916,Essen Folksong Collection,Die Mordeltern,2/4,2/4,simples,2,12,24,52,7,maior,1
1917,Essen Folksong Collection,"Die Mllerin (41b), S. 134",2/4,2/4,simples,2,11.75,24,44,7,maior,2
1918,Essen Folksong Collection,Die Naehterin,2/4,2/4,simples,2,7.75,16,30,7,maior,3
1919,Essen Folksong Collection,Die Naehterin,2/4,2/4,simples,0,9.5,19,30,5,maior,4
1920,Essen Folksong Collection,Die Rabenmutter,2/4,2/4,simples,2,11.75,24,39,7,maior,0
1921,Essen Folksong Collection,Die Rabenmutter,2/4,2/4,simples,4,10,20,27,7,maior,1
1922,Essen Folksong Collection,Die Rabenmutter,2/4,2/4,simples,2,6,12,24,7,maior,2
1923,Essen Folksong Collection,Die Rheinbraut,2/4,2/4,simples,2,7.75,16,26,5,maior,3
1924,Essen Folksong Collection,Die Rheinbraut,2/4,2/4,simples,6,6,12,23,2,maior,4
1925,Essen Folksong Collection,"Die Saufbrder (210), S. 461",2/4,2/4,simples,0,23.25,46,92,7,maior,0
1926,Essen Folksong Collection,Die Schlangenkoechin,2/4,2/4,simples,2,7.75,16,22,7,maior,1
1927,Essen Folksong Collection,Die Schlangenkoechin,2/4,2/4,simples,2,12.75,26,47,7,maior,2
1928,Essen Folksong Collection,Die Schlangenkoechin,2/4,2/4,simples,2,9.75,20,36,2,maior,3
1929,Essen Folksong Collection,Die Schlangenkoechin,2/4,2/4,simples,0,15.5,31,45,2,menor,4
1930,Essen Folksong Collection,Die Schlangenkoechin,2/4,2/4,simples,2,10.75,22,40,7,maior,0
1931,Essen Folksong Collection,"Die Schneiderhochzeit (246), S. 526",2/4,2/4,simples,2,11.75,24,42,7,maior,1
1932,Essen Folksong Collection,"Die Schnitzelbank (272a), S. 578",2/4,2/4,simples,4,38,76,89,10,maior,2
1933,Essen Folksong Collection,Die Unbestechliche,2/4,2/4,simples,4,8,16,26,7,maior,3
1934,Essen Folksong Collection,"Die Vogelhochzeit (3-40), S. 105f",2/4,2/4,simples,2,21.75,44,92,7,maior,4
1935,Essen Folksong Collection,"Die Vogelhochzeit (49), S.156",2/4,2/4,simples,2,12.5,25,50,7,maior,0
1936,Essen Folksong Collection,"Die Winterrosen (27), S. 107",2/4,2/4,simples,2,8,16,32,4,menor,1
1937,Essen Folksong Collection,Die dienende Schwester,2/4,2/4,simples,2,11.75,24,33,5,maior,2
1938,Essen Folksong Collection,Die dienende Schwester,2/4,2/4,simples,2,7.75,16,27,5,maior,3
1939,Essen Folksong Collection,Die dienende Schwester,2/4,2/4,simples,2,6,12,27,0,maior,4
1940,Essen Folksong Collection,Die dienende Schwester,2/4,2/4,simples,2,7.75,16,26,5,maior,0
1941,Essen Folksong Collection,Die dienende Schwester,2/4,2/4,simples,2,6,12,24,5,maior,1
1942,Essen Folksong Collection,Die dienende Schwester,2/4,2/4,simples,4,9,18,26,5,maior,2
1943,Essen Folksong Collection,Die dienende Schwester,2/4,2/4,simples,5,7.13,15,25,0,maior,3
1944,Essen Folksong Collection,Die dienende Schwester,2/4,2/4,simples,2,7.75,16,28,5,maior,4
1945,Essen Folksong Collection,Die entfuehrte Graserin,2/4,2/4,simples,0,14,28,34,5,maior,0
1946,Essen Folksong Collection,Die erzwungene Ehe,2/4,2/4,simples,2,15.75,32,49,2,menor,1
1947,Essen Folksong Collection,"Die heiligen zwlf Zahlen (304a), S. 627",2/4,2/4,simples,0,11.75,23,40,4,menor,2
1948,Essen Folksong Collection,"Die heiligen zwlf Zahlen (304b), S. 630",2/4,2/4,simples,0,12,24,41,7,maior,3
1949,Essen Folksong Collection,"Die heiligen zwlf Zahlen (304c), S. 631",2/4,2/4,simples,0,6,12,21,7,maior,4
1950,Essen Folksong Collection,"Die hl. Dreifaltigkeit (3-2), S. 15",2/4,2/4,simples,0,22.5,45,43,7,maior,0
1951,Essen Folksong Collection,Die schoene Magdalena,2/4,2/4,simples,2,8,16,37,5,maior,1
1952,Essen Folksong Collection,"Die schne Anna und der bse Fhnrich (6a), S. 39f",2/4,2/4,simples,4,24,48,84,5,maior,2
1953,Essen Folksong Collection,"Die schne Reiterei (282), S. 596",2/4,2/4,simples,0,21.5,43,66,2,maior,3
1954,Essen Folksong Collection,"Die traurige Braut (187a), S. 407",2/4,2/4,simples,4,21,42,58,7,maior,4
1955,Essen Folksong Collection,"Die unbarmherzige Schwester (59), S. 184",2/4,2/4,simples,2,11.75,24,48,4,menor,0
1956,Essen Folksong Collection,"Die untreue Braut, S. 49",2/4,2/4,simples,2,9.75,20,34,5,maior,1
1957,Essen Folksong Collection,"Die untreue Braut, S. 51",2/4,2/4,simples,2,11.75,24,48,3,maior,2
1958,Essen Folksong Collection,Die wiedergefundene Schwester (Suedeli - Ballade),2/4,2/4,simples,2,15.75,32,45,2,menor,3
1959,Essen Folksong Collection,Die wiedergefundene Schwester (Suedeli - Ballade),2/4,2/4,simples,2,11.75,24,57,5,maior,4
1960,Essen Folksong Collection,Die zehnte Tochter,2/4,2/4,simples,0,15.75,31,42,4,menor,0
1961,Essen Folksong Collection,Die zehnte Tochter,2/4,2/4,simples,0,8,16,16,7,maior,1
1962,Essen Folksong Collection,"Die bermtigen Gesellen (240), S. 516",2/4,2/4,simples,2,11.75,24,42,7,maior,2
1963,Essen Folksong Collection,Diexin dehua yaodui dang jiang,2/4,2/4,simples,4,18,36,67,4,menor,3
1964,Essen Folksong Collection,Ding ding dang,2/4,2/4,simples,0,14,28,49,4,menor,4
1965,Essen Folksong Collection,Diu diu tong,2/4,2/4,simples,0,14,28,45,5,menor,0
1966,Essen Folksong Collection,Diu jiezhi,2/4,2/4,simples,0,73,146,275,5,maior,1
1967,Essen Folksong Collection,Dizhu zhangde shi hulang xin,2/4,2/4,simples,0,8,16,23,5,maior,2
1968,Essen Folksong Collection,Does Maala vo der Haa hot schoena weissa Baa,2/4,2/4,simples,2,11.75,24,41,10,maior,3
1969,Essen Folksong Collection,Does Madla von der Gmaa hot schoene weisse Baa,2/4,2/4,simples,2,8,16,22,11,menor,4
1970,Essen Folksong Collection,"Dong fang hong, Der Osten ist rot)",2/4,2/4,simples,0,16.5,33,40,0,maior,0
1971,Essen Folksong Collection,Dongbei de jiefang,2/4,2/4,simples,0,13,26,41,5,maior,1
1972,Essen Folksong Collection,Dongfang de taiyang weiwei xiao,2/4,2/4,simples,0,23,46,72,7,maior,2
1973,Essen Folksong Collection,Dongjia chimi wo chikang,2/4,2/4,simples,0,12,24,42,4,menor,3
1974,Essen Folksong Collection,Dongting sijige,2/4,2/4,simples,0,10,20,51,7,maior,4
1975,Essen Folksong Collection,Dongtinghushang da getai,2/4,2/4,simples,0,8,16,36,0,maior,0
1976,Essen Folksong Collection,Douzheng dizhuge,2/4,2/4,simples,0,9.5,19,28,5,maior,1
1977,Essen Folksong Collection,Dri lederne Struempf,2/4,2/4,simples,0,11.5,23,39,7,maior,2
1978,Essen Folksong Collection,Drie Gesellen (2-43) S. 137,2/4,2/4,simples,2,22,44,69,7,maior,3
1979,Essen Folksong Collection,"Du brauchs jo net ze kreischen, S. 30",2/4,2/4,simples,2,11.75,24,26,5,maior,4
1980,Essen Folksong Collection,Duan youtong haozi,2/4,2/4,simples,0,15.75,31,51,2,maior,0
1981,Essen Folksong Collection,Dui hua,2/4,2/4,simples,0,32,64,90,0,menor,1
1982,Essen Folksong Collection,Dui hua,2/4,2/4,simples,0,9,18,23,9,maior,2
1983,Essen Folksong Collection,Dui hua,2/4,2/4,simples,0,38,76,120,4,menor,3
1984,Essen Folksong Collection,Dui hua,2/4,2/4,simples,0,41,82,119,5,maior,4
1985,Essen Folksong Collection,Dui hua,2/4,2/4,simples,0,43,86,128,4,maior,0
1986,Essen Folksong Collection,Dui hua,2/4,2/4,simples,0,24,48,88,2,menor,1
1987,Essen Folksong Collection,Dui hua,2/4,2/4,simples,0,43,86,121,7,maior,2
1988,Essen Folksong Collection,Dui hua I,2/4,2/4,simples,0,78,156,317,10,maior,3
1989,Essen Folksong Collection,"Dui huadeng, 1)",2/4,2/4,simples,0,13,26,48,7,maior,4
1990,Essen Folksong Collection,"Dui huadeng, 2)",2/4,2/4,simples,0,8,16,32,7,menor,0
1991,Essen Folksong Collection,"Dui huadeng, 3)",2/4,2/4,simples,0,11,22,41,7,maior,1
1992,Essen Folksong Collection,"Dui huadeng, 4)",2/4,2/4,simples,0,20,40,67,7,maior,2
1993,Essen Folksong Collection,"Dui huadeng, 5)",2/4,2/4,simples,0,8,16,23,7,maior,3
1994,Essen Folksong Collection,Dui niao,2/4,2/4,simples,0,27.75,55,75,2,menor,4
1995,Essen Folksong Collection,Duikou shange,2/4,2/4,simples,0,14,28,58,4,maior,0
1996,Essen Folksong Collection,Dujiang da chongfeng,2/4,2/4,simples,0,12,24,53,2,maior,1
1997,Essen Folksong Collection,Dushan xiaodiao,2/4,2/4,simples,0,8,16,26,5,maior,2
1998,Essen Folksong Collection,EEN KIND EN EEN KLEYNE KIND,2/4,2/4,simples,2,14.75,30,43,7,maior,3
1999,Essen Folksong Collection,EHKHON MINNE KLOW,2/4,2/4,simples,0,16,32,53,7,maior,4
2000,Essen Folksong Collection,EI DU FEIN LIEBER SCHIFFSMANN MEIN,2/4,2/4,simples,0,31.5,63,78,4,maior,0
2001,Essen Folksong Collection,EI DU MEIN LIEBER SCHIFFSMANN MEIN,2/4,2/4,simples,0,32,64,78,4,maior,1
2002,Essen Folksong Collection,EI SIN D'R DENN DEI HOSENBENGEL,2/4,2/4,simples,2,8,16,29,0,maior,2
2003,Essen Folksong Collection,EIA WIWI WER SCHLAEFT HEUT NACHT BEI MIR,2/4,2/4,simples,0,9.5,19,29,5,maior,3
2004,Essen Folksong Collection,EIJENBEIJEN BISCH BISCH BISCH,2/4,2/4,simples,0,8,16,30,7,maior,4
2005,Essen Folksong Collection,EIN GROBSCHMIDT SASS IN GUTER RUH,2/4,2/4,simples,2,10.75,22,36,7,maior,0
2006,Essen Folksong Collection,EIN HELLER UND EIN BATZEN,2/4,2/4,simples,2,15.75,32,52,7,maior,1
2007,Essen Folksong Collection,EIN HELLER UND EIN BATZEN,2/4,2/4,simples,2,11.75,24,43,7,maior,2
2008,Essen Folksong Collection,EIN JAEGER AUS KURPFALZ,2/4,2/4,simples,2,15.75,32,50,7,maior,3
2009,Essen Folksong Collection,EIN JAEGER AUS KURPFALZ,2/4,2/4,simples,2,13.75,28,46,7,maior,4
2010,Essen Folksong Collection,EIN JUNGES LAEMMCHEN WEISS WIE SCHNEE,2/4,2/4,simples,2,8,16,30,7,maior,0
2011,Essen Folksong Collection,EIN KOSAK RITT IN DEN KRIEG,2/4,2/4,simples,0,15.5,31,60,6,menor,1
2012,Essen Folksong Collection,EIN LAEMMLEIN TRANK VOM FRISCHEN,2/4,2/4,simples,2,15.75,32,79,5,maior,2
2013,Essen Folksong Collection,EIN LEBEN WIE IM PARADIES,2/4,2/4,simples,2,15.75,32,58,0,maior,3
2014,Essen Folksong Collection,EIN MAEDCHEN HOLDER MIENEN,2/4,2/4,simples,2,15.75,32,82,5,maior,4
2015,Essen Folksong Collection,EIN SCHNEIDER FING NE MAUS,2/4,2/4,simples,2,7.75,16,24,5,maior,0
2016,Essen Folksong Collection,EIN TAEUBCHEN FLOG VOM HIMMELSZELT,2/4,2/4,simples,2,15.75,32,42,5,maior,1
2017,Essen Folksong Collection,EIN TAEUBCHEN FLOG VOM HIMMELSZELT,2/4,2/4,simples,2,18,36,33,5,maior,2
2018,Essen Folksong Collection,EIN VEILCHEN AUF DER WIESE STAND,2/4,2/4,simples,2,15,30,51,7,maior,3
2019,Essen Folksong Collection,EINE HAND VOLL ERDE,2/4,2/4,simples,0,15.75,31,49,5,maior,4
2020,Essen Folksong Collection,EINEM DER EINST AUF DER JAGD,2/4,2/4,simples,0,12,24,44,7,maior,0
2021,Essen Folksong Collection,EINS ZWEI DREI VIER FINKELSTEIN,2/4,2/4,simples,0,7.5,15,24,5,maior,1
2022,Essen Folksong Collection,EINST GING ICH AM UFER DER DONAU UMHER,2/4,2/4,simples,4,16,32,50,5,maior,2
2023,Essen Folksong Collection,EINST SASS ICH IN DER LAUBE,2/4,2/4,simples,2,11.75,24,39,5,maior,3
2024,Essen Folksong Collection,EINSTMALS FUHR ICH AUF DER SEE,2/4,2/4,simples,2,8,16,34,10,maior,4
2025,Essen Folksong Collection,EM KUST MER UG EN MANTEL,2/4,2/4,simples,2,11.75,24,40,7,maior,0
2026,Essen Folksong Collection,EN GOLDSCHMED SAT IN GOODER ROH,2/4,2/4,simples,2,43.25,87,71,2,menor,1
2027,Essen Folksong Collection,EN GROFSMID SAT IN GODER ROO,2/4,2/4,simples,2,10,20,36,7,maior,2
2028,Essen Folksong Collection,ERLAUBN SIE MIR,2/4,2/4,simples,2,15.75,32,53,7,maior,3
2029,Essen Folksong Collection,ERWACHT IST DER MORGEN,2/4,2/4,simples,2,31.75,64,98,7,maior,4
2030,Essen Folksong Collection,ES BLIES EIN JAEGER,2/4,2/4,simples,2,10,20,49,9,maior,0
2031,Essen Folksong Collection,ES BLIES EIN JAEGER,2/4,2/4,simples,2,9,18,45,9,maior,1
2032,Essen Folksong Collection,ES BLIES EIN JAEGER WOHL IN SEIN HORN,2/4,2/4,simples,2,15.75,32,60,3,maior,2
2033,Essen Folksong Collection,ES BLIES EIN JAEGER WOL IN SEIN JAEGERHORN,2/4,2/4,simples,2,15.75,32,56,3,maior,3
2034,Essen Folksong Collection,ES BLUEHEN DREI BLUEMCHEN,2/4,2/4,simples,2,11.75,24,44,5,maior,4
2035,Essen Folksong Collection,ES BLUEHEN DREI BLUEMCHEN,2/4,2/4,simples,2,11.75,24,46,0,maior,0
2036,Essen Folksong Collection,ES BLUEHN DREI ROSEN AUF EINEM ZWEIG,2/4,2/4,simples,2,13.75,28,47,7,maior,1
2037,Essen Folksong Collection,ES DUNKELT IN DEM WALDE,2/4,2/4,simples,2,8.75,18,32,5,maior,2
2038,Essen Folksong Collection,ES DUNKELT IN DEM WALDE,2/4,2/4,simples,2,8.75,18,32,5,maior,3
2039,Essen Folksong Collection,ES DUNKELT IN DEM WALDE,2/4,2/4,simples,2,7.75,16,32,5,maior,4
2040,Essen Folksong Collection,ES FLIEGT GAR MANCHES VOEGELEIN,2/4,2/4,simples,2,15.75,32,56,7,maior,0
2041,Essen Folksong Collection,ES FLOGEN DREI SCHWAELBELEIN UEBER DEN RHEIN,2/4,2/4,simples,4,13,26,39,5,maior,1
2042,Essen Folksong Collection,ES FREIT EIN WILDER WASSERMANN,2/4,2/4,simples,2,13.75,28,49,5,maior,2
2043,Essen Folksong Collection,ES FREIT EIN WILDER WASSERMANN,2/4,2/4,simples,2,9.75,20,38,5,maior,3
2044,Essen Folksong Collection,ES FREIT EIN WILDER WASSERMANN,2/4,2/4,simples,2,7.75,16,31,5,maior,4
2045,Essen Folksong Collection,ES FREIT EIN WILDER WASSERMANN,2/4,2/4,simples,2,11.75,24,59,7,maior,0
2046,Essen Folksong Collection,ES FUHR EIN BAUR INS HOLZ,2/4,2/4,simples,2,9.75,20,31,7,maior,1
2047,Essen Folksong Collection,ES FUHR EIN FUHRKNECHT UEBERN RHEIN,2/4,2/4,simples,2,11.75,24,34,7,menor,2
2048,Essen Folksong Collection,ES GEHT EIN BU BA BUTZEMANN,2/4,2/4,simples,2,18.75,38,60,0,maior,3
2049,Essen Folksong Collection,ES GEHT EIN GROSSER RUNDGESANG,2/4,2/4,simples,2,11.75,24,43,5,maior,4
2050,Essen Folksong Collection,ES GFALLT MER NUMMEN EINI,2/4,2/4,simples,2,15,30,60,7,maior,0
2051,Essen Folksong Collection,ES GIENG A MAIDL NACH HOLZ,2/4,2/4,simples,2,11.75,24,42,7,maior,1
2052,Essen Folksong Collection,ES GIENG A MOL A BETTELSMANN,2/4,2/4,simples,2,8,16,38,7,maior,2
2053,Essen Folksong Collection,ES GIENG EIN KNAB SPAZIEREN,2/4,2/4,simples,2,9.75,20,39,5,maior,3
2054,Essen Folksong Collection,ES GIENG EIN KNAB SPAZIEREN,2/4,2/4,simples,2,7.75,16,35,5,maior,4
2055,Essen Folksong Collection,ES GIENG EIN MAEDCHEN GRASEN,2/4,2/4,simples,2,12,24,53,7,maior,0
2056,Essen Folksong Collection,ES GIENG EIN WACKRES MAEDCHEN,2/4,2/4,simples,2,12,24,46,7,maior,1
2057,Essen Folksong Collection,ES GING AMOL A BETTELSMANN HERAUS,2/4,2/4,simples,2,10,20,51,7,maior,2
2058,Essen Folksong Collection,ES GING EIN JAEGER SPAZIEREN,2/4,2/4,simples,2,17.75,36,67,9,maior,3
2059,Essen Folksong Collection,ES GRAEBT DER BERGMANN WOHL IN DEM SCHACHT,2/4,2/4,simples,2,34,68,96,0,maior,4
2060,Essen Folksong Collection,ES GRAST EIN MAEDEL HUEBSCH UND FEIN,2/4,2/4,simples,4,12,24,35,5,maior,0
2061,Essen Folksong Collection,ES GRAST EIN MAEGDLEIN HUEBSCH UND FEIN,2/4,2/4,simples,2,8,16,25,5,maior,1
2062,Essen Folksong Collection,ES HAT E BUUR ES TOECHTERLI,2/4,2/4,simples,2,10.75,22,32,5,maior,2
2063,Essen Folksong Collection,ES HATT EIN BAUR EIN JUNGES WEIB,2/4,2/4,simples,2,16,32,56,6,menor,3
2064,Essen Folksong Collection,ES HATT EIN BAUR EIN TOECHTERLEIN,2/4,2/4,simples,2,9.75,20,34,5,maior,4
2065,Essen Folksong Collection,ES HET E BAUR E TOECHTERLI,2/4,2/4,simples,2,11,22,35,7,maior,0
2066,Essen Folksong Collection,ES ISCH ES MEITSCHI IN DIESEM ZWING,2/4,2/4,simples,2,11,22,41,10,maior,1
2067,Essen Folksong Collection,"ES ISCH NOCH NIT LANG, DASS G'REGNET HAT",2/4,2/4,simples,2,7.75,16,32,5,maior,2
2068,Essen Folksong Collection,ES IST EIN SCHNEE GEFALLEN,2/4,2/4,simples,2,11.75,24,44,9,menor,3
2069,Essen Folksong Collection,ES IST EIN SCHUSS GEFALLEN,2/4,2/4,simples,2,7.75,16,26,2,maior,4
2070,Essen Folksong Collection,ES IST NICHTS SCHOENRES AUF DER WELT,2/4,2/4,simples,2,11.75,24,46,0,maior,0
2071,Essen Folksong Collection,ES KAM EIN FREMDER SCHLEIFER,2/4,2/4,simples,2,15.75,32,40,5,maior,1
2072,Essen Folksong Collection,ES KAM EIN HERR ZUM SCHLOESSLI,2/4,2/4,simples,2,8,16,44,7,maior,2
2073,Essen Folksong Collection,ES KAM EIN MANN AUS NINNEVEH,2/4,2/4,simples,2,10,20,36,7,maior,3
2074,Essen Folksong Collection,ES KAM EIN MANN VON NINIVE,2/4,2/4,simples,2,8,16,30,7,maior,4
2075,Essen Folksong Collection,ES KAMEN GRUENE VOEGELEIN,2/4,2/4,simples,2,15.75,32,56,2,maior,0
2076,Essen Folksong Collection,ES KOMMEN DREI MAENNER VON NINIVE,2/4,2/4,simples,2,8,16,32,2,maior,1
2077,Essen Folksong Collection,ES KUMMA SECHS BOLLACHA,2/4,2/4,simples,2,8,16,33,7,maior,2
2078,Essen Folksong Collection,ES KUMME SECHS BOLLACHA,2/4,2/4,simples,2,12,24,44,7,maior,3
2079,Essen Folksong Collection,ES LAEUTET ZUM GEBET,2/4,2/4,simples,2,27.75,56,98,5,maior,4
2080,Essen Folksong Collection,ES LASSEN SICH DIE TODTEN FUERSTEN BALSAMIEREN,2/4,2/4,simples,2,27.75,56,87,7,maior,0
2081,Essen Folksong Collection,ES LEBEN DIE SOLDATEN,2/4,2/4,simples,2,10.75,22,58,3,maior,1
2082,Essen Folksong Collection,"ES LEBEN DIE SOLDATEN, SO RECHT VON GOTTES GNADEN",2/4,2/4,simples,2,10.75,22,59,2,maior,2
2083,Essen Folksong Collection,ES LIEGEN DREI JUNGGESELLEN,2/4,2/4,simples,2,9.75,20,51,10,maior,3
2084,Essen Folksong Collection,ES LIEGT EIN SCHLOESSCHEN IN OESTERREICH,2/4,2/4,simples,6,14.75,30,45,7,maior,4
2085,Essen Folksong Collection,ES MARSCHIERTEN DREI REGIMENTER,2/4,2/4,simples,2,15.75,32,49,7,maior,0
2086,Essen Folksong Collection,ES REGNET AUF DER BRUECKE,2/4,2/4,simples,2,16,32,51,5,maior,1
2087,Essen Folksong Collection,ES REGNET AUF DER BRUECKE,2/4,2/4,simples,2,16.75,34,46,5,maior,2
2088,Essen Folksong Collection,ES REGNET AUF DER BRUECKE,2/4,2/4,simples,2,19.75,40,59,5,maior,3
2089,Essen Folksong Collection,ES RITT EIN GSELL SPAZIEREN,2/4,2/4,simples,2,9.75,20,33,9,maior,4
2090,Essen Folksong Collection,ES RITT EIN HERR UND AUCH SEIN KNECHT,2/4,2/4,simples,2,11.75,24,34,7,maior,0
2091,Essen Folksong Collection,ES RITT EIN HERR ZUM KUEHLEN WEIN,2/4,2/4,simples,2,6,12,24,7,maior,1
2092,Essen Folksong Collection,ES RITT EIN JAEGER WOHLGEMUTH,2/4,2/4,simples,2,7.75,16,26,7,maior,2
2093,Essen Folksong Collection,ES RITT EINMAL EIN RITTER,2/4,2/4,simples,2,23.75,48,70,7,maior,3
2094,Essen Folksong Collection,ES RITTEN DREI HERREN ZUM KUEHLEN WEIN,2/4,2/4,simples,2,12,24,42,10,maior,4
2095,Essen Folksong Collection,ES RITTEN DREI REITER WOL UEBER DEN RHEIN,2/4,2/4,simples,2,11.75,24,35,7,maior,0
2096,Essen Folksong Collection,ES SAH EINE LINDE INS TIEFE TAL,2/4,2/4,simples,2,6.75,14,27,0,maior,1
2097,Essen Folksong Collection,ES SITZT NE FRAU IM RINGELEIN,2/4,2/4,simples,2,10,20,36,7,maior,2
2098,Essen Folksong Collection,ES SPIELT EIN HERR MIT SEINER MAGD,2/4,2/4,simples,2,8,16,35,7,menor,3
2099,Essen Folksong Collection,ES SPIELT EIN RITTER MIT EINER MAGD,2/4,2/4,simples,2,8,16,33,10,maior,4
2100,Essen Folksong Collection,ES STAND DIE HERBERG AN DEM RHEIN,2/4,2/4,simples,2,10,20,42,2,menor,0
2101,Essen Folksong Collection,ES STAND EIN BAEUMLEIN IM TIEFEN THAL,2/4,2/4,simples,2,11.75,24,46,9,maior,1
2102,Essen Folksong Collection,ES STAND EINE LINDE IM TIEFEN TAL,2/4,2/4,simples,2,13.75,28,55,0,maior,2
2103,Essen Folksong Collection,ES STARBEN DREI GESCHWISTER,2/4,2/4,simples,4,16,32,45,5,maior,3
2104,Essen Folksong Collection,ES TANZT EIN BI BA BUTZEMANN,2/4,2/4,simples,2,18.75,38,60,7,maior,4
2105,Essen Folksong Collection,ES TRIEB EIN MAEDL DIE GAENSE AUS,2/4,2/4,simples,2,6,12,22,2,maior,0
2106,Essen Folksong Collection,ES TRIEB EIN SCHAEFER OBEN REIN,2/4,2/4,simples,2,12.75,26,40,10,maior,1
2107,Essen Folksong Collection,ES WAR A MOL A MADEL,2/4,2/4,simples,2,7.75,16,30,7,maior,2
2108,Essen Folksong Collection,ES WAR EIN JUNGER MARKGRAFENSOHN,2/4,2/4,simples,2,5,10,20,10,maior,3
2109,Essen Folksong Collection,ES WAR EIN JUNGES MAEDCHEN VON REIZENDER GESTALT,2/4,2/4,simples,2,15.75,32,52,10,maior,4
2110,Essen Folksong Collection,ES WAR EIN MARKGRAF AN DEM RHEIN,2/4,2/4,simples,2,8.75,18,26,7,maior,0
2111,Essen Folksong Collection,ES WAR EIN STOLZES MUELLERWEIB,2/4,2/4,simples,2,11.75,24,57,4,menor,1
2112,Essen Folksong Collection,ES WAR EIN WILDER WASSERMANN,2/4,2/4,simples,2,7.75,16,33,7,maior,2
2113,Essen Folksong Collection,ES WAR EINMAL EIN MUELLERIN,2/4,2/4,simples,2,11.75,24,45,5,maior,3
2114,Essen Folksong Collection,ES WAR EINMAL EIN SCHUHMACHERGESELL,2/4,2/4,simples,4,8,16,17,9,menor,4
2115,Essen Folksong Collection,ES WAREN DREI GESELLEN,2/4,2/4,simples,2,15.75,32,45,7,maior,0
2116,Essen Folksong Collection,ES WAREN DREI GESELLEN,2/4,2/4,simples,2,15.75,32,45,7,maior,1
2117,Essen Folksong Collection,ES WAREN DREI JUNGGESELLEN,2/4,2/4,simples,2,13.75,28,41,5,maior,2
2118,Essen Folksong Collection,ES WAREN DREI TAMBORN,2/4,2/4,simples,2,12.75,26,45,7,maior,3
2119,Essen Folksong Collection,ES WAREN JUNGGESELLEN,2/4,2/4,simples,2,15.75,32,45,7,maior,4
2120,Essen Folksong Collection,ES WAREN LUSTIGE GESELLEN,2/4,2/4,simples,2,15.75,32,49,7,maior,0
2121,Essen Folksong Collection,ES WAREN ZWEI KOENIGSKINDER,2/4,2/4,simples,2,9.75,20,47,7,maior,1
2122,Essen Folksong Collection,ES WARN EINMAL ZWEI MAEDCHEN,2/4,2/4,simples,2,14.75,30,52,5,maior,2
2123,Essen Folksong Collection,ES WOHNT EIN KOENIG AN DEM RHEIN,2/4,2/4,simples,2,11.75,24,34,7,maior,3
2124,Essen Folksong Collection,ES WOHNT EIN MARKGRAF AN DEM RHEIN,2/4,2/4,simples,2,8.75,18,27,7,maior,4
2125,Essen Folksong Collection,ES WOHNT EIN MARKGRAF AN DEM RHEIN,2/4,2/4,simples,6,8.25,17,26,7,maior,0
2126,Essen Folksong Collection,ES WOHNT EIN MUELLER AN JENEM TEICH,2/4,2/4,simples,2,13.75,28,57,10,maior,1
2127,Essen Folksong Collection,ES WOHNT EIN PFALZGRAF AN DEM RHEIN,2/4,2/4,simples,2,6,12,25,0,maior,2
2128,Essen Folksong Collection,ES WOHNTE EIN MEISTER ZU FRANKFURT,2/4,2/4,simples,2,15.75,32,56,7,maior,3
2129,Essen Folksong Collection,ES WOHNTEN ZWEI LIEBCHEN IN SCHWABEN,2/4,2/4,simples,2,7.75,16,39,5,maior,4
2130,Essen Folksong Collection,ES WOLLT  EIN MAEGDLEIN WASSER HOLN,2/4,2/4,simples,2,12,24,48,9,maior,0
2131,Essen Folksong Collection,ES WOLLT EIN HIRTLEIN TRIEBEN AUS,2/4,2/4,simples,2,10.75,22,34,10,maior,1
2132,Essen Folksong Collection,ES WOLLT EIN JUNGFRAU INS KLOSTER GEHN;,2/4,2/4,simples,2,15.75,32,62,5,maior,2
2133,Essen Folksong Collection,ES WOLLT EIN MAEDCHEN BRECHEN GEHN,2/4,2/4,simples,2,16,32,60,10,maior,3
2134,Essen Folksong Collection,ES WOLLT EIN MAEDCHEN FRUEH AUFSTEHN,2/4,2/4,simples,2,11.75,24,44,5,maior,4
2135,Essen Folksong Collection,ES WOLLT EIN MAEDCHEN FRUEH AUFSTEHN,2/4,2/4,simples,2,9.75,20,38,5,maior,0
2136,Essen Folksong Collection,ES WOLLT EIN MAEDCHEN INS KLOSTER GEHN,2/4,2/4,simples,2,9.75,20,41,7,maior,1
2137,Essen Folksong Collection,"ES WOLLT EIN MAEDEL WASSER HOL'N, WOHL AUS DEM KUEHLEN BRUNNEN",2/4,2/4,simples,2,8,16,34,5,maior,2
2138,Essen Folksong Collection,ES WOLLT EIN MAEDEL WOHL FRUEH AUFSTEHN,2/4,2/4,simples,4,10,20,41,7,maior,3
2139,Essen Folksong Collection,ES WOLLT EIN MAEDL WOL FRUEH AUFSTEHN,2/4,2/4,simples,2,9.75,20,38,7,maior,4
2140,Essen Folksong Collection,ES WOLLT EIN MAEGDLEIN FRUEH AUFSTEHN,2/4,2/4,simples,2,9.75,20,37,7,maior,0
2141,Essen Folksong Collection,ES WOLLT EIN MAEGDLEIN WASSER HOLN,2/4,2/4,simples,2,8,16,31,0,maior,1
2142,Essen Folksong Collection,ES WOLLT EIN NICKELMANN FREIEN GEHN,2/4,2/4,simples,2,9.75,20,46,5,maior,2
2143,Essen Folksong Collection,ES WOLLT EIN SCHNEIDER WANDERN,2/4,2/4,simples,2,15.75,32,60,7,maior,3
2144,Essen Folksong Collection,ES WOLLT EIN VOEGLEIN HOCHZEIT MACHN,2/4,2/4,simples,2,7.75,16,33,0,maior,4
2145,Essen Folksong Collection,ES WOLLT EIN VOGEL HOCHZEIT MACHEN,2/4,2/4,simples,2,7.75,16,34,7,maior,0
2146,Essen Folksong Collection,ES WOLLT EIN VOGEL HOCHZEIT MACHEN,2/4,2/4,simples,2,8,16,29,7,maior,1
2147,Essen Folksong Collection,ES WOLLT EINMAL EIN EDLER HERR AUSREITEN,2/4,2/4,simples,2,9,18,33,5,maior,2
2148,Essen Folksong Collection,ES ZOG EIN HERR WOL IN DEN KRIEG,2/4,2/4,simples,2,4,8,19,7,maior,3
2149,Essen Folksong Collection,ES ZOG EIN MANN DURCH ASIENLAND,2/4,2/4,simples,2,10.75,22,38,7,maior,4
2150,Essen Folksong Collection,ES ZOGEN DREI BURSCHE WOHL UEBER DEN RHEIN,2/4,2/4,simples,4,17,34,33,2,maior,0
2151,Essen Folksong Collection,ET GIENG EN PATF[ERK2E,2/4,2/4,simples,2,13.75,28,47,9,menor,1
2152,Essen Folksong Collection,"Ech hun e Freier, S. 30",2/4,2/4,simples,2,8,16,40,5,maior,2
2153,Essen Folksong Collection,"Ech ko'm de Muorgen do uowen durch' t Duorf, S. 29",2/4,2/4,simples,4,32,64,79,5,maior,3
2154,Essen Folksong Collection,"Echternacher Springprozessionslied, S.47f",2/4,2/4,simples,0,21.75,43,96,0,maior,4
2155,Essen Folksong Collection,"Edeldame und Bettelmann (36a), S. 124",2/4,2/4,simples,2,15.75,32,46,7,maior,0
2156,Essen Folksong Collection,Edongnan gemingweiyun hui ge,2/4,2/4,simples,0,28,56,96,7,maior,1
2157,Essen Folksong Collection,Een stuck van liefde moet ik u verhalen,2/4,2/4,simples,0,24,48,64,9,menor,2
2158,Essen Folksong Collection,"Ehlicher Dialog (198), S. 433",2/4,2/4,simples,0,19.5,39,62,7,maior,3
2159,Essen Folksong Collection,"Eierliddchen (218), S. 470",2/4,2/4,simples,2,7.75,16,24,4,menor,4
2160,Essen Folksong Collection,"Ein Frulein stand vor der Himmelstr (1-18), S. 49",2/4,2/4,simples,2,7.75,16,39,0,maior,0
2161,Essen Folksong Collection,"Ein Schneiber ward geladen (4-42), S. 58",2/4,2/4,simples,2,16,32,54,7,maior,1
2162,Essen Folksong Collection,"Ein lust'ger Musikant (3-17), S. 45f",2/4,2/4,simples,2,31,62,96,7,maior,2
2163,Essen Folksong Collection,"Eins und eins ist Gott allein (4-1), S. 2",2/4,2/4,simples,0,31.75,63,102,4,menor,3
2164,Essen Folksong Collection,Entfuehrte Graserin,2/4,2/4,simples,2,16.75,34,33,5,maior,4
2165,Essen Folksong Collection,Entfuehrung unterm Tanz,2/4,2/4,simples,0,4,8,16,7,menor,0
2166,Essen Folksong Collection,Erloesung vom Galgen,2/4,2/4,simples,2,12,24,42,2,maior,1
2167,Essen Folksong Collection,Ertongtuan fangshao,2/4,2/4,simples,0,12,24,57,5,maior,2
2168,Essen Folksong Collection,"Es blaset ein Jger wohl in sein Horn (3-54), S. 157",2/4,2/4,simples,2,12,24,37,7,maior,3
2169,Essen Folksong Collection,Es fuhr sich ein Pfalzgraf,2/4,2/4,simples,2,7.75,16,23,9,menor,4
2170,Essen Folksong Collection,"Es geht nix ueber die Gemuetlichkeit, eicha, eicha",2/4,2/4,simples,2,7.75,16,29,2,menor,0
2171,Essen Folksong Collection,"Es geht nix ueber die Gemuetlichkeit, heidi, heida",2/4,2/4,simples,2,13.75,28,55,9,maior,1
2172,Essen Folksong Collection,"Es geht nix ueber die Gemuetlichkeit, ja, ja, ja, ja",2/4,2/4,simples,2,7.75,16,30,2,maior,2
2173,Essen Folksong Collection,Es stand eine Lind im tiefen Thal,2/4,2/4,simples,2,6.75,14,29,10,maior,3
2174,Essen Folksong Collection,"Es war einmal ein Kaufmannssohn (Band 1), S. 75",2/4,2/4,simples,2,10,20,40,5,menor,4
2175,Essen Folksong Collection,"Es war einmal ein Mdchen (Band 1), S. 66",2/4,2/4,simples,2,13.75,28,51,9,menor,0
2176,Essen Folksong Collection,"Es war einmal ein kleiner Mann,",2/4,2/4,simples,2,8,16,25,7,maior,1
2177,Essen Folksong Collection,"Es wohnt ein Markgraf (5-79), S. 126",2/4,2/4,simples,2,8,16,27,0,maior,2
2178,Essen Folksong Collection,"Es wohnt ein Mller (5-78), S. 125",2/4,2/4,simples,2,7.75,16,31,5,maior,3
2179,Essen Folksong Collection,"Et kent e Kniebchen (4-44), S. 60",2/4,2/4,simples,2,11.75,24,48,5,maior,4
2180,Essen Folksong Collection,Et sass e kli waeld Voegelain,2/4,2/4,simples,2,7.75,16,29,7,maior,0
2181,Essen Folksong Collection,"Et war emol e Miller stolz, S. 20",2/4,2/4,simples,2,9,18,36,2,menor,1
2182,Essen Folksong Collection,"Et wolt e Bauer seng Diechterche bestuoden, S. 39f",2/4,2/4,simples,2,11,22,30,7,maior,2
2183,Essen Folksong Collection,"FAHRET HIN, FAHRET HIN, GRILLEN GEHT MIR AUS DEM SINN",2/4,2/4,simples,0,15.75,31,49,9,maior,3
2184,Essen Folksong Collection,FALL HEREIN FALL HEREIN DU KUEHLER TAU,2/4,2/4,simples,0,9.5,19,33,6,menor,4
2185,Essen Folksong Collection,FRAU DU SOLLST NACH HAUSE KOMM'N,2/4,2/4,simples,0,15.5,31,54,7,maior,0
2186,Essen Folksong Collection,FRAU N N HAT GAR SPITZE SCHUH,2/4,2/4,simples,2,12,24,47,5,maior,1
2187,Essen Folksong Collection,FRAU SCHWALBE IST NE SCHWAETZERIN,2/4,2/4,simples,2,15.75,32,56,7,maior,2
2188,Essen Folksong Collection,FREUDVOLL UND LEIDVOLL,2/4,2/4,simples,0,19.75,39,61,3,maior,3
2189,Essen Folksong Collection,FRISCH AUF INS WEITE FELD,2/4,2/4,simples,2,11.75,24,42,10,maior,4
2190,Essen Folksong Collection,FRITZ STEFF DER STEHT HUEBSCH,2/4,2/4,simples,2,8,16,31,7,maior,0
2191,Essen Folksong Collection,FRITZ STEFF DER STEHT HUEBSCH FEINE,2/4,2/4,simples,2,8,16,34,7,maior,1
2192,Essen Folksong Collection,FRUEH BEI DEM ERSTEN SONNENSTRAHL,2/4,2/4,simples,4,31.5,63,71,2,maior,2
2193,Essen Folksong Collection,FUCHS BEISS MICH NICHT,2/4,2/4,simples,2,7.75,16,35,7,maior,3
2194,Essen Folksong Collection,FUCHS DU HAST DIE GANS GESTOHLEN,2/4,2/4,simples,0,13.5,27,44,5,maior,4
2195,Essen Folksong Collection,Fan Dui hua,2/4,2/4,simples,0,29,58,117,4,maior,0
2196,Essen Folksong Collection,Fan Dui hua,2/4,2/4,simples,0,32,64,96,1,menor,1
2197,Essen Folksong Collection,Fang fengzhen,2/4,2/4,simples,0,22,44,59,5,menor,2
2198,Essen Folksong Collection,Fang fengzheng,2/4,2/4,simples,0,22,44,63,7,menor,3
2199,Essen Folksong Collection,Fang fengzheng,2/4,2/4,simples,0,22,44,105,0,maior,4
2200,Essen Folksong Collection,Fang fengzheng,2/4,2/4,simples,0,27,54,87,2,menor,0
2201,Essen Folksong Collection,Fang mian hua,2/4,2/4,simples,0,14,28,54,10,maior,1
2202,Essen Folksong Collection,Fang mianhua,2/4,2/4,simples,0,11,22,51,2,maior,2
2203,Essen Folksong Collection,Fang niu diao,2/4,2/4,simples,0,13,26,48,0,maior,3
2204,Essen Folksong Collection,Fang xianxian,2/4,2/4,simples,0,55,110,178,7,maior,4
2205,Essen Folksong Collection,Fang yang diao,2/4,2/4,simples,0,9,18,32,7,menor,0
2206,Essen Folksong Collection,Fangfengzheng,2/4,2/4,simples,0,25,50,68,4,maior,1
2207,Essen Folksong Collection,Fanghua ge,2/4,2/4,simples,0,11,22,35,6,menor,2
2208,Essen Folksong Collection,Fangzhiminmtongzhi weiwanggao,2/4,2/4,simples,0,15,30,45,7,maior,3
2209,Essen Folksong Collection,Fansaodang,2/4,2/4,simples,0,15.5,31,37,9,maior,4
2210,Essen Folksong Collection,Fanshen duokui gongchan dang,2/4,2/4,simples,0,26,52,73,2,maior,0
2211,Essen Folksong Collection,Fanshen le,2/4,2/4,simples,0,18,36,63,0,maior,1
2212,Essen Folksong Collection,Feng xiangcha,2/4,2/4,simples,0,17,34,48,2,menor,2
2213,Essen Folksong Collection,Fengjian meidakai,2/4,2/4,simples,0,8,16,29,2,maior,3
2214,Essen Folksong Collection,Fengshou buwang gongchan dang,2/4,2/4,simples,0,21,42,88,5,maior,4
2215,Essen Folksong Collection,Fengshou huakai xiang wanli,2/4,2/4,simples,0,26.5,53,107,9,menor,0
2216,Essen Folksong Collection,"Flevit lepus, Nr. 176, S. 282",2/4,2/4,simples,0,12,24,44,5,maior,1
2217,Essen Folksong Collection,"Flohhatz (288), S. 601",2/4,2/4,simples,0,19.75,39,91,7,maior,2
2218,Essen Folksong Collection,Frau Mllerin (2-41) S. 132,2/4,2/4,simples,2,11.75,24,46,2,maior,3
2219,Essen Folksong Collection,"Frhling (117a), S. 275",2/4,2/4,simples,0,5.5,11,16,7,maior,4
2220,Essen Folksong Collection,Fuchouge,2/4,2/4,simples,0,9,18,35,0,maior,0
2221,Essen Folksong Collection,"Fuesendsliddche (2-42), S. 113f",2/4,2/4,simples,2,28.75,58,103,4,menor,1
2222,Essen Folksong Collection,"Fuesendsliddchen (219a), S. 471",2/4,2/4,simples,2,17,34,61,0,maior,2
2223,Essen Folksong Collection,Funu fangshao,2/4,2/4,simples,0,8,16,25,7,menor,3
2224,Essen Folksong Collection,Fun fangshao,2/4,2/4,simples,0,8,16,31,9,menor,4
2225,Essen Folksong Collection,Fuqi shuangshuang qu hui men,2/4,2/4,simples,0,15,30,76,4,maior,0
2226,Essen Folksong Collection,Fuzi langong,2/4,2/4,simples,0,8,16,23,4,menor,1
2227,Essen Folksong Collection,Fhnderich (2-44) S. 140,2/4,2/4,simples,2,15.75,32,52,7,maior,2
2228,Essen Folksong Collection,GAR FROEHLICH TRET ICH IN DIE WELT,2/4,2/4,simples,2,15.75,32,62,0,maior,3
2229,Essen Folksong Collection,GAR LIEBLICH HAT SICH GESELLET,2/4,2/4,simples,2,13.75,28,48,7,maior,4
2230,Essen Folksong Collection,GEFT WAT UM DEN ROMMELPOT,2/4,2/4,simples,0,10.5,21,36,2,menor,0
2231,Essen Folksong Collection,GEN ALMA GEH I AUFI,2/4,2/4,simples,2,15.75,32,56,7,maior,1
2232,Essen Folksong Collection,GESELLEN STIMMET MIT MIR EIN,2/4,2/4,simples,2,21.75,44,74,7,maior,2
2233,Essen Folksong Collection,GESTERN ABEND DA GIENG ICH WOL,2/4,2/4,simples,2,10.75,22,33,5,maior,3
2234,Essen Folksong Collection,GESTERN ABEND GIENG ICH AUS,2/4,2/4,simples,0,12,24,42,7,maior,4
2235,Essen Folksong Collection,GESTERN ABEND GING ICH AUS,2/4,2/4,simples,0,14,28,47,2,maior,0
2236,Essen Folksong Collection,GESTERN ABEND GING ICH AUS,2/4,2/4,simples,0,24,48,84,4,menor,1
2237,Essen Folksong Collection,"GESTERN ABEND GING ICH AUS, GING WOHL IN DEN WALD HINAUS",2/4,2/4,simples,0,12,24,42,7,maior,2
2238,Essen Folksong Collection,GESTERN BRUEDER KOENNT IHRS GLAUBEN,2/4,2/4,simples,0,8,16,33,3,maior,3
2239,Essen Folksong Collection,GLOCKE DU KLINGST FROEHLICH,2/4,2/4,simples,0,11.5,23,36,4,maior,4
2240,Essen Folksong Collection,GOLDNE GOLDNE BRUECKE,2/4,2/4,simples,0,13.75,27,48,2,maior,0
2241,Essen Folksong Collection,GOTT IST DIE LIEBE,2/4,2/4,simples,0,23.5,47,64,9,menor,1
2242,Essen Folksong Collection,GROSSE THATEN EDLER SEELEN,2/4,2/4,simples,4,14,28,59,0,maior,2
2243,Essen Folksong Collection,GRUENE PETERSILIE,2/4,2/4,simples,0,15.5,31,43,5,maior,3
2244,Essen Folksong Collection,GRUENES GRAS UNTER MEINEN FUESSEN,2/4,2/4,simples,0,7.75,15,25,7,maior,4
2245,Essen Folksong Collection,GUETE MORGEN BUCKLIGE GRET,2/4,2/4,simples,0,7.75,15,30,5,maior,0
2246,Essen Folksong Collection,GUTEN ABE VRENELI,2/4,2/4,simples,0,7.5,15,26,9,maior,1
2247,Essen Folksong Collection,GUTEN ABEND HERR SPIELMANN,2/4,2/4,simples,2,17.75,36,55,7,maior,2
2248,Essen Folksong Collection,GUTEN ABEND LIEBES KIND,2/4,2/4,simples,6,8.25,17,31,7,maior,3
2249,Essen Folksong Collection,GUTEN TAG HERR GAERTNERSMANN,2/4,2/4,simples,0,7.75,15,26,7,maior,4
2250,Essen Folksong Collection,GUTEN TAG HERR PAPPELJENER,2/4,2/4,simples,2,7.5,15,28,3,maior,0
2251,Essen Folksong Collection,GUTER FREUND ICH FRAGE DICH,2/4,2/4,simples,0,11.75,23,40,10,maior,1
2252,Essen Folksong Collection,GUTER FREUND ICH FRAGE DICH,2/4,2/4,simples,0,13.5,27,43,5,maior,2
2253,Essen Folksong Collection,Gan niu,2/4,2/4,simples,0,25,50,52,7,maior,3
2254,Essen Folksong Collection,Gan shengling,2/4,2/4,simples,0,16,32,37,7,menor,4
2255,Essen Folksong Collection,Gan zi shu,2/4,2/4,simples,0,11,22,42,4,menor,0
2256,Essen Folksong Collection,Gangong,2/4,2/4,simples,0,14,28,30,0,maior,1
2257,Essen Folksong Collection,Ganji shang zishan,2/4,2/4,simples,0,24,48,96,2,menor,2
2258,Essen Folksong Collection,Ganxie gongchan dang,2/4,2/4,simples,0,8,16,26,7,maior,3
2259,Essen Folksong Collection,"Ganz heimelich (43), S. 142",2/4,2/4,simples,2,12.75,26,42,0,maior,4
2260,Essen Folksong Collection,Gaoliang diao,2/4,2/4,simples,0,24,48,100,7,menor,0
2261,Essen Folksong Collection,Gaoliang kaihua hongyouhong,2/4,2/4,simples,0,8,16,29,9,maior,1
2262,Essen Folksong Collection,Gaosheng gechang gongchandang,2/4,2/4,simples,0,24,48,90,5,maior,2
2263,Essen Folksong Collection,Ge haocao,2/4,2/4,simples,0,15.75,31,67,7,maior,3
2264,Essen Folksong Collection,Ge youmai,2/4,2/4,simples,0,14,28,40,7,menor,4
2265,Essen Folksong Collection,"Gebt uns was, S. 15",2/4,2/4,simples,0,8,16,28,10,maior,0
2266,Essen Folksong Collection,Gechang baiqiuen,2/4,2/4,simples,0,10,20,30,10,maior,1
2267,Essen Folksong Collection,Gechang da shengchan,2/4,2/4,simples,0,24.75,49,104,9,maior,2
2268,Essen Folksong Collection,Gechang hezuohua,2/4,2/4,simples,0,16,32,45,7,maior,3
2269,Essen Folksong Collection,Gechang ningxiachuang,2/4,2/4,simples,0,8,16,35,5,maior,4
2270,Essen Folksong Collection,Gechang taihang Shan,2/4,2/4,simples,0,15.5,31,45,2,menor,0
2271,Essen Folksong Collection,Gechang xingxianfa,2/4,2/4,simples,0,10,20,48,5,maior,1
2272,Essen Folksong Collection,Gechang yingxong liuhulan,2/4,2/4,simples,0,22,44,73,3,maior,2
2273,Essen Folksong Collection,Gechang zhude zongsiling,2/4,2/4,simples,0,12,24,39,9,menor,3
2274,Essen Folksong Collection,Gei Beijing shao feng xin,2/4,2/4,simples,0,22,44,72,7,maior,4
2275,Essen Folksong Collection,Geming chenglegong,2/4,2/4,simples,0,11,22,46,10,maior,0
2276,Essen Folksong Collection,Geming daolu yaorenqing,2/4,2/4,simples,0,19,38,57,4,menor,1
2277,Essen Folksong Collection,Geming shengli zaixiangfeng,2/4,2/4,simples,0,14,28,34,7,maior,2
2278,Essen Folksong Collection,"General Ney (3-31), S. 101",2/4,2/4,simples,0,34.5,69,80,0,maior,3
2279,Essen Folksong Collection,Geng nong ge,2/4,2/4,simples,0,16,32,48,4,menor,4
2280,Essen Folksong Collection,Genni bajuncan,2/4,2/4,simples,0,8,16,23,7,menor,0
2281,Essen Folksong Collection,Genzhe maoweiyuan naogeming,2/4,2/4,simples,0,8,16,28,7,maior,1
2282,Essen Folksong Collection,"Geschwind zum Doktor (115), S. 272",2/4,2/4,simples,0,13.5,27,36,7,maior,2
2283,Essen Folksong Collection,Gezu renmin xinlianxin,2/4,2/4,simples,0,9,18,40,7,menor,3
2284,Essen Folksong Collection,Gongchandang geilewo yengling de sang,2/4,2/4,simples,2,19,38,84,7,menor,4
2285,Essen Folksong Collection,Gongchandang lingdao zanmen naogeming,2/4,2/4,simples,0,43,86,114,7,maior,0
2286,Essen Folksong Collection,Gongchandanglai haozhuzhang,2/4,2/4,simples,0,22,44,76,9,maior,1
2287,Essen Folksong Collection,Gongda kaihuaxian,2/4,2/4,simples,0,10,20,37,2,maior,2
2288,Essen Folksong Collection,Gongshe biandi haozhuangjia,2/4,2/4,simples,0,15,30,45,5,maior,3
2289,Essen Folksong Collection,Gongshe de maiduo xiangshanliang,2/4,2/4,simples,0,7.75,15,25,2,maior,4
2290,Essen Folksong Collection,Graf Friedrich,2/4,2/4,simples,2,12,24,68,0,maior,0
2291,Essen Folksong Collection,Graf und Nonne (Die Nonne),2/4,2/4,simples,2,9.75,20,32,7,maior,1
2292,Essen Folksong Collection,Graf und Nonne (Die Nonne),2/4,2/4,simples,2,20,40,69,2,maior,2
2293,Essen Folksong Collection,Graf und Nonne (Die Nonne),2/4,2/4,simples,2,8.75,18,35,5,maior,3
2294,Essen Folksong Collection,Graf und Nonne (Die Nonne),2/4,2/4,simples,2,9.75,20,39,10,maior,4
2295,Essen Folksong Collection,Graf und Nonne (Die Nonne),2/4,2/4,simples,2,9.75,20,35,5,maior,0
2296,Essen Folksong Collection,Graf und Nonne (Die Nonne),2/4,2/4,simples,2,11.75,24,51,7,menor,1
2297,Essen Folksong Collection,Graf und Nonne (Die Nonne),2/4,2/4,simples,4,16,32,58,7,menor,2
2298,Essen Folksong Collection,Graf und Nonne (Die Nonne),2/4,2/4,simples,2,17.75,36,53,7,maior,3
2299,Essen Folksong Collection,Graf und Nonne (Die Nonne),2/4,2/4,simples,2,15.75,32,60,7,maior,4
2300,Essen Folksong Collection,Graf und Nonne (Die Nonne),2/4,2/4,simples,2,15.75,32,54,7,maior,0
2301,Essen Folksong Collection,Graf und Nonne (Die Nonne),2/4,2/4,simples,2,9.75,20,35,7,maior,1
2302,Essen Folksong Collection,Graf und Nonne (Die Nonne),2/4,2/4,simples,2,9.75,20,39,7,maior,2
2303,Essen Folksong Collection,Graf und Nonne (Die Nonne),2/4,2/4,simples,2,9.75,20,38,7,maior,3
2304,Essen Folksong Collection,Graf und Nonne (Die Nonne),2/4,2/4,simples,2,8.75,18,34,7,maior,4
2305,Essen Folksong Collection,Graf und Nonne (Die Nonne),2/4,2/4,simples,4,33.5,67,66,7,maior,0
2306,Essen Folksong Collection,Graf und Nonne (Die Nonne),2/4,2/4,simples,2,8.75,18,30,7,maior,1
2307,Essen Folksong Collection,Graf und Nonne (Die Nonne),2/4,2/4,simples,2,8.75,18,32,7,maior,2
2308,Essen Folksong Collection,Graf und Nonne (Die Nonne),2/4,2/4,simples,2,17.75,36,66,7,maior,3
2309,Essen Folksong Collection,Graf und Nonne (Die Nonne),2/4,2/4,simples,2,9.75,20,31,7,maior,4
2310,Essen Folksong Collection,Graf und Nonne (Die Nonne),2/4,2/4,simples,2,14,28,53,7,maior,0
2311,Essen Folksong Collection,Graserin und Reiter,2/4,2/4,simples,2,12,24,32,7,maior,1
2312,Essen Folksong Collection,Graserin und Reiter,2/4,2/4,simples,2,7.75,16,26,7,maior,2
2313,Essen Folksong Collection,Graserin und Reiter,2/4,2/4,simples,2,9.75,20,37,7,maior,3
2314,Essen Folksong Collection,Graserin und Reiter,2/4,2/4,simples,2,15.75,32,60,7,maior,4
2315,Essen Folksong Collection,"Graserin und Schreiber (14a), S62f",2/4,2/4,simples,2,15.75,32,60,5,maior,0
2316,Essen Folksong Collection,Grausiges Mahl,2/4,2/4,simples,2,7.75,16,28,5,maior,1
2317,Essen Folksong Collection,"Grn, ja grn (4-81), S. 104",2/4,2/4,simples,0,24,48,45,7,maior,2
2318,Essen Folksong Collection,"Grserin (3-21), S. 73",2/4,2/4,simples,2,16.75,34,36,5,maior,3
2319,Essen Folksong Collection,Gu zhi diao,2/4,2/4,simples,0,16,32,68,5,maior,4
2320,Essen Folksong Collection,Gua difeng,2/4,2/4,simples,0,15,30,45,8,maior,0
2321,Essen Folksong Collection,Gua hongdeng,2/4,2/4,simples,0,10,20,37,6,menor,1
2322,Essen Folksong Collection,Guafeng luoyu bu jiu qing,2/4,2/4,simples,0,19,38,42,7,maior,2
2323,Essen Folksong Collection,Guan deng,2/4,2/4,simples,0,14,28,61,7,maior,3
2324,Essen Folksong Collection,Guan deng,2/4,2/4,simples,0,24,48,79,7,maior,4
2325,Essen Folksong Collection,Guangrongbang,2/4,2/4,simples,0,30,60,101,7,maior,0
2326,Essen Folksong Collection,Guizhou Shange,2/4,2/4,simples,0,15,30,38,7,menor,1
2327,Essen Folksong Collection,Gusu fengguang (Da jiulianhuan),2/4,2/4,simples,0,32,64,111,7,maior,2
2328,Essen Folksong Collection,"Guter Himmel, ich muá scheiden (169), S. 367",2/4,2/4,simples,0,17.5,35,48,2,maior,3
2329,Essen Folksong Collection,HAENSCHEN KRIECHE DURCH DAS LOCH,2/4,2/4,simples,0,7.75,15,29,7,maior,4
2330,Essen Folksong Collection,HAENSCHEN SASS IM SCHORNSTEIN,2/4,2/4,simples,0,23.5,47,78,5,maior,0
2331,Essen Folksong Collection,HAESCHEN IN DER GRUBE,2/4,2/4,simples,0,10,20,30,5,maior,1
2332,Essen Folksong Collection,HAESCHEN IN DER GRUBE,2/4,2/4,simples,0,10.5,21,30,2,maior,2
2333,Essen Folksong Collection,HAESCHEN IN DER GRUBE,2/4,2/4,simples,0,8.5,17,28,7,maior,3
2334,Essen Folksong Collection,HAIJO BOBAJO,2/4,2/4,simples,0,11.75,23,40,7,maior,4
2335,Essen Folksong Collection,HAN AN EM ORT E BLUEMELI GSEH,2/4,2/4,simples,2,15.75,32,75,5,maior,0
2336,Essen Folksong Collection,HANS HAT HOSEN AN UND DIE SIND BUNT,2/4,2/4,simples,0,19.5,39,55,7,maior,1
2337,Essen Folksong Collection,HANS IM SCHNOCKELOCH,2/4,2/4,simples,0,11.5,23,39,5,maior,2
2338,Essen Folksong Collection,HANS PHILIPPCHEN GEIG EINMAL,2/4,2/4,simples,0,8,16,26,5,maior,3
2339,Essen Folksong Collection,HANS PITTF[ERK3EN LIET SIEN,2/4,2/4,simples,2,16,32,56,0,maior,4
2340,Essen Folksong Collection,HANS SATTLE MIR DEN GAUL,2/4,2/4,simples,4,8,16,26,0,maior,0
2341,Essen Folksong Collection,HEEDELBEERN WER WILL MIR DAS DING VERWEHREN,2/4,2/4,simples,0,8,16,28,5,maior,1
2342,Essen Folksong Collection,HEIDA DIE LIEBE MAIENZEIT,2/4,2/4,simples,0,9.75,19,38,5,maior,2
2343,Essen Folksong Collection,HEIDA LUSTIG ICH BIN HANS,2/4,2/4,simples,0,16,32,52,0,maior,3
2344,Essen Folksong Collection,HEIJO WOERN WIE DO,2/4,2/4,simples,0,9.75,19,34,5,maior,4
2345,Essen Folksong Collection,HEIJO WOERN WIR DO,2/4,2/4,simples,0,12,24,42,5,maior,0
2346,Essen Folksong Collection,HEILE HEILE HEILE,2/4,2/4,simples,0,7.5,15,28,7,maior,1
2347,Essen Folksong Collection,HEILE HEILE SAEJE,2/4,2/4,simples,0,7.5,15,22,7,maior,2
2348,Essen Folksong Collection,HELL AUF DER WIESE FAENGT ES AN ZU SCHIESSEN,2/4,2/4,simples,0,16,32,52,3,maior,3
2349,Essen Folksong Collection,HERBEI HERBEI ZU MEINEM SANG,2/4,2/4,simples,2,32,64,114,4,menor,4
2350,Essen Folksong Collection,HERBEI IHR LEUTEL KOMMT ZU HAUF,2/4,2/4,simples,2,8,16,33,5,maior,0
2351,Essen Folksong Collection,HERMANN FLA LAERM AN,2/4,2/4,simples,0,9.75,19,29,0,maior,1
2352,Essen Folksong Collection,HERMANN SCHLOG LAERMANN,2/4,2/4,simples,0,9.75,19,35,4,menor,2
2353,Essen Folksong Collection,HERR DIETHER TRAUN IST EIN GESELL,2/4,2/4,simples,2,12,24,51,9,menor,3
2354,Essen Folksong Collection,HERR JESU LASS DEIN BITTERN TOD UND PEIN,2/4,2/4,simples,2,11.75,24,46,7,maior,4
2355,Essen Folksong Collection,HERR LIEUTNANT,2/4,2/4,simples,2,8,16,28,5,maior,0
2356,Essen Folksong Collection,HERR OLOFF REITET SPAET UND WEIT,2/4,2/4,simples,0,30,60,56,5,menor,1
2357,Essen Folksong Collection,HERR SCHMIDT WAS KRIEGT DENN ROESCHEN MIT,2/4,2/4,simples,2,16,32,58,9,menor,2
2358,Essen Folksong Collection,HEUT HAB ICH DIE MACHT ALLHIER,2/4,2/4,simples,0,15.5,31,50,3,maior,3
2359,Essen Folksong Collection,HEUTE WOLLEN WIR MARSCHIEREN,2/4,2/4,simples,0,15.75,31,66,7,maior,4
2360,Essen Folksong Collection,HIER IST GRAS DORT IST GRAS,2/4,2/4,simples,0,7.75,15,27,7,maior,0
2361,Essen Folksong Collection,HIER KOMMEN WIR HER VOR DIESES HAUS,2/4,2/4,simples,2,10,20,35,7,maior,1
2362,Essen Folksong Collection,HIER UNTEN IM SCHATTE,2/4,2/4,simples,2,7,14,46,0,maior,2
2363,Essen Folksong Collection,HIMMELSAU LICHT UND BLAU,2/4,2/4,simples,0,15.5,31,29,9,maior,3
2364,Essen Folksong Collection,HINAUS IN DIE FERNE MIT LAUTEM HOERNERKLANG,2/4,2/4,simples,2,23.75,48,66,10,maior,4
2365,Essen Folksong Collection,HINTERM OFEN HINTERM OFEN,2/4,2/4,simples,0,11.75,23,46,7,maior,0
2366,Essen Folksong Collection,HIS EM UP HURO JOLLEY,2/4,2/4,simples,0,8.5,17,32,7,maior,1
2367,Essen Folksong Collection,HOER LIEBCHEN WAS ICH SAGEN WILL,2/4,2/4,simples,2,11.75,24,54,4,maior,2
2368,Essen Folksong Collection,HOLD UND SITTSAMKEIT,2/4,2/4,simples,0,19.75,39,50,7,maior,3
2369,Essen Folksong Collection,HOLZAEPFELBAEUMCHE,2/4,2/4,simples,0,7.5,15,25,5,maior,4
2370,Essen Folksong Collection,HOLZAEPFELBAEUMCHEN,2/4,2/4,simples,0,7.5,15,23,5,maior,0
2371,Essen Folksong Collection,"HOLZAPFELBAEUMCHEN, WIE SAUER IST DER WEIN",2/4,2/4,simples,0,11.5,23,33,7,maior,1
2372,Essen Folksong Collection,HOP HOP ZEHREN,2/4,2/4,simples,0,9.5,19,25,4,menor,2
2373,Essen Folksong Collection,HOPP HOPP HOPP MEIN KINDCHEN,2/4,2/4,simples,0,11.5,23,40,3,maior,3
2374,Essen Folksong Collection,HOPP HOPP HOPP PFERDCHEN,2/4,2/4,simples,0,11.5,23,34,7,maior,4
2375,Essen Folksong Collection,HOPSA HOPSA RUEBER UND NUEBER,2/4,2/4,simples,0,17.5,35,63,9,maior,0
2376,Essen Folksong Collection,HOPSA SCHWABENLIESEL,2/4,2/4,simples,0,23.5,47,82,4,menor,1
2377,Essen Folksong Collection,HORCH WAS KOMMT VON DRAUSSEN REIN,2/4,2/4,simples,0,15.5,31,54,0,maior,2
2378,Essen Folksong Collection,HORCHT IHR LIEBEN LEUTE,2/4,2/4,simples,0,13.5,27,35,3,maior,3
2379,Essen Folksong Collection,HOTTE HOTTE REITERPFERD,2/4,2/4,simples,0,17.5,35,59,7,maior,4
2380,Essen Folksong Collection,HURRE HURRE HURRE SCHNURRE,2/4,2/4,simples,0,9.75,19,45,7,maior,0
2381,Essen Folksong Collection,HURRE HURRE HURRE SCHNURRE RAEDCHEN SCHNURRE,2/4,2/4,simples,0,9.75,19,39,7,maior,1
2382,Essen Folksong Collection,"Hab ich schon ein scheeles Aug (3-83), S. 231",2/4,2/4,simples,0,15,30,51,5,maior,2
2383,Essen Folksong Collection,Haensje klein geht allein,2/4,2/4,simples,0,13.75,27,51,2,maior,3
2384,Essen Folksong Collection,Hammerschmied (2-51) S. 163,2/4,2/4,simples,0,22.5,45,72,7,maior,4
2385,Essen Folksong Collection,"Hansjockel (4-90), S. 118",2/4,2/4,simples,4,10,20,36,7,maior,0
2386,Essen Folksong Collection,Hao dao ge,2/4,2/4,simples,0,18.5,37,74,3,maior,1
2387,Essen Folksong Collection,"HaoHuar,xinwoli changchulai",2/4,2/4,simples,0,21.5,43,78,3,maior,2
2388,Essen Folksong Collection,"Haocaoge, Da fenghuangji",2/4,2/4,simples,0,7,14,28,0,menor,3
2389,Essen Folksong Collection,"Haocaoge, Dayamizi",2/4,2/4,simples,0,10,20,45,0,menor,4
2390,Essen Folksong Collection,Haohua xiyin mi lai cai,2/4,2/4,simples,0,19,38,62,7,maior,0
2391,Essen Folksong Collection,Haojiu meidao zhetiao po,2/4,2/4,simples,0,23,46,99,7,menor,1
2392,Essen Folksong Collection,Haoyangge,2/4,2/4,simples,0,18,36,86,7,maior,2
2393,Essen Folksong Collection,Haozi benlai shi lingqi,2/4,2/4,simples,4,16,32,74,0,maior,3
2394,Essen Folksong Collection,He wangdaniang lagua,2/4,2/4,simples,0,18,36,75,5,maior,4
2395,Essen Folksong Collection,Heichengshou,2/4,2/4,simples,0,32,64,120,5,maior,0
2396,Essen Folksong Collection,"Heimat, o Heimat, ich muá dich verlassen! (3-58), S. 152",2/4,2/4,simples,0,24,48,66,5,maior,1
2397,Essen Folksong Collection,Heimkehr des Ehemannes,2/4,2/4,simples,4,12,24,36,7,maior,2
2398,Essen Folksong Collection,Heimkehr des Ehemannes,2/4,2/4,simples,2,10,20,28,8,maior,3
2399,Essen Folksong Collection,Heimkehr des Ehemannes,2/4,2/4,simples,2,11.75,24,47,7,maior,4
2400,Essen Folksong Collection,"Heimliche Liebe (66), S.199",2/4,2/4,simples,0,15.5,31,45,5,maior,0
2401,Essen Folksong Collection,Heng shan li xialai xie youji dui,2/4,2/4,simples,0,8,16,26,5,menor,1
2402,Essen Folksong Collection,Herr und Schildknecht,2/4,2/4,simples,2,11.75,24,34,7,maior,2
2403,Essen Folksong Collection,Herr und Schildknecht,2/4,2/4,simples,2,10.75,22,39,0,maior,3
2404,Essen Folksong Collection,Heshui yinggei shangleshan,2/4,2/4,simples,0,8,16,36,0,menor,4
2405,Essen Folksong Collection,"Heute marschieren wir (Band 1), S. 143",2/4,2/4,simples,0,24,48,71,4,menor,0
2406,Essen Folksong Collection,Holvinger Mdchen (2-81) S. 239,2/4,2/4,simples,2,12,24,31,7,maior,1
2407,Essen Folksong Collection,"Hong xiu xie , cf. Dong fang Hong!)",2/4,2/4,simples,0,16,32,45,0,maior,2
2408,Essen Folksong Collection,Hongdeng zhaodeming,2/4,2/4,simples,0,8.5,17,32,7,menor,3
2409,Essen Folksong Collection,Hongdu paotai,2/4,2/4,simples,0,9,18,30,4,maior,4
2410,Essen Folksong Collection,Hongjun dao jinzhai,2/4,2/4,simples,0,8.5,17,32,3,maior,0
2411,Essen Folksong Collection,Hongjun gege shang qianfang,2/4,2/4,simples,0,8,16,39,9,menor,1
2412,Essen Folksong Collection,Hongjun kaidao loushanguan,2/4,2/4,simples,0,10.5,21,40,5,maior,2
2413,Essen Folksong Collection,Hongjun laiguonian,2/4,2/4,simples,0,11,22,38,10,maior,3
2414,Essen Folksong Collection,Hongjun laile jiuqiongren,2/4,2/4,simples,0,15,30,37,9,menor,4
2415,Essen Folksong Collection,Hongjun nanxia shenglige,2/4,2/4,simples,0,24,48,72,10,maior,0
2416,Essen Folksong Collection,Hongjun weifengda,2/4,2/4,simples,0,21,42,62,7,maior,1
2417,Essen Folksong Collection,Hongjun zaozaolai,2/4,2/4,simples,0,19,38,69,5,maior,2
2418,Essen Folksong Collection,Hongqi chabian dabieshan,2/4,2/4,simples,0,15,30,56,0,maior,3
2419,Essen Folksong Collection,Hua guzi,2/4,2/4,simples,0,13,26,68,9,maior,4
2420,Essen Folksong Collection,Hua hama,2/4,2/4,simples,0,31,62,81,0,maior,0
2421,Essen Folksong Collection,Hua he bao,2/4,2/4,simples,0,30,60,86,5,maior,1
2422,Essen Folksong Collection,Huagu diao,2/4,2/4,simples,0,73,146,198,9,maior,2
2423,Essen Folksong Collection,Huaihua jishi kai,2/4,2/4,simples,0,18,36,48,9,menor,3
2424,Essen Folksong Collection,Huainian,2/4,2/4,simples,0,32,64,92,5,maior,4
2425,Essen Folksong Collection,Huaishu kaihua,2/4,2/4,simples,0,8,16,23,0,maior,0
2426,Essen Folksong Collection,Huaishu kaihua,2/4,2/4,simples,0,16,32,42,5,menor,1
2427,Essen Folksong Collection,Hualezhetou huanatou,2/4,2/4,simples,0,12,24,38,5,maior,2
2428,Essen Folksong Collection,Huang hua cao,2/4,2/4,simples,0,16.5,33,49,2,menor,3
2429,Essen Folksong Collection,Huanghe chuangong haozi,2/4,2/4,simples,0,49,98,160,11,maior,4
2430,Essen Folksong Collection,Huanghe li piaoqi yi zhi chuan,2/4,2/4,simples,0,13,26,47,5,maior,0
2431,Essen Folksong Collection,Huangyandong da shengli,2/4,2/4,simples,0,16,32,57,5,maior,1
2432,Essen Folksong Collection,Huangyang biandan,2/4,2/4,simples,0,12,24,60,11,menor,2
2433,Essen Folksong Collection,Huanle shengchan,2/4,2/4,simples,0,16,32,55,5,maior,3
2434,Essen Folksong Collection,Huaqi longchuan zou xinjiang,2/4,2/4,simples,0,20,40,55,4,menor,4
2435,Essen Folksong Collection,Huzi diao,2/4,2/4,simples,0,10,20,40,2,menor,0
2436,Essen Folksong Collection,"Hnseleins Klage (Band 1), S. 178",2/4,2/4,simples,2,31.75,64,95,7,maior,1
2437,Essen Folksong Collection,I HA DAHEIM EN MAIDLI,2/4,2/4,simples,2,15.75,32,61,0,maior,2
2438,Essen Folksong Collection,"I HA DAHEIM EN MAIDLI CHA, UNDS MAIDLI HAET MI LIEB",2/4,2/4,simples,2,15.75,32,61,0,maior,3
2439,Essen Folksong Collection,ICH ARMES WALDHAESELEIN,2/4,2/4,simples,2,19.75,40,62,5,maior,4
2440,Essen Folksong Collection,ICH ARMES WELSCHES TEUFEL,2/4,2/4,simples,2,23.75,48,73,0,maior,0
2441,Essen Folksong Collection,ICH BIN DER DOKTOR EISENBART,2/4,2/4,simples,2,15.75,32,62,0,maior,1
2442,Essen Folksong Collection,ICH BIN DER DOKTOR EISENBART,2/4,2/4,simples,2,15.75,32,62,0,maior,2
2443,Essen Folksong Collection,ICH BIN DER LUMPENMANN,2/4,2/4,simples,2,14,28,52,2,maior,3
2444,Essen Folksong Collection,ICH BIN EIN LUSTGER JAEGERSKNECHT,2/4,2/4,simples,2,13,26,48,5,maior,4
2445,Essen Folksong Collection,ICH BIN EIN MUSIKANTE,2/4,2/4,simples,2,23.75,48,73,7,maior,0
2446,Essen Folksong Collection,ICH BIN NUR EIN MATROSE,2/4,2/4,simples,2,15.75,32,56,7,maior,1
2447,Essen Folksong Collection,ICH BIN SO GERN HIER OBEN,2/4,2/4,simples,2,11.75,24,48,10,maior,2
2448,Essen Folksong Collection,ICH BIN SO LANG NICHT BEI DIR GEWESN,2/4,2/4,simples,2,11.75,24,48,7,maior,3
2449,Essen Folksong Collection,ICH FORCHT MICH,2/4,2/4,simples,2,8.75,18,31,5,maior,4
2450,Essen Folksong Collection,ICH FUHR WOHL UEBERN SEE,2/4,2/4,simples,2,13.75,28,50,4,menor,0
2451,Essen Folksong Collection,ICH GIENG EINMAL IN GARTEN,2/4,2/4,simples,2,13.75,28,45,4,menor,1
2452,Essen Folksong Collection,ICH GIENG EINMAL SPAZIERE,2/4,2/4,simples,2,9.75,20,31,7,maior,2
2453,Essen Folksong Collection,ICH GIENG MAL UEBER EINEN BUNGERT,2/4,2/4,simples,2,11.75,24,38,9,maior,3
2454,Essen Folksong Collection,ICH GIENG WOL IN DEN KRETSCHAM,2/4,2/4,simples,2,7.75,16,25,10,maior,4
2455,Essen Folksong Collection,ICH GIENG WOL NAECHETN SPAETE,2/4,2/4,simples,2,9.75,20,38,10,maior,0
2456,Essen Folksong Collection,ICH GING IM MONDENSCHIMMER,2/4,2/4,simples,2,7.75,16,36,3,maior,1
2457,Essen Folksong Collection,ICH GING MAL BEI DER NACHT,2/4,2/4,simples,2,9.75,20,35,7,maior,2
2458,Essen Folksong Collection,ICH GING MAL UEBER NE BRUECKE,2/4,2/4,simples,2,15.75,32,47,5,maior,3
2459,Essen Folksong Collection,ICH GING WOL IN DIE SCHENKE,2/4,2/4,simples,2,7.75,16,24,7,maior,4
2460,Essen Folksong Collection,ICH GUNG ENMAL SPAZIERE,2/4,2/4,simples,2,12,24,36,4,menor,0
2461,Essen Folksong Collection,ICH HAB EIN KLEINES MURMELTIER,2/4,2/4,simples,2,18,36,67,5,maior,1
2462,Essen Folksong Collection,ICH HAB EIN SCHAETZLE IN DER NAEH,2/4,2/4,simples,2,8,16,35,9,maior,2
2463,Essen Folksong Collection,ICH HAB ZU DIR GESAGT,2/4,2/4,simples,2,15.75,32,53,7,maior,3
2464,Essen Folksong Collection,ICH HAB ZU DIR GESAGT,2/4,2/4,simples,2,15.75,32,53,7,maior,4
2465,Essen Folksong Collection,"ICH HAB ZU DIR GESAGT, MEIN KIND ICH LIEBE DICH",2/4,2/4,simples,2,15.75,32,54,9,maior,0
2466,Essen Folksong Collection,ICH HOERT EIN BAECHLEIN RAUSCHEN,2/4,2/4,simples,2,15.75,32,69,7,maior,1
2467,Essen Folksong Collection,ICH KENN EIN KLEINES MURMELTIER,2/4,2/4,simples,2,4,8,15,0,maior,2
2468,Essen Folksong Collection,ICH KLAGE HIER DIR ECHO DIR,2/4,2/4,simples,2,11.75,24,60,7,maior,3
2469,Essen Folksong Collection,ICH NEHM MEIN GLAESCHEN IN DIE HAND,2/4,2/4,simples,2,14,28,49,7,maior,4
2470,Essen Folksong Collection,ICH NEHM MEIN GLAESCHEN IN DIE HAND,2/4,2/4,simples,2,24,48,84,7,maior,0
2471,Essen Folksong Collection,ICH NEHM MEIN GLAESCHEN IN DIE HAND,2/4,2/4,simples,2,20,40,68,0,maior,1
2472,Essen Folksong Collection,ICH STAND AUF HOHEM BERGE,2/4,2/4,simples,2,8.75,18,31,5,maior,2
2473,Essen Folksong Collection,ICH STAND AUF HOHEM BERGE,2/4,2/4,simples,2,8.75,18,36,5,maior,3
2474,Essen Folksong Collection,ICH STAND AUF HOHEM BERGE,2/4,2/4,simples,2,8.75,18,31,5,maior,4
2475,Essen Folksong Collection,ICH TRAU AUF GOTT,2/4,2/4,simples,4,24,48,56,7,menor,0
2476,Essen Folksong Collection,ICH TRINKE TAEGLICH MEIN NEKTARVOLLES GLAESCHEN,2/4,2/4,simples,2,24.25,49,83,3,maior,1
2477,Essen Folksong Collection,ICH WAND EINST EINEN VEILCHENKRANZ,2/4,2/4,simples,2,15.75,32,49,7,maior,2
2478,Essen Folksong Collection,ICH WAR EIN RECHTER FASELHANS,2/4,2/4,simples,2,15.75,32,59,10,maior,3
2479,Essen Folksong Collection,"ICH WASS WOHL, WENN'S GUT WANDERN IS",2/4,2/4,simples,2,8.75,18,29,5,maior,4
2480,Essen Folksong Collection,ICH WASS WOL WENNS GUT WANDERN,2/4,2/4,simples,2,9,18,29,5,maior,0
2481,Essen Folksong Collection,ICH WEISS ZWEI HOHE MAUERN,2/4,2/4,simples,2,16,32,77,10,maior,1
2482,Essen Folksong Collection,ICH WILL EINST BEI JA UND NEIN,2/4,2/4,simples,0,15.75,31,59,0,maior,2
2483,Essen Folksong Collection,ICH WOLLT EIN BAEUMLEIN STEIGEN,2/4,2/4,simples,2,11.75,24,44,5,maior,3
2484,Essen Folksong Collection,ICH WOLLT WOL AUSGEHN,2/4,2/4,simples,2,7.75,16,27,5,maior,4
2485,Essen Folksong Collection,ICH WUSST EINMAL NICHTS ANZUFANGEN,2/4,2/4,simples,2,23.75,48,82,9,maior,0
2486,Essen Folksong Collection,ICHSTAND AUF HOHEM BERGE,2/4,2/4,simples,2,8.75,18,35,5,maior,1
2487,Essen Folksong Collection,IDS ELFIS ABE WOTT E FLOHNES,2/4,2/4,simples,2,16,32,58,9,maior,2
2488,Essen Folksong Collection,IHR FRANZOSEN GEHT NACH HAUS,2/4,2/4,simples,0,16.5,33,52,5,maior,3
2489,Essen Folksong Collection,IHR FRANZOSEN GEHT NACH HAUS,2/4,2/4,simples,0,16.5,33,51,5,maior,4
2490,Essen Folksong Collection,IHR FRANZOSEN GEHT NACH HAUS,2/4,2/4,simples,0,20,40,64,2,maior,0
2491,Essen Folksong Collection,IHR LEUT IHR GLAUBT MIRSCH,2/4,2/4,simples,2,15.75,32,60,5,maior,1
2492,Essen Folksong Collection,IM AERGAEU SIND ZWEU LIEBI,2/4,2/4,simples,2,8,16,38,9,menor,2
2493,Essen Folksong Collection,IM ANFANG WARS AUF ERDEN,2/4,2/4,simples,2,20,40,78,7,maior,3
2494,Essen Folksong Collection,IM ARGAEU SIND ZWEI LIEBI,2/4,2/4,simples,2,7.75,16,38,9,menor,4
2495,Essen Folksong Collection,IM BOEHMERLAND BEI PRAG,2/4,2/4,simples,2,11.75,24,61,10,maior,0
2496,Essen Folksong Collection,IM FLIEDERBUSCH EIN VOEGLEIN SASS,2/4,2/4,simples,2,17.75,36,77,2,maior,1
2497,Essen Folksong Collection,IM GRABE IST RUH,2/4,2/4,simples,2,13.75,28,41,7,maior,2
2498,Essen Folksong Collection,IM GRUEN ERWACHT DER FRISCHE MUTH,2/4,2/4,simples,2,9.75,20,31,6,menor,3
2499,Essen Folksong Collection,IM JANUAR DA FUEHREN UNS DIE MAENNER AUF DAS EIS,2/4,2/4,simples,2,19.75,40,70,7,maior,4
2500,Essen Folksong Collection,IM KELLER IM KELLER ISTS FINSTER,2/4,2/4,simples,2,8.5,17,38,7,maior,0
2501,Essen Folksong Collection,IM KRUG ZUM GRUENEN KRANZE,2/4,2/4,simples,2,8.75,18,36,2,maior,1
2502,Essen Folksong Collection,IM SCHWOBENLAND A BAUER WOHNT,2/4,2/4,simples,2,10.75,22,35,9,menor,2
2503,Essen Folksong Collection,IM SOMMER DA GEHN WIR UEBER LAND,2/4,2/4,simples,2,11.75,24,40,7,maior,3
2504,Essen Folksong Collection,IM SOMMER DA IST DIE SCHOENSTE ZEIT,2/4,2/4,simples,2,19.75,40,64,7,maior,4
2505,Essen Folksong Collection,IM SOMMER DU SCHOENE SOMMERZEIT,2/4,2/4,simples,2,11.75,24,40,7,maior,0
2506,Essen Folksong Collection,IM SOMMER IM SOMMER DA IST DIE SCHOENSTE ZEIT,2/4,2/4,simples,2,15.75,32,47,7,menor,1
2507,Essen Folksong Collection,IM TIEFEN WALD IM DORNENHAG,2/4,2/4,simples,0,18.5,37,38,7,menor,2
2508,Essen Folksong Collection,IN BOEHMEN LIEGT EIN STAEDTCHEN,2/4,2/4,simples,2,7.75,16,26,5,maior,3
2509,Essen Folksong Collection,IN DEM GOLDNEN STRAHL UEBER BERG UND THAL,2/4,2/4,simples,2,8,16,46,9,maior,4
2510,Essen Folksong Collection,IN DEN HEISSEN JULITAGEN,2/4,2/4,simples,0,8,16,30,7,maior,0
2511,Essen Folksong Collection,IN EINEM THAL BEI ARMEN HIRTEN,2/4,2/4,simples,3,15.88,32,82,7,maior,1
2512,Essen Folksong Collection,IN MEINEM GAERTCHEN,2/4,2/4,simples,2,8.25,17,30,5,maior,2
2513,Essen Folksong Collection,IN MEINES VATERS GARTEN,2/4,2/4,simples,2,11.75,24,44,9,maior,3
2514,Essen Folksong Collection,IST DENN DIESES WIRKLICH WAHR,2/4,2/4,simples,0,8,16,28,7,maior,4
2515,Essen Folksong Collection,IST DIE SCHWARZE KOECHIN DA,2/4,2/4,simples,0,9.5,19,29,2,maior,0
2516,Essen Folksong Collection,IST DIE SCHWARZE KOECHIN DA,2/4,2/4,simples,0,9.25,18,29,2,maior,1
2517,Essen Folksong Collection,IST EDEL GLEICH DAS REBENNASS,2/4,2/4,simples,2,17.75,36,61,5,maior,2
2518,Essen Folksong Collection,IST NICHT LANG DASS ES GEREGNET HAT,2/4,2/4,simples,2,7.75,16,30,5,maior,3
2519,Essen Folksong Collection,"Ich armes Hselein (5-85), S. 136",2/4,2/4,simples,2,15.75,32,47,7,maior,4
2520,Essen Folksong Collection,"Ich gung emol spazieren (3-24), S. 62",2/4,2/4,simples,2,11.75,24,36,5,maior,0
2521,Essen Folksong Collection,"Ich kann des Abends nit schlafen gehn (Band 1), S. 201",2/4,2/4,simples,2,10,20,49,4,menor,1
2522,Essen Folksong Collection,"Ich verkauf mein Gut (Band 1), S. 159",2/4,2/4,simples,2,7.75,16,31,2,menor,2
2523,Essen Folksong Collection,"Ich war ein rechter Faselhans (1-37), S. 96f",2/4,2/4,simples,2,27.75,56,96,5,maior,3
2524,Essen Folksong Collection,"Ich wollt so gern ein Wallfahrt tun (Band 1), S. 239",2/4,2/4,simples,2,13,26,46,7,maior,4
2525,Essen Folksong Collection,"Il faut toujours lustig sein (4-78), S. 99",2/4,2/4,simples,0,15.75,31,59,7,maior,0
2526,Essen Folksong Collection,"In Hamburg steht ein Haus,",2/4,2/4,simples,4,10,20,34,0,maior,1
2527,Essen Folksong Collection,"In dem schoenen Monat Mai,",2/4,2/4,simples,4,16,32,70,7,maior,2
2528,Essen Folksong Collection,"Inghean an Phailitínigh, S. 68",2/4,2/4,simples,2,32,64,149,7,maior,3
2529,Essen Folksong Collection,"Is deas an Buachaill páidín, S. 171",2/4,2/4,simples,2,16,32,57,8,maior,4
2530,Essen Folksong Collection,JAKOB HAT KEIN BROT IM HAUS,2/4,2/4,simples,0,8,16,27,7,maior,0
2531,Essen Folksong Collection,JETZT DANZT HANNEMANN,2/4,2/4,simples,0,15.5,31,47,0,maior,1
2532,Essen Folksong Collection,JETZT FAHRN WIR UEBERN SEE,2/4,2/4,simples,4,24,48,82,5,maior,2
2533,Essen Folksong Collection,JETZT FUEHR ICH MEINEN SCHLENDERGANG,2/4,2/4,simples,2,15.75,32,54,0,maior,3
2534,Essen Folksong Collection,JETZT GEH ICH MEINEN SCHLENDRIAN,2/4,2/4,simples,2,20,40,67,9,menor,4
2535,Essen Folksong Collection,"JETZT IST ES BALD SONNTAG, DA BIN ICH GAR ZU FROH",2/4,2/4,simples,2,15.75,32,53,7,maior,0
2536,Essen Folksong Collection,JETZT REISEN WIR ZUM THOR HINAUS,2/4,2/4,simples,2,11.75,24,43,7,maior,1
2537,Essen Folksong Collection,JETZT SCHWINGEN WIR DEN HUT,2/4,2/4,simples,2,11.75,24,45,9,menor,2
2538,Essen Folksong Collection,"Jetzt fahr'n mer uebern See, vidrom,",2/4,2/4,simples,2,16,32,53,5,maior,3
2539,Essen Folksong Collection,Jia li you ge qian wan luo,2/4,2/4,simples,0,11,22,28,7,maior,4
2540,Essen Folksong Collection,Jian maigeng,2/4,2/4,simples,0,11,22,40,5,maior,0
2541,Essen Folksong Collection,Jianchi yiuji wupaji,2/4,2/4,simples,0,12,24,55,11,menor,1
2542,Essen Folksong Collection,Jiandiao bianzi danghongjun,2/4,2/4,simples,0,9,18,36,7,menor,2
2543,Essen Folksong Collection,Jiangnan xinsijun,2/4,2/4,simples,0,10,20,38,9,maior,3
2544,Essen Folksong Collection,Jiangxi chulege Fang Zhimin,2/4,2/4,simples,0,11,22,49,2,menor,4
2545,Essen Folksong Collection,Jiangxi shige hao difang,2/4,2/4,simples,0,20,40,75,5,maior,0
2546,Essen Folksong Collection,Jianjian hua,2/4,2/4,simples,0,11,22,51,2,menor,1
2547,Essen Folksong Collection,Jianjue baoming qu dangbing,2/4,2/4,simples,0,12,24,47,0,maior,2
2548,Essen Folksong Collection,Jianli xinshijie,2/4,2/4,simples,0,29,58,96,9,menor,3
2549,Essen Folksong Collection,Jianshe zuguo haoshanhe,2/4,2/4,simples,0,19.5,39,83,10,maior,4
2550,Essen Folksong Collection,Jiaocheng shan,2/4,2/4,simples,0,8,16,28,9,maior,0
2551,Essen Folksong Collection,Jiaofu diao,2/4,2/4,simples,0,8,16,28,7,maior,1
2552,Essen Folksong Collection,Jiaosheng laoban ni xi ting,2/4,2/4,simples,0,13,26,40,5,maior,2
2553,Essen Folksong Collection,Jiaota shuiche kouchang ge,2/4,2/4,simples,0,24,48,129,9,maior,3
2554,Essen Folksong Collection,Jiawu zhanzheng,2/4,2/4,simples,0,17,34,53,2,maior,4
2555,Essen Folksong Collection,Jie er ge,2/4,2/4,simples,0,18,36,87,7,menor,0
2556,Essen Folksong Collection,Jiefangjun daochu shou huanyeng,2/4,2/4,simples,0,16,32,55,5,maior,1
2557,Essen Folksong Collection,Jiejie meimei liang duo hua,2/4,2/4,simples,0,17.5,35,52,0,maior,2
2558,Essen Folksong Collection,Jiemei tiaocai,2/4,2/4,simples,0,24,48,109,0,maior,3
2559,Essen Folksong Collection,Jiemeimen yaojuewu,2/4,2/4,simples,0,21.5,43,100,0,maior,4
2560,Essen Folksong Collection,Jiezhenguo zhenyingyong,2/4,2/4,simples,0,10,20,34,5,maior,0
2561,Essen Folksong Collection,Jijiehua zhongtian zhenshihao,2/4,2/4,simples,0,20,40,68,5,maior,1
2562,Essen Folksong Collection,Jin keng diao,2/4,2/4,simples,0,13,26,48,2,menor,2
2563,Essen Folksong Collection,Jinggang xiangcha jibeijing,2/4,2/4,simples,0,16,32,72,7,maior,3
2564,Essen Folksong Collection,Jinri fanqu dabianyang,2/4,2/4,simples,0,16,32,60,5,maior,4
2565,Essen Folksong Collection,Jiu shehui li xifu ku,2/4,2/4,simples,0,10,20,29,4,menor,0
2566,Essen Folksong Collection,Jungfer Doertchen,2/4,2/4,simples,4,7,14,18,7,maior,1
2567,Essen Folksong Collection,"Jgerfreuden (237), S. 509",2/4,2/4,simples,2,22.75,46,51,5,maior,2
2568,Essen Folksong Collection,KAISER DER NAPOLEON,2/4,2/4,simples,0,8,16,27,7,maior,3
2569,Essen Folksong Collection,KEIN BECHER VOLLER WONNEN,2/4,2/4,simples,2,24,48,70,3,maior,4
2570,Essen Folksong Collection,KEIN BESSER LEBEN IST AUF DIESER WELT,2/4,2/4,simples,2,17.75,36,61,7,maior,0
2571,Essen Folksong Collection,KEIN BESSER LEBEN IST AUF DIESER WELT ZU DENKEN,2/4,2/4,simples,2,17,34,66,9,maior,1
2572,Essen Folksong Collection,KENNT IHR NICHT DEN HERRN VON FALKENSTEIN,2/4,2/4,simples,2,19,38,106,10,maior,2
2573,Essen Folksong Collection,KLEINE BLUMEN KLEINE BLAETTER,2/4,2/4,simples,0,7.75,15,42,0,maior,3
2574,Essen Folksong Collection,KLING KLING GLOECKCHEN,2/4,2/4,simples,0,24,48,75,7,maior,4
2575,Essen Folksong Collection,KLOPFER KLOPFER RINGELCHEN,2/4,2/4,simples,0,18,36,64,5,maior,0
2576,Essen Folksong Collection,KOESTER MINNE MANN ES DOOT,2/4,2/4,simples,2,14,28,54,10,maior,1
2577,Essen Folksong Collection,KOMM DU BLANKER WEIHEDEGEN,2/4,2/4,simples,0,27.5,55,120,0,maior,2
2578,Essen Folksong Collection,KOMM SUESSER SCHLAF,2/4,2/4,simples,2,15.75,32,47,7,menor,3
2579,Essen Folksong Collection,KOMM WIR WOLLEN WANDERN,2/4,2/4,simples,0,9.5,19,30,5,maior,4
2580,Essen Folksong Collection,KOMM WIR WOLLEN WANDERN,2/4,2/4,simples,2,10,20,33,5,maior,0
2581,Essen Folksong Collection,KOMM WIR WOLLEN WANDERN,2/4,2/4,simples,0,7.5,15,24,5,maior,1
2582,Essen Folksong Collection,KOMM WIR WOLLEN WANDERN,2/4,2/4,simples,0,10,20,31,5,maior,2
2583,Essen Folksong Collection,KOMMT BRUEDER TRINKET FROH,2/4,2/4,simples,2,17.75,36,66,5,maior,3
2584,Essen Folksong Collection,KOMMT FREUNDE KOMMT AUFS LAND,2/4,2/4,simples,2,9.75,20,37,0,maior,4
2585,Essen Folksong Collection,KOMMT WIR WOLLEN UNS BEGEBEN,2/4,2/4,simples,0,16,32,68,0,maior,0
2586,Essen Folksong Collection,KRAMBAMBULI DAS IST DER TITEL DES TRANKS,2/4,2/4,simples,2,31.75,64,102,0,maior,1
2587,Essen Folksong Collection,KRANE KRANE SCHWICKLE SCHWANE,2/4,2/4,simples,0,13.75,27,52,5,maior,2
2588,Essen Folksong Collection,KREIS KREIS KESSEL,2/4,2/4,simples,0,8,16,24,5,maior,3
2589,Essen Folksong Collection,KREIS KREIS KESSEL,2/4,2/4,simples,0,8,16,24,7,maior,4
2590,Essen Folksong Collection,KRONE KRANE SCHWICKLE SCHWANE,2/4,2/4,simples,0,14,28,52,5,maior,0
2591,Essen Folksong Collection,KRONE KRANE WICKLE SCHWANE,2/4,2/4,simples,0,16,32,56,5,maior,1
2592,Essen Folksong Collection,"Kaihua diao   , vgl. Kopie)",2/4,2/4,simples,0,8,16,32,9,maior,2
2593,Essen Folksong Collection,Kaihuangge,2/4,2/4,simples,0,12,24,41,9,maior,3
2594,Essen Folksong Collection,Kaisari nokkur maetur mann,2/4,2/4,simples,0,22,44,41,5,maior,4
2595,Essen Folksong Collection,Kan huagu,2/4,2/4,simples,0,32,64,114,5,menor,0
2596,Essen Folksong Collection,Kan wawa,2/4,2/4,simples,0,24,48,89,5,maior,1
2597,Essen Folksong Collection,Kang babing,2/4,2/4,simples,0,12,24,45,5,maior,2
2598,Essen Folksong Collection,Kang huo diao,2/4,2/4,simples,0,29,58,81,2,maior,3
2599,Essen Folksong Collection,Kangding qingge,2/4,2/4,simples,0,13,26,46,7,menor,4
2600,Essen Folksong Collection,Kanghan haozi,2/4,2/4,simples,0,17,34,55,9,maior,0
2601,Essen Folksong Collection,Kangri xiaochang,2/4,2/4,simples,0,25,50,91,5,maior,1
2602,Essen Folksong Collection,"Katzenlied (269), S.574",2/4,2/4,simples,0,13.5,27,42,5,maior,2
2603,Essen Folksong Collection,Kehen guizi toule wode da yandai,2/4,2/4,simples,0,11.5,23,45,0,maior,3
2604,Essen Folksong Collection,Kehen zaoyangjun,2/4,2/4,simples,0,22,44,103,10,maior,4
2605,Essen Folksong Collection,"Klein Mtterchen geht, S. 18",2/4,2/4,simples,2,7.75,16,22,5,maior,0
2606,Essen Folksong Collection,Koenig von Mailand,2/4,2/4,simples,2,11.75,24,33,5,maior,1
2607,Essen Folksong Collection,"Komm heraus, du trauerige Braut (2-37), S. 96f",2/4,2/4,simples,4,25,50,70,5,maior,2
2608,Essen Folksong Collection,"Komm heraus, du traurige Braut, S. 32",2/4,2/4,simples,4,39,78,94,5,maior,3
2609,Essen Folksong Collection,"Kommst du nit hurtig heraus in unsere Mitt'?, S. 19",2/4,2/4,simples,0,7.5,15,27,5,maior,4
2610,Essen Folksong Collection,"Kommt, ihr Brschchen (Band 1), S. 234",2/4,2/4,simples,4,11.75,23,46,7,maior,0
2611,Essen Folksong Collection,Kua gu diao,2/4,2/4,simples,0,18,36,50,4,menor,1
2612,Essen Folksong Collection,"Kua nxu, prahlende Schwiegertochter",2/4,2/4,simples,0,7.75,15,21,7,maior,2
2613,Essen Folksong Collection,Kua si Yuan,2/4,2/4,simples,0,14,28,65,5,maior,3
2614,Essen Folksong Collection,Kuaihao,2/4,2/4,simples,0,16,32,58,4,maior,4
2615,Essen Folksong Collection,Kuangfeng chuibugan honghushui,2/4,2/4,simples,0,9,18,38,4,menor,0
2616,Essen Folksong Collection,"Kuhreigen""",2/4,2/4,simples,2,10.75,22,46,7,maior,1
2617,Essen Folksong Collection,Kunzi,2/4,2/4,simples,0,11,22,40,9,menor,2
2618,Essen Folksong Collection,"Klberkauf (40), S. 130",2/4,2/4,simples,2,15,30,56,7,maior,3
2619,Essen Folksong Collection,LANGE LANGE LISE,2/4,2/4,simples,0,7.5,15,24,0,maior,4
2620,Essen Folksong Collection,LANGE LANGE REIGE,2/4,2/4,simples,0,10,20,32,0,maior,0
2621,Essen Folksong Collection,LASS DIE TOEN ERKLINGEN,2/4,2/4,simples,0,7.5,15,24,5,maior,1
2622,Essen Folksong Collection,LASSET DIE FEURIGEN BOMBEN ERSCHALLEN,2/4,2/4,simples,0,55.5,111,124,7,maior,2
2623,Essen Folksong Collection,LEISE ZIEHT DURCH MEIN GEMUETH,2/4,2/4,simples,0,8.5,17,27,2,maior,3
2624,Essen Folksong Collection,LENORE FUHR UMS MORGENROTH,2/4,2/4,simples,2,16,32,64,9,maior,4
2625,Essen Folksong Collection,LIEB ANNA SASS AUF EINEM STEIN,2/4,2/4,simples,2,7.75,16,25,5,maior,0
2626,Essen Folksong Collection,LIEBEN LIEBEN DAS IST GUT,2/4,2/4,simples,0,12,24,42,7,maior,1
2627,Essen Folksong Collection,LIEBES MAEDCHEN HOER MIR ZU,2/4,2/4,simples,0,15.75,31,52,2,maior,2
2628,Essen Folksong Collection,LINCHEN GING EINMAL SPAZIEREN,2/4,2/4,simples,0,7.5,15,30,9,maior,3
2629,Essen Folksong Collection,LIRUM LARUM LOEFFELSTIEL,2/4,2/4,simples,0,8,16,28,7,maior,4
2630,Essen Folksong Collection,LISA GEH TRAG DAS WASSER ANHEIM,2/4,2/4,simples,0,16,32,52,4,menor,0
2631,Essen Folksong Collection,LOET ONS NOCH ENS DRENKEN,2/4,2/4,simples,0,7.5,15,24,5,maior,1
2632,Essen Folksong Collection,LOOF AN DE LENGE,2/4,2/4,simples,0,8,16,22,2,maior,2
2633,Essen Folksong Collection,LOOT ONS NOCH ENS DRENKEN,2/4,2/4,simples,0,7.5,15,24,5,maior,3
2634,Essen Folksong Collection,LOTT IST TODT,2/4,2/4,simples,0,8,16,26,7,maior,4
2635,Essen Folksong Collection,LURE LURE LAEMPKEN,2/4,2/4,simples,0,7.75,15,24,4,menor,0
2636,Essen Folksong Collection,La Paloma,2/4,2/4,simples,2,50,100,157,0,maior,1
2637,Essen Folksong Collection,La mao lu,2/4,2/4,simples,0,12,24,50,7,menor,2
2638,Essen Folksong Collection,Laba Xiaodiao,2/4,2/4,simples,0,40,80,133,9,menor,3
2639,Essen Folksong Collection,Lai lai wang wang hao jianmian,2/4,2/4,simples,0,8,16,25,7,maior,4
2640,Essen Folksong Collection,Lan gong diao,2/4,2/4,simples,0,13,26,39,10,maior,0
2641,Essen Folksong Collection,Lan hua hua,2/4,2/4,simples,0,9,18,31,7,menor,1
2642,Essen Folksong Collection,Lan yu lian,2/4,2/4,simples,0,8,16,37,7,maior,2
2643,Essen Folksong Collection,Lanchanggong,2/4,2/4,simples,0,8,16,38,7,maior,3
2644,Essen Folksong Collection,Lang da shaozi ying guo gou,2/4,2/4,simples,0,35,70,100,6,menor,4
2645,Essen Folksong Collection,Lang gan shengchan bi ren qiang,2/4,2/4,simples,0,15,30,47,0,maior,0
2646,Essen Folksong Collection,Lanqiao danshui,2/4,2/4,simples,0,12,24,48,9,maior,1
2647,Essen Folksong Collection,Laodong huan de xinfu lai,2/4,2/4,simples,0,17,34,47,5,maior,2
2648,Essen Folksong Collection,Lazarus und der Prasser,2/4,2/4,simples,2,15.75,32,46,5,maior,3
2649,Essen Folksong Collection,"Lazarus und der Prasser (Band 1), S. 46",2/4,2/4,simples,2,15.75,32,46,5,maior,4
2650,Essen Folksong Collection,"Lazaruslied (5-7), S. 20",2/4,2/4,simples,0,8,16,21,5,maior,0
2651,Essen Folksong Collection,"Laá' mein Jogli, laá dir sagen (5-46), S. 77",2/4,2/4,simples,0,14,28,52,0,maior,1
2652,Essen Folksong Collection,"Le dsappointement (121), S. 279f",2/4,2/4,simples,2,11.75,24,42,2,maior,2
2653,Essen Folksong Collection,"Lebe wohl, vergiá mein nicht (97a), S. 246",2/4,2/4,simples,0,15.5,31,43,7,maior,3
2654,Essen Folksong Collection,"Leichter Abschied (104), S. 255f",2/4,2/4,simples,2,15.75,32,35,5,maior,4
2655,Essen Folksong Collection,Li tian ge,2/4,2/4,simples,0,20,40,50,5,maior,0
2656,Essen Folksong Collection,Li tian ge,2/4,2/4,simples,0,10.5,21,52,9,menor,1
2657,Essen Folksong Collection,Lian yihetuan,2/4,2/4,simples,0,20.75,41,77,5,maior,2
2658,Essen Folksong Collection,Lianbing ge,2/4,2/4,simples,0,14.5,29,34,9,maior,3
2659,Essen Folksong Collection,Liang ba shanzi,2/4,2/4,simples,0,12,24,44,3,maior,4
2660,Essen Folksong Collection,Liangshanbo,2/4,2/4,simples,0,40,80,103,5,maior,0
2661,Essen Folksong Collection,Liangtiaobanqiang naogeming,2/4,2/4,simples,0,18,36,64,2,maior,1
2662,Essen Folksong Collection,Liangzhu xia shan,2/4,2/4,simples,0,19,38,63,0,maior,2
2663,Essen Folksong Collection,Lianhuahao,2/4,2/4,simples,0,24,48,98,7,maior,3
2664,Essen Folksong Collection,Lianlian hang,2/4,2/4,simples,0,18,36,96,5,maior,4
2665,Essen Folksong Collection,"Liebesnot (153), S. 334",2/4,2/4,simples,0,20.5,41,52,7,maior,0
2666,Essen Folksong Collection,"Liebesschmerz (87), S. 231",2/4,2/4,simples,2,15.75,32,55,5,maior,1
2667,Essen Folksong Collection,Lisanbao,2/4,2/4,simples,0,14,28,64,4,menor,2
2668,Essen Folksong Collection,Lishui chuan gong haozi    2.,2/4,2/4,simples,0,4,8,18,10,maior,3
2669,Essen Folksong Collection,Lishui chuan gong haozi   3.,2/4,2/4,simples,0,17.5,35,64,7,menor,4
2670,Essen Folksong Collection,Liu liu Shange,2/4,2/4,simples,0,11,22,39,5,maior,0
2671,Essen Folksong Collection,Liu liu ge,2/4,2/4,simples,0,8,16,51,0,maior,1
2672,Essen Folksong Collection,Liu xiu,2/4,2/4,simples,0,8,16,25,0,maior,2
2673,Essen Folksong Collection,Liu yue tian shui,2/4,2/4,simples,0,13,26,39,9,menor,3
2674,Essen Folksong Collection,Liu zhi dan,2/4,2/4,simples,0,12,24,41,3,maior,4
2675,Essen Folksong Collection,Liudeng dajun,2/4,2/4,simples,0,24,48,71,7,maior,0
2676,Essen Folksong Collection,Liuliu ge,2/4,2/4,simples,0,8,16,33,4,menor,1
2677,Essen Folksong Collection,Lo yang qiao,2/4,2/4,simples,0,16,32,64,5,maior,2
2678,Essen Folksong Collection,Longchuan diao,2/4,2/4,simples,0,24,48,109,11,menor,3
2679,Essen Folksong Collection,Lunan shange,2/4,2/4,simples,0,13,26,35,7,maior,4
2680,Essen Folksong Collection,Luo yu da,2/4,2/4,simples,0,31,62,59,4,maior,0
2681,Essen Folksong Collection,Lustige Handwerksburschen (2-93) S. 271,2/4,2/4,simples,2,11.75,24,44,7,maior,1
2682,Essen Folksong Collection,"Lutscha (264), S. 563",2/4,2/4,simples,2,15.75,32,58,0,maior,2
2683,Essen Folksong Collection,MACHT AUF DAS THOR,2/4,2/4,simples,2,4,8,15,2,menor,3
2684,Essen Folksong Collection,MAEDCHEN HAST DU LUST ZU TRUTZEN,2/4,2/4,simples,0,15.5,31,55,5,maior,4
2685,Essen Folksong Collection,MAEDCHEN MIT DEM GRUENEN KRANZE,2/4,2/4,simples,0,39.5,79,79,4,maior,0
2686,Essen Folksong Collection,MAEDCHEN MIT DEN BLAUEN AUGEN,2/4,2/4,simples,0,15.5,31,51,4,menor,1
2687,Essen Folksong Collection,MAEDCHEN WARUM WEINEST DU,2/4,2/4,simples,0,11.5,23,40,5,maior,2
2688,Essen Folksong Collection,MAEDCHEN WILLST DU FREIEN,2/4,2/4,simples,0,7.75,15,26,5,maior,3
2689,Essen Folksong Collection,"MAEDCHEN, WARUM WEINEST DU",2/4,2/4,simples,0,15.5,31,53,7,maior,4
2690,Essen Folksong Collection,MAEDEL MIT DEM ROTHEN MIEDER,2/4,2/4,simples,0,24,48,94,7,maior,0
2691,Essen Folksong Collection,MAEDELS SAGT ES LAUT,2/4,2/4,simples,0,11.5,23,39,9,menor,1
2692,Essen Folksong Collection,MAETEN ES EN GOOD MANN,2/4,2/4,simples,0,19.75,39,63,5,maior,2
2693,Essen Folksong Collection,MAIGLOECKCHEN LAEUTET IN DEM TAL,2/4,2/4,simples,2,19.75,40,68,4,maior,3
2694,Essen Folksong Collection,MAIKAEFER FLIEG,2/4,2/4,simples,0,7.75,15,26,7,maior,4
2695,Essen Folksong Collection,MAIKAEFER FLIEG,2/4,2/4,simples,0,9.5,19,29,7,maior,0
2696,Essen Folksong Collection,MAMA PAPA ACH SEHN SIE DOCH DEN KNABEN,2/4,2/4,simples,2,15.75,32,51,0,maior,1
2697,Essen Folksong Collection,MARIA WOLLT IN DEN GARTEN GEHN,2/4,2/4,simples,2,13.75,28,49,5,maior,2
2698,Essen Folksong Collection,MARIANDEL IST SO SCHOEN,2/4,2/4,simples,2,27.75,56,95,7,maior,3
2699,Essen Folksong Collection,MEI MUTTER KOCHT MIR ZWIEBELN,2/4,2/4,simples,2,7.75,16,29,7,maior,4
2700,Essen Folksong Collection,"MEI SCHAETZLE MAG MI NIMMER, GAR NIMMER MAG ER MICH",2/4,2/4,simples,2,13.75,28,47,5,maior,0
2701,Essen Folksong Collection,MEIN GUTER MICHEL LIEBET MICH,2/4,2/4,simples,2,14.75,30,55,7,maior,1
2702,Essen Folksong Collection,MEIN GUTER MICHEL LIEBET MICH,2/4,2/4,simples,2,14.75,30,55,7,maior,2
2703,Essen Folksong Collection,MEIN HERZLEIN THUT MIR GAR ZU WEH,2/4,2/4,simples,2,15.75,32,47,7,menor,3
2704,Essen Folksong Collection,MEIN HERZLEIN THUT MIR GAR ZU WEH,2/4,2/4,simples,2,23.75,48,78,0,menor,4
2705,Essen Folksong Collection,MEIN LIEBCHEN GLEICHT DEM ROESLEIN,2/4,2/4,simples,2,9.75,20,45,5,maior,0
2706,Essen Folksong Collection,MEIN MAEDCHEN WARD MIR UNGETREU,2/4,2/4,simples,2,9.75,20,34,10,maior,1
2707,Essen Folksong Collection,MEIN TRAUTEL HAELT MICH FUER UND FUER,2/4,2/4,simples,2,16,32,62,7,maior,2
2708,Essen Folksong Collection,MENSCHEN WOLLT IHR GLUECKLICH SEIN,2/4,2/4,simples,0,7.5,15,24,7,maior,3
2709,Essen Folksong Collection,MER WELLE GOHN,2/4,2/4,simples,2,6,12,22,7,maior,4
2710,Essen Folksong Collection,MICH ZIEHTS HINAUS,2/4,2/4,simples,2,23.75,48,76,3,maior,0
2711,Essen Folksong Collection,MIEN VADER HEET HANS,2/4,2/4,simples,2,16,32,60,7,maior,1
2712,Essen Folksong Collection,MIHI EST PROPOSITUM,2/4,2/4,simples,0,15.75,31,59,0,maior,2
2713,Essen Folksong Collection,MIN VATER ISCHT A APPAZELLER,2/4,2/4,simples,2,8,16,36,9,maior,3
2714,Essen Folksong Collection,MIR GEFAELLT DAS EHSTANDSLEBEN BESSER,2/4,2/4,simples,0,28,56,64,7,maior,4
2715,Essen Folksong Collection,MIT BLANKEN GESCHOSSEN AUF MUTIGEN ROSSEN,2/4,2/4,simples,2,19.75,40,60,0,menor,0
2716,Essen Folksong Collection,MOHKUEHCHEN MOH WOVON BIST DU SO ROH,2/4,2/4,simples,0,13.75,27,51,5,maior,1
2717,Essen Folksong Collection,MORGEN KOMMT DER WEIHNACHTSMANN,2/4,2/4,simples,0,12,24,40,2,maior,2
2718,Essen Folksong Collection,MORGEN WILL MEIN SCHATZ ABREISEN,2/4,2/4,simples,4,8,16,43,5,maior,3
2719,Essen Folksong Collection,MUHKUEHBCHEN FLIEGE,2/4,2/4,simples,0,8,16,28,7,maior,4
2720,Essen Folksong Collection,MUSKATELLER TRINK ICH GERN,2/4,2/4,simples,0,4,8,14,7,maior,0
2721,Essen Folksong Collection,MUSS I DENN MUSS I DENN,2/4,2/4,simples,2,18.75,38,86,5,maior,1
2722,Essen Folksong Collection,MUSS ICH DENN MUSS ICH DENN,2/4,2/4,simples,2,15.75,32,75,5,maior,2
2723,Essen Folksong Collection,MUSS WANDERN MUSS WANDERN,2/4,2/4,simples,2,17,34,56,2,maior,3
2724,Essen Folksong Collection,MUTSCHEKUEHCHEN VON HALBERSTADT,2/4,2/4,simples,0,11.75,23,43,5,maior,4
2725,Essen Folksong Collection,MYS LIEB ISCH GAR WYT INNE,2/4,2/4,simples,2,10.5,21,47,7,maior,0
2726,Essen Folksong Collection,Ma ju ju,2/4,2/4,simples,0,14,28,30,2,menor,1
2727,Essen Folksong Collection,"Madam! Madam! (196), S. 425",2/4,2/4,simples,2,14.75,30,48,0,maior,2
2728,Essen Folksong Collection,"Madam, Madam, nach Hause sollt Ihr kommen, S. 58",2/4,2/4,simples,2,13.75,28,45,7,maior,3
2729,Essen Folksong Collection,"Madame, Madame (4-91), S. 119",2/4,2/4,simples,2,14.75,30,43,10,maior,4
2730,Essen Folksong Collection,Madaoge,2/4,2/4,simples,0,23.5,47,89,7,maior,0
2731,Essen Folksong Collection,Maedchen als Stallknecht,2/4,2/4,simples,4,8,16,23,7,maior,1
2732,Essen Folksong Collection,Maedchen und Hasel,2/4,2/4,simples,2,6,12,25,7,menor,2
2733,Essen Folksong Collection,Mai bian shi,2/4,2/4,simples,0,28,56,91,2,maior,3
2734,Essen Folksong Collection,Mai cai  vgl. Kopie),2/4,2/4,simples,0,13,26,47,9,maior,4
2735,Essen Folksong Collection,Mai douru,2/4,2/4,simples,0,22,44,103,4,menor,0
2736,Essen Folksong Collection,Mai hua diao,2/4,2/4,simples,0,10,20,33,2,menor,1
2737,Essen Folksong Collection,Mai huangli,2/4,2/4,simples,0,16,32,58,2,menor,2
2738,Essen Folksong Collection,"Mai wawa , eigene Kinder verkaufen)",2/4,2/4,simples,0,15,30,40,7,menor,3
2739,Essen Folksong Collection,Man gan niu(2),2/4,2/4,simples,0,29,58,108,4,menor,4
2740,Essen Folksong Collection,Man gan niu(3),2/4,2/4,simples,0,28,56,83,9,maior,0
2741,Essen Folksong Collection,"Man gan niu, 1)",2/4,2/4,simples,0,25,50,67,9,menor,1
2742,Essen Folksong Collection,"Man scheckt Jokele aus, S. 42",2/4,2/4,simples,0,10,20,34,9,maior,2
2743,Essen Folksong Collection,Maoshan laile Chensiling,2/4,2/4,simples,0,21,42,72,2,menor,3
2744,Essen Folksong Collection,Maoweiyuan pailai xueshengjun,2/4,2/4,simples,0,14,28,48,6,menor,4
2745,Essen Folksong Collection,Maque dashi,2/4,2/4,simples,0,27,54,101,2,maior,0
2746,Essen Folksong Collection,"Margretelein und der Reiter (4a), S. 35",2/4,2/4,simples,2,5.75,12,26,7,maior,1
2747,Essen Folksong Collection,"Marguerite (3-39), S. 101f",2/4,2/4,simples,0,35,70,88,0,maior,2
2748,Essen Folksong Collection,"Maria wollte wandern (5-685), S. 26",2/4,2/4,simples,2,13.75,28,35,5,maior,3
2749,Essen Folksong Collection,"Maria, die Mutter, wollt' wandern gehn,",2/4,2/4,simples,2,15.75,32,40,7,maior,4
2750,Essen Folksong Collection,"Mariechen saá auf einem Stein (6b), S. 41",2/4,2/4,simples,2,7.75,16,25,5,maior,0
2751,Essen Folksong Collection,Mawangu,2/4,2/4,simples,0,12,24,32,4,maior,1
2752,Essen Folksong Collection,"Medche, waelt te'n Far nien?",2/4,2/4,simples,0,9.5,19,29,5,maior,2
2753,Essen Folksong Collection,Medsche waelt ta de Kanter nin ?,2/4,2/4,simples,0,9.5,19,31,5,maior,3
2754,Essen Folksong Collection,Mei ai laodong hao gege,2/4,2/4,simples,0,11,22,55,9,maior,4
2755,Essen Folksong Collection,Meihua kai de hao,2/4,2/4,simples,0,16.75,33,65,5,maior,0
2756,Essen Folksong Collection,Meikuang haozi,2/4,2/4,simples,0,15,30,43,2,maior,1
2757,Essen Folksong Collection,"Meng Mamm hat mir e Man gin, S. 31",2/4,2/4,simples,2,6,12,21,0,maior,2
2758,Essen Folksong Collection,"Meng Mamm huot mer e Man gin, S. 44",2/4,2/4,simples,2,7.5,15,37,0,maior,3
2759,Essen Folksong Collection,Menghan renmin qindixiong,2/4,2/4,simples,0,8,16,22,2,maior,4
2760,Essen Folksong Collection,Mengjian zhouzongli,2/4,2/4,simples,0,22,44,77,7,maior,0
2761,Essen Folksong Collection,Mianxiang sijige,2/4,2/4,simples,0,9,18,42,4,menor,1
2762,Essen Folksong Collection,Midu Shange,2/4,2/4,simples,0,16,32,63,6,menor,2
2763,Essen Folksong Collection,"Miller, Kniecht a Mod (280), S. 592",2/4,2/4,simples,6,10,20,40,5,maior,3
2764,Essen Folksong Collection,Minguo shijie zhenbuping,2/4,2/4,simples,0,15.75,31,55,4,menor,4
2765,Essen Folksong Collection,"Miniminimo, S. 12",2/4,2/4,simples,0,4,8,17,9,maior,0
2766,Essen Folksong Collection,Minzu zhengze nuanrenxin,2/4,2/4,simples,0,19.5,39,64,4,menor,1
2767,Essen Folksong Collection,Mo chao mian,2/4,2/4,simples,0,8,16,27,10,maior,2
2768,Essen Folksong Collection,Molihua,2/4,2/4,simples,0,29.75,59,107,2,maior,3
2769,Essen Folksong Collection,Molihua,2/4,2/4,simples,0,35,70,174,2,maior,4
2770,Essen Folksong Collection,Molihua(1),2/4,2/4,simples,0,34,68,92,11,menor,0
2771,Essen Folksong Collection,Moxiao langzai zhushanbian,2/4,2/4,simples,4,23.5,47,36,11,menor,1
2772,Essen Folksong Collection,Moyanggong,2/4,2/4,simples,0,22,44,61,9,maior,2
2773,Essen Folksong Collection,Muede kehrt ein Wandersmann zurueck,2/4,2/4,simples,0,14,28,37,4,menor,3
2774,Essen Folksong Collection,Muede kehrt ein Wandersmann zurueck,2/4,2/4,simples,4,15,30,37,7,maior,4
2775,Essen Folksong Collection,Muma xinli lekaihua,2/4,2/4,simples,0,24,48,97,10,maior,0
2776,Essen Folksong Collection,"Mumm Aneleis, S.13",2/4,2/4,simples,2,8,16,30,7,maior,1
2777,Essen Folksong Collection,"Musikanten-Vierzeiler 1, S. 70",2/4,2/4,simples,2,7.75,16,30,7,maior,2
2778,Essen Folksong Collection,"Musikanten-Vierzeiler 2, S. 70",2/4,2/4,simples,0,7.75,15,30,5,maior,3
2779,Essen Folksong Collection,"Musikantenvierzeiler 3, S. 71",2/4,2/4,simples,0,8,16,30,5,maior,4
2780,Essen Folksong Collection,"Musterung (248a), S. 529",2/4,2/4,simples,2,9.75,20,31,2,maior,0
2781,Essen Folksong Collection,"Mdchen und Jude (257), S. 550",2/4,2/4,simples,2,12.75,26,45,7,maior,1
2782,Essen Folksong Collection,"Mgdelein und Bettelmann (36b), S. 125",2/4,2/4,simples,2,15.75,32,49,7,maior,2
2783,Essen Folksong Collection,NACH SEVILLA NACH SEVILLA,2/4,2/4,simples,2,13.75,28,57,2,maior,3
2784,Essen Folksong Collection,NAECHTEN ABEND DA ICH UEBER DIE GASSE GING,2/4,2/4,simples,2,10.75,22,44,7,maior,4
2785,Essen Folksong Collection,NE SIDEN SCHNOR GEIT UEMME DAT HUS,2/4,2/4,simples,2,6.75,14,24,2,maior,0
2786,Essen Folksong Collection,NICHTS BESSRES GIBT ES WEIT UND BREIT,2/4,2/4,simples,2,22.75,46,97,7,maior,1
2787,Essen Folksong Collection,NIMM SIE BEI DER SCHNEEWEISSEN HAND,2/4,2/4,simples,0,10,20,35,11,menor,2
2788,Essen Folksong Collection,NIMM SIE BEI DER SCHNEEWEISSEN HAND,2/4,2/4,simples,0,9.75,19,37,2,maior,3
2789,Essen Folksong Collection,NIX IN DER GRUBE,2/4,2/4,simples,0,10,20,28,0,maior,4
2790,Essen Folksong Collection,NIX IN DER GRUBE,2/4,2/4,simples,0,10,20,28,0,maior,0
2791,Essen Folksong Collection,NN           s. Lian Bo Protokoll,2/4,2/4,simples,0,23,46,84,7,maior,1
2792,Essen Folksong Collection,NUN ADE DU MEIN LIEB HEIMATLAND,2/4,2/4,simples,2,14,28,57,2,maior,2
2793,Essen Folksong Collection,NUN BRICHT AUS ALLEN ZWEIGEN,2/4,2/4,simples,2,16,32,60,9,maior,3
2794,Essen Folksong Collection,NUN GEBT UNS AUCH EIN PEUST EI,2/4,2/4,simples,2,10,20,34,2,maior,4
2795,Essen Folksong Collection,NUN LAET UNS SENGN,2/4,2/4,simples,2,15.75,32,60,7,maior,0
2796,Essen Folksong Collection,"NUN LAT'T UNS SING'N DAT ABENDLIED, DENN WIE MOETEN GAHN",2/4,2/4,simples,2,11.75,24,44,7,maior,1
2797,Essen Folksong Collection,NUN SAGT EINMAL IHR GAENSCHEN MIR,2/4,2/4,simples,2,12.75,26,59,7,maior,2
2798,Essen Folksong Collection,NUN WILL ICH EUCH WAS NEUES ERZAEHLEN,2/4,2/4,simples,2,19.75,40,58,5,maior,3
2799,Essen Folksong Collection,NUR NAERRISCH SEYN IST MEIN MANIER,2/4,2/4,simples,2,18,36,82,7,maior,4
2800,Essen Folksong Collection,Nanshan zhuzi,2/4,2/4,simples,0,13,26,44,9,maior,0
2801,Essen Folksong Collection,Nao yuanxiao,2/4,2/4,simples,0,26.75,53,94,0,menor,1
2802,Essen Folksong Collection,Ni muo xian wo geng tian lang,2/4,2/4,simples,0,16,32,53,11,menor,2
2803,Essen Folksong Collection,Nian hongjun,2/4,2/4,simples,0,16,32,62,6,menor,3
2804,Essen Folksong Collection,Nianjun dazhan shieryue,2/4,2/4,simples,0,16,32,49,9,maior,4
2805,Essen Folksong Collection,Nigu sifan,2/4,2/4,simples,0,17,34,70,1,menor,0
2806,Essen Folksong Collection,Ningxia youle hongtaiyang,2/4,2/4,simples,0,16,32,45,5,maior,1
2807,Essen Folksong Collection,Niu li ge,2/4,2/4,simples,0,36,72,96,11,menor,2
2808,Essen Folksong Collection,Niujiexin,2/4,2/4,simples,0,25,50,67,0,maior,3
2809,Essen Folksong Collection,Nong fu yuan,2/4,2/4,simples,0,16,32,52,7,menor,4
2810,Essen Folksong Collection,Nong mang shier yue,2/4,2/4,simples,0,16,32,48,5,maior,0
2811,Essen Folksong Collection,Nongmin fanshen bushouqiong,2/4,2/4,simples,0,16,32,48,5,maior,1
2812,Essen Folksong Collection,Nuan xiao zhu,2/4,2/4,simples,0,31.25,62,86,0,maior,2
2813,Essen Folksong Collection,"Nchtlicher Besuch mit dem Verlobungsring (177b), S.388",2/4,2/4,simples,4,24,48,67,5,maior,3
2814,Essen Folksong Collection,"Nchtlicher Besuch mit dem Verlobungsring (177c), S. 389",2/4,2/4,simples,2,23.75,48,70,0,maior,4
2815,Essen Folksong Collection,"Nchtliches Abenteuer (42d), S. 138",2/4,2/4,simples,2,13.75,28,55,5,maior,0
2816,Essen Folksong Collection,O DU KLEINER KLADRIAN,2/4,2/4,simples,0,13.75,27,49,7,maior,1
2817,Essen Folksong Collection,O SANCTISSIMA O PIISSIMA,2/4,2/4,simples,0,16,32,44,5,maior,2
2818,Essen Folksong Collection,O SCHIPMANN O SCHIPMANN,2/4,2/4,simples,4,30,60,113,5,maior,3
2819,Essen Folksong Collection,O SEHT WIE RUND UND FEIN,2/4,2/4,simples,2,11.75,24,37,5,maior,4
2820,Essen Folksong Collection,O STRASBURG O STRASBURG DU WUNDERSCHOENE STADT,2/4,2/4,simples,2,16,32,54,5,maior,0
2821,Essen Folksong Collection,O STRASBURG O STRASBURG DU WUNDERSCHOENE STADT,2/4,2/4,simples,2,16,32,53,7,maior,1
2822,Essen Folksong Collection,O STRASSBURG DU WUNDERSCHOENE STADT,2/4,2/4,simples,2,15.75,32,54,7,maior,2
2823,Essen Folksong Collection,O STRASSBURG DU WUNDERSCHOENE STADT,2/4,2/4,simples,2,15.75,32,56,0,maior,3
2824,Essen Folksong Collection,"O Soldat (3-35), S. 110",2/4,2/4,simples,0,26,52,48,2,maior,4
2825,Essen Folksong Collection,O TANNENBAUM O TANNENBAUM,2/4,2/4,simples,2,11.75,24,48,5,maior,0
2826,Essen Folksong Collection,O TANNENBAUM O TANNENBAUM,2/4,2/4,simples,2,11.75,24,48,7,maior,1
2827,Essen Folksong Collection,O WUNDERBARES GLUECK,2/4,2/4,simples,4,12,24,38,10,maior,2
2828,Essen Folksong Collection,O WUNDERBARES GLUECK,2/4,2/4,simples,0,11.75,23,38,10,maior,3
2829,Essen Folksong Collection,"O wie reent et! (287), S. 600f",2/4,2/4,simples,0,7.5,15,22,2,maior,4
2830,Essen Folksong Collection,ONDS LIEBE DAS HALTE MER,2/4,2/4,simples,2,16,32,76,7,maior,0
2831,Essen Folksong Collection,OP DOE GROENE WESE,2/4,2/4,simples,0,9.5,19,32,0,maior,1
2832,Essen Folksong Collection,"Ob ich gleich ein Schfer bin (Band 1), S. 171",2/4,2/4,simples,0,31.5,63,97,5,maior,2
2833,Essen Folksong Collection,"Op engem Baam de Kueder stzt, S. 33",2/4,2/4,simples,0,9.5,19,37,7,maior,3
2834,Essen Folksong Collection,"Ostereierlied (217), S. 469",2/4,2/4,simples,0,17.5,35,44,7,maior,4
2835,Essen Folksong Collection,PETERSILJE DU SCHOENES KRAUT,2/4,2/4,simples,0,5.75,11,30,0,maior,0
2836,Essen Folksong Collection,PETERSILJE DU SCHOENES KRAUT,2/4,2/4,simples,0,12,24,46,7,maior,1
2837,Essen Folksong Collection,PETERSILJE SUPPENKRAUT,2/4,2/4,simples,0,11.75,23,39,7,maior,2
2838,Essen Folksong Collection,PETERSILJE SUPPENKRAUT,2/4,2/4,simples,0,16,32,50,7,maior,3
2839,Essen Folksong Collection,PFLUECKE ROSEN WENN SIE BLUEHN,2/4,2/4,simples,0,7.5,15,24,2,maior,4
2840,Essen Folksong Collection,PIPKEN PIPKEN SAPE,2/4,2/4,simples,0,13.75,27,49,7,maior,0
2841,Essen Folksong Collection,PRIPE NINNE SAUSE,2/4,2/4,simples,0,11.75,23,43,5,maior,1
2842,Essen Folksong Collection,PROSALUTE HORUM AMICORUM,2/4,2/4,simples,0,57.5,115,151,7,maior,2
2843,Essen Folksong Collection,"PUTHOENEKEN, PUTHOENEKEN, WAT DEIST IN UNSERN GAR'N?",2/4,2/4,simples,2,15.75,32,55,7,maior,3
2844,Essen Folksong Collection,Pancha tongxingzheng,2/4,2/4,simples,0,22,44,73,0,maior,4
2845,Essen Folksong Collection,Pao han chuan,2/4,2/4,simples,0,22.75,45,79,0,maior,0
2846,Essen Folksong Collection,"Papa, Mama, der Klppermann ist da (4-99), S. 133",2/4,2/4,simples,2,15.75,32,54,5,maior,1
2847,Essen Folksong Collection,Petrus und Pilatus,2/4,2/4,simples,2,11,22,30,7,menor,2
2848,Essen Folksong Collection,"Plauderei an der Linde (67), S. 200",2/4,2/4,simples,0,14.5,29,39,7,maior,3
2849,Essen Folksong Collection,"Pltschert (4-99), S. 132",2/4,2/4,simples,2,15.75,32,50,7,maior,4
2850,Essen Folksong Collection,"Polka (Band 1), S. 266",2/4,2/4,simples,0,7.75,15,32,2,menor,0
2851,Essen Folksong Collection,Qi bai ma,2/4,2/4,simples,0,12,24,33,0,maior,1
2852,Essen Folksong Collection,Qiao luo da gu nao yang chun,2/4,2/4,simples,0,35,70,101,2,menor,2
2853,Essen Folksong Collection,Qiao qing jia,2/4,2/4,simples,0,23,46,74,9,menor,3
2854,Essen Folksong Collection,Qiao qing lang,2/4,2/4,simples,0,91,182,302,2,menor,4
2855,Essen Folksong Collection,Qiao qing lang,2/4,2/4,simples,0,22,44,71,7,maior,0
2856,Essen Folksong Collection,Qiaodui wugeng,2/4,2/4,simples,0,22,44,67,0,menor,1
2857,Essen Folksong Collection,Qichelu yaoxiushang yuntian,2/4,2/4,simples,0,12.5,25,43,9,menor,2
2858,Essen Folksong Collection,Qigai diao,2/4,2/4,simples,4,15,30,52,5,maior,3
2859,Essen Folksong Collection,Qing nian can jun,2/4,2/4,simples,0,24,48,79,4,maior,4
2860,Essen Folksong Collection,Qing si niao,2/4,2/4,simples,0,19.5,39,59,2,menor,0
2861,Essen Folksong Collection,Qingyuan xiahai jia yuxia,2/4,2/4,simples,0,38,76,99,4,menor,1
2862,Essen Folksong Collection,Qingzhu chengli suweiai,2/4,2/4,simples,0,16,32,71,3,maior,2
2863,Essen Folksong Collection,Qinjianjieyue haochuduo,2/4,2/4,simples,0,22,44,94,6,menor,3
2864,Essen Folksong Collection,Qiong yu fu,2/4,2/4,simples,0,11,22,34,9,menor,4
2865,Essen Folksong Collection,Qiongpo diao,2/4,2/4,simples,0,16,32,76,7,menor,0
2866,Essen Folksong Collection,Qiongren nan,2/4,2/4,simples,0,21.5,43,61,5,maior,1
2867,Essen Folksong Collection,Qiongren nan,2/4,2/4,simples,0,8.5,17,31,5,maior,2
2868,Essen Folksong Collection,Qiongren shui bupan hongjun,2/4,2/4,simples,0,10,20,31,7,menor,3
2869,Essen Folksong Collection,Qipeng haozi,2/4,2/4,simples,0,13,26,38,7,maior,4
2870,Essen Folksong Collection,Qiu shou(Herbsternte),2/4,2/4,simples,0,8,16,36,9,maior,0
2871,Essen Folksong Collection,Qixin lai kangzhan,2/4,2/4,simples,0,20,40,55,2,maior,1
2872,Essen Folksong Collection,Qongren fanshen da yangsan,2/4,2/4,simples,0,16,32,60,0,maior,2
2873,Essen Folksong Collection,Quanfu canjun,2/4,2/4,simples,0,28,56,93,11,menor,3
2874,Essen Folksong Collection,Quanguo renmin youzhiqi,2/4,2/4,simples,0,10,20,37,9,menor,4
2875,Essen Folksong Collection,Qunian zhenyuejian,2/4,2/4,simples,0,15.75,31,68,9,maior,0
2876,Essen Folksong Collection,RAEGE RAEGE TROPFE,2/4,2/4,simples,0,7.75,15,28,7,maior,1
2877,Essen Folksong Collection,RARITAETE SEIN ALLZUSCHOENE,2/4,2/4,simples,0,14,28,51,0,maior,2
2878,Essen Folksong Collection,RARITETE SEIN ZU SEHN,2/4,2/4,simples,0,13.75,27,51,0,maior,3
2879,Essen Folksong Collection,RAU RAU ROMMELSDOEPPEN,2/4,2/4,simples,0,8,16,29,7,maior,4
2880,Essen Folksong Collection,RECHT VERGNUEGET KANN MAN LEBEN,2/4,2/4,simples,0,13,26,47,5,maior,0
2881,Essen Folksong Collection,REGE REGE SCHURE,2/4,2/4,simples,0,10,20,36,7,maior,1
2882,Essen Folksong Collection,REGE REGE SCHUURE,2/4,2/4,simples,0,10,20,35,7,maior,2
2883,Essen Folksong Collection,REGE REGE SCHUURE,2/4,2/4,simples,0,10,20,36,7,maior,3
2884,Essen Folksong Collection,REGEN REGEN SCHUREN,2/4,2/4,simples,0,12,24,40,7,maior,4
2885,Essen Folksong Collection,REIHE REIHE ROSE,2/4,2/4,simples,0,10,20,41,5,maior,0
2886,Essen Folksong Collection,REIM DICH ODR ICH FRESS DICH,2/4,2/4,simples,0,23.5,47,74,9,menor,1
2887,Essen Folksong Collection,RINGEL RINGEL REIHE,2/4,2/4,simples,0,8,16,26,5,maior,2
2888,Essen Folksong Collection,RINGEL RINGEL ROSE,2/4,2/4,simples,0,12,24,36,10,maior,3
2889,Essen Folksong Collection,RINGEL RINGEL ROSEN,2/4,2/4,simples,0,10,20,30,0,maior,4
2890,Essen Folksong Collection,RINGEL RINGEL ROSENKRANZ,2/4,2/4,simples,0,12,24,40,5,maior,0
2891,Essen Folksong Collection,RINGEL RINGEL ROSENKRANZ,2/4,2/4,simples,0,7.5,15,25,5,maior,1
2892,Essen Folksong Collection,RINGLE RINGLE REIHE,2/4,2/4,simples,0,7.75,15,31,5,maior,2
2893,Essen Folksong Collection,RIRARO DER SUMMERTAG IST DO,2/4,2/4,simples,0,15.5,31,42,5,maior,3
2894,Essen Folksong Collection,RITI RITI RESSLAE,2/4,2/4,simples,0,13.5,27,43,5,maior,4
2895,Essen Folksong Collection,ROHE ROHE SEIDE,2/4,2/4,simples,0,22,44,78,2,maior,0
2896,Essen Folksong Collection,ROMPEL TOMPEL TORIA,2/4,2/4,simples,0,8,16,29,0,maior,1
2897,Essen Folksong Collection,ROSEL WENN DU MEINE WAERST,2/4,2/4,simples,0,7.5,15,24,7,maior,2
2898,Essen Folksong Collection,ROSEN AUF DEN WEG GESTREUT,2/4,2/4,simples,0,16,32,69,6,menor,3
2899,Essen Folksong Collection,ROTHE KIRSCHEN ESS ICH GERN,2/4,2/4,simples,0,16,32,54,2,menor,4
2900,Essen Folksong Collection,ROTHE ROSEN BLUEHEN,2/4,2/4,simples,0,8,16,29,5,maior,0
2901,Essen Folksong Collection,RUMME RUMME ROSENKRANZ,2/4,2/4,simples,0,11,22,37,5,maior,1
2902,Essen Folksong Collection,RUNDGESANG UND GERSTENSAFT,2/4,2/4,simples,0,15.5,31,54,10,maior,2
2903,Essen Folksong Collection,RUPFE RUPFE GRAESCHEN,2/4,2/4,simples,0,7.5,15,26,5,maior,3
2904,Essen Folksong Collection,RURU RINNEKEN,2/4,2/4,simples,0,13.75,27,49,5,maior,4
2905,Essen Folksong Collection,Renduo shouduo haozhongtian,2/4,2/4,simples,0,45.5,91,131,6,menor,0
2906,Essen Folksong Collection,Renjia dou zai ni buzai,2/4,2/4,simples,0,8,16,32,7,menor,1
2907,Essen Folksong Collection,Renma wangxikai,2/4,2/4,simples,0,19,38,63,9,maior,2
2908,Essen Folksong Collection,Renmin de jiefang,2/4,2/4,simples,0,29,58,72,5,maior,3
2909,Essen Folksong Collection,Renmin gongshe jiushihao,2/4,2/4,simples,0,18,36,55,5,maior,4
2910,Essen Folksong Collection,Renmin gongshe shizai hao,2/4,2/4,simples,0,22,44,64,7,menor,0
2911,Essen Folksong Collection,Renmin gongshe zhenzheng hao,2/4,2/4,simples,0,44,88,170,7,maior,1
2912,Essen Folksong Collection,Renren doushuo hongjunhao,2/4,2/4,simples,0,13,26,43,5,maior,2
2913,Essen Folksong Collection,Renren qixin touyizhuang,2/4,2/4,simples,0,33,66,107,5,maior,3
2914,Essen Folksong Collection,Renxin qixiang gongchandang,2/4,2/4,simples,0,14,28,77,2,maior,4
2915,Essen Folksong Collection,Ritou chulai mantianhong,2/4,2/4,simples,0,24.5,49,55,4,menor,0
2916,Essen Folksong Collection,Ritou luo shan,2/4,2/4,simples,0,24,48,82,2,maior,1
2917,Essen Folksong Collection,Ritter und Magd,2/4,2/4,simples,2,8,16,33,7,maior,2
2918,Essen Folksong Collection,Ritter und Magd,2/4,2/4,simples,2,8,16,32,0,maior,3
2919,Essen Folksong Collection,Ritter und Magd,2/4,2/4,simples,2,8,16,35,10,maior,4
2920,Essen Folksong Collection,Ritter und Magd,2/4,2/4,simples,2,8,16,38,7,maior,0
2921,Essen Folksong Collection,Ritter und Magd,2/4,2/4,simples,2,8,16,33,2,maior,1
2922,Essen Folksong Collection,Ritter und Magd,2/4,2/4,simples,2,4.75,10,17,7,maior,2
2923,Essen Folksong Collection,Ritter und Magd,2/4,2/4,simples,6,9.5,19,31,7,maior,3
2924,Essen Folksong Collection,Ritter und Magd,2/4,2/4,simples,1,15.63,32,40,7,maior,4
2925,Essen Folksong Collection,Ritter und Magd,2/4,2/4,simples,0,7.75,15,27,7,maior,0
2926,Essen Folksong Collection,Ritter und Otter,2/4,2/4,simples,2,12,24,44,5,maior,1
2927,Essen Folksong Collection,Rizi yueguo yuexiangtian,2/4,2/4,simples,0,48,96,141,9,menor,2
2928,Essen Folksong Collection,Rujin shanqu dabutong,2/4,2/4,simples,0,15,30,50,9,maior,3
2929,Essen Folksong Collection,"Rundgesang (213), S. 464",2/4,2/4,simples,2,18,36,56,7,maior,4
2930,Essen Folksong Collection,"Rundgesang (3-30), S. 76f",2/4,2/4,simples,0,27,54,71,5,maior,0
2931,Essen Folksong Collection,"Ruschelputthennchen,",2/4,2/4,simples,0,16,32,47,0,maior,1
2932,Essen Folksong Collection,"Rtsel (207a), S. 453",2/4,2/4,simples,0,15.5,31,45,7,maior,2
2933,Essen Folksong Collection,S HAT SICH A KUKUK ZU TOD GESCHRIEN,2/4,2/4,simples,2,8,16,33,7,maior,3
2934,Essen Folksong Collection,S HAT SICH EIN KUCKUK ZU TOD GESCHRIEN,2/4,2/4,simples,2,8,16,30,7,maior,4
2935,Essen Folksong Collection,S IST EIN MANN IN BRUNN GEFALLN,2/4,2/4,simples,0,7.75,15,27,0,maior,0
2936,Essen Folksong Collection,SA SA SA DER ABT IST NICHT ZU HAUSE,2/4,2/4,simples,0,11.5,23,32,7,maior,1
2937,Essen Folksong Collection,SAECKE FLICKEN,2/4,2/4,simples,0,11.75,23,42,0,maior,2
2938,Essen Folksong Collection,SAG BRUDER WAS IST DIR,2/4,2/4,simples,2,27.75,56,92,7,maior,3
2939,Essen Folksong Collection,SAH EIN KNAB EIN ROESLEIN STEHN,2/4,2/4,simples,0,13.75,27,49,5,maior,4
2940,Essen Folksong Collection,SAH EIN KNAB EIN ROESLEIN STEHN,2/4,2/4,simples,0,14,28,46,5,maior,0
2941,Essen Folksong Collection,SALVAI GLORIAI,2/4,2/4,simples,0,25.5,51,79,5,maior,1
2942,Essen Folksong Collection,SAUSE KINGCHE SAUSE,2/4,2/4,simples,0,9.75,19,32,7,maior,2
2943,Essen Folksong Collection,SCHACKE SCHACKE REITERPFERD,2/4,2/4,simples,0,7.75,15,28,0,maior,3
2944,Essen Folksong Collection,SCHAETZCHEN REICH MIR DEINE HAND,2/4,2/4,simples,0,12,24,45,5,maior,4
2945,Essen Folksong Collection,SCHAETZICHEN WAS MACHEST DU,2/4,2/4,simples,6,10.25,21,40,5,maior,0
2946,Essen Folksong Collection,SCHIEBEN WIR DEN WAGEN,2/4,2/4,simples,0,15.5,31,52,5,maior,1
2947,Essen Folksong Collection,SCHLAF DU LIEBE KLEINE,2/4,2/4,simples,0,10,20,33,5,maior,2
2948,Essen Folksong Collection,SCHLAF KINDCHEN ALSO WOHL,2/4,2/4,simples,0,12,24,42,5,maior,3
2949,Essen Folksong Collection,SCHLAF KINDCHEN WOHLE,2/4,2/4,simples,0,8,16,29,5,maior,4
2950,Essen Folksong Collection,SCHLAF KINDKEN SCHLAFE,2/4,2/4,simples,0,9.75,19,34,5,maior,0
2951,Essen Folksong Collection,SCHLAF KINDLEIN FESTE,2/4,2/4,simples,0,10,20,33,5,maior,1
2952,Essen Folksong Collection,SCHLAF KINDLEIN SCHLAF,2/4,2/4,simples,0,9.5,19,31,5,maior,2
2953,Essen Folksong Collection,SCHLAF KINDLEIN SCHLAF,2/4,2/4,simples,0,9.5,19,30,5,maior,3
2954,Essen Folksong Collection,SCHLAF KINDLEIN SCHLAF,2/4,2/4,simples,0,8,16,27,5,maior,4
2955,Essen Folksong Collection,SCHLAF MAIN KINDERL SCHLAF,2/4,2/4,simples,0,9.5,19,32,5,maior,0
2956,Essen Folksong Collection,"SCHLAF, KINDEIN SCHLAF, DER VATER HUET'T DIE SCHAF'",2/4,2/4,simples,0,9.5,19,34,0,maior,1
2957,Essen Folksong Collection,SCHLOAP KINGEKEN SCHLOAP,2/4,2/4,simples,0,9.5,19,33,5,maior,2
2958,Essen Folksong Collection,SCHLOAP KINNEKEN SCHLOAP,2/4,2/4,simples,0,9.5,19,32,5,maior,3
2959,Essen Folksong Collection,SCHLUPPT ALLE DURCH,2/4,2/4,simples,2,14,28,51,2,maior,4
2960,Essen Folksong Collection,SCHNECKHAUS SCHNECKHAUS STECKE DEINE HOERNER AUS,2/4,2/4,simples,0,15,30,45,7,maior,0
2961,Essen Folksong Collection,SCHOEN HANNCHEN GING AM UFER,2/4,2/4,simples,2,7.75,16,26,5,maior,1
2962,Essen Folksong Collection,SCHOEN HEINRICH DER WOLLTE SPAZIEREN GEHN,2/4,2/4,simples,2,6,12,25,10,maior,2
2963,Essen Folksong Collection,SCHOEN IST DIE WELT,2/4,2/4,simples,0,7.5,15,24,7,maior,3
2964,Essen Folksong Collection,SCHOENSTER ABENDSTERN,2/4,2/4,simples,0,11.5,23,49,9,menor,4
2965,Essen Folksong Collection,SCHON WIEDER TOENT VOM SCHACHTE HER,2/4,2/4,simples,6,22.75,46,56,10,maior,0
2966,Essen Folksong Collection,SCHREIB DU AN JENEM ORTE,2/4,2/4,simples,2,8,16,28,5,maior,1
2967,Essen Folksong Collection,SCHWAEFELHOLZE,2/4,2/4,simples,0,23.5,47,90,5,maior,2
2968,Essen Folksong Collection,SCHWARZBRAUNES MAEGDELEIN,2/4,2/4,simples,0,11.5,23,41,9,maior,3
2969,Essen Folksong Collection,SCHWERIN DER HAT UNS KOMMANDIERT,2/4,2/4,simples,2,14,28,76,3,maior,4
2970,Essen Folksong Collection,SEHT IHR MEINE HERREN,2/4,2/4,simples,0,13.5,27,47,2,maior,0
2971,Essen Folksong Collection,SEHT JI HERRENS SEHT,2/4,2/4,simples,0,13,26,43,5,maior,1
2972,Essen Folksong Collection,SENTER KLOS DEN HEILGEN MANN,2/4,2/4,simples,0,13.75,27,50,4,menor,2
2973,Essen Folksong Collection,SENTER KLOS DEN HEILGEN MANN,2/4,2/4,simples,0,13.75,27,52,4,menor,3
2974,Essen Folksong Collection,SENTER KLOS ES EN BRAVE MANN,2/4,2/4,simples,0,7.75,15,28,7,maior,4
2975,Essen Folksong Collection,SETZT ZUSAMMEN DIE GEWEHRE,2/4,2/4,simples,0,34,68,69,3,maior,0
2976,Essen Folksong Collection,SIND WIR GESCHIEDEN,2/4,2/4,simples,2,16,32,47,7,menor,1
2977,Essen Folksong Collection,SIND WIR GESCHIEDEN,2/4,2/4,simples,2,16,32,49,9,menor,2
2978,Essen Folksong Collection,SINGT UND TRINKT,2/4,2/4,simples,0,10.5,21,34,9,menor,3
2979,Essen Folksong Collection,SINTE MARTENS VOGELTJE,2/4,2/4,simples,0,13,26,44,7,maior,4
2980,Essen Folksong Collection,SIPP SAPP SUNNNE,2/4,2/4,simples,0,9,18,29,7,maior,0
2981,Essen Folksong Collection,SISCH NO NIT LANG,2/4,2/4,simples,2,7.75,16,32,5,maior,1
2982,Essen Folksong Collection,SISCH NOCH NIT LANG,2/4,2/4,simples,2,14.75,30,59,10,maior,2
2983,Essen Folksong Collection,SIST EBENE MOENSCH UF ERDE,2/4,2/4,simples,2,16,32,67,9,menor,3
2984,Essen Folksong Collection,SIST NO NIT LANG,2/4,2/4,simples,2,7.75,16,36,5,maior,4
2985,Essen Folksong Collection,SO NIMM IHN HIN,2/4,2/4,simples,2,18.75,38,58,5,maior,0
2986,Essen Folksong Collection,SO TRET'N WIR NUN HERFUERE,2/4,2/4,simples,2,10,20,40,10,maior,1
2987,Essen Folksong Collection,SO TRETN WIR NUN HERFUERE,2/4,2/4,simples,2,10,20,40,7,maior,2
2988,Essen Folksong Collection,SO WILLST DU WIEDER EINSAM MICH VERLASSEN,2/4,2/4,simples,6,31.25,63,85,2,maior,3
2989,Essen Folksong Collection,SO WILLST DU WIEDER EINSAM MICH VERLASSEN,2/4,2/4,simples,6,31.25,63,87,2,maior,4
2990,Essen Folksong Collection,SO WUENSCH ICH IHR EIN GUTE NACHT,2/4,2/4,simples,2,24,48,71,5,maior,0
2991,Essen Folksong Collection,SPIELT MIR MAL DIE SIEBEN SPRUENGE,2/4,2/4,simples,0,10,20,33,7,maior,1
2992,Essen Folksong Collection,SPINN MAEGDLEIN SPINN,2/4,2/4,simples,0,10.5,21,31,10,maior,2
2993,Essen Folksong Collection,SPRING SIE AUF DIE KETTE,2/4,2/4,simples,0,18,36,47,5,maior,3
2994,Essen Folksong Collection,STAND ICH AUF HOHEM BERGE,2/4,2/4,simples,2,9.75,20,34,7,maior,4
2995,Essen Folksong Collection,STEH ICH IM FELD,2/4,2/4,simples,0,15.5,31,44,7,maior,0
2996,Essen Folksong Collection,STEH NUR AUF DU JUNGER SCHWEIZERBUA,2/4,2/4,simples,2,19.75,40,114,0,maior,1
2997,Essen Folksong Collection,STEHE ICH AM EISENGITTER,2/4,2/4,simples,0,11.5,23,32,5,maior,2
2998,Essen Folksong Collection,STILL STILL STILL DIE AUGEN AUFGEMACHT,2/4,2/4,simples,0,13.5,27,33,5,maior,3
2999,Essen Folksong Collection,STILLE STILLE KEIN GERAEUSCH GEMACHT,2/4,2/4,simples,0,11.5,23,32,2,maior,4
3000,Essen Folksong Collection,STOLZ HEINREICH DER WOLLT FREIEN GEHN,2/4,2/4,simples,2,7.75,16,37,4,maior,0
3001,Essen Folksong Collection,STOLZ HEINRICH DER WOLLT FREIEN GEHN,2/4,2/4,simples,2,11.75,24,41,9,menor,1
3002,Essen Folksong Collection,STOLZ SYBURG WOLLTE FREIEN GEHN,2/4,2/4,simples,2,11.75,24,43,9,menor,2
3003,Essen Folksong Collection,STORCH STORCH HEINI,2/4,2/4,simples,0,8,16,26,5,maior,3
3004,Essen Folksong Collection,STORCH STORCH STANE FLIEG UEBER HANE,2/4,2/4,simples,0,18,36,59,5,maior,4
3005,Essen Folksong Collection,STORCH STORCH STANNE,2/4,2/4,simples,0,10,20,31,5,maior,0
3006,Essen Folksong Collection,STUDIO AUF EINER REIS,2/4,2/4,simples,0,19.5,39,64,7,maior,1
3007,Essen Folksong Collection,STUDIO AUF EINER REIS,2/4,2/4,simples,0,19.5,39,64,7,maior,2
3008,Essen Folksong Collection,STUND ICH AUF HOHEN BERGEN,2/4,2/4,simples,2,11.75,24,50,2,menor,3
3009,Essen Folksong Collection,SUESSE HEILIGE NATUR,2/4,2/4,simples,4,8,16,42,3,maior,4
3010,Essen Folksong Collection,SUESSE HEILIGE NATUR LASS MICH GEHN,2/4,2/4,simples,4,8,16,42,3,maior,0
3011,Essen Folksong Collection,SUMMER SUMMER MAJE,2/4,2/4,simples,0,35.5,71,111,5,maior,1
3012,Essen Folksong Collection,SUSE KINDKEN SUSE,2/4,2/4,simples,0,9.75,19,33,7,maior,2
3013,Essen Folksong Collection,SWAR EINER DEMS IN HERZEN GING,2/4,2/4,simples,2,12,24,46,2,maior,3
3014,Essen Folksong Collection,SYV SPRING,2/4,2/4,simples,2,19.75,40,53,7,maior,4
3015,Essen Folksong Collection,San hua,2/4,2/4,simples,0,33,66,137,5,maior,0
3016,Essen Folksong Collection,San kan lang,2/4,2/4,simples,0,33,66,150,6,menor,1
3017,Essen Folksong Collection,San lengzi biandan jiandizi tong,2/4,2/4,simples,0,8,16,34,7,maior,2
3018,Essen Folksong Collection,Sanba shanzi,2/4,2/4,simples,0,19,38,118,2,maior,3
3019,Essen Folksong Collection,Sanbeijiu,2/4,2/4,simples,0,13,26,39,5,maior,4
3020,Essen Folksong Collection,Sanpen Shuixian,2/4,2/4,simples,0,20,40,60,7,maior,0
3021,Essen Folksong Collection,Sanshi li mingshan ershi li shui,2/4,2/4,simples,0,10,20,29,0,menor,1
3022,Essen Folksong Collection,Sanshili pu,2/4,2/4,simples,0,15,30,42,0,maior,2
3023,Essen Folksong Collection,Sanshinian panlaile gongchandang,2/4,2/4,simples,0,8,16,34,7,menor,3
3024,Essen Folksong Collection,Sanwu jiaojiao ritou an,2/4,2/4,simples,0,23,46,68,5,menor,4
3025,Essen Folksong Collection,Sanyuanli kang ying,2/4,2/4,simples,0,31,62,52,4,menor,0
3026,Essen Folksong Collection,Sanyuanli kangying,2/4,2/4,simples,0,31,62,52,4,menor,1
3027,Essen Folksong Collection,Sanyue li lai hao fengguang,2/4,2/4,simples,0,23.75,47,79,1,menor,2
3028,Essen Folksong Collection,Saw Ye My Father,2/4,2/4,simples,2,14,28,45,2,maior,3
3029,Essen Folksong Collection,"Schatz, bist du bs (179), S. 392",2/4,2/4,simples,0,16,32,44,2,maior,4
3030,Essen Folksong Collection,"Scherenschleifer (4-40), S. 54",2/4,2/4,simples,2,8,16,31,0,maior,0
3031,Essen Folksong Collection,"Schlecht gefreit (200), S. 436",2/4,2/4,simples,2,16,32,64,5,maior,1
3032,Essen Folksong Collection,"Schneiderlitchen, S. 37",2/4,2/4,simples,2,12,24,41,7,maior,2
3033,Essen Folksong Collection,Schon wieder toent's vom Schacht zurueck,2/4,2/4,simples,0,46,92,90,7,maior,3
3034,Essen Folksong Collection,"Schweizerimann, S. 45",2/4,2/4,simples,0,12.5,25,32,7,maior,4
3035,Essen Folksong Collection,"Schfer und Edelmann (7a), S. 42",2/4,2/4,simples,2,19.75,40,74,0,maior,0
3036,Essen Folksong Collection,"Schfer und Edelmann (7c), S. 45",2/4,2/4,simples,4,20,40,52,0,maior,1
3037,Essen Folksong Collection,"Schfer und Edelmann (7d), S. 47",2/4,2/4,simples,4,15,30,41,0,maior,2
3038,Essen Folksong Collection,"Schn Elschen (3-54), S. 142",2/4,2/4,simples,2,9.75,20,35,5,maior,3
3039,Essen Folksong Collection,Schnste von allen (2-12) S. 43,2/4,2/4,simples,2,16,32,49,7,maior,4
3040,Essen Folksong Collection,Sha luo dai chou,2/4,2/4,simples,0,8.75,17,32,9,menor,0
3041,Essen Folksong Collection,Shajicanange,2/4,2/4,simples,0,25,50,59,7,maior,1
3042,Essen Folksong Collection,Shang Sichuan,2/4,2/4,simples,0,14,28,56,7,maior,2
3043,Essen Folksong Collection,Shang guangxi,2/4,2/4,simples,0,9,18,38,9,menor,3
3044,Essen Folksong Collection,Shangchashan,2/4,2/4,simples,0,20,40,80,4,menor,4
3045,Essen Folksong Collection,"Shange,yao chang chang dasheng",2/4,2/4,simples,0,24.75,49,90,7,maior,0
3046,Essen Folksong Collection,Shanhua tuyanfenwaixiang,2/4,2/4,simples,0,33,66,111,5,maior,1
3047,Essen Folksong Collection,Shannanhaibei dou zhaohong,2/4,2/4,simples,0,12,24,37,10,maior,2
3048,Essen Folksong Collection,Shanshang wushu chenghuangshan,2/4,2/4,simples,2,10.25,21,43,9,menor,3
3049,Essen Folksong Collection,Shanyaodan,2/4,2/4,simples,0,23,46,75,4,maior,4
3050,Essen Folksong Collection,Shehui zhuyi jinguangdao,2/4,2/4,simples,0,16,32,46,5,maior,0
3051,Essen Folksong Collection,Sheli meiyou xiaonangua,2/4,2/4,simples,0,11.5,23,46,9,menor,1
3052,Essen Folksong Collection,Sheng jizi jiao ming,2/4,2/4,simples,4,23,46,66,10,maior,2
3053,Essen Folksong Collection,Shengchan mang,2/4,2/4,simples,0,23,46,82,2,maior,3
3054,Essen Folksong Collection,Shengchanle,2/4,2/4,simples,0,21,42,76,9,maior,4
3055,Essen Folksong Collection,Shengsi liangxianglian,2/4,2/4,simples,0,18,36,65,5,maior,0
3056,Essen Folksong Collection,Shenme hua kai shuang dui shuang,2/4,2/4,simples,0,16,32,66,9,menor,1
3057,Essen Folksong Collection,Sheyuan gege jifei mang,2/4,2/4,simples,0,8,16,40,0,maior,2
3058,Essen Folksong Collection,Sheyuan gege mangshouge,2/4,2/4,simples,0,10,20,45,9,menor,3
3059,Essen Folksong Collection,Sheyuan gege xiyangyang,2/4,2/4,simples,0,26,52,112,7,menor,4
3060,Essen Folksong Collection,Shi bei jiu,2/4,2/4,simples,0,20,40,54,0,menor,0
3061,Essen Folksong Collection,Shi er yue shu,2/4,2/4,simples,0,16,32,50,5,menor,1
3062,Essen Folksong Collection,Shi xiu xie,2/4,2/4,simples,0,11,22,44,2,maior,2
3063,Essen Folksong Collection,Shiba shanzi,2/4,2/4,simples,0,8,16,31,7,menor,3
3064,Essen Folksong Collection,Shier yue,2/4,2/4,simples,0,17,34,61,4,menor,4
3065,Essen Folksong Collection,Shier yue changgong ge,2/4,2/4,simples,0,15,30,42,5,maior,0
3066,Essen Folksong Collection,Shier yue huaming,2/4,2/4,simples,0,10,20,35,5,maior,1
3067,Essen Folksong Collection,Shierge yue caicha,2/4,2/4,simples,0,16,32,66,10,maior,2
3068,Essen Folksong Collection,Shiergeyue,2/4,2/4,simples,0,17.75,35,73,7,menor,3
3069,Essen Folksong Collection,Shieryue qiao niang,2/4,2/4,simples,0,8,16,35,3,maior,4
3070,Essen Folksong Collection,Shihenxin,2/4,2/4,simples,0,12,24,46,3,maior,0
3071,Essen Folksong Collection,Shili changchong hao fengguang,2/4,2/4,simples,0,29,58,90,7,maior,1
3072,Essen Folksong Collection,Shiliting,2/4,2/4,simples,0,17,34,46,2,maior,2
3073,Essen Folksong Collection,Shiliu hua kai hong yanyan,2/4,2/4,simples,0,49,98,210,2,maior,3
3074,Essen Folksong Collection,Shiliuqing,2/4,2/4,simples,0,17,34,49,8,maior,4
3075,Essen Folksong Collection,Shiyue ge,2/4,2/4,simples,0,24,48,92,5,maior,0
3076,Essen Folksong Collection,Shiyue hongdeng,2/4,2/4,simples,0,21.5,43,69,4,menor,1
3077,Essen Folksong Collection,Shizan zhixinren,2/4,2/4,simples,0,13,26,51,2,maior,2
3078,Essen Folksong Collection,Shoutou de zhuangjia yi pian huang,2/4,2/4,simples,0,31,62,99,6,menor,3
3079,Essen Folksong Collection,Shu yadan,2/4,2/4,simples,0,16,32,75,7,maior,4
3080,Essen Folksong Collection,Shuang dai honghua shang Beijing,2/4,2/4,simples,0,15,30,55,2,maior,0
3081,Essen Folksong Collection,Shuangqing xiaoyangge,2/4,2/4,simples,0,46,92,124,0,maior,1
3082,Essen Folksong Collection,Shuanzhu taiyang hao ganhuo,2/4,2/4,simples,0,8,16,25,11,menor,2
3083,Essen Folksong Collection,Shuzhuang tai,2/4,2/4,simples,0,17,34,76,7,maior,3
3084,Essen Folksong Collection,Si bao zhu zhu,2/4,2/4,simples,0,18,36,45,7,maior,4
3085,Essen Folksong Collection,Si ji ge,2/4,2/4,simples,0,14,28,46,9,maior,0
3086,Essen Folksong Collection,Sibao kang changgong,2/4,2/4,simples,0,38.75,77,89,10,maior,1
3087,Essen Folksong Collection,"Siehgst an doch do koemmt er, kleena Schrittla nimmt er",2/4,2/4,simples,0,8,16,27,0,maior,2
3088,Essen Folksong Collection,"Siehgst an net, do kuemmt er, klaana Schrittla nimmt er",2/4,2/4,simples,0,8,16,26,0,maior,3
3089,Essen Folksong Collection,"Siehgst as net, da kimmt er, der mit seim Zylinder",2/4,2/4,simples,0,8,16,28,0,maior,4
3090,Essen Folksong Collection,"Siehgst du net do kummt er, der besuffne Schinder",2/4,2/4,simples,0,8,16,26,7,maior,0
3091,Essen Folksong Collection,"Siehst du wohl, da kimmt er, grosse Schritte nimmt er",2/4,2/4,simples,0,8,16,26,5,maior,1
3092,Essen Folksong Collection,"Siehst du wohl, da kummt er, lange Schritte nimmt er",2/4,2/4,simples,0,8,16,26,5,maior,2
3093,Essen Folksong Collection,Sifang xiongdi daojintian,2/4,2/4,simples,0,12,24,41,9,maior,3
3094,Essen Folksong Collection,Siji Shengchan,2/4,2/4,simples,0,18,36,61,9,maior,4
3095,Essen Folksong Collection,Siji dushu ge,2/4,2/4,simples,0,19,38,70,7,maior,0
3096,Essen Folksong Collection,Siji hua,2/4,2/4,simples,0,38,76,131,5,maior,1
3097,Essen Folksong Collection,Siji hua kai,2/4,2/4,simples,0,19,38,77,2,maior,2
3098,Essen Folksong Collection,Siji hua kai,2/4,2/4,simples,0,22,44,98,2,maior,3
3099,Essen Folksong Collection,Siji xiaochang,2/4,2/4,simples,0,22,44,80,7,maior,4
3100,Essen Folksong Collection,Sijige,2/4,2/4,simples,0,16,32,65,5,maior,0
3101,Essen Folksong Collection,Sijile,2/4,2/4,simples,0,16,32,83,0,maior,1
3102,Essen Folksong Collection,Sipan,2/4,2/4,simples,0,7.5,15,38,4,maior,2
3103,Essen Folksong Collection,Sipan,2/4,2/4,simples,0,30,60,102,4,maior,3
3104,Essen Folksong Collection,Sipan,2/4,2/4,simples,0,29.5,59,133,4,maior,4
3105,Essen Folksong Collection,Sipan,2/4,2/4,simples,0,16,32,48,4,maior,0
3106,Essen Folksong Collection,Sixiang qi,2/4,2/4,simples,0,21,42,78,7,menor,1
3107,Essen Folksong Collection,"Sixt as da, da kimmt er, klaana Schrittla nimmt er",2/4,2/4,simples,0,8,16,26,9,maior,2
3108,Essen Folksong Collection,"Sixt as net, da kuemmt er, klaana Schrittla nimmt er",2/4,2/4,simples,0,8,16,26,0,maior,3
3109,Essen Folksong Collection,"Sixt as net, do kummt er, lange Schrittla nimmt er",2/4,2/4,simples,0,8,16,26,11,menor,4
3110,Essen Folksong Collection,"So reiden de Heren, S. 10f",2/4,2/4,simples,2,12,24,45,2,maior,0
3111,Essen Folksong Collection,"Soldaten faát euch Mut (4-33), S. 46",2/4,2/4,simples,4,13,26,41,7,maior,1
3112,Essen Folksong Collection,"Soldaten hab ich lieb (154), S. 336",2/4,2/4,simples,2,13.75,28,47,4,menor,2
3113,Essen Folksong Collection,"Soldatenelend (150), S. 330f",2/4,2/4,simples,0,15.5,31,51,7,maior,3
3114,Essen Folksong Collection,Song Zhangfu,2/4,2/4,simples,0,16,32,37,7,maior,4
3115,Essen Folksong Collection,Song lang dang hongjun,2/4,2/4,simples,0,16,32,40,10,maior,0
3116,Essen Folksong Collection,Song liwu,2/4,2/4,simples,0,30,60,85,10,maior,1
3117,Essen Folksong Collection,Song qing lang,2/4,2/4,simples,0,14,28,47,0,menor,2
3118,Essen Folksong Collection,Song qing lang,2/4,2/4,simples,0,16,32,74,5,maior,3
3119,Essen Folksong Collection,Song zidibing shangqanxian,2/4,2/4,simples,0,8,16,37,2,menor,4
3120,Essen Folksong Collection,Songgege canjun,2/4,2/4,simples,0,8,16,28,2,maior,0
3121,Essen Folksong Collection,Songjingshi Zaofan,2/4,2/4,simples,0,21,42,54,7,maior,1
3122,Essen Folksong Collection,Songlang,2/4,2/4,simples,0,16,32,58,8,maior,2
3123,Essen Folksong Collection,Songlang canjun,2/4,2/4,simples,0,24,48,74,5,maior,3
3124,Essen Folksong Collection,Songlang danghongjun,2/4,2/4,simples,0,15,30,49,10,maior,4
3125,Essen Folksong Collection,Songlang songdao dalushang,2/4,2/4,simples,0,9,18,27,6,menor,0
3126,Essen Folksong Collection,"Sonntagsfreud (4-77), S. 98",2/4,2/4,simples,2,11.75,24,56,5,maior,1
3127,Essen Folksong Collection,Spazierende Schferin (2-67) S. 203,2/4,2/4,simples,2,13.75,28,47,3,maior,2
3128,Essen Folksong Collection,Subei youge Chenjiangjun,2/4,2/4,simples,0,19,38,84,5,maior,3
3129,Essen Folksong Collection,Suo luo lian,2/4,2/4,simples,0,44,88,115,4,menor,4
3130,Essen Folksong Collection,"Suse, Buebiken, suse,",2/4,2/4,simples,0,13.75,27,48,5,maior,0
3131,Essen Folksong Collection,Suwugeng,2/4,2/4,simples,0,16,32,52,9,menor,1
3132,Essen Folksong Collection,TANZ LIEBCHEN TANZ,2/4,2/4,simples,0,19.5,39,63,2,maior,2
3133,Essen Folksong Collection,TANZ MIR MAL DIE SIEBENSPRUENGE,2/4,2/4,simples,0,13.5,27,50,7,maior,3
3134,Essen Folksong Collection,TANZ TANZ BUTZEMANN,2/4,2/4,simples,0,11.5,23,38,7,maior,4
3135,Essen Folksong Collection,THAELCHEN SANFT DICH NEIGEND,2/4,2/4,simples,0,11.75,23,39,4,maior,0
3136,Essen Folksong Collection,TOENNEKEN TOENNEKEN OP DEN DRAG,2/4,2/4,simples,0,8,16,29,4,menor,1
3137,Essen Folksong Collection,TRARIRA DER SOMMER DER IST DA,2/4,2/4,simples,0,11.5,23,38,0,maior,2
3138,Essen Folksong Collection,TRARIRO DER SOMMER DER IST DO,2/4,2/4,simples,0,11.5,23,34,5,maior,3
3139,Essen Folksong Collection,TRARIRO DER SOMMER DER IST DO,2/4,2/4,simples,0,11.5,23,36,5,maior,4
3140,Essen Folksong Collection,TRARIRO DER SOMMER DER IST DO,2/4,2/4,simples,0,11.75,23,38,0,maior,0
3141,Essen Folksong Collection,TRES FACIUNT COLEGIUM,2/4,2/4,simples,2,17.75,36,63,7,maior,1
3142,Essen Folksong Collection,TRINKEN SANG ANAKREON,2/4,2/4,simples,0,23.5,47,69,7,maior,2
3143,Essen Folksong Collection,TRUTZ NIT SO,2/4,2/4,simples,0,8,16,30,5,maior,3
3144,Essen Folksong Collection,TUK TUK  TUK MIEN HAEHNEKEN,2/4,2/4,simples,0,7.5,15,27,5,maior,4
3145,Essen Folksong Collection,Tai shitou,2/4,2/4,simples,0,9,18,30,10,maior,0
3146,Essen Folksong Collection,Taihang minbing,2/4,2/4,simples,0,8,16,26,7,maior,1
3147,Essen Folksong Collection,Taiyang chulai hongdundun,2/4,2/4,simples,0,27.5,55,88,11,menor,2
3148,Essen Folksong Collection,Taiyang chulai man tian hong,2/4,2/4,simples,0,36.25,72,158,2,maior,3
3149,Essen Folksong Collection,Taiyang chulai xiyangyang,2/4,2/4,simples,0,10,20,27,9,maior,4
3150,Essen Folksong Collection,Taiyang dang ding zheng dang zhong,2/4,2/4,simples,4,21.5,43,83,10,maior,0
3151,Essen Folksong Collection,Tan shi sheng,2/4,2/4,simples,0,17,34,69,5,maior,1
3152,Essen Folksong Collection,Tanqinglang,2/4,2/4,simples,0,8,16,23,5,maior,2
3153,Essen Folksong Collection,"Tanzweisen (4-99), S. 131",2/4,2/4,simples,2,19.5,39,54,7,maior,3
3154,Essen Folksong Collection,Tao nan,2/4,2/4,simples,0,8,16,29,9,maior,4
3155,Essen Folksong Collection,Taohuangge,2/4,2/4,simples,0,10,20,52,7,maior,0
3156,Essen Folksong Collection,Taonan,2/4,2/4,simples,0,11,22,46,7,maior,1
3157,Essen Folksong Collection,Taonan Xiaodiao,2/4,2/4,simples,2,22.25,45,100,2,maior,2
3158,Essen Folksong Collection,Tian wuwu,2/4,2/4,simples,0,24,48,70,9,menor,3
3159,Essen Folksong Collection,Tian xin shun,2/4,2/4,simples,0,8,16,24,7,maior,4
3160,Essen Folksong Collection,Tianjun dailai taipingchun,2/4,2/4,simples,0,10,20,40,11,menor,0
3161,Essen Folksong Collection,Tianshui xianglian haofengguang,2/4,2/4,simples,0,19,38,75,7,maior,1
3162,Essen Folksong Collection,Tiao shui diao,2/4,2/4,simples,0,14,28,43,7,maior,2
3163,Essen Folksong Collection,Tiaodan Haozi,2/4,2/4,simples,0,15,30,56,6,menor,3
3164,Essen Folksong Collection,Tichu haozi,2/4,2/4,simples,0,32,64,159,10,maior,4
3165,Essen Folksong Collection,Tiqi balujun,2/4,2/4,simples,0,21,42,82,1,menor,0
3166,Essen Folksong Collection,Tochter als Faehnrich,2/4,2/4,simples,2,10.75,22,44,7,maior,1
3167,Essen Folksong Collection,Tong qian ge,2/4,2/4,simples,0,13,26,62,10,maior,2
3168,Essen Folksong Collection,Tongnian ge,2/4,2/4,simples,0,9.75,19,41,9,menor,3
3169,Essen Folksong Collection,Tongqian ge,2/4,2/4,simples,0,63,126,227,7,menor,4
3170,Essen Folksong Collection,Tongyang xifu ku nan dang,2/4,2/4,simples,0,24,48,75,3,maior,0
3171,Essen Folksong Collection,Tongzi kaihua duo dui duo,2/4,2/4,simples,0,18,36,50,5,maior,1
3172,Essen Folksong Collection,Totenlied (2-18) S. 61,2/4,2/4,simples,4,8,16,23,5,maior,2
3173,Essen Folksong Collection,"Tracht des Waldbauernbuben (260), S. 557f",2/4,2/4,simples,0,19.5,39,48,0,maior,3
3174,Essen Folksong Collection,"Trau di, liebe Margaret, wie oft hab ich dei Wiesla gmaeht",2/4,2/4,simples,0,7.5,15,29,0,maior,4
3175,Essen Folksong Collection,"Treue Liebe (85), S. 228",2/4,2/4,simples,0,7.5,15,22,10,maior,0
3176,Essen Folksong Collection,"Treue Liebe (85), S. 229",2/4,2/4,simples,0,7.5,15,22,10,maior,1
3177,Essen Folksong Collection,"Trinkzeremonie (212), S. 463",2/4,2/4,simples,2,8,16,31,2,maior,2
3178,Essen Folksong Collection,Tudi huanjia,2/4,2/4,simples,0,9,18,36,10,maior,3
3179,Essen Folksong Collection,Tuhuang luozi tuo jiuli,2/4,2/4,simples,0,8,16,31,10,maior,4
3180,Essen Folksong Collection,Tuichuan haozi,2/4,2/4,simples,0,37,74,135,10,maior,0
3181,Essen Folksong Collection,Tujia changqi jingsaige,2/4,2/4,simples,0,20,40,66,11,menor,1
3182,Essen Folksong Collection,Tuolaji yikai xizaizanxintao,2/4,2/4,simples,0,9,18,38,4,maior,2
3183,Essen Folksong Collection,"Trichte Kinder dieser Welt (5-97), S. 153",2/4,2/4,simples,0,20.5,41,63,9,menor,3
3184,Essen Folksong Collection,UEBER DIE BESCHWERDEN DIESES LEBENS,2/4,2/4,simples,4,18,36,89,7,maior,4
3185,Essen Folksong Collection,UEBERALL BIN ICH ZUHAUSE,2/4,2/4,simples,0,24.5,49,77,2,maior,0
3186,Essen Folksong Collection,UND ALS AN GRUENER SEITE,2/4,2/4,simples,2,8,16,26,10,maior,1
3187,Essen Folksong Collection,UND ALS DIE SCHNEIDER JAHRESTAG HATTEN,2/4,2/4,simples,2,9.75,20,33,7,maior,2
3188,Essen Folksong Collection,UND ALS DIE SCHNEIDER JAHRESTAG HATTN,2/4,2/4,simples,2,34,68,114,7,maior,3
3189,Essen Folksong Collection,UND MIT DEN HAENDEN KLAPP,2/4,2/4,simples,2,23.75,48,98,5,maior,4
3190,Essen Folksong Collection,UND SCHAU ICH HIN,2/4,2/4,simples,2,15.75,32,53,9,maior,0
3191,Essen Folksong Collection,UND SCHAU ICH HIN SO SCHAUST DU HER,2/4,2/4,simples,2,23.75,48,90,0,maior,1
3192,Essen Folksong Collection,UND WENN DIE FINSTRE NACHT THUT KOMMEN,2/4,2/4,simples,2,20,40,56,9,maior,2
3193,Essen Folksong Collection,UNSER ALTER STABSVERWALTER,2/4,2/4,simples,0,15.5,31,54,5,maior,3
3194,Essen Folksong Collection,UNSER HANS HAT HOSEN AN,2/4,2/4,simples,0,15.5,31,49,7,menor,4
3195,Essen Folksong Collection,Uralter Pfingstreigen,2/4,2/4,simples,2,10,20,35,4,menor,0
3196,Essen Folksong Collection,VALET ZUM THOR HINAUS,2/4,2/4,simples,2,12.75,26,43,7,maior,1
3197,Essen Folksong Collection,VATER NOAH WEINERFINDER,2/4,2/4,simples,0,23.5,47,53,7,maior,2
3198,Essen Folksong Collection,VEILE ROSE BLIAEMELEIN,2/4,2/4,simples,0,12,24,44,7,maior,3
3199,Essen Folksong Collection,VERLASSEN HAB ICH DER HEIMATH ORT,2/4,2/4,simples,2,15.75,32,56,7,maior,4
3200,Essen Folksong Collection,VERSTOHLEN GEHT DER MOND AUF,2/4,2/4,simples,2,10,20,37,9,menor,0
3201,Essen Folksong Collection,VERSTOHLEN GEHT DER MOND AUF,2/4,2/4,simples,2,10,20,37,0,menor,1
3202,Essen Folksong Collection,VETTER MICHEL WOHNT,2/4,2/4,simples,2,9,18,51,2,maior,2
3203,Essen Folksong Collection,VICTORIA VICTORIA,2/4,2/4,simples,2,9,18,35,0,maior,3
3204,Essen Folksong Collection,VIVAT BACCHUS BACCHUS LEBE,2/4,2/4,simples,0,41.5,83,127,5,maior,4
3205,Essen Folksong Collection,VOEGLEIN SINGEN VOEGLEIN SPRINGEN,2/4,2/4,simples,0,16,32,40,9,maior,0
3206,Essen Folksong Collection,VON DIR MUSS ICH SCHEIDEN,2/4,2/4,simples,0,15.5,31,47,7,menor,1
3207,Essen Folksong Collection,VON DIR MUSS ICH SCHEIDEN,2/4,2/4,simples,0,7.5,15,23,5,maior,2
3208,Essen Folksong Collection,Vater und Tochter,2/4,2/4,simples,2,9.75,20,35,7,maior,3
3209,Essen Folksong Collection,Vater und Tochter,2/4,2/4,simples,2,11.75,24,39,7,maior,4
3210,Essen Folksong Collection,Vater und Tochter,2/4,2/4,simples,0,23.5,47,78,7,maior,0
3211,Essen Folksong Collection,Vater und Tochter,2/4,2/4,simples,2,11.75,24,39,7,maior,1
3212,Essen Folksong Collection,Vater und Tochter,2/4,2/4,simples,2,13,26,40,7,maior,2
3213,Essen Folksong Collection,"Vergebliche Warnung (80a), S. 218",2/4,2/4,simples,2,15.75,32,52,7,maior,3
3214,Essen Folksong Collection,Verkehrtes Lied (2-100) S. 291,2/4,2/4,simples,2,8.75,18,33,7,maior,4
3215,Essen Folksong Collection,Verschlafener Jaeger,2/4,2/4,simples,2,7.75,16,29,7,maior,0
3216,Essen Folksong Collection,Verschnapplied (2-99) S. 289,2/4,2/4,simples,2,8,16,34,5,maior,1
3217,Essen Folksong Collection,"Vierter Tanz (Band 1), S. 267",2/4,2/4,simples,0,19.75,39,65,2,maior,2
3218,Essen Folksong Collection,"Vogellied (3-18), S. 63",2/4,2/4,simples,2,7.75,16,26,7,maior,3
3219,Essen Folksong Collection,Voltigeurs (2-54) S. 172,2/4,2/4,simples,2,8,16,43,2,maior,4
3220,Essen Folksong Collection,"Vor Liebchens Tr (72a), S.2o6,",2/4,2/4,simples,4,15,30,36,9,menor,0
3221,Essen Folksong Collection,"Vor meines Liebchens Tr (4-72), S. 92",2/4,2/4,simples,0,23.5,47,64,0,maior,1
3222,Essen Folksong Collection,WACH AUF MEINS HERZENS SCHOENE,2/4,2/4,simples,2,14,28,49,5,maior,2
3223,Essen Folksong Collection,WAER ICH EIN MUNTERES VOEGELEIN,2/4,2/4,simples,2,15.5,31,64,7,maior,3
3224,Essen Folksong Collection,"WAER ICH EIN WILDER FALKE, ICH WOLLT MICH SCHWINGEN AUS",2/4,2/4,simples,2,8,16,37,5,maior,4
3225,Essen Folksong Collection,WAR EINST EIN RIESE GOLIATH,2/4,2/4,simples,2,11.75,24,44,2,maior,0
3226,Essen Folksong Collection,WARUM BLICKT DOCH SO VERSTOHLEN,2/4,2/4,simples,4,15.75,31,63,7,maior,1
3227,Essen Folksong Collection,WAS FUEHR ICH DENN SO FUERN TRAURIGES LEBEN,2/4,2/4,simples,2,15.75,32,45,4,menor,2
3228,Essen Folksong Collection,WAS KUEMMERT MICH DIE GANZE WELT,2/4,2/4,simples,2,19.75,40,81,3,maior,3
3229,Essen Folksong Collection,WAS SINGT DAS VOEGLEIN KLEINE,2/4,2/4,simples,2,12.75,26,28,2,maior,4
3230,Essen Folksong Collection,WAS SOLL ICH DENN NUN SINGEN,2/4,2/4,simples,2,15.75,32,53,5,maior,0
3231,Essen Folksong Collection,WAS SPINNST DU FRAGTE NACHBARS FRITZ,2/4,2/4,simples,2,18,36,74,0,maior,1
3232,Essen Folksong Collection,WAS TRUG MARIA UNTER IHREM HERZEN,2/4,2/4,simples,2,10,20,41,7,maior,2
3233,Essen Folksong Collection,WAS WILLST DU IN DER FREMDE THUN,2/4,2/4,simples,2,9.75,20,39,5,maior,3
3234,Essen Folksong Collection,WAS WIRST DU MIR MITBRINGEN,2/4,2/4,simples,2,11.75,24,40,5,maior,4
3235,Essen Folksong Collection,WAS WOLLEN DIE HAUSAREN ESSEN,2/4,2/4,simples,2,19.75,40,55,7,maior,0
3236,Essen Folksong Collection,WAT DOOD EER MET DAE MOLL,2/4,2/4,simples,2,9.75,20,33,2,maior,1
3237,Essen Folksong Collection,WAT HAEWWK DENN MIENEM SCHAETZCHEN,2/4,2/4,simples,2,7.75,16,25,7,maior,2
3238,Essen Folksong Collection,WAT ZULLEN ONS PATRIOTJENS EETEN,2/4,2/4,simples,3,13,26,64,5,maior,3
3239,Essen Folksong Collection,WELCHES IST DIE SCHOENSTE UNTER DIESEN ALL,2/4,2/4,simples,0,11.5,23,32,5,maior,4
3240,Essen Folksong Collection,WEN HYR EN PUT MIT BONEN STEIT,2/4,2/4,simples,2,15.75,32,56,7,maior,0
3241,Essen Folksong Collection,WENN ALLE BRUENNLEIN FLIESSEN,2/4,2/4,simples,2,13.75,28,52,7,maior,1
3242,Essen Folksong Collection,WENN DU BEI MEIN SCHAETZCHEN KOMMST,2/4,2/4,simples,0,15.75,31,56,2,maior,2
3243,Essen Folksong Collection,"WENN DU BEI MEIN SCHAETZCHEN KOMMST, SAG: ICH LIESS SIE GRUESSEN",2/4,2/4,simples,0,16,32,56,2,maior,3
3244,Essen Folksong Collection,WENN DU IN MI GOSSLI GOHST,2/4,2/4,simples,0,13.75,27,48,7,maior,4
3245,Essen Folksong Collection,WENN DU WILLST MEIN SCHAETZCHEN BLEIBEN,2/4,2/4,simples,0,7.75,15,28,0,maior,0
3246,Essen Folksong Collection,WENN FROMME KINDLEIN SCHLAFEN GEHN,2/4,2/4,simples,2,8,16,33,2,menor,1
3247,Essen Folksong Collection,WENN ICH ANS HEIRATHEN DENKE,2/4,2/4,simples,2,17.75,36,62,10,maior,2
3248,Essen Folksong Collection,WENN ICH MAL ZU HAUS WERD SEIN,2/4,2/4,simples,0,12,24,42,7,maior,3
3249,Essen Folksong Collection,WENN MAN BEIM WEIN SITZT,2/4,2/4,simples,0,23.75,47,75,11,menor,4
3250,Essen Folksong Collection,WENN MEIN PFEIFCHEN DAMPFT UND GLUEHT,2/4,2/4,simples,0,15.75,31,60,2,maior,0
3251,Essen Folksong Collection,WENN MICH NUR MEIN ROESCHEN LIEBT,2/4,2/4,simples,0,15.63,31,74,5,maior,1
3252,Essen Folksong Collection,WENN MIRS DER HERR NICHT FUER UNGUT,2/4,2/4,simples,0,23.5,47,72,7,maior,2
3253,Essen Folksong Collection,WENN SICH DIE HAHNEN KRAEHEN,2/4,2/4,simples,2,7.75,16,28,2,menor,3
3254,Essen Folksong Collection,WENN SICH DIE HAHNEN KRAEHEN,2/4,2/4,simples,2,7.75,16,26,2,menor,4
3255,Essen Folksong Collection,WENN SICH ZWEI HERZEN SCHEIDEN,2/4,2/4,simples,0,15.5,31,57,9,menor,0
3256,Essen Folksong Collection,WENN WIR FAHREN AUF DIE SEE,2/4,2/4,simples,0,15.5,31,43,0,maior,1
3257,Essen Folksong Collection,WENNS KIRMSE WIRD,2/4,2/4,simples,2,7.75,16,35,7,maior,2
3258,Essen Folksong Collection,WER DIE GANS GESTOHLEN HAT,2/4,2/4,simples,0,11.5,23,31,5,maior,3
3259,Essen Folksong Collection,WER DIE GANS GESTOHLEN HAT,2/4,2/4,simples,0,12,24,34,0,maior,4
3260,Essen Folksong Collection,WER DIESEN RING NICHT FINDEN KANN,2/4,2/4,simples,2,15.25,31,54,7,maior,0
3261,Essen Folksong Collection,WER EINE GANS GESTOHLEN HAT,2/4,2/4,simples,2,9.75,20,30,3,maior,1
3262,Essen Folksong Collection,WER HAT DEN SCHLUESSEL ZUM GARTEN,2/4,2/4,simples,2,12.25,25,48,0,maior,2
3263,Essen Folksong Collection,WER HAT DIE SCHOENSTEN SCHAEFCHEN,2/4,2/4,simples,2,11.75,24,39,7,maior,3
3264,Essen Folksong Collection,WER HAT DIE SCHOENSTEN SCHAEFCHEN,2/4,2/4,simples,2,16,32,56,2,maior,4
3265,Essen Folksong Collection,WER HAT LUST MIT MIR ZU ZIEHEN,2/4,2/4,simples,0,22.5,45,63,5,maior,0
3266,Essen Folksong Collection,WER NIEMALS EINEN RAUSCH GEHABT,2/4,2/4,simples,2,25.75,52,105,0,maior,1
3267,Essen Folksong Collection,WER NIEMALS EINEN RAUSCH GEHABT,2/4,2/4,simples,2,32,64,132,5,maior,2
3268,Essen Folksong Collection,WER SAGT MIR WO WEINSBERG LIEGT,2/4,2/4,simples,1,11.88,24,51,0,maior,3
3269,Essen Folksong Collection,WER SO EIN FAULES GRETCHEN HAT,2/4,2/4,simples,4,21,42,69,7,maior,4
3270,Essen Folksong Collection,WER WILL UNTER DIE SOLDATEN,2/4,2/4,simples,4,35,70,102,2,maior,0
3271,Essen Folksong Collection,WIE HERRLICH LEUCHTET MIR DIE NATUR,2/4,2/4,simples,2,23.75,48,73,3,maior,1
3272,Essen Folksong Collection,WIE KOMMTS DASS DU SO TRAURIG BIST,2/4,2/4,simples,2,7.75,16,36,5,maior,2
3273,Essen Folksong Collection,WIE KUMM ICH DENN DIE POORTS HERIN,2/4,2/4,simples,2,11.75,24,43,4,menor,3
3274,Essen Folksong Collection,WIE MACHENS DENN DIE SCHNEIDER,2/4,2/4,simples,2,15.75,32,48,2,maior,4
3275,Essen Folksong Collection,WIE REIZEND WIE WONNIG IST ALLES UMHER,2/4,2/4,simples,2,15.75,32,44,7,maior,0
3276,Essen Folksong Collection,WIE RUHEST DU SO STILLE,2/4,2/4,simples,2,12.75,26,43,7,maior,1
3277,Essen Folksong Collection,WIE WOLLEN EIN BISSCHEN SPAZIEREN GEHN,2/4,2/4,simples,2,4,8,17,0,maior,2
3278,Essen Folksong Collection,WIEDERUM HAT STILLE NACHT,2/4,2/4,simples,0,15.75,31,66,3,maior,3
3279,Essen Folksong Collection,WILL ICH IN MEIN GAERTCHEN GEHN,2/4,2/4,simples,0,7.75,15,32,7,maior,4
3280,Essen Folksong Collection,WILL ICH IN MEIN GAERTCHEN GEHN,2/4,2/4,simples,0,7.75,15,32,7,maior,0
3281,Essen Folksong Collection,WILLST DU MEINEN WILHELM HABN,2/4,2/4,simples,0,8,16,28,10,maior,1
3282,Essen Folksong Collection,WIR FAHREN AUF DER GRUENEN SEE,2/4,2/4,simples,2,13.75,28,47,0,maior,2
3283,Essen Folksong Collection,WIR GINGN EINMAL NACH SCHWABEN,2/4,2/4,simples,2,10,20,35,5,maior,3
3284,Essen Folksong Collection,WIR PREUSSISCHE HUSAREN,2/4,2/4,simples,2,23.75,48,74,7,maior,4
3285,Essen Folksong Collection,WIR REISEN DURCH JERUSALEM,2/4,2/4,simples,2,7.75,16,24,0,maior,0
3286,Essen Folksong Collection,WIR TRETEN AUF DIE KETTE,2/4,2/4,simples,2,19.75,40,64,5,maior,1
3287,Essen Folksong Collection,"WIR WAREN UNSER EINS, WIR WAREN UNSER ZWEI",2/4,2/4,simples,2,22.75,46,59,5,maior,2
3288,Essen Folksong Collection,WIR WINDEN DIR DEN JUNGFERNKRANZ,2/4,2/4,simples,2,16,32,75,0,maior,3
3289,Essen Folksong Collection,WIR WOLLN EINMAL SPAZIEREN GEHN,2/4,2/4,simples,2,15.75,32,54,7,maior,4
3290,Essen Folksong Collection,WO MAG DENN WOHL MEIN CHRISTIAN SIN,2/4,2/4,simples,2,23.75,48,85,7,maior,0
3291,Essen Folksong Collection,WO SOLL ICH MICH HINKEHREN,2/4,2/4,simples,2,16,32,51,9,menor,1
3292,Essen Folksong Collection,WO ZUR FROHEN FEIERSTUNDE,2/4,2/4,simples,0,31.5,63,82,5,maior,2
3293,Essen Folksong Collection,WOHL AUF ES RUFT DER SONNENSCHEIN,2/4,2/4,simples,2,15.75,32,68,0,maior,3
3294,Essen Folksong Collection,WOHL AUF IHR NARREN ZIEHT ALL MIT MIR,2/4,2/4,simples,2,6,12,24,7,maior,4
3295,Essen Folksong Collection,WOHL AUF NOCH GETRUNKEN,2/4,2/4,simples,2,15.75,32,53,10,maior,0
3296,Essen Folksong Collection,WOHL AUF ZUM TANZ,2/4,2/4,simples,2,9.75,20,40,10,maior,1
3297,Essen Folksong Collection,WOHL HEUTE NOCH UND MORGEN,2/4,2/4,simples,2,11.75,24,43,5,maior,2
3298,Essen Folksong Collection,WOHL IST DER HERBST EIN EHRENMANN,2/4,2/4,simples,1,9.88,20,48,7,maior,3
3299,Essen Folksong Collection,WOHL UNTER EINER LINDE SCHLIEF ICH DIE NACHT,2/4,2/4,simples,2,7.75,16,28,7,maior,4
3300,Essen Folksong Collection,WOHL UNTER GRUENEN BAEUMELEIN,2/4,2/4,simples,2,7.75,16,28,7,maior,0
3301,Essen Folksong Collection,WOHLAN DIE ZEIT IST KOMMEN,2/4,2/4,simples,2,23.75,48,88,5,maior,1
3302,Essen Folksong Collection,WOHLAN DIE ZEIT IST KOMMEN,2/4,2/4,simples,2,15.75,32,61,9,maior,2
3303,Essen Folksong Collection,WOL IN DER HAUPTSTADT DANZIG,2/4,2/4,simples,2,12,24,50,4,menor,3
3304,Essen Folksong Collection,WOL UNTER EINER LINDE SCHLIEF,2/4,2/4,simples,2,7.75,16,28,7,maior,4
3305,Essen Folksong Collection,WOLLN DIE WEISEN FRAUEN FRAGEN,2/4,2/4,simples,0,8,16,28,0,maior,0
3306,Essen Folksong Collection,"Wahl des Brutigams (184), S. 402",2/4,2/4,simples,0,13.5,27,44,0,maior,1
3307,Essen Folksong Collection,"Waldesjagd (3-53), S. 155",2/4,2/4,simples,2,16,32,59,5,maior,2
3308,Essen Folksong Collection,Wang daniang ding gang,2/4,2/4,simples,0,12,24,48,5,maior,3
3309,Essen Folksong Collection,"Wang ersao guonian, 2)",2/4,2/4,simples,0,74.75,149,208,7,maior,4
3310,Essen Folksong Collection,Wang lang po,2/4,2/4,simples,0,13,26,47,7,maior,0
3311,Essen Folksong Collection,Wang sanjie ganji,2/4,2/4,simples,0,6.75,13,42,11,maior,1
3312,Essen Folksong Collection,"Wang yanan, An Yan'an die Blicke schweifen lassen)",2/4,2/4,simples,0,17,34,61,7,maior,2
3313,Essen Folksong Collection,Wangdaniang weiji renren kua,2/4,2/4,simples,0,22,44,69,9,menor,3
3314,Essen Folksong Collection,Wangjian ritou jiu chutou,2/4,2/4,simples,0,9.5,19,29,11,menor,4
3315,Essen Folksong Collection,Wannian baishu qianniansong,2/4,2/4,simples,0,9,18,36,0,maior,0
3316,Essen Folksong Collection,"Was braucht man auf dem Bauerndorf? (222), S. 479",2/4,2/4,simples,2,15.75,32,56,7,maior,1
3317,Essen Folksong Collection,"Was die Gans hat (283), S. 597",2/4,2/4,simples,2,20.75,42,67,7,maior,2
3318,Essen Folksong Collection,Wawa shuikeke,2/4,2/4,simples,0,8,16,39,10,maior,3
3319,Essen Folksong Collection,Wei shenme qiongfu ren xiangge zhe qianli tiaotiao,2/4,2/4,simples,0,29,58,78,11,menor,4
3320,Essen Folksong Collection,Weigong pugezhai,2/4,2/4,simples,0,8,16,40,5,maior,0
3321,Essen Folksong Collection,"Well der wesse wie mer sein, S. 13",2/4,2/4,simples,0,12,24,38,5,maior,1
3322,Essen Folksong Collection,"Wenn ich ein Waldvgelein wr (4-52), S. 70",2/4,2/4,simples,2,19.75,40,55,7,maior,2
3323,Essen Folksong Collection,"Wenn ich heim soll gehn (293), S. 608",2/4,2/4,simples,4,13,26,37,7,maior,3
3324,Essen Folksong Collection,"Wenn ich hungrig und traurig bin (120), S. 278",2/4,2/4,simples,0,8,16,30,0,maior,4
3325,Essen Folksong Collection,"Wenn ich nur ein Mdchen wát (4-74), S. 94",2/4,2/4,simples,0,16,32,61,3,maior,0
3326,Essen Folksong Collection,Wenzhou huagu,2/4,2/4,simples,0,16,32,31,5,menor,1
3327,Essen Folksong Collection,"Wer ? (112), S. 266f",2/4,2/4,simples,2,27.75,56,70,7,maior,2
3328,Essen Folksong Collection,"Werbung (77), S.214",2/4,2/4,simples,2,9.75,20,33,7,maior,3
3329,Essen Folksong Collection,"Wie soll ich tun? (3-87), S. 240",2/4,2/4,simples,2,14.75,30,45,7,maior,4
3330,Essen Folksong Collection,"Wiederbegegnung auf dem Kirchweg (172), S.379",2/4,2/4,simples,2,15.75,32,37,7,maior,0
3331,Essen Folksong Collection,Wiedersehen an der Bahre,2/4,2/4,simples,2,11.75,24,47,0,maior,1
3332,Essen Folksong Collection,"Wiegenlied (3-100), S. 271",2/4,2/4,simples,0,15.75,31,56,7,maior,2
3333,Essen Folksong Collection,Wildbretgang (2-59) S. 184,2/4,2/4,simples,0,23.5,47,60,2,maior,3
3334,Essen Folksong Collection,Winterrosen,2/4,2/4,simples,2,12,24,32,10,maior,4
3335,Essen Folksong Collection,Winterrosen,2/4,2/4,simples,2,11,22,29,0,maior,0
3336,Essen Folksong Collection,Winterrosen,2/4,2/4,simples,4,16,32,54,7,maior,1
3337,Essen Folksong Collection,Winterrosen,2/4,2/4,simples,2,8,16,30,7,maior,2
3338,Essen Folksong Collection,"Wir haben verloren ein Blmelein, S. 18",2/4,2/4,simples,2,7.75,16,19,5,maior,3
3339,Essen Folksong Collection,Wo da changgong shi jiannan,2/4,2/4,simples,0,13,26,46,11,menor,4
3340,Essen Folksong Collection,Wo de gege dangle hongjun,2/4,2/4,simples,0,26,52,95,2,menor,0
3341,Essen Folksong Collection,Wo sui hongjun nao geming,2/4,2/4,simples,0,11,22,45,6,menor,1
3342,Essen Folksong Collection,Wo wang shang hu huo zhao li,2/4,2/4,simples,0,33.5,67,90,7,menor,2
3343,Essen Folksong Collection,Wo yiren kanle yi tai xi,2/4,2/4,simples,0,43,86,151,5,maior,3
3344,Essen Folksong Collection,Wo yiren kanle yi tai xi,2/4,2/4,simples,0,81,162,271,5,maior,4
3345,Essen Folksong Collection,Wo zai Guizhou guiyang fu,2/4,2/4,simples,0,15,30,57,7,maior,0
3346,Essen Folksong Collection,Woge,2/4,2/4,simples,0,16,32,63,3,maior,1
3347,Essen Folksong Collection,Women sheli changxinge,2/4,2/4,simples,0,10,20,28,9,maior,2
3348,Essen Folksong Collection,Wuduo huaer kai,2/4,2/4,simples,0,17,34,54,0,menor,3
3349,Essen Folksong Collection,Wuge fang yang,2/4,2/4,simples,0,103,206,382,9,maior,4
3350,Essen Folksong Collection,Wugenggu,2/4,2/4,simples,0,12,24,45,7,menor,0
3351,Essen Folksong Collection,Wuxi jing,2/4,2/4,simples,0,16,32,68,0,maior,1
3352,Essen Folksong Collection,Wuyi laodongjie,2/4,2/4,simples,0,15,30,59,0,maior,2
3353,Essen Folksong Collection,Wuyue Zaiyiang,2/4,2/4,simples,0,8,16,28,2,menor,3
3354,Essen Folksong Collection,Wuzhishanshang yingxiongduo,2/4,2/4,simples,0,14,28,52,2,maior,4
3355,Essen Folksong Collection,Wuzhuang baojiaxiang,2/4,2/4,simples,0,12,24,43,9,maior,0
3356,Essen Folksong Collection,Xi de yangmiao xiao kai yan,2/4,2/4,simples,0,20,40,56,2,maior,1
3357,Essen Folksong Collection,Xi huanggua,2/4,2/4,simples,0,15,30,53,9,menor,2
3358,Essen Folksong Collection,Xi kan fengshou jing,2/4,2/4,simples,0,8,16,32,2,menor,3
3359,Essen Folksong Collection,Xi qing fengshou hao renao,2/4,2/4,simples,0,16,32,52,7,menor,4
3360,Essen Folksong Collection,Xia guandong,2/4,2/4,simples,0,31.5,63,79,5,maior,0
3361,Essen Folksong Collection,Xia laoying,2/4,2/4,simples,0,6,12,27,5,maior,1
3362,Essen Folksong Collection,Xia sichuan,2/4,2/4,simples,0,9,18,44,5,maior,2
3363,Essen Folksong Collection,Xian hua,2/4,2/4,simples,0,32,64,82,9,menor,3
3364,Essen Folksong Collection,Xian hua ge,2/4,2/4,simples,0,12,24,50,3,maior,4
3365,Essen Folksong Collection,Xiangei lingxiu xiangei dang,2/4,2/4,simples,0,26,52,74,2,maior,0
3366,Essen Folksong Collection,Xiangqi wushi laodage,2/4,2/4,simples,0,16,32,63,2,maior,1
3367,Essen Folksong Collection,Xiangsi pu,2/4,2/4,simples,0,12,24,55,4,maior,2
3368,Essen Folksong Collection,Xiao fangniu,2/4,2/4,simples,0,22,44,72,5,maior,3
3369,Essen Folksong Collection,Xiao kanxi,2/4,2/4,simples,0,20,40,73,2,maior,4
3370,Essen Folksong Collection,Xiao nu xu,2/4,2/4,simples,0,12,24,51,4,menor,0
3371,Essen Folksong Collection,Xiao nuxu,2/4,2/4,simples,0,12,24,51,2,menor,1
3372,Essen Folksong Collection,Xiao ta qing,2/4,2/4,simples,0,22,44,78,7,maior,2
3373,Essen Folksong Collection,Xiaochanggong,2/4,2/4,simples,0,25,50,58,2,menor,3
3374,Essen Folksong Collection,Xiaoxaio liyu fenhong sai,2/4,2/4,simples,0,24,48,102,2,maior,4
3375,Essen Folksong Collection,Xifu shou zhemo,2/4,2/4,simples,0,8,16,18,4,maior,0
3376,Essen Folksong Collection,Xifu zou niangjia,2/4,2/4,simples,0,11.5,23,43,2,maior,1
3377,Essen Folksong Collection,Xin dongbeifeng,2/4,2/4,simples,0,24.75,49,73,11,menor,2
3378,Essen Folksong Collection,Xin nongcun,2/4,2/4,simples,0,8,16,41,2,maior,3
3379,Essen Folksong Collection,Xin saosao,2/4,2/4,simples,0,8.5,17,29,2,menor,4
3380,Essen Folksong Collection,Xinda lunchuan xia jianghe,2/4,2/4,simples,0,10,20,41,7,maior,0
3381,Essen Folksong Collection,Xing fu ge,2/4,2/4,simples,0,27,54,86,0,maior,1
3382,Essen Folksong Collection,"Xingfu Huar,biandixiang",2/4,2/4,simples,0,16,32,64,5,maior,2
3383,Essen Folksong Collection,Xingfu dalu Gongchandang Kai,2/4,2/4,simples,0,8,16,29,2,menor,3
3384,Essen Folksong Collection,Xingfu shenghuo lehehe,2/4,2/4,simples,0,11.75,23,39,9,menor,4
3385,Essen Folksong Collection,Xingfuyiang,2/4,2/4,simples,0,29,58,97,7,menor,0
3386,Essen Folksong Collection,Xingjunge,2/4,2/4,simples,0,8,16,26,7,maior,1
3387,Essen Folksong Collection,Xinnongcun xiaochang,2/4,2/4,simples,0,29.5,59,79,0,maior,2
3388,Essen Folksong Collection,Xinshang cishan,2/4,2/4,simples,0,30,60,95,4,menor,3
3389,Essen Folksong Collection,Xinsijun dongjin guo wozhuang,2/4,2/4,simples,0,20,40,78,2,maior,4
3390,Essen Folksong Collection,Xinsijun laidao bantajie,2/4,2/4,simples,0,9.75,19,34,5,maior,0
3391,Essen Folksong Collection,Xintianyou,2/4,2/4,simples,0,8,16,21,10,maior,1
3392,Essen Folksong Collection,Xiu he bao,2/4,2/4,simples,0,9,18,36,2,menor,2
3393,Essen Folksong Collection,Xiu he bao,2/4,2/4,simples,0,14,28,73,0,maior,3
3394,Essen Folksong Collection,Xiu he bao,2/4,2/4,simples,0,8,16,30,7,maior,4
3395,Essen Folksong Collection,Xiu he bao,2/4,2/4,simples,0,21.75,43,79,2,menor,0
3396,Essen Folksong Collection,Xiu he bao,2/4,2/4,simples,0,8,16,28,0,maior,1
3397,Essen Folksong Collection,Xiu hebao,2/4,2/4,simples,0,43,86,90,2,menor,2
3398,Essen Folksong Collection,Xiu hebao,2/4,2/4,simples,0,8,16,29,7,maior,3
3399,Essen Folksong Collection,Xiu hebao,2/4,2/4,simples,0,8,16,37,0,menor,4
3400,Essen Folksong Collection,Xiu hongdeng,2/4,2/4,simples,0,25,50,84,2,maior,0
3401,Essen Folksong Collection,Xiu hua,2/4,2/4,simples,0,29,58,123,10,maior,1
3402,Essen Folksong Collection,"Xiu jin bian, Goldinschriften sticken)",2/4,2/4,simples,0,8,16,44,0,menor,2
3403,Essen Folksong Collection,Xiu mudan,2/4,2/4,simples,0,37,74,133,9,menor,3
3404,Essen Folksong Collection,Xiu yifu baihua dou ren ai,2/4,2/4,simples,0,22,44,81,2,menor,4
3405,Essen Folksong Collection,Xiuchu Siji chun,2/4,2/4,simples,0,20,40,56,7,maior,0
3406,Essen Folksong Collection,Xiuhao huaihe zhuangjia hao,2/4,2/4,simples,0,15,30,34,5,maior,1
3407,Essen Folksong Collection,Xiuzhenzha,2/4,2/4,simples,0,54,108,171,4,maior,2
3408,Essen Folksong Collection,Yang diao,2/4,2/4,simples,0,25,50,97,5,maior,3
3409,Essen Folksong Collection,Yang guan ge,2/4,2/4,simples,0,8,16,33,9,maior,4
3410,Essen Folksong Collection,Yangque ti,2/4,2/4,simples,0,20,40,90,2,maior,0
3411,Essen Folksong Collection,Yao nuan zai ge,2/4,2/4,simples,0,14,28,28,10,maior,1
3412,Essen Folksong Collection,Yao shi laotian bu yia yu,2/4,2/4,simples,0,16,32,63,9,menor,2
3413,Essen Folksong Collection,Yao zi ge,2/4,2/4,simples,0,10,20,25,11,menor,3
3414,Essen Folksong Collection,Yaogong shiertan,2/4,2/4,simples,0,24,48,73,5,maior,4
3415,Essen Folksong Collection,Yaolan qu,2/4,2/4,simples,0,17,34,80,5,maior,0
3416,Essen Folksong Collection,Yaorang qiannian liushui wei renmin,2/4,2/4,simples,0,19,38,83,2,maior,1
3417,Essen Folksong Collection,Yenghongjunge,2/4,2/4,simples,0,28,56,77,7,maior,2
3418,Essen Folksong Collection,Yi gan hongqi kongzhong piao,2/4,2/4,simples,0,8,16,25,7,maior,3
3419,Essen Folksong Collection,Yi xi yishang er wang lang,2/4,2/4,simples,0,24,48,83,9,maior,4
3420,Essen Folksong Collection,Yi xia tian lai ba kou kai,2/4,2/4,simples,0,12,24,31,2,maior,0
3421,Essen Folksong Collection,Yi xin xiangzhe Mao Zedong,2/4,2/4,simples,0,8,16,34,0,maior,1
3422,Essen Folksong Collection,Yibeizi wangbuliao maozedong,2/4,2/4,simples,0,22,44,65,6,menor,2
3423,Essen Folksong Collection,Yiduo molihua,2/4,2/4,simples,0,14,28,54,7,maior,3
3424,Essen Folksong Collection,Yigen biandan,2/4,2/4,simples,0,8,16,22,5,maior,4
3425,Essen Folksong Collection,Yigen miansha bucheng xian,2/4,2/4,simples,0,21,42,71,2,maior,0
3426,Essen Folksong Collection,Yigengen zhudan liangtoujian,2/4,2/4,simples,0,16,32,76,3,maior,1
3427,Essen Folksong Collection,Yijiuerjiunian,2/4,2/4,simples,0,14,28,46,7,maior,2
3428,Essen Folksong Collection,Yijiuerwunian,2/4,2/4,simples,0,19,38,72,0,maior,3
3429,Essen Folksong Collection,Yili xia tu yike yang,2/4,2/4,simples,0,16,32,50,11,menor,4
3430,Essen Folksong Collection,Yingchuangwang bunaliang,2/4,2/4,simples,0,17,34,68,5,maior,0
3431,Essen Folksong Collection,Yintao hao chi shu nan zai,2/4,2/4,simples,0,9,18,25,9,maior,1
3432,Essen Folksong Collection,Yinyin kun,2/4,2/4,simples,0,22,44,41,2,menor,2
3433,Essen Folksong Collection,Yipian shulin gen lian gen,2/4,2/4,simples,0,19,38,62,2,menor,3
3434,Essen Folksong Collection,Yiqu meijian lan de xin,2/4,2/4,simples,0,26,52,58,10,menor,4
3435,Essen Folksong Collection,Yitiao dalu quwanwan,2/4,2/4,simples,0,5,10,23,7,menor,0
3436,Essen Folksong Collection,Yiwang yuxia yiwangliang,2/4,2/4,simples,0,19,38,55,10,maior,1
3437,Essen Folksong Collection,Yiwangyulai yiwangliang,2/4,2/4,simples,0,8,16,40,0,menor,2
3438,Essen Folksong Collection,Yizhi niaozai xiaoqouqou,2/4,2/4,simples,0,14,28,33,4,menor,3
3439,Essen Folksong Collection,Yonghu balu jun,2/4,2/4,simples,0,24,48,70,5,maior,4
3440,Essen Folksong Collection,Yonghu gongchandang,2/4,2/4,simples,0,24,48,60,7,maior,0
3441,Essen Folksong Collection,Yongjun Huagunge,2/4,2/4,simples,0,23,46,85,5,maior,1
3442,Essen Folksong Collection,Yongjunaimin naolianhuan,2/4,2/4,simples,0,19,38,71,2,maior,2
3443,Essen Folksong Collection,Yongyuan huainian zhou zong li,2/4,2/4,simples,0,9,18,32,2,menor,3
3444,Essen Folksong Collection,Youchun,2/4,2/4,simples,0,8,16,38,10,maior,4
3445,Essen Folksong Collection,"Youchun, 2)",2/4,2/4,simples,0,30,60,115,10,maior,0
3446,Essen Folksong Collection,Youjidui dadehao,2/4,2/4,simples,0,17,34,53,5,maior,1
3447,Essen Folksong Collection,Yu bu sa hua hua bu hong,2/4,2/4,simples,0,15.5,31,55,2,menor,2
3448,Essen Folksong Collection,Yu min haozi,2/4,2/4,simples,0,20,40,66,7,maior,3
3449,Essen Folksong Collection,Yuanjia tihu ba jiuquan,2/4,2/4,simples,0,9,18,40,9,maior,4
3450,Essen Folksong Collection,Yuanyang jia laodiao,2/4,2/4,simples,0,85.75,171,249,7,maior,0
3451,Essen Folksong Collection,Yuanyang jia laodiao,2/4,2/4,simples,0,60,120,154,7,maior,1
3452,Essen Folksong Collection,Yuanyuan kan mei mei fei lai,2/4,2/4,simples,0,47,94,190,7,maior,2
3453,Essen Folksong Collection,Yue er wan wan zhao jiu zhou,2/4,2/4,simples,0,17,34,64,10,maior,3
3454,Essen Folksong Collection,Yueguang ge,2/4,2/4,simples,0,14,28,36,7,maior,4
3455,Essen Folksong Collection,Yueliang wanwan zhao jiuzhou,2/4,2/4,simples,0,25,50,76,9,menor,0
3456,Essen Folksong Collection,Yueya wugeng,2/4,2/4,simples,0,26,52,96,7,maior,1
3457,Essen Folksong Collection,Yujia aichang dagange,2/4,2/4,simples,0,15.75,31,57,2,maior,2
3458,Essen Folksong Collection,Yun tian ge,2/4,2/4,simples,0,20,40,68,5,maior,3
3459,Essen Folksong Collection,Yuqi kangqing shierye,2/4,2/4,simples,0,16,32,43,0,maior,4
3460,Essen Folksong Collection,Yanjing xiaochang,2/4,2/4,simples,0,12,24,44,0,maior,0
3461,Essen Folksong Collection,Z LAUTERBACH HAB I MEI STRUMPF VERLOREN,2/4,2/4,simples,0,11.5,23,35,0,maior,1
3462,Essen Folksong Collection,Z NACHT WENN DER MOND SCHEINT,2/4,2/4,simples,0,16,32,52,7,maior,2
3463,Essen Folksong Collection,ZAU DICH FRAU,2/4,2/4,simples,0,39.5,79,116,10,maior,3
3464,Essen Folksong Collection,ZEHN GAENS IM HABERSTROH,2/4,2/4,simples,4,8,16,26,5,maior,4
3465,Essen Folksong Collection,ZIEHE DURCH DURCH DIE GOLDNE BRUECKE,2/4,2/4,simples,0,12,24,41,2,maior,0
3466,Essen Folksong Collection,ZIEHT DER DEUTSCHE IN DEN KRIEG,2/4,2/4,simples,0,16.5,33,28,0,maior,1
3467,Essen Folksong Collection,ZU FRANKFURTH  STAND EIN SCHIENES HAUS,2/4,2/4,simples,2,10,20,43,2,maior,2
3468,Essen Folksong Collection,ZU MEINER ZEIT BESTAND NOCH RECHT UND BILLIGKEIT,2/4,2/4,simples,2,27.75,56,89,7,maior,3
3469,Essen Folksong Collection,ZU PRESSBURG STELL ICHS MEIN UNGLUECK,2/4,2/4,simples,2,9.75,20,32,10,maior,4
3470,Essen Folksong Collection,ZU STEFFEN SPRACH IM TRAUME,2/4,2/4,simples,2,18,36,67,3,maior,0
3471,Essen Folksong Collection,ZU WESEL AUF DER SCHANZ,2/4,2/4,simples,2,11.75,24,39,3,maior,1
3472,Essen Folksong Collection,"ZU WESEL AUF DER SCHANZ, DA STAND EIN JUNGER KNABE",2/4,2/4,simples,2,12,24,40,7,maior,2
3473,Essen Folksong Collection,Zai wanyang,2/4,2/4,simples,0,20,40,70,6,menor,3
3474,Essen Folksong Collection,Zai yang ge,2/4,2/4,simples,0,12,24,46,8,maior,4
3475,Essen Folksong Collection,"Zaldotemarsch (3-5), S. 14f",2/4,2/4,simples,0,21.5,43,67,5,maior,0
3476,Essen Folksong Collection,Zanmen de hongjun shi li zhong,2/4,2/4,simples,0,8,16,24,4,menor,1
3477,Essen Folksong Collection,Zanmen de ling xiu Mao Zedong,2/4,2/4,simples,0,22,44,57,0,menor,2
3478,Essen Folksong Collection,Zaosong dajun xiajiangnan,2/4,2/4,simples,0,26,52,84,7,menor,3
3479,Essen Folksong Collection,Zhai chazi,2/4,2/4,simples,0,8.75,17,38,7,menor,4
3480,Essen Folksong Collection,Zhai hongling,2/4,2/4,simples,0,20,40,55,11,menor,0
3481,Essen Folksong Collection,Zhai mianhua,2/4,2/4,simples,0,8,16,32,7,maior,1
3482,Essen Folksong Collection,Zhai youcha,2/4,2/4,simples,0,16,32,54,11,menor,2
3483,Essen Folksong Collection,Zhaicha guniang xinhuanchang,2/4,2/4,simples,0,24,48,84,0,maior,3
3484,Essen Folksong Collection,Zhaimianhua,2/4,2/4,simples,0,17,34,75,7,maior,4
3485,Essen Folksong Collection,Zhangsheng you si,2/4,2/4,simples,0,39,78,108,9,menor,0
3486,Essen Folksong Collection,Zhanzai lengkanshang manhuar,2/4,2/4,simples,0,13.25,26,38,4,menor,1
3487,Essen Folksong Collection,Zhapu tiange,2/4,2/4,simples,0,11,22,39,7,maior,2
3488,Essen Folksong Collection,Zhen Dui hua,2/4,2/4,simples,0,32,64,106,7,menor,3
3489,Essen Folksong Collection,Zhengduihua,2/4,2/4,simples,0,32,64,106,7,menor,4
3490,Essen Folksong Collection,Zhi shoujin,2/4,2/4,simples,0,14,28,45,5,maior,0
3491,Essen Folksong Collection,Zhi shoujin,2/4,2/4,simples,0,16,32,79,5,maior,1
3492,Essen Folksong Collection,Zhi shoujin,2/4,2/4,simples,0,15.75,31,84,2,menor,2
3493,Essen Folksong Collection,Zhihuai xiaodiao,2/4,2/4,simples,0,16,32,81,4,maior,3
3494,Essen Folksong Collection,Zhijian qingsong bujian hua,2/4,2/4,simples,0,15.75,31,41,7,maior,4
3495,Essen Folksong Collection,Zhiwen Jiangjieshi,2/4,2/4,simples,0,23.5,47,92,9,menor,0
3496,Essen Folksong Collection,Zhiyuan qianfang da shengzhang,2/4,2/4,simples,0,21,42,74,7,maior,1
3497,Essen Folksong Collection,Zhongren kangshan shan hui dong,2/4,2/4,simples,0,20,40,56,4,menor,2
3498,Essen Folksong Collection,Zhouzongli laidao zanzaiqu,2/4,2/4,simples,0,16,32,66,1,menor,3
3499,Essen Folksong Collection,Zhouzongli shicha gongshelai,2/4,2/4,simples,0,14,28,59,0,maior,4
3500,Essen Folksong Collection,Zhouzongli zai huazongzhong xiaole,2/4,2/4,simples,0,18,36,59,9,maior,0
3501,Essen Folksong Collection,Zhouzongli zuoke daowojia,2/4,2/4,simples,0,16,32,59,7,maior,1
3502,Essen Folksong Collection,Zhuguohuo,2/4,2/4,simples,0,16,32,46,2,menor,2
3503,Essen Folksong Collection,Zhuhaiti,2/4,2/4,simples,0,104.5,209,366,1,menor,3
3504,Essen Folksong Collection,Zhujian haojiao xiangdudu,2/4,2/4,simples,0,34,68,95,9,menor,4
3505,Essen Folksong Collection,Zhujiazhuangshang fang yingtai,2/4,2/4,simples,0,41,82,113,7,maior,0
3506,Essen Folksong Collection,Zhuo yangren,2/4,2/4,simples,0,27,54,72,9,menor,1
3507,Essen Folksong Collection,Zhuzongsiling daoguanting,2/4,2/4,simples,0,10.75,21,50,7,maior,2
3508,Essen Folksong Collection,"Zimmerleute (244), S. 523",2/4,2/4,simples,4,12,24,39,5,maior,3
3509,Essen Folksong Collection,Zou jiangzhou,2/4,2/4,simples,0,21,42,67,9,maior,4
3510,Essen Folksong Collection,Zou xikou,2/4,2/4,simples,0,15,30,40,4,maior,0
3511,Essen Folksong Collection,Zou xikou,2/4,2/4,simples,0,15.5,31,45,0,maior,1
3512,Essen Folksong Collection,"Zou xikou, 1)",2/4,2/4,simples,0,8,16,37,10,maior,2
3513,Essen Folksong Collection,"Zou xikou, 2)",2/4,2/4,simples,0,14,28,43,10,maior,3
3514,Essen Folksong Collection,Zoule yipuo changyipuo,2/4,2/4,simples,0,19,38,50,0,maior,4
3515,Essen Folksong Collection,"Zu Arel op der Knippchen (1-25), S. 67",2/4,2/4,simples,2,15.75,32,56,7,maior,0
3516,Essen Folksong Collection,"Zu Arel op der Knippchen, S. 33f",2/4,2/4,simples,4,15.88,31,56,7,maior,1
3517,Essen Folksong Collection,"Zu Arel op der Knippchen, S. 34f",2/4,2/4,simples,2,7.75,16,27,9,menor,2
3518,Essen Folksong Collection,"Zu Straáburg, zu Straáburg (3-36), S. 113",2/4,2/4,simples,2,11.75,24,44,5,maior,3
3519,Essen Folksong Collection,"Zum Abschied (166), S. 361",2/4,2/4,simples,0,14.5,29,29,7,maior,4
3520,Essen Folksong Collection,Zuo junxie,2/4,2/4,simples,0,12,24,32,10,maior,0
3521,Essen Folksong Collection,Zuo lou ge,2/4,2/4,simples,0,15,30,68,6,menor,1
3522,Essen Folksong Collection,"Zur Unzeit (39), S. 128f",2/4,2/4,simples,2,8,16,30,2,maior,2
3523,Essen Folksong Collection,hong xiu xie,2/4,2/4,simples,0,24,48,86,0,maior,3
3524,Essen Folksong Collection,yyixin canjia xinsijun,2/4,2/4,simples,0,27,54,88,2,maior,4
3525,Essen Folksong Collection,"djes Gretchen! (168), S. 366",2/4,2/4,simples,4,8,16,29,7,maior,0
3526,Essen Folksong Collection,"""Abendlied""",3/4,3/4,simples,6,9.83,30,48,9,maior,1
3527,Essen Folksong Collection,"""Altdeutsches Kampflied""",3/4,3/4,simples,4,16,48,52,4,menor,2
3528,Essen Folksong Collection,"""Alter Leittanz""",3/4,3/4,simples,4,24,72,78,0,maior,3
3529,Essen Folksong Collection,"""Argwohn""",3/4,3/4,simples,4,16,48,61,0,maior,4
3530,Essen Folksong Collection,"""Auf der Alm""",3/4,3/4,simples,4,23.67,71,106,7,maior,0
3531,Essen Folksong Collection,"""Auf der Lauer""",3/4,3/4,simples,6,15.83,48,76,4,maior,1
3532,Essen Folksong Collection,"""Beim Ritt auf dem Knie""",3/4,3/4,simples,0,10.67,32,30,9,menor,2
3533,Essen Folksong Collection,"""Bierlied""",3/4,3/4,simples,0,11.67,35,49,3,maior,3
3534,Essen Folksong Collection,"""Bitte und Gewaehrung""",3/4,3/4,simples,4,7.67,23,35,5,maior,4
3535,Essen Folksong Collection,"""Das Daennerl im Thal""",3/4,3/4,simples,0,18,54,70,8,maior,0
3536,Essen Folksong Collection,"""Das Dutzend voll""",3/4,3/4,simples,4,11.67,35,35,5,menor,1
3537,Essen Folksong Collection,"""Das Ringelein""",3/4,3/4,simples,4,8,24,25,7,maior,2
3538,Essen Folksong Collection,"""Das Welt - Ende""",3/4,3/4,simples,0,9.67,29,36,7,maior,3
3539,Essen Folksong Collection,"""Das erlauchte Taenzchen""",3/4,3/4,simples,6,7.83,24,40,9,menor,4
3540,Essen Folksong Collection,"""Dem Nebenbuhler""",3/4,3/4,simples,4,15.67,47,76,5,maior,0
3541,Essen Folksong Collection,"""Der Alpjaeger""",3/4,3/4,simples,0,30,90,121,3,maior,1
3542,Essen Folksong Collection,"""Der Blick""",3/4,3/4,simples,4,8,24,29,7,maior,2
3543,Essen Folksong Collection,"""Der Einsiedler""",3/4,3/4,simples,4,7.67,23,42,0,maior,3
3544,Essen Folksong Collection,"""Der Gemsjaeger""",3/4,3/4,simples,4,19,57,69,7,maior,4
3545,Essen Folksong Collection,"""Der Hagenauer Sohn""",3/4,3/4,simples,6,7.83,24,32,7,maior,0
3546,Essen Folksong Collection,"""Der Hirsch""",3/4,3/4,simples,0,7.33,22,36,5,maior,1
3547,Essen Folksong Collection,"""Der Holzhauer""",3/4,3/4,simples,0,13.67,41,60,10,maior,2
3548,Essen Folksong Collection,"""Der Kaefig""",3/4,3/4,simples,4,17,51,63,7,maior,3
3549,Essen Folksong Collection,"""Der Kehraus""",3/4,3/4,simples,0,19.33,58,72,10,maior,4
3550,Essen Folksong Collection,"""Der Kohlenbauer""",3/4,3/4,simples,0,15.67,47,59,10,maior,0
3551,Essen Folksong Collection,"""Der Kuss""",3/4,3/4,simples,0,16,48,58,4,maior,1
3552,Essen Folksong Collection,"""Der Schiffer""",3/4,3/4,simples,4,12,36,54,7,maior,2
3553,Essen Folksong Collection,"""Der Schutzengel""",3/4,3/4,simples,0,13.67,41,42,7,maior,3
3554,Essen Folksong Collection,"""Der Teppichkraemer""",3/4,3/4,simples,4,20,60,75,7,maior,4
3555,Essen Folksong Collection,"""Der Trauernde""",3/4,3/4,simples,4,8,24,34,3,maior,0
3556,Essen Folksong Collection,"""Der Versucher""",3/4,3/4,simples,4,16,48,53,7,maior,1
3557,Essen Folksong Collection,"""Der Vogler""",3/4,3/4,simples,4,15.67,47,52,4,maior,2
3558,Essen Folksong Collection,"""Der Wildschuetz""",3/4,3/4,simples,4,10,30,45,7,maior,3
3559,Essen Folksong Collection,"""Der englische Gruss""",3/4,3/4,simples,4,16,48,54,2,menor,4
3560,Essen Folksong Collection,"""Der sterbende Krieger""",3/4,3/4,simples,4,15.67,47,70,9,menor,0
3561,Essen Folksong Collection,"""Des Reiters Liebchen""",3/4,3/4,simples,4,20,60,70,2,maior,1
3562,Essen Folksong Collection,"""Die Beruhigte""",3/4,3/4,simples,0,13.33,40,55,7,maior,2
3563,Essen Folksong Collection,"""Die Entfuehrung""",3/4,3/4,simples,0,23,69,61,7,maior,3
3564,Essen Folksong Collection,"""Die Feldwacht""",3/4,3/4,simples,6,9.83,30,50,5,maior,4
3565,Essen Folksong Collection,"""Die Gerettete""",3/4,3/4,simples,6,7.83,24,38,4,menor,0
3566,Essen Folksong Collection,"""Die Kirchweihe""",3/4,3/4,simples,4,16.67,50,70,5,maior,1
3567,Essen Folksong Collection,"""Die Liebste""",3/4,3/4,simples,4,7.67,23,35,3,maior,2
3568,Essen Folksong Collection,"""Die Mordfranzosen""",3/4,3/4,simples,4,18,54,56,5,maior,3
3569,Essen Folksong Collection,"""Die Muellertochter""",3/4,3/4,simples,6,7.83,24,40,3,maior,4
3570,Essen Folksong Collection,"""Die Rabenmutter""",3/4,3/4,simples,0,15.33,46,45,7,menor,0
3571,Essen Folksong Collection,"""Die Rettung""",3/4,3/4,simples,4,8,24,33,4,menor,1
3572,Essen Folksong Collection,"""Die Schaeferstunde""",3/4,3/4,simples,6,8,24,42,7,maior,2
3573,Essen Folksong Collection,"""Die Spinnerin""",3/4,3/4,simples,4,16,48,54,7,maior,3
3574,Essen Folksong Collection,"""Die Trennung""",3/4,3/4,simples,4,16,48,72,5,maior,4
3575,Essen Folksong Collection,"""Die Unglueckliche""",3/4,3/4,simples,0,8,24,26,11,menor,0
3576,Essen Folksong Collection,"""Die Versucherin""",3/4,3/4,simples,4,14,42,53,8,maior,1
3577,Essen Folksong Collection,"""Die Vielliebchen ( Valentinchen ) """,3/4,3/4,simples,4,16,48,42,7,menor,2
3578,Essen Folksong Collection,"""Die Waisen""",3/4,3/4,simples,4,8,24,23,7,menor,3
3579,Essen Folksong Collection,"""Die Weisen. """,3/4,3/4,simples,4,16,48,40,4,menor,4
3580,Essen Folksong Collection,"""Die schoene Joppe""",3/4,3/4,simples,4,14,42,42,7,maior,0
3581,Essen Folksong Collection,"""Einladung zur Kirchweihe""",3/4,3/4,simples,4,15.67,47,84,2,maior,1
3582,Essen Folksong Collection,"""Entschuldigung""",3/4,3/4,simples,4,8,24,37,7,maior,2
3583,Essen Folksong Collection,"""Festgesang""",3/4,3/4,simples,0,16,48,58,7,maior,3
3584,Essen Folksong Collection,"""Fischerliedchen""",3/4,3/4,simples,0,11.67,35,45,7,maior,4
3585,Essen Folksong Collection,"""Frohsinn""",3/4,3/4,simples,0,7.67,23,29,0,maior,0
3586,Essen Folksong Collection,"""Fruehlingshoffnung""",3/4,3/4,simples,4,23.83,71,126,1,maior,1
3587,Essen Folksong Collection,"""Fruehlingslied""",3/4,3/4,simples,8,16,48,76,2,maior,2
3588,Essen Folksong Collection,"""Genoveva""",3/4,3/4,simples,4,16,48,65,5,maior,3
3589,Essen Folksong Collection,"""Genoveva""",3/4,3/4,simples,4,16,48,50,2,maior,4
3590,Essen Folksong Collection,"""Getrennte Liebe""",3/4,3/4,simples,4,20,60,82,8,maior,0
3591,Essen Folksong Collection,"""Grenze des Wissens""",3/4,3/4,simples,0,7.67,23,33,5,maior,1
3592,Essen Folksong Collection,"""Heimweh""",3/4,3/4,simples,4,15.67,47,72,3,maior,2
3593,Essen Folksong Collection,"""Herbstfreude""",3/4,3/4,simples,4,8,24,26,11,menor,3
3594,Essen Folksong Collection,"""Ihr Bild""",3/4,3/4,simples,4,7.67,23,23,9,maior,4
3595,Essen Folksong Collection,"""Im Wald bei der Amsel""",3/4,3/4,simples,6,12.17,37,41,7,maior,0
3596,Essen Folksong Collection,"""Jakobs Freierei. """,3/4,3/4,simples,0,23.67,71,68,10,maior,1
3597,Essen Folksong Collection,"""Kiltgang""",3/4,3/4,simples,4,15.67,47,67,2,maior,2
3598,Essen Folksong Collection,"""Kluge Heirath""",3/4,3/4,simples,4,25.67,77,66,9,menor,3
3599,Essen Folksong Collection,"""Liebe ueber alles""",3/4,3/4,simples,4,8,24,38,0,maior,4
3600,Essen Folksong Collection,"""Liebesgezaenke""",3/4,3/4,simples,4,8,24,41,2,menor,0
3601,Essen Folksong Collection,"""Liebeslied""",3/4,3/4,simples,2,15.5,47,58,5,maior,1
3602,Essen Folksong Collection,"""Liebesstolz""",3/4,3/4,simples,0,16,48,48,0,maior,2
3603,Essen Folksong Collection,"""Lilliput""",3/4,3/4,simples,4,8,24,34,0,maior,3
3604,Essen Folksong Collection,"""Luftschloesser""",3/4,3/4,simples,0,12,36,29,5,maior,4
3605,Essen Folksong Collection,"""Mahnung""",3/4,3/4,simples,4,16,48,74,10,maior,0
3606,Essen Folksong Collection,"""Mailied""",3/4,3/4,simples,4,16,48,54,10,maior,1
3607,Essen Folksong Collection,"""Maria's Kirchgang """,3/4,3/4,simples,4,8,24,38,6,menor,2
3608,Essen Folksong Collection,"""Muenchen""",3/4,3/4,simples,4,19.67,59,72,7,maior,3
3609,Essen Folksong Collection,"""Nachtbesuch""",3/4,3/4,simples,0,11.67,35,40,2,maior,4
3610,Essen Folksong Collection,"""Nachtgruss""",3/4,3/4,simples,4,16,48,54,3,maior,0
3611,Essen Folksong Collection,"""Nachtwaechterlied""",3/4,3/4,simples,0,15.67,47,33,0,maior,1
3612,Essen Folksong Collection,"""Polterabend""",3/4,3/4,simples,6,9.83,30,56,7,maior,2
3613,Essen Folksong Collection,"""Schlachtlied""",3/4,3/4,simples,4,12,36,53,5,maior,3
3614,Essen Folksong Collection,"""Sehnsucht""",3/4,3/4,simples,4,23.67,71,97,0,maior,4
3615,Essen Folksong Collection,"""Stolz gen Stolz""",3/4,3/4,simples,4,29,87,65,7,maior,0
3616,Essen Folksong Collection,"""Tanzlied""",3/4,3/4,simples,0,15.67,47,48,7,maior,1
3617,Essen Folksong Collection,"""Taubenpost""",3/4,3/4,simples,4,19.67,59,103,3,maior,2
3618,Essen Folksong Collection,"""Trauer""",3/4,3/4,simples,0,15.67,47,44,3,maior,3
3619,Essen Folksong Collection,"""Trennung""",3/4,3/4,simples,4,7.67,23,25,4,maior,4
3620,Essen Folksong Collection,"""Treue Liebe""",3/4,3/4,simples,4,12,36,54,3,maior,0
3621,Essen Folksong Collection,"""Treue""",3/4,3/4,simples,4,31,93,95,7,maior,1
3622,Essen Folksong Collection,"""Troestung""",3/4,3/4,simples,4,8,24,23,11,menor,2
3623,Essen Folksong Collection,"""Trotz dem Tode""",3/4,3/4,simples,4,8,24,31,7,maior,3
3624,Essen Folksong Collection,"""Uebele Vorbedeutung""",3/4,3/4,simples,0,21,63,38,7,maior,4
3625,Essen Folksong Collection,"""Ulrich""",3/4,3/4,simples,0,5.67,17,29,2,maior,0
3626,Essen Folksong Collection,"""Vergeblich""",3/4,3/4,simples,4,11.67,35,40,7,maior,1
3627,Essen Folksong Collection,"""Vergebliches Staendchen""",3/4,3/4,simples,4,10,30,33,0,maior,2
3628,Essen Folksong Collection,"""Vorsicht""",3/4,3/4,simples,0,17,51,37,10,maior,3
3629,Essen Folksong Collection,"""Wiegenlied. """,3/4,3/4,simples,0,19.67,59,65,7,maior,4
3630,Essen Folksong Collection,'S MORGENS WENN ICH FRUEH AUFSTEH,3/4,3/4,simples,0,8,24,28,10,maior,0
3631,Essen Folksong Collection,'s Geigenbuebele,3/4,3/4,simples,4,16,48,45,7,maior,1
3632,Essen Folksong Collection,'s Konzellerer Doerfl is scheibnkuglrund,3/4,3/4,simples,4,11.67,35,59,9,maior,2
3633,Essen Folksong Collection,A B C D WENN ICH DICH SEH,3/4,3/4,simples,0,11.67,35,31,2,menor,3
3634,Essen Folksong Collection,"A Bhruinnillin Bhéasach, S. 36",3/4,3/4,simples,4,19.83,59,76,2,menor,4
3635,Essen Folksong Collection,A DIARNDL GEHT UM HOLZ IN WALD,3/4,3/4,simples,2,23.5,71,67,2,maior,0
3636,Essen Folksong Collection,A LIEDLA Z SINGA,3/4,3/4,simples,4,10,30,31,7,menor,1
3637,Essen Folksong Collection,"A Lady Fair, S. 34",3/4,3/4,simples,6,16,48,91,7,maior,2
3638,Essen Folksong Collection,ACH ANDREAS HEILGER SCHUTZPATRON,3/4,3/4,simples,4,12.67,38,42,5,maior,3
3639,Essen Folksong Collection,ACH BLUEMLEIN BLAU VERDORRE NICHT,3/4,3/4,simples,2,7.83,24,31,5,maior,4
3640,Essen Folksong Collection,ACH DEN ICH HAETT SO GERN,3/4,3/4,simples,6,7.83,24,46,0,maior,0
3641,Essen Folksong Collection,ACH GOTT ES DRUCKT DAS HERZ MIR AB,3/4,3/4,simples,2,15.83,48,62,7,maior,1
3642,Essen Folksong Collection,ACH HANNCHEN SCHOENSTES HANNCHEN,3/4,3/4,simples,4,8,24,34,7,maior,2
3643,Essen Folksong Collection,ACH HERZCHEN SCHOENSTES SCHAETZCHEN,3/4,3/4,simples,4,12,36,37,7,maior,3
3644,Essen Folksong Collection,ACH IN TRAUERN MUSS ICH LEBEN,3/4,3/4,simples,4,12,36,55,5,maior,4
3645,Essen Folksong Collection,ACH JOSEPH LIEBER JOSEPH,3/4,3/4,simples,4,12,36,44,7,maior,0
3646,Essen Folksong Collection,ACH JOSEPH LIEBER JOSEPH,3/4,3/4,simples,4,12,36,43,7,maior,1
3647,Essen Folksong Collection,ACH JOSEPH LIEBER JOSEPH,3/4,3/4,simples,4,12,36,43,7,maior,2
3648,Essen Folksong Collection,ACH SCHOENSTER SCHATZ MEIN AUGENTROST,3/4,3/4,simples,6,9.83,30,47,7,maior,3
3649,Essen Folksong Collection,ACH SUESSER SCHATZ AUF DIESER ERD,3/4,3/4,simples,0,24,72,56,4,menor,4
3650,Essen Folksong Collection,ACH WENN DOCH IMMER KIRMES WAER,3/4,3/4,simples,6,22,66,82,5,maior,0
3651,Essen Folksong Collection,ACH WIE BALD SCHWINDET SCHOENHEIT,3/4,3/4,simples,4,10,30,44,7,maior,1
3652,Essen Folksong Collection,ACH WIE IST S MOEGLICH DANN,3/4,3/4,simples,0,15.67,47,61,2,maior,2
3653,Essen Folksong Collection,ACH WIE ISTS MOEGLICH,3/4,3/4,simples,0,15.67,47,61,5,maior,3
3654,Essen Folksong Collection,ADAM GING UND WOLLTE SICH ERQUICKEN,3/4,3/4,simples,4,16,48,68,5,maior,4
3655,Essen Folksong Collection,ADE MEIN SCHATZ ICH MUSS NUN FORT,3/4,3/4,simples,2,4.5,14,24,7,maior,0
3656,Essen Folksong Collection,ADE MEIN SCHATZ UND ICH MUSS FORT,3/4,3/4,simples,6,4.83,15,24,7,maior,1
3657,Essen Folksong Collection,AENNCHEN VON THARAU,3/4,3/4,simples,0,23.67,71,60,7,maior,2
3658,Essen Folksong Collection,AF AF EHS HIAERTN,3/4,3/4,simples,4,16,48,49,6,menor,3
3659,Essen Folksong Collection,AFM WASSA BIN I GFOAHRN,3/4,3/4,simples,4,8,24,34,7,maior,4
3660,Essen Folksong Collection,ALL WELT SOLL BILLIG FROEHLICH SEIN,3/4,3/4,simples,4,16,48,37,0,maior,0
3661,Essen Folksong Collection,ALLE LEUTE SOLLENS WISSEN,3/4,3/4,simples,4,8.67,26,35,7,menor,1
3662,Essen Folksong Collection,ALLEIN GOTT IN DER HOEH SEI EHR,3/4,3/4,simples,4,28,84,63,5,maior,2
3663,Essen Folksong Collection,ALLES STILL IN SUESSER RUH,3/4,3/4,simples,0,15.67,47,33,4,maior,3
3664,Essen Folksong Collection,ALLES WAS ODEM HAT,3/4,3/4,simples,0,12,36,29,9,maior,4
3665,Essen Folksong Collection,ALS CHRIST DER HERR IN GARTEN GING,3/4,3/4,simples,0,15.67,47,38,5,menor,0
3666,Essen Folksong Collection,ALS DER GROSSVATER DIE GROSSMUTTER NAHM,3/4,3/4,simples,0,16,48,43,7,maior,1
3667,Essen Folksong Collection,ALS DER LIEBE GOTT,3/4,3/4,simples,4,17.67,53,87,2,maior,2
3668,Essen Folksong Collection,ALS DER SANDWIRTH VON PASSEIER,3/4,3/4,simples,4,16,48,71,5,menor,3
3669,Essen Folksong Collection,ALS DIE GROSSE STADT BELGARAD,3/4,3/4,simples,4,12,36,48,7,maior,4
3670,Essen Folksong Collection,ALS ICH AUF BERGEN STAND,3/4,3/4,simples,6,7.83,24,42,0,maior,0
3671,Essen Folksong Collection,ALS ICH NOCH IM FLUEGELKLEIDE,3/4,3/4,simples,0,15.67,47,68,0,maior,1
3672,Essen Folksong Collection,ALS NOAH AUS DEM KASTEN WAR,3/4,3/4,simples,2,15.83,48,64,11,menor,2
3673,Essen Folksong Collection,ALS SCHONDILG NOCH EIN KLEIN KIND WAR,3/4,3/4,simples,6,8,24,34,4,menor,3
3674,Essen Folksong Collection,AN DEM HIMMEL SIND ZWEI STERNE,3/4,3/4,simples,0,11.67,35,51,7,maior,4
3675,Essen Folksong Collection,AN DER QUELLE SASS DER KNABE,3/4,3/4,simples,4,20,60,75,9,maior,0
3676,Essen Folksong Collection,AN DER SAALE FERNEM STRANDE,3/4,3/4,simples,4,10,30,46,7,maior,1
3677,Essen Folksong Collection,AN DER SAALE HELLEM STRANDE,3/4,3/4,simples,4,9.67,29,41,7,maior,2
3678,Essen Folksong Collection,AN DER SAALE HELLEM STRANDE,3/4,3/4,simples,4,9.67,29,46,7,maior,3
3679,Essen Folksong Collection,AN DER WEICHSEL GEGEN OSTEN,3/4,3/4,simples,4,11.67,35,58,5,maior,4
3680,Essen Folksong Collection,ANKE VAN THARAW,3/4,3/4,simples,0,15.67,47,46,9,maior,0
3681,Essen Folksong Collection,ARBEIT MACHT DAS LEBEN SUESS,3/4,3/4,simples,0,15.67,47,48,7,maior,1
3682,Essen Folksong Collection,AUCH FUER DEN WINTER DANKEN WIR,3/4,3/4,simples,0,16.67,50,35,5,maior,2
3683,Essen Folksong Collection,AUF BRUEDER LASST UNS LUSTIG LEBEN,3/4,3/4,simples,4,26,78,82,3,maior,3
3684,Essen Folksong Collection,AUF DEM BERGE AUF DEM BERGE,3/4,3/4,simples,4,15.67,47,52,0,maior,4
3685,Essen Folksong Collection,AUF DEM MEER BIN ICH GEBOREN,3/4,3/4,simples,4,14,42,68,0,maior,0
3686,Essen Folksong Collection,AUF DEM SCHEITERHAUFEN KLAGET BITTERLICH,3/4,3/4,simples,4,16,48,67,4,menor,1
3687,Essen Folksong Collection,AUF DEM SEE DA SCHWIMMT EIN SCHWANEN,3/4,3/4,simples,4,8,24,52,0,maior,2
3688,Essen Folksong Collection,AUF DER ALMA DORT FINDEN DIE KUEH,3/4,3/4,simples,4,32,96,139,0,maior,3
3689,Essen Folksong Collection,AUF DER EISENBAHN BIN ICH GEFAHREN,3/4,3/4,simples,4,8,24,39,7,maior,4
3690,Essen Folksong Collection,AUF DIESER WELT HAB ICH KEIN FREUD,3/4,3/4,simples,4,7.67,23,36,10,maior,0
3691,Essen Folksong Collection,AUF DIESER WELT HAB ICH KEIN FREUD,3/4,3/4,simples,4,11.67,35,60,10,maior,1
3692,Essen Folksong Collection,AUF DIESER WELT HAB ICH KEIN FREUD,3/4,3/4,simples,4,7.67,23,38,0,maior,2
3693,Essen Folksong Collection,AUF DIESER WELT HAB ICH KEIN FREUD,3/4,3/4,simples,2,7.5,23,37,9,maior,3
3694,Essen Folksong Collection,AUF HOHER ALP,3/4,3/4,simples,6,14.83,45,51,3,maior,4
3695,Essen Folksong Collection,AUF SINGET UND TRINKET,3/4,3/4,simples,4,20,60,64,7,maior,0
3696,Essen Folksong Collection,AUFERSTEHN JA AUFERSTEHN,3/4,3/4,simples,0,15.67,47,48,9,menor,1
3697,Essen Folksong Collection,AUFERSTEHN JA AUFERSTEHN,3/4,3/4,simples,0,16,48,49,0,menor,2
3698,Essen Folksong Collection,AUFM BERG STEHT A SCHLOSS,3/4,3/4,simples,4,15.83,47,65,7,maior,3
3699,Essen Folksong Collection,AUS DEM DOERFLEIN DA DRUEBEN,3/4,3/4,simples,2,17.83,54,83,3,maior,4
3700,Essen Folksong Collection,AUSBUENDIG SUESS,3/4,3/4,simples,0,12,36,55,9,maior,0
3701,Essen Folksong Collection,"Abschied von Kln (251), S. 538",3/4,3/4,simples,4,7.67,23,38,2,maior,1
3702,Essen Folksong Collection,"Abtrumpfen zwischen Burschen und Mdchen (93a), S. 239",3/4,3/4,simples,4,12,36,45,7,maior,2
3703,Essen Folksong Collection,"Abtrumpfen zwischen Burschen und Mdchen (93a), S. 239",3/4,3/4,simples,4,13,39,47,7,maior,3
3704,Essen Folksong Collection,Ach Elslein,3/4,3/4,simples,4,17.33,52,36,7,menor,4
3705,Essen Folksong Collection,Ach Elslein,3/4,3/4,simples,4,17,51,36,9,menor,0
3706,Essen Folksong Collection,"Ach schoenster Schatz, mein Augentrost,",3/4,3/4,simples,2,9.5,29,47,7,maior,1
3707,Essen Folksong Collection,"Ach schoenster Schatz, mein Augentrost,",3/4,3/4,simples,6,9.83,30,47,7,maior,2
3708,Essen Folksong Collection,"Allerlei Jagen (230), S. 496",3/4,3/4,simples,0,13.5,40,69,7,maior,3
3709,Essen Folksong Collection,"Als Gott den Adam hat erschaff'n, S. 43",3/4,3/4,simples,6,10.83,33,46,0,maior,4
3710,Essen Folksong Collection,"Als Gott den Adam hat erschaffen, S. 42",3/4,3/4,simples,2,13.5,41,46,5,maior,0
3711,Essen Folksong Collection,"Als der Heiland litt am Kreuze (4-29), S. 50",3/4,3/4,simples,4,8,24,36,4,menor,1
3712,Essen Folksong Collection,"Als ich vor vielen Jahren (1-40), S. 104",3/4,3/4,simples,4,11.67,35,48,2,maior,2
3713,Essen Folksong Collection,"Am Abend, eh ich schlafen geh (Band 1), S. 205",3/4,3/4,simples,6,7.83,24,34,5,menor,3
3714,Essen Folksong Collection,Am Samstag Abend (2-72) S. 217,3/4,3/4,simples,4,19,57,47,7,maior,4
3715,Essen Folksong Collection,"Am Samstag ist die Woche aus (5-58), S. 97",3/4,3/4,simples,4,16,48,41,5,maior,0
3716,Essen Folksong Collection,"An Liebchens Tr (174), S. 384",3/4,3/4,simples,6,7.67,23,43,7,maior,1
3717,Essen Folksong Collection,Anning minge,3/4,3/4,simples,0,16,48,53,10,maior,2
3718,Essen Folksong Collection,"Auf der Wildbahn (159), S. 347",3/4,3/4,simples,4,7.67,23,37,7,maior,3
3719,Essen Folksong Collection,"Auf dieser Welt hab ich kein' Freud (2-5), S. 10",3/4,3/4,simples,6,11.83,36,63,7,maior,4
3720,Essen Folksong Collection,"Auswandererlied (170e), S. 372",3/4,3/4,simples,2,6.5,20,28,5,maior,0
3721,Essen Folksong Collection,"Auswandererlied (170e), S. 373",3/4,3/4,simples,2,7.83,24,35,4,maior,1
3722,Essen Folksong Collection,BALD GRAS ICH AM NECKAR,3/4,3/4,simples,4,15.67,47,60,0,maior,2
3723,Essen Folksong Collection,BALD SIND WIR AUF EWIG GESCHIEDEN,3/4,3/4,simples,4,12,36,34,10,maior,3
3724,Essen Folksong Collection,BEI EINEM LANDSMANN BIN ICH GERN,3/4,3/4,simples,4,19.67,59,82,9,maior,4
3725,Essen Folksong Collection,BEI SEDAN AUF DEN HOEHEN,3/4,3/4,simples,4,8,24,26,10,maior,0
3726,Essen Folksong Collection,BIN AUF UND ABGANGE,3/4,3/4,simples,4,16,48,50,7,maior,1
3727,Essen Folksong Collection,BIN AUS UND EIN GANGN,3/4,3/4,simples,4,20,60,87,5,maior,2
3728,Essen Folksong Collection,BIN I A LUSTIGA FUHRMANNSSOHN,3/4,3/4,simples,0,15.33,46,62,9,maior,3
3729,Essen Folksong Collection,BIN I NET A LUSTGER SCHWEIZERBUA,3/4,3/4,simples,4,24,72,80,2,maior,4
3730,Essen Folksong Collection,BRUEDER JETZT GEHTS IN DEN KRIEG,3/4,3/4,simples,0,10,30,38,10,maior,0
3731,Essen Folksong Collection,BRUEDER LAGERT EUCH IM KREISE,3/4,3/4,simples,0,23.67,71,74,7,menor,1
3732,Essen Folksong Collection,BRUEDER LASST UNS GEHN ZUSAMMEN,3/4,3/4,simples,0,16,48,59,9,menor,2
3733,Essen Folksong Collection,BRUEDER LASST UNS LUSTIG SEIN,3/4,3/4,simples,0,14,42,48,9,maior,3
3734,Essen Folksong Collection,BRUEDER REICHT DIE HAND ZUM BUNDE,3/4,3/4,simples,0,43.67,131,104,7,menor,4
3735,Essen Folksong Collection,BRUEDER STELLT DAS JAUCHZEN EIN,3/4,3/4,simples,0,20,60,68,2,menor,0
3736,Essen Folksong Collection,BUHSKE DI REMMER,3/4,3/4,simples,0,19.67,59,50,7,maior,1
3737,Essen Folksong Collection,"Bauer und Schneider (3-45), S. 133",3/4,3/4,simples,4,14,42,44,7,maior,2
3738,Essen Folksong Collection,"Bei Sedan wohl auf der Hh (3-52), S. 137",3/4,3/4,simples,4,12,36,45,7,menor,3
3739,Essen Folksong Collection,"Bei da Lind'n bin i g'sessn,",3/4,3/4,simples,4,11.67,35,48,7,menor,4
3740,Essen Folksong Collection,Bei der Lind'n bin i's gsessn,3/4,3/4,simples,4,12,36,48,7,maior,0
3741,Essen Folksong Collection,"Belagerung von Landau (130), S. 297",3/4,3/4,simples,4,15.67,47,48,7,maior,1
3742,Essen Folksong Collection,Bergelein (2-58) S. 182,3/4,3/4,simples,0,11.67,35,43,7,maior,2
3743,Essen Folksong Collection,"Betrogen (109), S. 263",3/4,3/4,simples,4,7.67,23,31,7,maior,3
3744,Essen Folksong Collection,CA CA GESCHMAUSET,3/4,3/4,simples,0,15.67,47,48,10,maior,4
3745,Essen Folksong Collection,COELN AM RHEIN DU SCHOENES STAEDTCHEN,3/4,3/4,simples,4,11.67,35,57,2,maior,0
3746,Essen Folksong Collection,COELN IST EINE SCHOENE STADT,3/4,3/4,simples,2,7.83,24,33,7,maior,1
3747,Essen Folksong Collection,"Carraig aonair, S. 83",3/4,3/4,simples,4,16,48,55,4,menor,2
3748,Essen Folksong Collection,"Christi Geburt (3-3), S. 17",3/4,3/4,simples,4,12,36,43,5,maior,3
3749,Essen Folksong Collection,Conscritlied (2-55) S. 175,3/4,3/4,simples,4,11.67,35,45,7,maior,4
3750,Essen Folksong Collection,"D' Kttche sollt op d' Kirmes goen, S. 38",3/4,3/4,simples,0,11.67,35,36,7,maior,0
3751,Essen Folksong Collection,"D' Mensterlid (281a), S. 593f",3/4,3/4,simples,4,17.67,53,68,5,maior,1
3752,Essen Folksong Collection,DA DRAUSSEN DA WEHEN DIE WINDE SO FRISCH,3/4,3/4,simples,4,23.67,71,74,9,menor,2
3753,Essen Folksong Collection,DA DROBEN AUF DEM BERGE,3/4,3/4,simples,4,40,120,113,7,maior,3
3754,Essen Folksong Collection,DA DROBEN VOR DER HIMMLISCHEN THUER,3/4,3/4,simples,4,12,36,41,5,maior,4
3755,Essen Folksong Collection,DA DRUNTEN IM THALE,3/4,3/4,simples,4,12,36,53,4,maior,0
3756,Essen Folksong Collection,DA HANSELYN UEBER DIE HAIDE RITT,3/4,3/4,simples,4,18,54,44,0,maior,1
3757,Essen Folksong Collection,DA JESUS IN DEN GARTEN GING,3/4,3/4,simples,4,16,48,32,5,maior,2
3758,Essen Folksong Collection,DA STEH I HIER OBEN,3/4,3/4,simples,2,19.83,60,69,4,menor,3
3759,Essen Folksong Collection,DANKT DEM HERRN DASS NEUES WERDE,3/4,3/4,simples,0,7.67,23,30,7,maior,4
3760,Essen Folksong Collection,DAS GANZE DORF VERSAMMELT SICH,3/4,3/4,simples,2,7.83,24,39,2,maior,0
3761,Essen Folksong Collection,DAS LIED VOM WEIN,3/4,3/4,simples,2,11.83,36,48,9,maior,1
3762,Essen Folksong Collection,DAS MAEDCHEN ICH SAH,3/4,3/4,simples,2,15.67,47,80,9,maior,2
3763,Essen Folksong Collection,DEM EWGEN UNSERE LIEDER,3/4,3/4,simples,4,18,54,68,3,maior,3
3764,Essen Folksong Collection,DEM EWGEN UNSRE LIEDER,3/4,3/4,simples,4,17.67,53,67,3,maior,4
3765,Essen Folksong Collection,DEM HERRN UND GUTEN FREUNDE,3/4,3/4,simples,4,18.33,55,35,7,maior,0
3766,Essen Folksong Collection,DEN I SO GERNE HAETT,3/4,3/4,simples,6,7.83,24,45,0,maior,1
3767,Essen Folksong Collection,DEN LIEBEN LANGEN TAG HAB I NUR SCHMERZ UND PLAG,3/4,3/4,simples,6,14,42,77,7,maior,2
3768,Essen Folksong Collection,DEN LIEBSTEN BRUDER,3/4,3/4,simples,2,11.83,36,45,9,menor,3
3769,Essen Folksong Collection,DER ABEND SCHLEIERT FLUR UND HAIN,3/4,3/4,simples,4,16,48,46,9,maior,4
3770,Essen Folksong Collection,DER BESTE FREUND IST IN DEM HIMMEL,3/4,3/4,simples,4,24,72,62,5,maior,0
3771,Essen Folksong Collection,DER FRUEHLING NAHT MIT BRAUSEN,3/4,3/4,simples,4,24,72,69,7,maior,1
3772,Essen Folksong Collection,DER GUTZGAUCH HAT SICH ZU TODE GEFALLN,3/4,3/4,simples,4,16,48,32,0,menor,2
3773,Essen Folksong Collection,DER HIMMEL IST SO TRUEBE,3/4,3/4,simples,4,7.67,23,30,9,maior,3
3774,Essen Folksong Collection,DER HIMMEL STEHT OFFEN,3/4,3/4,simples,4,12,36,37,7,maior,4
3775,Essen Folksong Collection,DER HIMMEL STEHT OFFEN,3/4,3/4,simples,4,12,36,38,7,maior,0
3776,Essen Folksong Collection,DER HOLDSELIGEN SONDER DANK,3/4,3/4,simples,0,15.67,47,35,9,maior,1
3777,Essen Folksong Collection,DER MAI IST GEKOMMEN,3/4,3/4,simples,4,16,48,55,5,maior,2
3778,Essen Folksong Collection,DER MAI TRITT EIN MIT FREUDEN,3/4,3/4,simples,4,16,48,52,2,maior,3
3779,Essen Folksong Collection,DER MENSCH SOLL NICHT STOLZ SEIN,3/4,3/4,simples,4,23.67,71,68,10,maior,4
3780,Essen Folksong Collection,DER MIT DEM SABEL,3/4,3/4,simples,0,23.67,71,73,7,maior,0
3781,Essen Folksong Collection,DER SAURE WINTER IST SO KALT,3/4,3/4,simples,0,14,42,31,9,menor,1
3782,Essen Folksong Collection,DER SCHAEFER TRAEGT SORGEN,3/4,3/4,simples,4,16,48,58,5,maior,2
3783,Essen Folksong Collection,DER SCHEFFER VON NUWEN STAT,3/4,3/4,simples,4,24,72,54,5,maior,3
3784,Essen Folksong Collection,DER SCHOENE SCHAEFER ZOG SO NAH VORUEBER,3/4,3/4,simples,2,7.83,24,34,9,menor,4
3785,Essen Folksong Collection,DER SOMMER GEHT UMMI,3/4,3/4,simples,4,7.67,23,30,9,menor,0
3786,Essen Folksong Collection,DIE BLAUE FLAGGE,3/4,3/4,simples,4,15.67,47,74,7,menor,1
3787,Essen Folksong Collection,DIE DAENEN RUECKTEN EIN,3/4,3/4,simples,4,20,60,60,7,maior,2
3788,Essen Folksong Collection,DIE ERDE BRAUCHT REGEN,3/4,3/4,simples,4,16,48,51,9,maior,3
3789,Essen Folksong Collection,DIE EULE AUF DEM ZAUNE SASS,3/4,3/4,simples,2,7.83,24,31,5,maior,4
3790,Essen Folksong Collection,DIE FASTNACHT BRINGT UNS FREUDEN,3/4,3/4,simples,4,21,63,49,0,maior,0
3791,Essen Folksong Collection,DIE FENSTER AUF DIE HERZEN AUF,3/4,3/4,simples,2,12.5,38,67,10,maior,1
3792,Essen Folksong Collection,DIE FRANZOSEN BRECHEN EIN,3/4,3/4,simples,4,12,36,45,7,maior,2
3793,Essen Folksong Collection,DIE FRANZOSEN ZOGEN EIN,3/4,3/4,simples,4,12,36,36,7,maior,3
3794,Essen Folksong Collection,DIE FREUDE WILL UNS HEUT BEGRUESSEN,3/4,3/4,simples,6,7.83,24,34,5,maior,4
3795,Essen Folksong Collection,DIE GANZE WELT IST EIN ORCHESTER,3/4,3/4,simples,6,15.83,48,69,0,maior,0
3796,Essen Folksong Collection,DIE GEDANKEN SIND FREEI,3/4,3/4,simples,4,24,72,74,0,maior,1
3797,Essen Folksong Collection,DIE GEDANKEN SIND FREI,3/4,3/4,simples,4,16,48,50,0,maior,2
3798,Essen Folksong Collection,DIE HEILGEN DREI KOENIG,3/4,3/4,simples,4,8,24,18,9,menor,3
3799,Essen Folksong Collection,DIE MUTTER SPRACH ZUM TOECHTERLEIN,3/4,3/4,simples,4,30.67,92,69,7,menor,4
3800,Essen Folksong Collection,DIE MUTTER SPRICHT ICH WILLS NICHT LEIDEN,3/4,3/4,simples,6,7.83,24,35,0,maior,0
3801,Essen Folksong Collection,DIE REISE NACH JUETLAND,3/4,3/4,simples,4,12,36,38,10,maior,1
3802,Essen Folksong Collection,DIE REISE NACH SUEDLAND,3/4,3/4,simples,4,12,36,41,10,maior,2
3803,Essen Folksong Collection,DIE REISE NACH SUEDLAND,3/4,3/4,simples,4,12,36,41,10,maior,3
3804,Essen Folksong Collection,DIE TRAUBEN DIE WIR SCHNEIDEN,3/4,3/4,simples,2,8.83,27,39,9,maior,4
3805,Essen Folksong Collection,DIE WELT IST NICHTS ALS EIN ORCHESTER,3/4,3/4,simples,6,27.83,84,123,10,maior,0
3806,Essen Folksong Collection,DIE ZEITEN BRUEDER SIND NICHT MEHR,3/4,3/4,simples,4,31.67,95,84,2,maior,1
3807,Essen Folksong Collection,DORT AN JENEM BERGE,3/4,3/4,simples,0,15.67,47,50,5,maior,2
3808,Essen Folksong Collection,DORT BEIM SEE DA DRUNT,3/4,3/4,simples,0,11.67,35,44,0,maior,3
3809,Essen Folksong Collection,DORT OBEN VOR DER HIMMLISCHEN THUER,3/4,3/4,simples,4,12,36,49,8,maior,4
3810,Essen Folksong Collection,DORT UNTEN GEHT MEIN TRAUERN AN,3/4,3/4,simples,2,11.83,36,46,5,maior,0
3811,Essen Folksong Collection,DORT UNTEN IM THAELE,3/4,3/4,simples,4,15.67,47,52,5,maior,1
3812,Essen Folksong Collection,DORT UNTEN IM THALE,3/4,3/4,simples,4,23.67,71,58,4,menor,2
3813,Essen Folksong Collection,DORT WO DIE SCHNEEBERG STOLZ,3/4,3/4,simples,6,30,90,128,0,maior,3
3814,Essen Folksong Collection,DREI KOENIG FUEHRET DIE GOETTLICHE HAND,3/4,3/4,simples,4,8,24,19,7,maior,4
3815,Essen Folksong Collection,DREI LAUB AUF EINER LINDEN,3/4,3/4,simples,4,21.33,64,38,5,maior,0
3816,Essen Folksong Collection,DREI WOCHEN VOR OSTERN,3/4,3/4,simples,4,7.67,23,26,9,menor,1
3817,Essen Folksong Collection,DROBEN AN BERGESHOEHN,3/4,3/4,simples,6,11.83,36,66,5,maior,2
3818,Essen Folksong Collection,DRUEBEN IM ODENWALD,3/4,3/4,simples,0,23.67,71,76,10,maior,3
3819,Essen Folksong Collection,DRUNTEN IM UNTERLAND,3/4,3/4,simples,0,23.67,71,86,10,maior,4
3820,Essen Folksong Collection,DU JUNGES GRUEN DU FRISCHES GRAS,3/4,3/4,simples,2,8.5,26,33,0,maior,0
3821,Essen Folksong Collection,DU MAEDCHEN VOM LANDE,3/4,3/4,simples,4,8,24,27,7,maior,1
3822,Essen Folksong Collection,DU WIRST MIRS JA NIT UEBEL NEHMA,3/4,3/4,simples,6,15.83,48,85,5,maior,2
3823,Essen Folksong Collection,"Da Jesus hing am Kreuz verwund't (5-34), S. 58f",3/4,3/4,simples,0,19.67,59,48,5,maior,3
3824,Essen Folksong Collection,"Da unser Herr Jesus am Tischlein saá (Band 1), S. 26",3/4,3/4,simples,4,8,24,25,2,maior,4
3825,Essen Folksong Collection,Das Bauerntoechterlein,3/4,3/4,simples,4,8,24,22,7,maior,0
3826,Essen Folksong Collection,Das Bittereleidenslied (2-5) S. 21,3/4,3/4,simples,4,17,51,42,7,maior,1
3827,Essen Folksong Collection,"Das Haus (4-86), S. 111",3/4,3/4,simples,0,26,78,69,7,maior,2
3828,Essen Folksong Collection,"Das Lied vom Christian (2-55), S. 146",3/4,3/4,simples,6,15.83,48,66,10,maior,3
3829,Essen Folksong Collection,Das Lied vom Zimmergesellen,3/4,3/4,simples,4,21,63,59,2,menor,4
3830,Essen Folksong Collection,"Das Mdchen und der Lorbeerbaum (50), S. 158",3/4,3/4,simples,2,7.5,23,37,7,maior,0
3831,Essen Folksong Collection,"Das Schloá in streich (13a), S. 57f",3/4,3/4,simples,2,11.5,35,49,0,maior,1
3832,Essen Folksong Collection,Das Schwabentoechterlein,3/4,3/4,simples,4,8,24,31,0,maior,2
3833,Essen Folksong Collection,Das Schwabentoechterlein,3/4,3/4,simples,2,7.83,24,33,7,maior,3
3834,Essen Folksong Collection,Das Schwabentoechterlein,3/4,3/4,simples,2,7.83,24,35,9,menor,4
3835,Essen Folksong Collection,Das Traenenkrueglein,3/4,3/4,simples,4,16,48,33,7,maior,0
3836,Essen Folksong Collection,Das Traenenkrueglein,3/4,3/4,simples,2,11.83,36,50,7,maior,1
3837,Essen Folksong Collection,Das Traenenkrueglein,3/4,3/4,simples,2,7.83,24,37,7,maior,2
3838,Essen Folksong Collection,Das Traenenkrueglein,3/4,3/4,simples,2,7.5,23,28,7,maior,3
3839,Essen Folksong Collection,"Das Wirtshaus am Rhein (247), S. 527f",3/4,3/4,simples,6,8.5,26,43,2,maior,4
3840,Essen Folksong Collection,Das artige Mdchen (2-90) S. 263,3/4,3/4,simples,0,31,93,92,2,maior,0
3841,Essen Folksong Collection,Das boese Stiefmuetterlein,3/4,3/4,simples,2,11.83,36,52,7,maior,1
3842,Essen Folksong Collection,"Das erwhlte Schtzchen (92), S.238",3/4,3/4,simples,4,12.67,38,43,7,maior,2
3843,Essen Folksong Collection,"Das jagen, das ist mein Leben! (1-23), S. 63",3/4,3/4,simples,4,22.67,68,76,7,maior,3
3844,Essen Folksong Collection,Das neue Grab,3/4,3/4,simples,4,6,18,14,7,maior,4
3845,Essen Folksong Collection,"De klenge Meenchen, S.53",3/4,3/4,simples,4,13.67,41,42,2,maior,0
3846,Essen Folksong Collection,"De klenge Mennchen, S. 28f",3/4,3/4,simples,4,13.67,41,39,2,maior,1
3847,Essen Folksong Collection,"Der Ackermann, S. 16",3/4,3/4,simples,4,16,48,34,7,menor,2
3848,Essen Folksong Collection,"Der Ackersmann (224), S. 482",3/4,3/4,simples,2,6.5,20,29,0,maior,3
3849,Essen Folksong Collection,"Der Engel und die Hirten (4-8), S. 10",3/4,3/4,simples,4,43,129,102,5,maior,4
3850,Essen Folksong Collection,"Der Fisch(?) Concelebrant (4-5), S. 7",3/4,3/4,simples,4,13,39,37,5,maior,0
3851,Essen Folksong Collection,"Der Fischer (3-18), S. 48",3/4,3/4,simples,6,12,36,52,9,menor,1
3852,Essen Folksong Collection,"Der Fhnrich (160a), S. 348",3/4,3/4,simples,4,17.67,53,62,7,maior,2
3853,Essen Folksong Collection,"Der Geiákopp (4-99), S. 134",3/4,3/4,simples,4,27.33,82,46,0,maior,3
3854,Essen Folksong Collection,"Der Graf und die Magd (23a), S. 94f",3/4,3/4,simples,2,7.5,23,33,7,maior,4
3855,Essen Folksong Collection,Der Hammerschmiedssohn,3/4,3/4,simples,6,7.83,24,32,5,maior,0
3856,Essen Folksong Collection,"Der Hecker (139), S. 313",3/4,3/4,simples,4,11.67,35,48,5,maior,1
3857,Essen Folksong Collection,"Der Holderstrauch (3-42), S. 111",3/4,3/4,simples,4,11.83,35,45,5,maior,2
3858,Essen Folksong Collection,"Der Kirchenruber Peter Paulus (229c), S.494",3/4,3/4,simples,4,7.67,23,42,7,maior,3
3859,Essen Folksong Collection,Der Koenigin Luise Abschied,3/4,3/4,simples,4,8,24,36,10,maior,4
3860,Essen Folksong Collection,"Der Leichtsinn (289), S. 603",3/4,3/4,simples,4,15.67,47,72,2,maior,0
3861,Essen Folksong Collection,Der Maedchenmoerder (Halewijn - Ulinger),3/4,3/4,simples,4,23.67,71,68,7,maior,1
3862,Essen Folksong Collection,Der Maedchenmoerder (Halewijn - Ulinger),3/4,3/4,simples,0,9,27,29,9,menor,2
3863,Essen Folksong Collection,Der Maedchenmoerder (Halewijn - Ulinger),3/4,3/4,simples,6,7.83,24,38,9,menor,3
3864,Essen Folksong Collection,Der Meierin Sohn,3/4,3/4,simples,4,8,24,25,2,menor,4
3865,Essen Folksong Collection,Der Meierin Sohn,3/4,3/4,simples,4,8,24,24,5,maior,0
3866,Essen Folksong Collection,Der Meierin Sohn,3/4,3/4,simples,4,8,24,21,7,menor,1
3867,Essen Folksong Collection,Der Muskatbaum,3/4,3/4,simples,4,16,48,38,0,maior,2
3868,Essen Folksong Collection,Der Muskatbaum,3/4,3/4,simples,4,8,24,17,7,maior,3
3869,Essen Folksong Collection,Der Muskatbaum,3/4,3/4,simples,0,6.67,20,20,2,maior,4
3870,Essen Folksong Collection,"Der Nachtigall Klage (3-92), S. 254",3/4,3/4,simples,4,8,24,22,4,menor,0
3871,Essen Folksong Collection,Der Nebenbuhler (Jan Willem en Betje),3/4,3/4,simples,4,22,66,56,7,maior,1
3872,Essen Folksong Collection,Der Nebenbuhler (Jan Willem en Betje),3/4,3/4,simples,4,15.67,47,36,7,maior,2
3873,Essen Folksong Collection,"Der Reiter und sein Liebchen (53a), S. 167",3/4,3/4,simples,4,15.67,47,50,7,maior,3
3874,Essen Folksong Collection,"Der Reiter und sein Liebchen (53b), S. 168",3/4,3/4,simples,4,11.67,35,37,7,maior,4
3875,Essen Folksong Collection,"Der Reiter und sein Liebchen (53d), S. 171",3/4,3/4,simples,4,12,36,46,7,maior,0
3876,Essen Folksong Collection,"Der Spaziergang um Mitternacht (56), S. 179",3/4,3/4,simples,4,10,30,41,7,maior,1
3877,Essen Folksong Collection,Der Tannhaeuser,3/4,3/4,simples,2,7.83,24,31,0,maior,2
3878,Essen Folksong Collection,"Der Trinker und sein Weib (4-93), S. 121",3/4,3/4,simples,4,16,48,54,7,maior,3
3879,Essen Folksong Collection,"Der Tyroler und sein Kind (3-11), S. 30f",3/4,3/4,simples,4,19.67,59,81,5,maior,4
3880,Essen Folksong Collection,Der Vorwirt,3/4,3/4,simples,4,8,24,21,7,maior,0
3881,Essen Folksong Collection,Der Vorwirt,3/4,3/4,simples,4,8,24,18,0,maior,1
3882,Essen Folksong Collection,Der Vorwirt,3/4,3/4,simples,2,7.83,24,40,7,maior,2
3883,Essen Folksong Collection,Der Vorwirt,3/4,3/4,simples,4,16,48,34,7,menor,3
3884,Essen Folksong Collection,"Der Wilddieb (Band 1), S. 181",3/4,3/4,simples,4,15,45,53,7,maior,4
3885,Essen Folksong Collection,Der Wildschtz (231),3/4,3/4,simples,4,14.67,44,50,7,maior,0
3886,Essen Folksong Collection,Der arme Bauer,3/4,3/4,simples,4,7.83,23,31,7,menor,1
3887,Essen Folksong Collection,"Der arme Bauer (Band 1), S. 157",3/4,3/4,simples,4,7.83,23,31,7,menor,2
3888,Essen Folksong Collection,Der ehebrecherische Gatte,3/4,3/4,simples,4,4,12,14,7,maior,3
3889,Essen Folksong Collection,Der ehebrecherische Gatte,3/4,3/4,simples,4,4,12,12,7,maior,4
3890,Essen Folksong Collection,Der ehebrecherische Gatte,3/4,3/4,simples,4,4,12,13,7,maior,0
3891,Essen Folksong Collection,Der ehebrecherische Gatte,3/4,3/4,simples,0,4,12,14,7,maior,1
3892,Essen Folksong Collection,"Der falsche Bursche (89), S. 233",3/4,3/4,simples,4,15.67,47,66,3,maior,2
3893,Essen Folksong Collection,Der goldene Rosenkranz,3/4,3/4,simples,4,15.67,47,37,3,maior,3
3894,Essen Folksong Collection,"Der goldene Rosenkranz (5-35), S. 60",3/4,3/4,simples,4,13,39,36,5,maior,4
3895,Essen Folksong Collection,Der grausame Bruder,3/4,3/4,simples,4,11.67,35,34,7,maior,0
3896,Essen Folksong Collection,Der grausame Bruder,3/4,3/4,simples,4,11.67,35,33,7,maior,1
3897,Essen Folksong Collection,Der heimkehrende Braeutigam,3/4,3/4,simples,4,18,54,47,7,maior,2
3898,Essen Folksong Collection,Der heimkehrende Braeutigam,3/4,3/4,simples,4,7,21,19,9,menor,3
3899,Essen Folksong Collection,Der heimkehrende Braeutigam,3/4,3/4,simples,4,12,36,30,7,maior,4
3900,Essen Folksong Collection,Der heimkehrende Soldat,3/4,3/4,simples,4,14,42,30,7,maior,0
3901,Essen Folksong Collection,Der himmlische Ackersmann,3/4,3/4,simples,4,15,45,37,4,menor,1
3902,Essen Folksong Collection,"Der himmlische Ackersmann (Band 1), S. 155",3/4,3/4,simples,4,15,45,40,4,menor,2
3903,Essen Folksong Collection,Der keusche Dienstknecht,3/4,3/4,simples,6,10.83,33,33,5,maior,3
3904,Essen Folksong Collection,"Der mit der spitze Kapp (4-99), S. 134",3/4,3/4,simples,0,8,24,25,4,menor,4
3905,Essen Folksong Collection,Der schwatzhafte Junggeselle,3/4,3/4,simples,4,16,48,44,7,maior,0
3906,Essen Folksong Collection,"Der schne Kohlenbrenbub (3-82), S. 226",3/4,3/4,simples,0,13,39,46,5,maior,1
3907,Essen Folksong Collection,"Der treue Husar (19b), S. 83",3/4,3/4,simples,6,11.83,36,50,4,menor,2
3908,Essen Folksong Collection,Der verkleidete Markgrafensohn,3/4,3/4,simples,4,13.33,40,35,5,menor,3
3909,Essen Folksong Collection,"Der verwundete Knabe (21b), S. 88",3/4,3/4,simples,4,9.67,29,37,7,maior,4
3910,Essen Folksong Collection,"Des Mdchens Lebensstufen (199), S. 434",3/4,3/4,simples,4,12,36,52,0,maior,0
3911,Essen Folksong Collection,"Des Mdchens Lebensstufen (199), S. 434",3/4,3/4,simples,4,13.67,41,61,0,maior,1
3912,Essen Folksong Collection,"Des Pfalzgrafen Tchterlein (51a),",3/4,3/4,simples,6,7.83,24,34,11,menor,2
3913,Essen Folksong Collection,"Des Pfalzgrafen Tchterlein (51b), S. 161",3/4,3/4,simples,6,6,18,24,7,maior,3
3914,Essen Folksong Collection,"Des Pfalzgrafen Tchterlein, (51c), S. 162",3/4,3/4,simples,6,7.83,24,36,2,maior,4
3915,Essen Folksong Collection,"Dessous ces rosiers blancs (3), S. 34",3/4,3/4,simples,6,12.83,39,57,2,maior,0
3916,Essen Folksong Collection,Die Antwerpener Kaufmannstochter,3/4,3/4,simples,4,8,24,25,7,maior,1
3917,Essen Folksong Collection,Die Bluthochzeit,3/4,3/4,simples,4,8,24,28,5,maior,2
3918,Essen Folksong Collection,"Die Freudenlose (91a), S. 236",3/4,3/4,simples,4,7.67,23,36,10,maior,3
3919,Essen Folksong Collection,Die Gans (2-98) S. 286,3/4,3/4,simples,6,19.83,60,70,7,maior,4
3920,Essen Folksong Collection,Die Geburt im Walde,3/4,3/4,simples,4,8,24,25,4,menor,0
3921,Essen Folksong Collection,Die Geburt im Walde,3/4,3/4,simples,4,15.67,47,56,8,maior,1
3922,Essen Folksong Collection,Die Geburt im Walde,3/4,3/4,simples,4,18,54,50,7,menor,2
3923,Essen Folksong Collection,Die Geburt im Walde,3/4,3/4,simples,4,12,36,36,7,maior,3
3924,Essen Folksong Collection,Die Geburt im Walde,3/4,3/4,simples,4,11.67,35,44,7,maior,4
3925,Essen Folksong Collection,Die Geburt im Walde,3/4,3/4,simples,4,19.67,59,70,7,maior,0
3926,Essen Folksong Collection,Die Geburt im Walde,3/4,3/4,simples,4,11.67,35,39,7,maior,1
3927,Essen Folksong Collection,"Die Gedanken sind frei, S. 64",3/4,3/4,simples,4,16,48,50,0,maior,2
3928,Essen Folksong Collection,"Die Hartherzige""",3/4,3/4,simples,4,16,48,58,7,maior,3
3929,Essen Folksong Collection,Die Hauptmannstochter,3/4,3/4,simples,4,16.33,49,34,7,menor,4
3930,Essen Folksong Collection,Die Koenigstochter im Heeresdienst,3/4,3/4,simples,4,4,12,16,7,maior,0
3931,Essen Folksong Collection,Die Koenigstochter im Heeresdienst,3/4,3/4,simples,0,4,12,14,7,maior,1
3932,Essen Folksong Collection,Die Meererin (Die schoene Kate),3/4,3/4,simples,4,4.33,13,22,7,maior,2
3933,Essen Folksong Collection,Die Mordeltern,3/4,3/4,simples,2,7.83,24,39,5,maior,3
3934,Essen Folksong Collection,Die Mordeltern,3/4,3/4,simples,4,8,24,33,7,maior,4
3935,Essen Folksong Collection,Die Mordeltern,3/4,3/4,simples,2,5.5,17,23,4,menor,0
3936,Essen Folksong Collection,Die Mordeltern,3/4,3/4,simples,2,7.83,24,32,4,menor,1
3937,Essen Folksong Collection,Die Mordeltern,3/4,3/4,simples,4,8,24,30,2,menor,2
3938,Essen Folksong Collection,Die Mordeltern,3/4,3/4,simples,2,7.83,24,33,7,menor,3
3939,Essen Folksong Collection,Die Mordeltern,3/4,3/4,simples,6,7.83,24,37,7,maior,4
3940,Essen Folksong Collection,Die Mordeltern,3/4,3/4,simples,4,8,24,32,7,maior,0
3941,Essen Folksong Collection,Die Mordeltern,3/4,3/4,simples,6,8,24,32,7,maior,1
3942,Essen Folksong Collection,Die Mordeltern,3/4,3/4,simples,2,7,21,37,7,maior,2
3943,Essen Folksong Collection,Die Mordeltern,3/4,3/4,simples,2,9.83,30,31,7,maior,3
3944,Essen Folksong Collection,Die Mordeltern,3/4,3/4,simples,6,7.83,24,35,7,maior,4
3945,Essen Folksong Collection,Die Mordeltern,3/4,3/4,simples,4,8,24,35,7,maior,0
3946,Essen Folksong Collection,Die Mordeltern,3/4,3/4,simples,2,7.83,24,30,7,maior,1
3947,Essen Folksong Collection,Die Mordeltern,3/4,3/4,simples,4,8.67,26,34,7,maior,2
3948,Essen Folksong Collection,Die Mordeltern,3/4,3/4,simples,6,7.67,23,36,7,maior,3
3949,Essen Folksong Collection,Die Mordeltern,3/4,3/4,simples,6,11.17,34,50,7,maior,4
3950,Essen Folksong Collection,Die Mordeltern,3/4,3/4,simples,4,8,24,34,7,maior,0
3951,Essen Folksong Collection,Die Mordeltern,3/4,3/4,simples,2,5.83,18,27,7,maior,1
3952,Essen Folksong Collection,Die Mordeltern,3/4,3/4,simples,2,8,24,34,7,maior,2
3953,Essen Folksong Collection,Die Mordeltern,3/4,3/4,simples,2,7.83,24,33,7,maior,3
3954,Essen Folksong Collection,Die Rabenmutter,3/4,3/4,simples,4,4,12,16,5,maior,4
3955,Essen Folksong Collection,Die Rabenmutter,3/4,3/4,simples,6,7.83,24,36,7,maior,0
3956,Essen Folksong Collection,Die Rabenmutter,3/4,3/4,simples,6,8,24,33,7,maior,1
3957,Essen Folksong Collection,Die Rabenmutter,3/4,3/4,simples,4,7.67,23,30,4,menor,2
3958,Essen Folksong Collection,"Die Reise nach Frankreich (157b), S. 344",3/4,3/4,simples,4,7.67,23,25,7,maior,3
3959,Essen Folksong Collection,"Die Reise nach Jtland (157a), S. 342f",3/4,3/4,simples,4,11.67,35,39,7,maior,4
3960,Essen Folksong Collection,Die Schlangenkoechin,3/4,3/4,simples,4,8,24,25,7,maior,0
3961,Essen Folksong Collection,Die Schlangenkoechin,3/4,3/4,simples,2,15.83,48,49,7,maior,1
3962,Essen Folksong Collection,Die Schlangenkoechin,3/4,3/4,simples,4,7.67,23,27,7,maior,2
3963,Essen Folksong Collection,Die Schlangenkoechin,3/4,3/4,simples,4,15.67,47,44,7,maior,3
3964,Essen Folksong Collection,Die Schlangenkoechin,3/4,3/4,simples,4,15.67,47,38,7,maior,4
3965,Essen Folksong Collection,Die Schlangenkoechin,3/4,3/4,simples,4,16,48,52,7,maior,0
3966,Essen Folksong Collection,Die Todesbraut,3/4,3/4,simples,4,8,24,20,8,menor,1
3967,Essen Folksong Collection,Die Todesbraut,3/4,3/4,simples,4,16,48,42,6,menor,2
3968,Essen Folksong Collection,Die Unbestechliche,3/4,3/4,simples,4,29,87,64,2,menor,3
3969,Essen Folksong Collection,Die Unbestechliche,3/4,3/4,simples,0,11.67,35,25,4,menor,4
3970,Essen Folksong Collection,"Die beiden Hasen (3-55), S. 144",3/4,3/4,simples,0,9.67,29,40,5,maior,0
3971,Essen Folksong Collection,Die beiden Waisenkinder,3/4,3/4,simples,4,23,69,49,7,maior,1
3972,Essen Folksong Collection,Die brave Stiefmutter,3/4,3/4,simples,4,12,36,28,5,maior,2
3973,Essen Folksong Collection,Die dienende Schwester,3/4,3/4,simples,6,7.83,24,36,0,maior,3
3974,Essen Folksong Collection,Die dienende Schwester,3/4,3/4,simples,6,6.83,21,29,2,maior,4
3975,Essen Folksong Collection,Die dienende Schwester,3/4,3/4,simples,6,12.17,37,50,5,maior,0
3976,Essen Folksong Collection,Die dienende Schwester,3/4,3/4,simples,2,7.5,23,32,2,menor,1
3977,Essen Folksong Collection,Die dienende Schwester,3/4,3/4,simples,6,7.33,22,34,5,maior,2
3978,Essen Folksong Collection,Die dienende Schwester,3/4,3/4,simples,6,6.83,21,27,5,maior,3
3979,Essen Folksong Collection,Die dienende Schwester,3/4,3/4,simples,2,6,18,24,0,maior,4
3980,Essen Folksong Collection,Die dienende Schwester,3/4,3/4,simples,6,6.5,20,27,5,maior,0
3981,Essen Folksong Collection,Die dienende Schwester,3/4,3/4,simples,6,6.83,21,29,5,maior,1
3982,Essen Folksong Collection,Die dienende Schwester,3/4,3/4,simples,6,6.83,21,27,5,maior,2
3983,Essen Folksong Collection,Die dienende Schwester,3/4,3/4,simples,0,10,30,27,5,maior,3
3984,Essen Folksong Collection,Die dienende Schwester,3/4,3/4,simples,4,12,36,27,5,maior,4
3985,Essen Folksong Collection,Die dienende Schwester,3/4,3/4,simples,6,8,24,32,5,maior,0
3986,Essen Folksong Collection,Die dienende Schwester,3/4,3/4,simples,6,11.83,36,58,5,maior,1
3987,Essen Folksong Collection,Die dienende Schwester,3/4,3/4,simples,6,8,24,32,5,maior,2
3988,Essen Folksong Collection,Die dienende Schwester,3/4,3/4,simples,6,6,18,27,5,maior,3
3989,Essen Folksong Collection,Die dienende Schwester,3/4,3/4,simples,6,5.83,18,31,5,maior,4
3990,Essen Folksong Collection,Die dienende Schwester,3/4,3/4,simples,6,6,18,27,5,maior,0
3991,Essen Folksong Collection,Die dienende Schwester,3/4,3/4,simples,6,11.83,36,48,5,menor,1
3992,Essen Folksong Collection,Die dienende Schwester,3/4,3/4,simples,8,8,24,32,5,maior,2
3993,Essen Folksong Collection,Die dienende Schwester,3/4,3/4,simples,4,8,24,18,5,maior,3
3994,Essen Folksong Collection,Die drei Hexen,3/4,3/4,simples,4,4,12,12,7,maior,4
3995,Essen Folksong Collection,Die drei Hexen,3/4,3/4,simples,4,8,24,22,5,maior,0
3996,Essen Folksong Collection,Die drei Hexen,3/4,3/4,simples,6,4,12,21,5,maior,1
3997,Essen Folksong Collection,Die drei Hexen,3/4,3/4,simples,0,8,24,19,5,maior,2
3998,Essen Folksong Collection,Die elfjaehrige Markgraefin,3/4,3/4,simples,4,16,48,52,5,maior,3
3999,Essen Folksong Collection,Die elfjaehrige Markgraefin,3/4,3/4,simples,4,12,36,30,5,maior,4
4000,Essen Folksong Collection,"Die engelische Schferin (1-44), S. 112",3/4,3/4,simples,4,16,48,64,7,maior,0
4001,Essen Folksong Collection,Die erzwungene Ehe,3/4,3/4,simples,4,9.67,29,27,5,maior,1
4002,Essen Folksong Collection,"Die falsche Grfina von Neuenburg (4-17), S. 24",3/4,3/4,simples,4,25.33,76,59,5,maior,2
4003,Essen Folksong Collection,Die fuenf Soehne,3/4,3/4,simples,4,20,60,55,2,menor,3
4004,Essen Folksong Collection,"Die heilige Odilchen (299), S. 618",3/4,3/4,simples,4,11,33,28,2,menor,4
4005,Essen Folksong Collection,Die himmlischen Freuden,3/4,3/4,simples,4,20,60,50,5,maior,0
4006,Essen Folksong Collection,"Die himmlischen Freuden (3-13), S. 47",3/4,3/4,simples,4,20,60,50,5,maior,1
4007,Essen Folksong Collection,"Die ongrische Braut (300), S. 620",3/4,3/4,simples,2,7.83,24,32,4,menor,2
4008,Essen Folksong Collection,"Die vergebliche Warnung (80a), S. 218,",3/4,3/4,simples,2,7,21,30,0,maior,3
4009,Essen Folksong Collection,Die verkaufte Muellerin,3/4,3/4,simples,2,5.83,18,25,5,maior,4
4010,Essen Folksong Collection,Die verkaufte Muellerin,3/4,3/4,simples,2,6,18,25,7,maior,0
4011,Essen Folksong Collection,Die verkaufte Muellerin,3/4,3/4,simples,2,6,18,32,7,maior,1
4012,Essen Folksong Collection,Die verkaufte Muellerin,3/4,3/4,simples,4,13,39,25,7,maior,2
4013,Essen Folksong Collection,Die verkaufte Muellerin,3/4,3/4,simples,6,10,30,44,7,maior,3
4014,Essen Folksong Collection,Die verkaufte Muellerin,3/4,3/4,simples,2,7.83,24,35,7,maior,4
4015,Essen Folksong Collection,Die verkaufte Muellerin,3/4,3/4,simples,4,8,24,33,0,maior,0
4016,Essen Folksong Collection,Die verkaufte Muellerin,3/4,3/4,simples,2,7.83,24,32,7,maior,1
4017,Essen Folksong Collection,"Die versoffenen Kleider (26a), S. 104",3/4,3/4,simples,4,9.67,29,42,10,maior,2
4018,Essen Folksong Collection,"Die versoffenen Kleider (26c), S.106",3/4,3/4,simples,4,11.67,35,51,5,maior,3
4019,Essen Folksong Collection,Die verunglueckte Muellerstochter,3/4,3/4,simples,0,30.67,92,44,7,maior,4
4020,Essen Folksong Collection,Die verwundete Dame,3/4,3/4,simples,6,5.17,16,25,7,maior,0
4021,Essen Folksong Collection,Die wiedergefundene Schwester,3/4,3/4,simples,4,19.67,59,61,5,maior,1
4022,Essen Folksong Collection,Die wiedergefundene Schwester (Suedeli - Ballade),3/4,3/4,simples,4,24,72,63,5,maior,2
4023,Essen Folksong Collection,Die wiedergefundene Schwester (Suedeli - Ballade),3/4,3/4,simples,4,19.67,59,61,7,maior,3
4024,Essen Folksong Collection,Die wiedergefundene Schwester (Suedeli - Ballade),3/4,3/4,simples,4,11.67,35,39,7,maior,4
4025,Essen Folksong Collection,Die wiedergefundene Schwester (Suedeli - Ballade),3/4,3/4,simples,0,11.67,35,32,7,maior,0
4026,Essen Folksong Collection,Die wiedergefundene Schwester (Suedeli - Ballade),3/4,3/4,simples,4,16,48,46,7,maior,1
4027,Essen Folksong Collection,Die wiedergefundene Schwester (Suedeli - Ballade),3/4,3/4,simples,4,15.67,47,48,7,maior,2
4028,Essen Folksong Collection,Die wiedergefundene Schwester (Suedeli - Ballade),3/4,3/4,simples,4,16,48,43,5,maior,3
4029,Essen Folksong Collection,Die zehnte Tochter,3/4,3/4,simples,4,12,36,32,7,maior,4
4030,Essen Folksong Collection,Die zehnte Tochter,3/4,3/4,simples,4,8,24,23,7,maior,0
4031,Essen Folksong Collection,Die zwei armen Waislein,3/4,3/4,simples,4,7,21,21,0,maior,1
4032,Essen Folksong Collection,Die zwei armen Waislein,3/4,3/4,simples,4,10,30,28,7,maior,2
4033,Essen Folksong Collection,Die zwei armen Waislein,3/4,3/4,simples,4,7,21,21,7,maior,3
4034,Essen Folksong Collection,Doen Hanselijn over der heiden reet,3/4,3/4,simples,4,18,54,42,2,menor,4
4035,Essen Folksong Collection,"Drei Wochen vor Ostern (5-61), S. 100f",3/4,3/4,simples,4,15.67,47,45,2,maior,0
4036,Essen Folksong Collection,"Dreiknigslied (Band 1), S. 21",3/4,3/4,simples,4,12,36,33,7,maior,1
4037,Essen Folksong Collection,"Droben auf dem grnen Berg (5-62), S. 102",3/4,3/4,simples,0,21.67,65,70,2,menor,2
4038,Essen Folksong Collection,"Druimfhionn Donn Dílis, S. 143",3/4,3/4,simples,4,16,48,52,7,maior,3
4039,Essen Folksong Collection,"Duan chroí íosa, S. 504",3/4,3/4,simples,4,23.67,71,51,4,menor,4
4040,Essen Folksong Collection,EEN SOUDAEN HAT EEN DOCHTF[ERK3EN,3/4,3/4,simples,2,7.83,24,33,7,menor,0
4041,Essen Folksong Collection,EI ALLALIABS SCHAZZAL,3/4,3/4,simples,4,12,36,56,10,maior,1
4042,Essen Folksong Collection,EI BRUDER N N WARUM SO MISSVERGNUEGT,3/4,3/4,simples,4,24.33,73,111,5,maior,2
4043,Essen Folksong Collection,EI DU EDLER TANNENBAUM,3/4,3/4,simples,0,8,24,29,7,menor,3
4044,Essen Folksong Collection,EI DU LIEBER AUGUSTIN,3/4,3/4,simples,0,31.33,94,104,7,maior,4
4045,Essen Folksong Collection,EI MEI LIEBES MALCHEN,3/4,3/4,simples,0,8.67,26,39,4,maior,0
4046,Essen Folksong Collection,EI SCHAEFER WO EILEST DU HIN,3/4,3/4,simples,4,15.67,47,62,7,maior,1
4047,Essen Folksong Collection,EIN HERZ DAS SICH MIT SORGEN QUAELT,3/4,3/4,simples,4,25.67,77,76,2,maior,2
4048,Essen Folksong Collection,EIN JUNGER KNAB GASSATEN GING,3/4,3/4,simples,4,20,60,76,7,maior,3
4049,Essen Folksong Collection,EIN KAEFER AUF DEM ZAUNE SASS,3/4,3/4,simples,2,7.83,24,30,7,maior,4
4050,Essen Folksong Collection,EIN KAEFER AUF DEM ZAUNE SASS,3/4,3/4,simples,2,8,24,30,2,maior,0
4051,Essen Folksong Collection,EIN MAEDCHEN VON ACHTZEHN JAHREN,3/4,3/4,simples,4,14,42,39,4,menor,1
4052,Essen Folksong Collection,EIN SCHAEFER TRAEGT SORGEN,3/4,3/4,simples,4,12,36,32,10,maior,2
4053,Essen Folksong Collection,EIN SCHAEFER TRAEGT SORGEN,3/4,3/4,simples,4,12,36,44,5,maior,3
4054,Essen Folksong Collection,EIN STRAEUSSCHEN AM HUTE,3/4,3/4,simples,4,15.67,47,45,7,maior,4
4055,Essen Folksong Collection,EIN STRAEUSSCHEN AM HUTE,3/4,3/4,simples,4,24,72,70,9,maior,0
4056,Essen Folksong Collection,EIN SULTAN HATT EIN TOECHTERLEIN,3/4,3/4,simples,2,15.83,48,60,7,maior,1
4057,Essen Folksong Collection,EIN SULTAN HATT EIN TOECHTERLEIN,3/4,3/4,simples,2,11.83,36,51,7,maior,2
4058,Essen Folksong Collection,EINEN GOLDNEN WANDERSTAB,3/4,3/4,simples,4,16,48,61,0,maior,3
4059,Essen Folksong Collection,EINST LEBT ICH SO GLUECKLICH,3/4,3/4,simples,4,12,36,46,3,maior,4
4060,Essen Folksong Collection,EINST WAR ICH SO GLUECKLICH,3/4,3/4,simples,4,12,36,44,0,maior,0
4061,Essen Folksong Collection,ELBERFELD DU SCHOENES STAEDTCHEN,3/4,3/4,simples,4,12,36,50,5,maior,1
4062,Essen Folksong Collection,ELF BRAEUTE SIND VON MIR GELIEBT,3/4,3/4,simples,2,14.5,44,55,7,maior,2
4063,Essen Folksong Collection,ERSTANDEN IST DER HEILIG CHRIST,3/4,3/4,simples,4,16,48,32,5,maior,3
4064,Essen Folksong Collection,ES BLEIS SICH VON DER LINNE,3/4,3/4,simples,4,12,36,39,7,maior,4
4065,Essen Folksong Collection,ES FUHR GEN ACKER EIN GROBER BAUER,3/4,3/4,simples,0,15,45,44,10,maior,0
4066,Essen Folksong Collection,ES GEHT EIN DUNKLE WOLKEN REIN,3/4,3/4,simples,4,15,45,29,7,menor,1
4067,Essen Folksong Collection,ES GEHT EIN FINSTER WOLKEN HEREIN,3/4,3/4,simples,4,15,45,35,7,menor,2
4068,Essen Folksong Collection,ES GIENG EIN JUNGFRAU ZARTE,3/4,3/4,simples,4,14,42,49,7,maior,3
4069,Essen Folksong Collection,ES GIENG EINST EIN VERLIEBTES PAAR,3/4,3/4,simples,2,11.83,36,49,7,maior,4
4070,Essen Folksong Collection,ES GIENGEN ZWEI LIEBCHEN,3/4,3/4,simples,4,8,24,28,7,maior,0
4071,Essen Folksong Collection,ES GING EIN MAEDCHEN IN DIE STADT,3/4,3/4,simples,2,11.5,35,52,0,maior,1
4072,Essen Folksong Collection,ES GINGEN DREI BAURN,3/4,3/4,simples,4,12,36,31,5,maior,2
4073,Essen Folksong Collection,ES HAT EINN SCHNEE GESCHNEIET,3/4,3/4,simples,4,10,30,39,7,maior,3
4074,Essen Folksong Collection,ES HATT EIN BAUR EIN TOECHTERLEIN,3/4,3/4,simples,2,7.83,24,34,5,maior,4
4075,Essen Folksong Collection,ES HATT EIN GASTWIRTH EINEN SOHN,3/4,3/4,simples,2,5.83,18,25,7,menor,0
4076,Essen Folksong Collection,ES HATT EIN GASTWIRTH EINEN SOHN,3/4,3/4,simples,2,5.83,18,27,7,maior,1
4077,Essen Folksong Collection,ES HATT EIN GASTWIRTH EINEN SOHN,3/4,3/4,simples,2,5.83,18,24,7,maior,2
4078,Essen Folksong Collection,ES IST ERSTANDEN JESUS CHRIST,3/4,3/4,simples,4,12.33,37,29,5,maior,3
4079,Essen Folksong Collection,ES IST FUERWAHR KEIN KREATUR,3/4,3/4,simples,6,11.83,36,47,0,maior,4
4080,Essen Folksong Collection,ES IST NIT ALLES GOLDE,3/4,3/4,simples,4,38,114,65,5,maior,0
4081,Essen Folksong Collection,ES KAM EIN REICHER VOGEL,3/4,3/4,simples,4,15,45,58,7,maior,1
4082,Essen Folksong Collection,ES KAM VON EINER NEUSTADT HER,3/4,3/4,simples,2,7.83,24,35,5,maior,2
4083,Essen Folksong Collection,ES LEBEN DIE ALTEN DIE WEIBER DER WEIN,3/4,3/4,simples,4,16,48,55,10,maior,3
4084,Essen Folksong Collection,ES LEIT EIN SCHLOSS IN OESTERREICH,3/4,3/4,simples,4,19,57,42,5,maior,4
4085,Essen Folksong Collection,ES LEUCHTET SCHON WIEDER,3/4,3/4,simples,4,12,36,52,0,maior,0
4086,Essen Folksong Collection,ES LEUCHTET SCHON WIEDER,3/4,3/4,simples,4,8,24,33,0,maior,1
4087,Essen Folksong Collection,ES LIEGT EIN SCHLOSS IN OESTERREICH,3/4,3/4,simples,2,7.83,24,39,2,maior,2
4088,Essen Folksong Collection,ES LIEGT EIN SCHLOSS IN OESTERREICH,3/4,3/4,simples,0,18,54,40,2,menor,3
4089,Essen Folksong Collection,ES RATT (REI'T) WOHL AUS DER HAEDE (HEIDE),3/4,3/4,simples,4,8,24,31,2,maior,4
4090,Essen Folksong Collection,ES REISTEN DREI SCHAEFER AUS BRESLAU RAUS,3/4,3/4,simples,4,16,48,58,7,maior,0
4091,Essen Folksong Collection,ES RITT EIN HERR ZUM KUEHLEN WEIN,3/4,3/4,simples,2,5.83,18,26,5,maior,1
4092,Essen Folksong Collection,ES RITTEN ZWEI HERZLIEBCHEN,3/4,3/4,simples,4,8,24,26,7,maior,2
4093,Essen Folksong Collection,ES SAG EIN JEDER WAS ER WILL,3/4,3/4,simples,6,11.83,36,55,5,maior,3
4094,Essen Folksong Collection,ES SANGEN DREI ENGEL,3/4,3/4,simples,4,8,24,25,4,menor,4
4095,Essen Folksong Collection,ES SANGEN DREI ENGEL,3/4,3/4,simples,4,8,24,29,5,maior,0
4096,Essen Folksong Collection,ES SANGEN DREI ENGEL,3/4,3/4,simples,4,12,36,41,5,maior,1
4097,Essen Folksong Collection,ES SANGEN DREI ENGEL,3/4,3/4,simples,4,8,24,28,5,maior,2
4098,Essen Folksong Collection,ES SASS EIN KAEFER AUF DEM BAEUMEL,3/4,3/4,simples,4,7.67,23,30,7,maior,3
4099,Essen Folksong Collection,ES SOLL SICH JA KEINER,3/4,3/4,simples,4,14,42,47,7,maior,4
4100,Essen Folksong Collection,ES SOLL SICH JA KEINER MIT DER LIEBE ABGEBEN,3/4,3/4,simples,4,16,48,49,7,maior,0
4101,Essen Folksong Collection,ES SPIELT EIN GRAF MIT EINER MAGD,3/4,3/4,simples,2,7.83,24,30,7,maior,1
4102,Essen Folksong Collection,ES STAND AUF HOHEN BERGEN,3/4,3/4,simples,4,12,36,47,9,maior,2
4103,Essen Folksong Collection,ES STEHT EIN LIND IN JENEM THAL,3/4,3/4,simples,0,16,48,39,2,menor,3
4104,Essen Folksong Collection,ES STEHT EIN SCHLOSS IN OESTERREICH,3/4,3/4,simples,2,7.83,24,35,2,maior,4
4105,Essen Folksong Collection,ES STEHT EIN SCHLOSS IN OESTERREICH,3/4,3/4,simples,2,7.83,24,37,2,maior,0
4106,Essen Folksong Collection,ES STEHT EIN WIRTHSHAUS AN DER LAHN,3/4,3/4,simples,6,13.83,42,68,5,maior,1
4107,Essen Folksong Collection,ES SULL SECH HALT'G KEENER,3/4,3/4,simples,4,16,48,49,7,maior,2
4108,Essen Folksong Collection,ES SUNGEN DREI ENGEL,3/4,3/4,simples,4,8,24,27,5,maior,3
4109,Essen Folksong Collection,ES SUNGEN DREI ENGEL,3/4,3/4,simples,4,8,24,27,5,maior,4
4110,Essen Folksong Collection,ES WAR EIN KLEINER MANN,3/4,3/4,simples,0,9.67,29,33,5,maior,0
4111,Essen Folksong Collection,ES WAR EIN KOENIG WOL AN DEM RHEIN,3/4,3/4,simples,2,7.83,24,31,7,maior,1
4112,Essen Folksong Collection,ES WAR EIN MAEDCHEN VON FARBE SO BLEICH,3/4,3/4,simples,4,8,24,25,2,menor,2
4113,Essen Folksong Collection,ES WAR EIN MARKGRAF UEBERN RHEIN,3/4,3/4,simples,6,15.83,48,64,9,menor,3
4114,Essen Folksong Collection,ES WAR EIN WACKER MAEGDLEIN,3/4,3/4,simples,4,17.67,53,38,9,menor,4
4115,Essen Folksong Collection,ES WAR EINAML EIN FEINER KNAB,3/4,3/4,simples,6,4,12,21,5,maior,0
4116,Essen Folksong Collection,ES WAR EINE STOLZE JUEDIN,3/4,3/4,simples,2,8.83,27,36,2,maior,1
4117,Essen Folksong Collection,ES WAR EINE STOLZE JUEDIN,3/4,3/4,simples,2,9.83,30,35,5,maior,2
4118,Essen Folksong Collection,ES WAR EINMAL EIN BAUER,3/4,3/4,simples,4,6,18,24,0,maior,3
4119,Essen Folksong Collection,ES WAR EINMAL EIN BRAVER HUSAR,3/4,3/4,simples,6,7.83,24,39,3,maior,4
4120,Essen Folksong Collection,ES WAR EINMAL EIN BRAVER HUSAR,3/4,3/4,simples,2,11.83,36,52,7,maior,0
4121,Essen Folksong Collection,ES WAR EINMAL EIN FEINER KNAB,3/4,3/4,simples,6,8,24,40,4,maior,1
4122,Essen Folksong Collection,ES WAR EINMAL EIN JUNGER KNAB,3/4,3/4,simples,6,7.83,24,35,5,maior,2
4123,Essen Folksong Collection,ES WAREN ZWEI GESPIELEN,3/4,3/4,simples,2,11.83,36,48,5,maior,3
4124,Essen Folksong Collection,ES WARN EINMAL ZWEI BAUERNSOEHN,3/4,3/4,simples,2,5.83,18,23,4,menor,4
4125,Essen Folksong Collection,ES WARN EINMAL ZWEI BAUERNSOEHN,3/4,3/4,simples,2,7.83,24,31,7,maior,0
4126,Essen Folksong Collection,ES WARN EINMAL ZWEI BAUERNSOEHN,3/4,3/4,simples,2,7.83,24,31,7,maior,1
4127,Essen Folksong Collection,ES WARN EINMAL ZWEI BAUERNSOEHN,3/4,3/4,simples,2,7.83,24,32,7,maior,2
4128,Essen Folksong Collection,ES WOHNT EIN KOENIG WEIT UEBERM RHEIN,3/4,3/4,simples,6,4,12,20,2,maior,3
4129,Essen Folksong Collection,ES WOHNTE EINE WITWE,3/4,3/4,simples,4,7.67,23,22,7,maior,4
4130,Essen Folksong Collection,ES WOLLT EIN FRAU ZUM WEINE GAHN,3/4,3/4,simples,4,17,51,38,7,maior,0
4131,Essen Folksong Collection,ES WOLLT EIN JAEGER FRUEH AUFSTEHN,3/4,3/4,simples,6,4.83,15,29,5,maior,1
4132,Essen Folksong Collection,ES WOLLT EIN JAEGER FRUEH AUFSTEHN,3/4,3/4,simples,2,15.83,48,66,7,maior,2
4133,Essen Folksong Collection,ES WOLLT EIN JUNGFER ZU TANZE GEHN,3/4,3/4,simples,2,11.83,36,50,9,menor,3
4134,Essen Folksong Collection,ES WOLLT EIN MAEDCHEN SPAZIEREN GEHN,3/4,3/4,simples,2,7.83,24,36,7,maior,4
4135,Essen Folksong Collection,ES WOLLT EIN MAEDCHEN TANZEN GEHN,3/4,3/4,simples,4,16,48,70,7,maior,0
4136,Essen Folksong Collection,ES WOLLT EIN MAEDCHEN ZUM TANZE GEHN,3/4,3/4,simples,2,11.83,36,52,7,maior,1
4137,Essen Folksong Collection,ES WOLLT EIN MAEDEL GRASEN,3/4,3/4,simples,4,10,30,41,7,maior,2
4138,Essen Folksong Collection,ES WOLLT EIN MAEDL ZUM TANZE GEHN,3/4,3/4,simples,2,7.83,24,30,7,maior,3
4139,Essen Folksong Collection,ES WOLLT EIN MAEGDLEIN SEHR FRUEH AUFSTEHN,3/4,3/4,simples,6,11.83,36,80,5,maior,4
4140,Essen Folksong Collection,ES WOLLT EIN MAEGDLEIN SEHR FRUEH AUFSTEHN,3/4,3/4,simples,6,7.83,24,60,5,maior,0
4141,Essen Folksong Collection,ES WOLLTE EIN MAEDCHEN IN DER FRUEH AUFSTEHN,3/4,3/4,simples,4,16,48,50,5,maior,1
4142,Essen Folksong Collection,ES WOLLTE EIN MAEDCHEN IN DER FRUH AUFSTEHN,3/4,3/4,simples,4,16,48,50,5,maior,2
4143,Essen Folksong Collection,ES WOLLTE EIN MAEDCHEN WOHL FRUEH AUFSTEHN,3/4,3/4,simples,4,20,60,66,7,maior,3
4144,Essen Folksong Collection,ES ZOG EIN KNAB INS NIEDERLAND,3/4,3/4,simples,6,7.83,24,33,7,menor,4
4145,Essen Folksong Collection,ES ZOG EIN MATROSE,3/4,3/4,simples,4,16,48,49,0,maior,0
4146,Essen Folksong Collection,ES ZOGEN DREI BURSCHE WOHL UEBER DEN RHEIN,3/4,3/4,simples,4,12,36,33,0,maior,1
4147,Essen Folksong Collection,ET QUAM SICK EN HEF[ERK1EN UT DANIA,3/4,3/4,simples,4,24,72,70,0,maior,2
4148,Essen Folksong Collection,ET SAS E KLI WAELTFIJELTCHEN,3/4,3/4,simples,2,7.5,23,30,7,menor,3
4149,Essen Folksong Collection,EWIGER GOTT ACH VATER MEIN,3/4,3/4,simples,4,14,42,31,2,menor,4
4150,Essen Folksong Collection,"EY DU EDLER TANNENBAUM, DU BIST A  EDLER ZWEIG",3/4,3/4,simples,0,7.67,23,29,7,menor,0
4151,Essen Folksong Collection,EY MAI LIEBE MALCHEN HIE,3/4,3/4,simples,0,7.67,23,39,4,maior,1
4152,Essen Folksong Collection,Echo - Jodel,3/4,3/4,simples,0,13,39,29,7,maior,2
4153,Essen Folksong Collection,"Ein Jngling wollte wandern (5.64), S. 105",3/4,3/4,simples,4,12,36,42,0,maior,3
4154,Essen Folksong Collection,"Ein Kind geboren zu Bethlehem (5-8), S. 21",3/4,3/4,simples,4,13,39,33,7,maior,4
4155,Essen Folksong Collection,"Eine arme Seel wollt wanderen gehn (Band 1), S. 53",3/4,3/4,simples,6,7.83,24,36,4,menor,0
4156,Essen Folksong Collection,"Eine groáe Freud' verknd' ich euch (5-99), S. 157",3/4,3/4,simples,4,16,48,40,4,menor,1
4157,Essen Folksong Collection,"Einst lebt ich so glcklich! (1-41), S. 106",3/4,3/4,simples,4,12,36,48,2,maior,2
4158,Essen Folksong Collection,"Einst stand ich auf hohen Bergen (1-13), S. 34",3/4,3/4,simples,4,18,54,59,7,maior,3
4159,Essen Folksong Collection,"Elslein, liebes Elslein",3/4,3/4,simples,0,15,45,33,0,maior,4
4160,Essen Folksong Collection,Englische Schferin (2-64) S. 196,3/4,3/4,simples,4,8,24,27,5,maior,0
4161,Essen Folksong Collection,"Entschwundenes Glck (124), 1. Melodie, S.284",3/4,3/4,simples,4,7.67,23,30,2,maior,1
4162,Essen Folksong Collection,"Entschwundenes Glck (124), 2. Melodie S.284",3/4,3/4,simples,4,8,24,32,2,maior,2
4163,Essen Folksong Collection,"Erkennungszeichen (178a), S. 390",3/4,3/4,simples,4,11.67,35,54,7,maior,3
4164,Essen Folksong Collection,"Es fliegen zwei Tauben (3-91), S. 251",3/4,3/4,simples,4,24.67,74,54,7,menor,4
4165,Essen Folksong Collection,"Es fliegen zwei Tauben wohl ueber den Rhein,",3/4,3/4,simples,4,24.67,74,55,7,menor,0
4166,Essen Folksong Collection,"Es fliegen zwei Tauben wohl ueber den Rhein,:",3/4,3/4,simples,4,12,36,33,7,maior,1
4167,Essen Folksong Collection,"Es fliegen zwei Tauben wohl ueber den Rhein,:",3/4,3/4,simples,4,12,36,33,2,menor,2
4168,Essen Folksong Collection,"Es fliegen's aus drei Tauben (4-61), S. 79",3/4,3/4,simples,4,14,42,40,7,menor,3
4169,Essen Folksong Collection,"Es fngt ein neues Frhjahr an! (1-33), S. 87",3/4,3/4,simples,2,5.83,18,32,5,maior,4
4170,Essen Folksong Collection,"Es gingen drei Engelein (5-15), S. 32",3/4,3/4,simples,4,8,24,28,0,maior,0
4171,Essen Folksong Collection,Es haett ein Maidlein ein Reiter hold,3/4,3/4,simples,4,17,51,38,9,menor,1
4172,Essen Folksong Collection,"Es hat sich ein Bauer ein Tchterlein (3-81), S. 224",3/4,3/4,simples,4,25,75,67,7,maior,2
4173,Essen Folksong Collection,"Es reisen drei Knaben (Band 1), S. 93",3/4,3/4,simples,4,16.67,50,46,5,maior,3
4174,Essen Folksong Collection,"Es reit't ein Reiter (Band 1), S. 103",3/4,3/4,simples,4,16,48,41,2,maior,4
4175,Essen Folksong Collection,"Es reiten zwei Herzliebchen (2-24), S. 60",3/4,3/4,simples,4,12,36,41,5,maior,0
4176,Essen Folksong Collection,"Es scheint die Sonn' am Himmel (4-27), S. 46",3/4,3/4,simples,4,14,42,32,10,maior,1
4177,Essen Folksong Collection,"Es soll sich halt keiner mit die Lieb abgeben (3-20), S. 52",3/4,3/4,simples,4,18,54,59,7,menor,2
4178,Essen Folksong Collection,"Es stand ein Schloá in sterreich (13b), S. 59",3/4,3/4,simples,2,11.5,35,49,0,maior,3
4179,Essen Folksong Collection,"Es stehen drei Sterne am Himmel (5-72), S. 117",3/4,3/4,simples,4,11,33,30,9,maior,4
4180,Essen Folksong Collection,"Es steht ein Lind (Band 1), S. 255",3/4,3/4,simples,2,8,24,41,5,maior,0
4181,Essen Folksong Collection,"Es steht ein Schloá in sterreich (13f), S. 61",3/4,3/4,simples,2,11.5,35,50,0,maior,1
4182,Essen Folksong Collection,Es waren zwei Gespielen,3/4,3/4,simples,2,11.83,36,44,5,maior,2
4183,Essen Folksong Collection,"Es woollt ein Mller frh aufstehn (Band 1), S. 99",3/4,3/4,simples,6,10,30,44,7,maior,3
4184,Essen Folksong Collection,"Es zog ein Matrose (5-83), S. 132f",3/4,3/4,simples,4,14,42,47,0,maior,4
4185,Essen Folksong Collection,"Es zogen drei Burschen wohl ber den Rhein (3-9), S. 25",3/4,3/4,simples,4,12,36,33,0,maior,0
4186,Essen Folksong Collection,Et sass e kli waelt Vijeltchen,3/4,3/4,simples,2,7.5,23,30,7,menor,1
4187,Essen Folksong Collection,"Et wohnt sich ein Weibsbild (2-7), S. 15",3/4,3/4,simples,4,18,54,68,5,maior,2
4188,Essen Folksong Collection,"Ewell hu mir onse Paaá (?), S. 49",3/4,3/4,simples,4,32,96,70,7,maior,3
4189,Essen Folksong Collection,FAHR MER NET UEBER MEI ACKERLE,3/4,3/4,simples,0,11.67,35,32,7,maior,4
4190,Essen Folksong Collection,FAHR MICH HINUEBER,3/4,3/4,simples,6,11.83,36,51,5,maior,0
4191,Essen Folksong Collection,FELDEINWAERTS FLOG EIN VOEGELEIN,3/4,3/4,simples,6,9.83,30,48,7,maior,1
4192,Essen Folksong Collection,FERN IM SUED DAS SCHOENE SPANIEN,3/4,3/4,simples,4,19.67,59,77,2,maior,2
4193,Essen Folksong Collection,FRAU DU SOLLST ZU HAUSE KOMMN,3/4,3/4,simples,0,13.33,40,52,2,maior,3
4194,Essen Folksong Collection,FRAU NACHTIGALL KLEINS VOEGELEIN,3/4,3/4,simples,2,7.83,24,38,5,maior,4
4195,Essen Folksong Collection,FRISCH LUSTIG UND FROEHLICH,3/4,3/4,simples,4,16,48,59,3,maior,0
4196,Essen Folksong Collection,FROEHLICH UND FREI BIN ICH JUCHHEI,3/4,3/4,simples,0,13.67,41,36,7,maior,1
4197,Essen Folksong Collection,FROHE STUNDEN GIBTS IM LEBEN,3/4,3/4,simples,4,11.67,35,46,7,maior,2
4198,Essen Folksong Collection,FRUH FRUH DES MORGENS FRUH,3/4,3/4,simples,0,9.67,29,41,5,maior,3
4199,Essen Folksong Collection,FRUH FRUH DES MORGENS FRUH,3/4,3/4,simples,0,7.33,22,30,5,maior,4
4200,Essen Folksong Collection,"Fahr mir nit ueber mein Aeckerchen,",3/4,3/4,simples,0,11.67,35,32,7,maior,0
4201,Essen Folksong Collection,"Falsch und Treu (110), S. 264",3/4,3/4,simples,4,32,96,80,0,maior,1
4202,Essen Folksong Collection,"Falscher Sinn (3-39), S. 119",3/4,3/4,simples,4,19,57,39,7,menor,2
4203,Essen Folksong Collection,"Feierabend (103), S. 255",3/4,3/4,simples,4,7.67,23,32,5,maior,3
4204,Essen Folksong Collection,"Feierabend (3-63), S. 181",3/4,3/4,simples,4,12,36,49,7,maior,4
4205,Essen Folksong Collection,Feiner Knab (2-87) S. 255,3/4,3/4,simples,6,12,36,60,7,maior,0
4206,Essen Folksong Collection,Fengchui zhuyie xiangdingdang,3/4,3/4,simples,0,7.67,23,38,2,menor,1
4207,Essen Folksong Collection,"Fern im Sd das schne Spanien (3-6), S. 16",3/4,3/4,simples,4,20,60,80,5,maior,2
4208,Essen Folksong Collection,"Flatterhaft (95a), S. 242",3/4,3/4,simples,4,7.67,23,23,5,maior,3
4209,Essen Folksong Collection,"Flatterhaft (95b), S. 243",3/4,3/4,simples,4,7.67,23,27,5,maior,4
4210,Essen Folksong Collection,Frau von Weissenburg,3/4,3/4,simples,4,25,75,59,5,maior,0
4211,Essen Folksong Collection,"Frhjahr (117b), S. 282",3/4,3/4,simples,6,5.83,18,24,7,maior,1
4212,Essen Folksong Collection,GANZ VERGNUEGT UND EINSAM,3/4,3/4,simples,4,12,36,60,5,maior,2
4213,Essen Folksong Collection,GAUDEAMUS IGITUR,3/4,3/4,simples,0,12,36,46,9,menor,3
4214,Essen Folksong Collection,GEH ICH HIN UEBER DIE ALM,3/4,3/4,simples,4,7.67,23,41,10,maior,4
4215,Essen Folksong Collection,GEH IN DEN KREIS MEINE ROSA,3/4,3/4,simples,6,7.83,24,31,7,maior,0
4216,Essen Folksong Collection,GELT DU WILLST MEIN SOHN HABEN,3/4,3/4,simples,4,15.67,47,64,7,maior,1
4217,Essen Folksong Collection,GESTERN BEI MONDENSCHEIN,3/4,3/4,simples,0,14,42,39,3,maior,2
4218,Essen Folksong Collection,GESTERN BRUEDER KOENNT IHRS GLAUBEN,3/4,3/4,simples,0,12,36,60,7,maior,3
4219,Essen Folksong Collection,GLAUBT MIRS DOCH,3/4,3/4,simples,4,16,48,63,7,maior,4
4220,Essen Folksong Collection,GOD SAVE OUR LORD THE KING,3/4,3/4,simples,0,20,60,56,7,maior,0
4221,Essen Folksong Collection,GOLDNE ABENDSONNE WIE BIST DU SO SCHOEN,3/4,3/4,simples,0,7.67,23,23,7,maior,1
4222,Essen Folksong Collection,GOTT GRUESS SIE LIEBER HERR PAPA,3/4,3/4,simples,4,16,48,44,7,maior,2
4223,Essen Folksong Collection,GRAF FRIEDRICH WOLLT AUSREITEN,3/4,3/4,simples,4,8,24,32,5,maior,3
4224,Essen Folksong Collection,GROSSER GOTT VOM HIMMEL DROBEN,3/4,3/4,simples,4,7.67,23,31,0,maior,4
4225,Essen Folksong Collection,GROSSER GOTT WIR LOBEN DICH,3/4,3/4,simples,0,24,72,56,7,maior,0
4226,Essen Folksong Collection,GUTE NACHT GUTE NACHT ALLEN MUEDEN SEIS GEBRACHT,3/4,3/4,simples,4,11.67,35,46,3,maior,1
4227,Essen Folksong Collection,GUTN ABEND JUNGFR RESL,3/4,3/4,simples,4,10,30,30,5,maior,2
4228,Essen Folksong Collection,"Gegráet seist du Maria (5-13), S. 29",3/4,3/4,simples,4,16,48,50,9,menor,3
4229,Essen Folksong Collection,"Geh mer net iwer mei Aeckerche, Aeckerche,",3/4,3/4,simples,0,20.67,62,57,5,maior,4
4230,Essen Folksong Collection,Geigenbwele (2-30) S. 95,3/4,3/4,simples,4,16,48,46,7,maior,0
4231,Essen Folksong Collection,Geming wupa sharendao,3/4,3/4,simples,0,9,27,23,9,maior,1
4232,Essen Folksong Collection,Genovefa,3/4,3/4,simples,4,21,63,40,2,maior,2
4233,Essen Folksong Collection,Genovefa,3/4,3/4,simples,0,32,96,68,7,maior,3
4234,Essen Folksong Collection,"Gestern abend bin ich ausgegang (3-64), S. 184",3/4,3/4,simples,4,14,42,42,2,maior,4
4235,Essen Folksong Collection,Gongzhandang bi nianglaozi qin,3/4,3/4,simples,0,8.33,25,42,10,maior,0
4236,Essen Folksong Collection,Graf und Nonne (Die Nonne),3/4,3/4,simples,4,9.67,29,38,0,maior,1
4237,Essen Folksong Collection,Graf und Nonne (Die Nonne),3/4,3/4,simples,4,20,60,56,7,maior,2
4238,Essen Folksong Collection,Graf und Nonne (Die Nonne),3/4,3/4,simples,4,7.67,23,32,0,maior,3
4239,Essen Folksong Collection,Graf und Nonne (Die Nonne),3/4,3/4,simples,4,8,24,33,0,maior,4
4240,Essen Folksong Collection,Graf und Nonne (Die Nonne),3/4,3/4,simples,4,15.33,46,37,0,maior,0
4241,Essen Folksong Collection,Graf und Nonne (Die Nonne),3/4,3/4,simples,4,11.83,35,51,3,maior,1
4242,Essen Folksong Collection,Graf und Nonne (Die Nonne),3/4,3/4,simples,4,11.67,35,42,5,maior,2
4243,Essen Folksong Collection,Graf und Nonne (Die Nonne),3/4,3/4,simples,4,12,36,42,7,maior,3
4244,Essen Folksong Collection,Graf und Nonne (Die Nonne),3/4,3/4,simples,4,12,36,41,7,maior,4
4245,Essen Folksong Collection,Graf und Nonne (Die Nonne),3/4,3/4,simples,4,29.33,88,66,7,maior,0
4246,Essen Folksong Collection,Graf und Nonne (Die Nonne),3/4,3/4,simples,4,14,42,36,7,maior,1
4247,Essen Folksong Collection,Graf und Nonne (Die Nonne),3/4,3/4,simples,4,17,51,35,7,maior,2
4248,Essen Folksong Collection,Graserin und Reiter,3/4,3/4,simples,4,21,63,55,7,maior,3
4249,Essen Folksong Collection,Graserin und Reiter,3/4,3/4,simples,4,10,30,41,9,maior,4
4250,Essen Folksong Collection,Graserin und Reiter,3/4,3/4,simples,2,11.83,36,41,7,menor,0
4251,Essen Folksong Collection,HABT IHR LUST IHR LIEBEN BRUEDER,3/4,3/4,simples,4,12,36,46,7,maior,1
4252,Essen Folksong Collection,HAHL MI DEN SAHLHUND UT DEN STRANNE,3/4,3/4,simples,0,11.67,35,45,7,maior,2
4253,Essen Folksong Collection,HANSEL DEIN GRETELEIN IST EIN FAULS SCHLAMPERLEIN,3/4,3/4,simples,0,13.67,41,38,9,maior,3
4254,Essen Folksong Collection,HEER HALWYN ZONG EEN LIEDEKYN,3/4,3/4,simples,4,6,18,24,7,menor,4
4255,Essen Folksong Collection,HEIL DEM MANNE,3/4,3/4,simples,0,27.83,83,149,0,maior,0
4256,Essen Folksong Collection,HEIL DIR IM SIEGERKRANZ,3/4,3/4,simples,0,13.67,41,41,7,maior,1
4257,Essen Folksong Collection,HELFT LEUTCHEN MIR VOM WAGEN DOCH,3/4,3/4,simples,2,18.83,57,64,7,maior,2
4258,Essen Folksong Collection,HERE IS THY HOME LOVE AILEEN AROON,3/4,3/4,simples,0,16,48,76,10,maior,3
4259,Essen Folksong Collection,HERR BRUDER ZUR RECHTEN,3/4,3/4,simples,4,8,24,29,2,maior,4
4260,Essen Folksong Collection,HERZ VOLL MUTH BLICK VOLL GLUTH,3/4,3/4,simples,0,12.67,38,50,2,maior,0
4261,Essen Folksong Collection,HERZIGS MARIANDEL,3/4,3/4,simples,0,15.67,47,44,7,maior,1
4262,Essen Folksong Collection,HERZIGS SCHATZERL,3/4,3/4,simples,4,15.67,47,78,0,maior,2
4263,Essen Folksong Collection,HEUT IST EIN FREUDENREICHER TAG,3/4,3/4,simples,4,13,39,27,0,maior,3
4264,Essen Folksong Collection,"HEUTE SCHEID ICH, HEUTE WANDRE ICH, KEINE SEELE WEINT UM MICH",3/4,3/4,simples,4,11,33,44,0,maior,4
4265,Essen Folksong Collection,HIER SITZ ICH AUF ROSEN MIT VEILCHEN BEKRAENZT,3/4,3/4,simples,4,14,42,49,7,maior,0
4266,Essen Folksong Collection,HIER STEH ICH AM BERGE,3/4,3/4,simples,4,20,60,77,2,maior,1
4267,Essen Folksong Collection,HIER STEH ICH AM BERGE,3/4,3/4,simples,4,20,60,74,2,maior,2
4268,Essen Folksong Collection,HIER TRETEN WIR HER,3/4,3/4,simples,4,12,36,36,5,maior,3
4269,Essen Folksong Collection,HIER TRETEN WIR HER,3/4,3/4,simples,4,8,24,24,0,maior,4
4270,Essen Folksong Collection,HIER TRETEN WIR HER MIT UNSERM STERN,3/4,3/4,simples,4,12,36,35,5,maior,0
4271,Essen Folksong Collection,HIEZT HAB I MEIN TREUHEIT,3/4,3/4,simples,4,7.67,23,31,7,maior,1
4272,Essen Folksong Collection,HILF O HIMMEL ICH MUSS SCHEIDEN,3/4,3/4,simples,4,8,24,30,5,maior,2
4273,Essen Folksong Collection,HOCH VOM DACHSTEIN AN WO DER AAR NOCH HAUST,3/4,3/4,simples,4,15.67,47,76,5,maior,3
4274,Essen Folksong Collection,HOERET WIE DIE WACHTEL IN FREUDEN DORT SCHLAEGT,3/4,3/4,simples,0,25.67,77,80,5,maior,4
4275,Essen Folksong Collection,HOERET WIE DIE WACHTEL IN FREUDEN DORT SCHLAEGT,3/4,3/4,simples,11,25.58,77,81,5,maior,0
4276,Essen Folksong Collection,HOERT IHR HERRN UND LASST EUCH SAGEN,3/4,3/4,simples,0,31.67,95,66,3,maior,1
4277,Essen Folksong Collection,HOERT WENN IHR KEINEN GARTEN HABT,3/4,3/4,simples,2,15.83,48,61,5,maior,2
4278,Essen Folksong Collection,HOLDES GRUEN WIE LIEB ICH DICH,3/4,3/4,simples,4,11.67,35,49,5,maior,3
4279,Essen Folksong Collection,HUSSE BUSSEE DAT ERSTE JAHR TWEE,3/4,3/4,simples,0,9.67,29,27,7,maior,4
4280,Essen Folksong Collection,"Haerzke, menj Haerzken, do faer iwerm Rech,",3/4,3/4,simples,0,12,36,32,7,maior,0
4281,Essen Folksong Collection,Haescher des Herodes,3/4,3/4,simples,4,8,24,23,7,menor,1
4282,Essen Folksong Collection,Hahnpfalzlied,3/4,3/4,simples,4,8,24,24,0,maior,2
4283,Essen Folksong Collection,"Hausrat (189), S. 412",3/4,3/4,simples,0,12.33,37,50,7,maior,3
4284,Essen Folksong Collection,Het waren twe konigs kinderen,3/4,3/4,simples,4,26,78,68,7,maior,4
4285,Essen Folksong Collection,Hezuohua wadiaole qionggen,3/4,3/4,simples,0,19,57,43,10,maior,0
4286,Essen Folksong Collection,"Hilf, o Himmel, ich muá scheiden (3-73), S. 204",3/4,3/4,simples,0,16,48,41,7,menor,1
4287,Essen Folksong Collection,"Hoer an, mein liebes Kind, was ich muss leiden,",3/4,3/4,simples,4,24,72,86,2,maior,2
4288,Essen Folksong Collection,Hongjun da dao shicheng xian,3/4,3/4,simples,0,7.83,23,40,5,maior,3
4289,Essen Folksong Collection,Hongyanyan de qizhi,3/4,3/4,simples,0,11.33,34,37,4,menor,4
4290,Essen Folksong Collection,"Hopp Marjennchen, S. 10",3/4,3/4,simples,0,15.67,47,34,4,menor,0
4291,Essen Folksong Collection,I FAHR AUF DER POST,3/4,3/4,simples,4,16,48,41,9,maior,1
4292,Essen Folksong Collection,I Had a Horse,3/4,3/4,simples,2,16,48,68,2,menor,2
4293,Essen Folksong Collection,I WOASS A SCHOENI GLOCKN,3/4,3/4,simples,4,8,24,39,10,maior,3
4294,Essen Folksong Collection,ICH BETE AN DIE MACHT DER LIEBE,3/4,3/4,simples,4,26,78,59,0,maior,4
4295,Essen Folksong Collection,ICH BIN DER FUERST VON THOREN,3/4,3/4,simples,2,7.83,24,32,7,maior,0
4296,Essen Folksong Collection,ICH BIN DER FUERST VON THOREN,3/4,3/4,simples,2,7.83,24,34,7,maior,1
4297,Essen Folksong Collection,ICH BIN DER WOHLBEKANNTE SAENGER,3/4,3/4,simples,2,19.83,60,90,9,maior,2
4298,Essen Folksong Collection,ICH BIN SO MANCHEN WEG GEGANGEN,3/4,3/4,simples,6,8,24,37,5,maior,3
4299,Essen Folksong Collection,ICH BIN VOM BERG DER HIRTENKNAB,3/4,3/4,simples,4,20,60,44,7,maior,4
4300,Essen Folksong Collection,ICH DENKE DEIN WENN DURCH DEN HAIN DER NACHTIGALLEN,3/4,3/4,simples,6,6,18,28,2,maior,0
4301,Essen Folksong Collection,ICH FAHR DAHIN WANN ES MUSS SEIN,3/4,3/4,simples,4,20,60,42,5,maior,1
4302,Essen Folksong Collection,ICH GIENG ZUM KUEHLEN WEIN,3/4,3/4,simples,0,7.67,23,30,7,maior,2
4303,Essen Folksong Collection,ICH GING BEI EITLER NACHT,3/4,3/4,simples,4,15.67,47,35,2,menor,3
4304,Essen Folksong Collection,ICH GING EINST BEI DER NACHT,3/4,3/4,simples,2,12.17,37,65,7,maior,4
4305,Essen Folksong Collection,ICH GING IM WALDE SO FUER MICH HIN,3/4,3/4,simples,6,8,24,42,10,maior,0
4306,Essen Folksong Collection,ICH GING WOL HIN,3/4,3/4,simples,2,7.83,24,37,5,maior,1
4307,Essen Folksong Collection,ICH HAB EIN KLEINES HUETTCHEN,3/4,3/4,simples,6,11.83,36,52,5,maior,2
4308,Essen Folksong Collection,ICH HAB MIR MEIN KINDEL FEIN SCHLAFEN GELEGT,3/4,3/4,simples,4,16,48,45,7,maior,3
4309,Essen Folksong Collection,ICH HABE MEIN FEINSLIEBCHEN,3/4,3/4,simples,2,7.83,24,28,5,maior,4
4310,Essen Folksong Collection,ICH HABE MEIN FEINSLIEBCHEN,3/4,3/4,simples,2,7.83,24,29,5,maior,0
4311,Essen Folksong Collection,ICH HATTE MEIN FEINSLIEBCHEN,3/4,3/4,simples,2,7.83,24,27,7,maior,1
4312,Essen Folksong Collection,ICH HEV SE NICH UP DE SCHOLEN GEBRACHT,3/4,3/4,simples,4,19.33,58,55,2,menor,2
4313,Essen Folksong Collection,ICH KANN NICHT SITZN,3/4,3/4,simples,2,7.83,24,37,5,maior,3
4314,Essen Folksong Collection,ICH KANN UND MAG NICHT FROEHLICH SEIN,3/4,3/4,simples,6,6.83,21,35,7,maior,4
4315,Essen Folksong Collection,ICH KANN UND MAG NICHT FROEHLICH SEIN,3/4,3/4,simples,6,5.83,18,34,7,maior,0
4316,Essen Folksong Collection,ICH KANN UND MAG NICHT TRAURIG SEIN,3/4,3/4,simples,6,4.83,15,27,7,maior,1
4317,Essen Folksong Collection,ICH KENN EIN'N HELLEN EDELSTEIN,3/4,3/4,simples,4,24.67,74,92,7,maior,2
4318,Essen Folksong Collection,ICH KENNE EIN BLUEMLEIN SO EINFACH,3/4,3/4,simples,4,16,48,49,5,maior,3
4319,Essen Folksong Collection,ICH KOMME VOM GEBIRGE HER,3/4,3/4,simples,6,7.83,24,32,10,maior,4
4320,Essen Folksong Collection,ICH KOMME VOM GEBIRGE HER,3/4,3/4,simples,2,7.83,24,32,0,maior,0
4321,Essen Folksong Collection,ICH KUMM ZUM SUMMER,3/4,3/4,simples,0,7.67,23,23,5,maior,1
4322,Essen Folksong Collection,ICH LEBTE SONST SO FROH,3/4,3/4,simples,2,11.83,36,48,5,maior,2
4323,Essen Folksong Collection,ICH LEGTE MICH NIEDER,3/4,3/4,simples,0,12,36,39,7,maior,3
4324,Essen Folksong Collection,ICH LEGTE MICH NIEDER INS GRUNIGE GRAS,3/4,3/4,simples,4,8,24,32,5,maior,4
4325,Essen Folksong Collection,ICH MUSS REISEN,3/4,3/4,simples,4,7.67,23,40,2,maior,0
4326,Essen Folksong Collection,ICH SETZTE MICH NIEDER INS GRUENE GRAS,3/4,3/4,simples,4,16,48,54,5,maior,1
4327,Essen Folksong Collection,ICH SOLL UND MAG NICHT SCHLAFEN GEHN,3/4,3/4,simples,2,7.83,24,34,5,maior,2
4328,Essen Folksong Collection,ICH STAND AUF HOHEM BERGE,3/4,3/4,simples,4,8,24,30,7,maior,3
4329,Essen Folksong Collection,ICH STAND AUF HOHEM BERGE,3/4,3/4,simples,4,8,24,30,7,maior,4
4330,Essen Folksong Collection,ICH STAND AUF HOHEN BERGEN,3/4,3/4,simples,4,7.67,23,30,5,maior,0
4331,Essen Folksong Collection,ICH TRINK UND TRINKEND FAELLT MIR BEI,3/4,3/4,simples,2,21.5,65,94,5,maior,1
4332,Essen Folksong Collection,ICH UND MEIN ALLERLIEBSTER HANS,3/4,3/4,simples,6,15.83,48,71,6,menor,2
4333,Essen Folksong Collection,ICH UND MEIN JUNGES WEIB,3/4,3/4,simples,0,8,24,22,7,maior,3
4334,Essen Folksong Collection,ICH WEISS EIN EWIGES HIMMELREICH,3/4,3/4,simples,4,16,48,33,5,maior,4
4335,Essen Folksong Collection,ICH WEISS MIR EIN MAIDLEIN,3/4,3/4,simples,4,24,72,47,7,maior,0
4336,Essen Folksong Collection,ICH WILL EUCH' MAL SINGEN EIN LIEDELEIN EIN NEUES,3/4,3/4,simples,2,15.83,48,53,7,maior,1
4337,Essen Folksong Collection,ICH WILL IN GARTEN GEHN,3/4,3/4,simples,4,16,48,51,9,menor,2
4338,Essen Folksong Collection,ICH WILL MICH UMSCHAUEN,3/4,3/4,simples,4,16,48,71,7,maior,3
4339,Essen Folksong Collection,ICH WILL MICH UMSCHAUEN,3/4,3/4,simples,4,16,48,65,7,maior,4
4340,Essen Folksong Collection,ICH WOLLT EINMAL RECHT FRUEH AUFSTEHN,3/4,3/4,simples,6,9.83,30,65,5,maior,0
4341,Essen Folksong Collection,ICH WOLLT EINMAL RECHT FRUEH AUFSTEHN,3/4,3/4,simples,6,7.83,24,54,7,maior,1
4342,Essen Folksong Collection,ICH WOLLT EINMAL RECHT FRUEH AUFSTEHN,3/4,3/4,simples,0,13.67,41,52,5,maior,2
4343,Essen Folksong Collection,ICH WOLLT EINMAL RECHT FRUEH AUFSTEHN,3/4,3/4,simples,6,5.5,17,29,2,maior,3
4344,Essen Folksong Collection,ICH WUENSCHT ES WAERE NACHT,3/4,3/4,simples,4,10,30,31,10,maior,4
4345,Essen Folksong Collection,ICH WUENSCHT ES WAERE NACHT,3/4,3/4,simples,4,10,30,32,10,maior,0
4346,Essen Folksong Collection,IETZ GANG I ANS BRUENNELE,3/4,3/4,simples,4,18,54,53,7,maior,1
4347,Essen Folksong Collection,IHR BRUEDER WENN ICH NICHT MEHR TRINKE,3/4,3/4,simples,4,11.67,35,59,5,maior,2
4348,Essen Folksong Collection,IHR LUSTIGEN SOLDATEN,3/4,3/4,simples,4,20,60,70,7,maior,3
4349,Essen Folksong Collection,IK HEV SE NICH UP DE SCHOLEN GEBRACHT,3/4,3/4,simples,4,21,63,54,2,menor,4
4350,Essen Folksong Collection,IM DOERFCHEN WO ICH LEBTE,3/4,3/4,simples,4,12.67,38,48,4,menor,0
4351,Essen Folksong Collection,IM HEMMEL IM HEMMEL YS FROEUDE,3/4,3/4,simples,4,8,24,22,2,menor,1
4352,Essen Folksong Collection,IM HIMMEL IM HIMMEL IST FREUDE SO VIEL,3/4,3/4,simples,4,12,36,40,0,maior,2
4353,Essen Folksong Collection,IM HIMMEL IM HIMMEL SIND FREUDEN,3/4,3/4,simples,4,12,36,35,5,maior,3
4354,Essen Folksong Collection,IM MAIEN WENN ALL DIE VOEGLEIN SINGEN,3/4,3/4,simples,4,19,57,47,9,menor,4
4355,Essen Folksong Collection,IM SCHOENSTEN WIESENGRUND,3/4,3/4,simples,4,14,42,47,3,maior,0
4356,Essen Folksong Collection,IN BERLIN SAGT ER MUSST DU SEIN,3/4,3/4,simples,4,7.67,23,39,10,maior,1
4357,Essen Folksong Collection,IN DEM FRUEHLING IN DEM SOMMER,3/4,3/4,simples,4,7.67,23,37,5,maior,2
4358,Essen Folksong Collection,IN DEM HIMMEL RUHT DIE ERDE,3/4,3/4,simples,0,47.33,142,125,2,maior,3
4359,Essen Folksong Collection,IN DER GROSSEN SEESTADT LEIPZIG,3/4,3/4,simples,0,11.67,35,53,2,menor,4
4360,Essen Folksong Collection,IN DER STADT HAGENAU GENANNT,3/4,3/4,simples,6,7.83,24,32,7,maior,0
4361,Essen Folksong Collection,IN DES GARTENS DUNKLER LAUBE,3/4,3/4,simples,4,8,24,36,7,maior,1
4362,Essen Folksong Collection,IN DES GARTENS DUNKLER LAUBE,3/4,3/4,simples,4,7.67,23,36,10,maior,2
4363,Essen Folksong Collection,IN DES GARTENS DUNKLER LAUBE,3/4,3/4,simples,4,8,24,35,10,maior,3
4364,Essen Folksong Collection,IN DES GARTENS DUNKLER LAUBE,3/4,3/4,simples,4,11.67,35,53,10,maior,4
4365,Essen Folksong Collection,IN DES GARTENS DUNKLER LAUBE,3/4,3/4,simples,4,7.67,23,34,10,maior,0
4366,Essen Folksong Collection,IN DES MEERES TIEFSTEN WUNDERHALLEN,3/4,3/4,simples,0,16,48,80,0,maior,1
4367,Essen Folksong Collection,IN DULCI JUBILO,3/4,3/4,simples,4,31.33,94,56,5,maior,2
4368,Essen Folksong Collection,IN GLUCKGLUCK LEB ICH,3/4,3/4,simples,6,8,24,44,7,menor,3
4369,Essen Folksong Collection,IN GLUCKGLUCK LEBE ICH,3/4,3/4,simples,0,4.67,14,22,7,menor,4
4370,Essen Folksong Collection,IN SANITATATEM OMNIUM,3/4,3/4,simples,2,11,33,43,7,maior,0
4371,Essen Folksong Collection,IN SCHWARZ WILL ICH MICH KLEIDEN,3/4,3/4,simples,4,31,93,66,5,maior,1
4372,Essen Folksong Collection,INS BAYRISCH GEGANGE,3/4,3/4,simples,4,20,60,68,5,maior,2
4373,Essen Folksong Collection,IST ALLES DUNKEL,3/4,3/4,simples,6,11.83,36,61,10,maior,3
4374,Essen Folksong Collection,IST MIR ALLES EINS,3/4,3/4,simples,4,19.67,59,94,7,maior,4
4375,Essen Folksong Collection,"Ich habe mir eine erwhlet (4-65), S. 84",3/4,3/4,simples,4,13,39,43,7,maior,0
4376,Essen Folksong Collection,"Ich stand mal auf hohem Berge,",3/4,3/4,simples,4,15,45,40,7,menor,1
4377,Essen Folksong Collection,Ich w,3/4,3/4,simples,4,9,27,28,7,maior,2
4378,Essen Folksong Collection,"Ich weiá ein' schner Garte (5-20), S. 39",3/4,3/4,simples,4,10,30,35,5,maior,3
4379,Essen Folksong Collection,"Ihr Felsen seufzt, ihr Marmorstein (5-40), S. 67",3/4,3/4,simples,4,30,90,78,7,maior,4
4380,Essen Folksong Collection,"Ihr lustige Brueder, stimmt das schoene Lied a,",3/4,3/4,simples,4,11.67,35,39,2,maior,0
4381,Essen Folksong Collection,"Im Rosengarten (73), S. 209",3/4,3/4,simples,4,11.67,35,38,7,maior,1
4382,Essen Folksong Collection,"In Hamburg steht ein schnes Haus (5-87), S. 138",3/4,3/4,simples,4,16,48,36,2,maior,2
4383,Essen Folksong Collection,"Ist denn Lieben ein Verbrechen (100), S. 250",3/4,3/4,simples,4,7.67,23,31,5,maior,3
4384,Essen Folksong Collection,JA MEIN GLUECK DACHT ICH,3/4,3/4,simples,4,7.67,23,45,7,maior,4
4385,Essen Folksong Collection,JA WIR SIND ARM UND IHR SEID REICH,3/4,3/4,simples,2,15.83,48,65,5,maior,0
4386,Essen Folksong Collection,JAENSKEN VON BREMEN,3/4,3/4,simples,0,27.33,82,67,7,menor,1
4387,Essen Folksong Collection,JESUS DER GIENG DEN BERG HINAN,3/4,3/4,simples,4,18,54,44,5,maior,2
4388,Essen Folksong Collection,JETZ GANG I DURCHS WIESETHAL,3/4,3/4,simples,4,19.67,59,47,7,maior,3
4389,Essen Folksong Collection,JETZ WOLL MER,3/4,3/4,simples,0,7.67,23,20,0,maior,4
4390,Essen Folksong Collection,JETZT GEH ICH ANS BRUENNELEIN,3/4,3/4,simples,4,16,48,58,7,maior,0
4391,Essen Folksong Collection,JETZT GEH ICH ANS BRUENNELEIN,3/4,3/4,simples,4,12,36,41,7,maior,1
4392,Essen Folksong Collection,JETZUND GEHT DAS FRUEHJAHR AN,3/4,3/4,simples,2,5.5,17,28,7,maior,2
4393,Essen Folksong Collection,JETZUND NEHM ICH MEINE BUECHSE,3/4,3/4,simples,4,12,36,47,9,menor,3
4394,Essen Folksong Collection,JOHANN VON NEPOMUK,3/4,3/4,simples,0,9.67,29,43,3,maior,4
4395,Essen Folksong Collection,JUNGFER LIESCHEN SCHLIEF DA DROBEN,3/4,3/4,simples,4,8,24,28,7,maior,0
4396,Essen Folksong Collection,"Ja grueass di God, Frual vo da Au",3/4,3/4,simples,4,24.67,74,62,0,maior,1
4397,Essen Folksong Collection,Jaeger und Graserin,3/4,3/4,simples,4,13,39,46,11,menor,2
4398,Essen Folksong Collection,"Jeder fr sich (94), S. 241",3/4,3/4,simples,4,12,36,41,7,maior,3
4399,Essen Folksong Collection,"Jesus am Kreuze (3-6), S. 27",3/4,3/4,simples,4,16,48,50,7,maior,4
4400,Essen Folksong Collection,"Jesus im Mrderhaus (3-5), S. 23",3/4,3/4,simples,4,21,63,53,10,maior,0
4401,Essen Folksong Collection,"Jetzt gang i ans Brnnele (2-53), S. 142f",3/4,3/4,simples,4,18,54,54,7,maior,1
4402,Essen Folksong Collection,Jodler,3/4,3/4,simples,6,7.5,23,28,7,maior,2
4403,Essen Folksong Collection,Jungfer Doertchen,3/4,3/4,simples,6,8,24,37,7,maior,3
4404,Essen Folksong Collection,Jungfer Doertchen,3/4,3/4,simples,6,11.83,36,53,7,maior,4
4405,Essen Folksong Collection,Jungfer Doertchen,3/4,3/4,simples,6,4,12,22,7,maior,0
4406,Essen Folksong Collection,"Jgerlust (236), S. 508",3/4,3/4,simples,0,11.67,35,43,2,maior,1
4407,Essen Folksong Collection,KAISER WILHELM NUN DER ZWEITE,3/4,3/4,simples,4,18,54,67,5,maior,2
4408,Essen Folksong Collection,KEIN FEUER KEINE KOHLE KANN BRENNEN,3/4,3/4,simples,4,12,36,46,5,maior,3
4409,Essen Folksong Collection,"KEIN FEUER, KEINE KOHLE KANN BRENNEN SO HEISS",3/4,3/4,simples,2,11.83,36,52,5,maior,4
4410,Essen Folksong Collection,KEIN SCHOENER LAND IN DIESER ZEIT,3/4,3/4,simples,6,11.83,36,48,9,maior,0
4411,Essen Folksong Collection,KEIN SCHOENRER TOD AUF DIESER WELT,3/4,3/4,simples,4,16,48,60,7,maior,1
4412,Essen Folksong Collection,KEIN SCHOENRER TOD IST AUF DER WELT,3/4,3/4,simples,2,15.83,48,64,5,maior,2
4413,Essen Folksong Collection,KENNT IHR DAS LAND,3/4,3/4,simples,0,23,69,74,0,maior,3
4414,Essen Folksong Collection,KIMMT A VOGERL GEFLOGEN,3/4,3/4,simples,4,8,24,27,7,maior,4
4415,Essen Folksong Collection,KIND WO BIST DU HIN GEWESEN,3/4,3/4,simples,4,7.67,23,26,5,maior,0
4416,Essen Folksong Collection,KLEINE BLUMEN KLEINE BLAETTER,3/4,3/4,simples,0,7.67,23,38,7,maior,1
4417,Essen Folksong Collection,KLEINE BLUMEN KLEINE BLAETTER,3/4,3/4,simples,0,7.67,23,34,7,maior,2
4418,Essen Folksong Collection,KOMM HINAUS MIT INS FELD,3/4,3/4,simples,4,7.67,23,25,7,maior,3
4419,Essen Folksong Collection,KOMM RAUS DU SCHOENE BRAUT,3/4,3/4,simples,6,15.83,48,73,7,maior,4
4420,Essen Folksong Collection,KOMM ZU MIR IN GARTEN,3/4,3/4,simples,4,8,24,31,7,maior,0
4421,Essen Folksong Collection,KOMMT DIE NACHT MIT IHREM SCHATTEN,3/4,3/4,simples,4,8,24,30,5,maior,1
4422,Essen Folksong Collection,KOMMT EIN VOGERL GEFLOGEN,3/4,3/4,simples,4,7.67,23,26,9,maior,2
4423,Essen Folksong Collection,KUCKUK KUCKUK RUFT AUS DEM WALD,3/4,3/4,simples,0,9.67,29,22,7,maior,3
4424,Essen Folksong Collection,KUCKUK KUCKUK RUFT AUS DEM WALD,3/4,3/4,simples,0,11.67,35,28,7,maior,4
4425,Essen Folksong Collection,"Katharina und ihre Freier (4-79), S. 101",3/4,3/4,simples,4,15.67,47,55,7,maior,0
4426,Essen Folksong Collection,Koenig von Mailand,3/4,3/4,simples,2,5.83,18,32,9,maior,1
4427,Essen Folksong Collection,"Kohlerlied (3-40), S. 122",3/4,3/4,simples,4,16,48,41,7,maior,2
4428,Essen Folksong Collection,Kornschneiden,3/4,3/4,simples,4,16,48,31,5,maior,3
4429,Essen Folksong Collection,Kornschneiden,3/4,3/4,simples,4,24,72,50,7,maior,4
4430,Essen Folksong Collection,"Kreuzesliebe (3-7), S. 29",3/4,3/4,simples,4,8,24,24,7,maior,0
4431,Essen Folksong Collection,"Kriegers Abschied (3-8), S. 22f",3/4,3/4,simples,4,10,30,44,7,maior,1
4432,Essen Folksong Collection,Krippenlied (2-3) S. 16,3/4,3/4,simples,4,13,39,33,7,maior,2
4433,Essen Folksong Collection,Knig Balthasar (2-15) S. 51,3/4,3/4,simples,4,23.67,71,79,7,maior,3
4434,Essen Folksong Collection,"Knig Balthasar (5-24), S. 43",3/4,3/4,simples,4,23.67,71,79,7,maior,4
4435,Essen Folksong Collection,Knigskinder (2-28) S. 85,3/4,3/4,simples,4,24,72,50,2,maior,0
4436,Essen Folksong Collection,LANG GENUG HAB ICH GESCHWIEGEN,3/4,3/4,simples,4,7.67,23,34,10,maior,1
4437,Essen Folksong Collection,LASS DOCH MEINE JUGEND,3/4,3/4,simples,0,11.67,35,42,7,maior,2
4438,Essen Folksong Collection,LASSET UNS SCHLINGEN DEM FRUEHLING BLUEMELEIN,3/4,3/4,simples,0,15.67,47,48,2,maior,3
4439,Essen Folksong Collection,LASST DIE POLITIKER NUR SPRECHEN,3/4,3/4,simples,0,31.67,95,84,9,menor,4
4440,Essen Folksong Collection,LASST NUR DER JUGEND IHREN LAUF,3/4,3/4,simples,0,19.67,59,69,7,maior,0
4441,Essen Folksong Collection,LASST UNS DAS KINDLEIN WIEGEN,3/4,3/4,simples,4,20,60,46,7,maior,1
4442,Essen Folksong Collection,LASST UNS IHR BRUEDER WEISHEIT ERHOEHN,3/4,3/4,simples,0,11.67,35,38,7,maior,2
4443,Essen Folksong Collection,LASST UNS IHR BRUEDER WEISHEIT ERHOEHN,3/4,3/4,simples,0,11.67,35,40,7,maior,3
4444,Essen Folksong Collection,LAUE LUEFTE FUEHL ICH WEHEN,3/4,3/4,simples,0,15.67,47,64,5,maior,4
4445,Essen Folksong Collection,LAUFET  IHR HIRTEN,3/4,3/4,simples,4,15.67,47,52,7,maior,0
4446,Essen Folksong Collection,LEBE WOHL ES NAHT DIE STUNDE,3/4,3/4,simples,4,16,48,53,8,maior,1
4447,Essen Folksong Collection,LETZTE ROSE WIE BLUEHST DU SO EINSAM,3/4,3/4,simples,4,16,48,68,5,maior,2
4448,Essen Folksong Collection,LETZTE ROSE WIE MAGST DU SO EINSAM VERBLUEHN,3/4,3/4,simples,4,15.67,47,67,5,maior,3
4449,Essen Folksong Collection,LIEBES HERZCHEN ACH SCHOENSTES SCHAETZCHEN,3/4,3/4,simples,4,16,48,80,10,maior,4
4450,Essen Folksong Collection,LIEBLICH HAT SICH GESELLET,3/4,3/4,simples,4,27.67,83,49,5,maior,0
4451,Essen Folksong Collection,LOBE DEN HERREN,3/4,3/4,simples,0,20.67,62,47,2,maior,1
4452,Essen Folksong Collection,LOBT FROH DEN HERRN,3/4,3/4,simples,4,12,36,37,2,maior,2
4453,Essen Folksong Collection,LUSTIG FROH IHR DEUTSCHEN BRUEDER,3/4,3/4,simples,4,12,36,53,5,maior,3
4454,Essen Folksong Collection,LUSTIG IHR LEUTE SOLDATEN SIND DA,3/4,3/4,simples,0,21.67,65,62,0,maior,4
4455,Essen Folksong Collection,LUSTIG LUSTIG DEUTSCHE BRUEDER,3/4,3/4,simples,4,6,18,23,2,maior,0
4456,Essen Folksong Collection,LUSTIG LUSTIG IHR LIEBEN BRUEDER,3/4,3/4,simples,4,6,18,24,7,maior,1
4457,Essen Folksong Collection,LUSTIG LUSTIG IHR LIEBEN BRUEDER,3/4,3/4,simples,6,6,18,24,7,maior,2
4458,Essen Folksong Collection,"Laá' beten, o Christengemeinde (5-45), S. 76",3/4,3/4,simples,4,19,57,41,5,maior,3
4459,Essen Folksong Collection,"Laát uns frhlich singen (5-47), S. 78",3/4,3/4,simples,4,14,42,47,7,maior,4
4460,Essen Folksong Collection,"Le'f Gefuodesch, d' Hinger rotschen, S. 51",3/4,3/4,simples,4,15.67,47,63,7,maior,0
4461,Essen Folksong Collection,Leader Haughs and yarrow,3/4,3/4,simples,4,16,48,68,5,maior,1
4462,Essen Folksong Collection,"Lef Gefuodesch, S. 32f",3/4,3/4,simples,4,16,48,62,7,maior,2
4463,Essen Folksong Collection,"Lieber Nachbar (4-76), S. 97",3/4,3/4,simples,4,24,72,86,5,maior,3
4464,Essen Folksong Collection,Liebestod (Tristan und Isolde),3/4,3/4,simples,4,8,24,20,10,maior,4
4465,Essen Folksong Collection,"Lied vom steinernen Brot (3-26), S. 85",3/4,3/4,simples,4,42,126,115,5,maior,0
4466,Essen Folksong Collection,"Lough erne shore, S. 68",3/4,3/4,simples,4,24,72,82,2,menor,1
4467,Essen Folksong Collection,Luo shui tian,3/4,3/4,simples,0,8,24,32,9,menor,2
4468,Essen Folksong Collection,Luoshui tian,3/4,3/4,simples,0,8,24,32,9,menor,3
4469,Essen Folksong Collection,"Lustiger Kirchhof (3-97), S. 266",3/4,3/4,simples,4,13,39,39,5,maior,4
4470,Essen Folksong Collection,MAEDCHEN GEH DU NUR HEIM,3/4,3/4,simples,0,11.67,35,46,3,maior,0
4471,Essen Folksong Collection,MAEDCHEN MIT DEN BLAUEN AUGEN,3/4,3/4,simples,0,11.67,35,52,0,maior,1
4472,Essen Folksong Collection,MAEDCHEN STEH AUF UND LASS MICH EIN,3/4,3/4,simples,0,11.67,35,30,2,maior,2
4473,Essen Folksong Collection,MAEDCHEN WILLST DU MIRS GESTEHEN,3/4,3/4,simples,4,9.67,29,42,5,maior,3
4474,Essen Folksong Collection,MAG AUCH HEISS DAS SCHEIDEN BRENNEN,3/4,3/4,simples,4,12,36,50,7,menor,4
4475,Essen Folksong Collection,MARIA VON RETZBACH,3/4,3/4,simples,4,16,48,55,7,maior,0
4476,Essen Folksong Collection,MARIA ZU LIEBEN IST ALLZEIT MEIN SINN,3/4,3/4,simples,4,15.67,47,51,7,maior,1
4477,Essen Folksong Collection,MEI DIENDERL IS HARB AUF MI,3/4,3/4,simples,4,28,84,108,7,maior,2
4478,Essen Folksong Collection,MEI SCHATZERL IS GWANDERT,3/4,3/4,simples,4,8,24,29,7,maior,3
4479,Essen Folksong Collection,MEIN HERZ IST IM HOCHLAND,3/4,3/4,simples,4,16,48,56,2,maior,4
4480,Essen Folksong Collection,MEIN HERZ IST IM HOCHLAND,3/4,3/4,simples,4,16,48,53,7,maior,0
4481,Essen Folksong Collection,MEIN HERZ IST SO TRAURIG,3/4,3/4,simples,4,8,24,30,5,maior,1
4482,Essen Folksong Collection,MEIN HERZ IST SO TRAURIG,3/4,3/4,simples,4,8,24,26,5,maior,2
4483,Essen Folksong Collection,MEIN KANAPEE IST MEIN VERGNUEGEN,3/4,3/4,simples,2,15.83,48,76,5,maior,3
4484,Essen Folksong Collection,MEIN LIEBE FRAU MUTTER,3/4,3/4,simples,4,8,24,28,10,maior,4
4485,Essen Folksong Collection,MEIN MAEDCHEN WOHNT IM UNTERLAND,3/4,3/4,simples,2,11.83,36,46,7,maior,0
4486,Essen Folksong Collection,MEIN SCHAETZLE IST FEIN,3/4,3/4,simples,4,32,96,120,0,maior,1
4487,Essen Folksong Collection,MEIN SCHATZ IS E REITER,3/4,3/4,simples,4,15.67,47,49,0,maior,2
4488,Essen Folksong Collection,MEINE SCHUHE SIND ZERISSEN,3/4,3/4,simples,4,8,24,29,7,maior,3
4489,Essen Folksong Collection,MEINST DU DENN ICH SOLL MICH KRAENKEN,3/4,3/4,simples,4,8,24,31,2,maior,4
4490,Essen Folksong Collection,MEINST DU DENN ICH SOLL MICH KRAENKEN UEBER DEINE FALSCHE TREU,3/4,3/4,simples,4,16,48,70,2,maior,0
4491,Essen Folksong Collection,MICH HAT DAS GLUECK GEFUEHRT,3/4,3/4,simples,0,15.67,47,51,6,menor,1
4492,Essen Folksong Collection,MIR BLUEHET KEIN FRUEHLING,3/4,3/4,simples,4,9,27,30,9,menor,2
4493,Essen Folksong Collection,MIR IST EIN ROTH GOLDFINGERLEIN,3/4,3/4,simples,4,16,48,43,5,maior,3
4494,Essen Folksong Collection,MIT FROHEM MUTH UND HEITREM SINN,3/4,3/4,simples,4,9.67,29,45,5,maior,4
4495,Essen Folksong Collection,MORGEN MARSCHIEREN WIR,3/4,3/4,simples,0,19.67,59,89,2,maior,0
4496,Essen Folksong Collection,MORGEN MUESSEN WIR VERREISEN,3/4,3/4,simples,0,9.67,29,39,5,maior,1
4497,Essen Folksong Collection,MORGEN MUSS ICH FORT VON HIER,3/4,3/4,simples,0,15.67,47,61,5,maior,2
4498,Essen Folksong Collection,MORGEN MUSS ICH WEG VON HIER,3/4,3/4,simples,0,15.67,47,61,7,maior,3
4499,Essen Folksong Collection,MORGENROTH MORGENROTH,3/4,3/4,simples,4,16,48,68,7,maior,4
4500,Essen Folksong Collection,MUENSTER ICH MUSS DICH VERLASSEN,3/4,3/4,simples,4,9.67,29,41,2,maior,0
4501,Essen Folksong Collection,MUSS ICH MICH GETAEUSCHET WISSEN,3/4,3/4,simples,0,15.33,46,63,5,maior,1
4502,Essen Folksong Collection,Macht der Liebe (2-69) S. 209,3/4,3/4,simples,4,33,99,87,7,maior,2
4503,Essen Folksong Collection,Maedchen als Stallknecht,3/4,3/4,simples,4,8,24,17,9,menor,3
4504,Essen Folksong Collection,Maedchen als Stallknecht,3/4,3/4,simples,4,12,36,36,7,maior,4
4505,Essen Folksong Collection,Maedchen als Stallknecht,3/4,3/4,simples,4,8,24,16,7,maior,0
4506,Essen Folksong Collection,Maedchen und Hasel,3/4,3/4,simples,2,7.83,24,35,2,maior,1
4507,Essen Folksong Collection,Maedchen und Hasel,3/4,3/4,simples,2,7.83,24,38,7,maior,2
4508,Essen Folksong Collection,Maedchen und Hasel,3/4,3/4,simples,2,11.83,36,48,7,maior,3
4509,Essen Folksong Collection,Maedchen und Hasel,3/4,3/4,simples,2,7.83,24,38,9,menor,4
4510,Essen Folksong Collection,Maedchen und Hasel,3/4,3/4,simples,4,4,12,16,2,maior,0
4511,Essen Folksong Collection,Magelhan (Rolling home),3/4,3/4,simples,6,16,48,64,5,maior,1
4512,Essen Folksong Collection,Maidilei,3/4,3/4,simples,4,7,21,29,9,maior,2
4513,Essen Folksong Collection,"Maighre an chúil órbhui, S. 72",3/4,3/4,simples,4,16,48,73,4,menor,3
4514,Essen Folksong Collection,Maofeng xiy,3/4,3/4,simples,0,8,24,34,9,maior,4
4515,Essen Folksong Collection,"Mei Voda sei Haeusl is mit Haberstroh deckt,",3/4,3/4,simples,4,7.67,23,25,7,maior,0
4516,Essen Folksong Collection,"Melusinalied (1-29), S. 76",3/4,3/4,simples,4,11.83,35,55,5,maior,1
4517,Essen Folksong Collection,"Mir mussen an d' Mille goen, S. 41",3/4,3/4,simples,0,16,48,31,7,maior,2
4518,Essen Folksong Collection,"Morgen muá ich fort von hier (2-35), S. 92f",3/4,3/4,simples,0,15.67,47,61,2,maior,3
4519,Essen Folksong Collection,Mdchen und Baum (2-68) S. 205,3/4,3/4,simples,4,24,72,59,5,maior,4
4520,Essen Folksong Collection,N' MONTA HATS GREGNET,3/4,3/4,simples,4,8,24,37,7,maior,0
4521,Essen Folksong Collection,NACH DER HEIMATH MOECHT ICH WIEDER,3/4,3/4,simples,4,20,60,82,7,maior,1
4522,Essen Folksong Collection,NACH N N MARSCHIEREN,3/4,3/4,simples,4,15.67,47,59,5,maior,2
4523,Essen Folksong Collection,NACHT UND STILL ISTS UM MICH HER,3/4,3/4,simples,0,15.67,47,33,7,maior,3
4524,Essen Folksong Collection,NACHTIGALL ICH HOER DICH SINGEN,3/4,3/4,simples,4,10.67,32,52,5,maior,4
4525,Essen Folksong Collection,NACHTIGALL KLEINS VOEGELEIN,3/4,3/4,simples,4,11.67,35,51,0,maior,0
4526,Essen Folksong Collection,NAECHTEN ALS ICH SCHLAFEN GING,3/4,3/4,simples,2,7.83,24,32,7,maior,1
4527,Essen Folksong Collection,NICHTS KANN AUF ERDEN VERGLICHEN WERDEN  DES SCHAEFERS LUST,3/4,3/4,simples,6,12.83,39,76,10,maior,2
4528,Essen Folksong Collection,NOCH IST POLEN NICHT VERLOREN,3/4,3/4,simples,0,16,48,61,5,maior,3
4529,Essen Folksong Collection,NUN LEB WOHL DU KLEINE GASSE,3/4,3/4,simples,4,10,30,42,9,maior,4
4530,Essen Folksong Collection,NUN SO WOLLN WIR NOCH EINMAL,3/4,3/4,simples,4,8,24,26,7,maior,0
4531,Essen Folksong Collection,NUR EIN WANDERN IST DAS LEBEN,3/4,3/4,simples,4,14,42,60,5,maior,1
4532,Essen Folksong Collection,Nachtigall als Warnerin,3/4,3/4,simples,4,24,72,47,7,maior,2
4533,Essen Folksong Collection,Nachtigall als Warnerin,3/4,3/4,simples,2,11.83,36,45,7,menor,3
4534,Essen Folksong Collection,Nachtigall als Warnerin,3/4,3/4,simples,4,24,72,49,7,maior,4
4535,Essen Folksong Collection,Nachtigall als Warnerin,3/4,3/4,simples,4,16,48,34,7,maior,0
4536,Essen Folksong Collection,Nachtigall als Warnerin,3/4,3/4,simples,0,7.67,23,31,7,maior,1
4537,Essen Folksong Collection,Nachtigall als Warnerin,3/4,3/4,simples,0,7.67,23,32,7,maior,2
4538,Essen Folksong Collection,"Nachtigall ich hr dich singen (Band 1), S. 220",3/4,3/4,simples,6,10.17,31,42,5,maior,3
4539,Essen Folksong Collection,"Neujahrslied, (Band 1), S. 13",3/4,3/4,simples,4,20,60,60,5,maior,4
4540,Essen Folksong Collection,"Nun naht sich die heilige Neujahrszeit (5-9), S.23",3/4,3/4,simples,4,20,60,67,5,maior,0
4541,Essen Folksong Collection,"Nchtlicher Besuch (173a), S. 380",3/4,3/4,simples,2,15.5,47,64,5,maior,1
4542,Essen Folksong Collection,O BERLIN ICH MUSS DICH LASSEN,3/4,3/4,simples,4,7.83,23,32,5,maior,2
4543,Essen Folksong Collection,O DU DEUTSCHLAND ICH MUSS MARSCHIEREN,3/4,3/4,simples,4,16,48,72,7,maior,3
4544,Essen Folksong Collection,O DU DEUTSCHLAND ICH MUSS MARSCHIEREN,3/4,3/4,simples,4,16,48,74,7,maior,4
4545,Essen Folksong Collection,"O DU DEUTSCHLAND, ICH MUSS MARSCHIEREN",3/4,3/4,simples,4,15.67,47,67,7,maior,0
4546,Essen Folksong Collection,O DU LIEBER AUGUSTIN,3/4,3/4,simples,0,15.33,46,47,7,maior,1
4547,Essen Folksong Collection,O ENGEL ALLERSCHOENSTES KIND,3/4,3/4,simples,2,7.83,24,32,7,maior,2
4548,Essen Folksong Collection,O ENGEL ALLERSCHOENSTES KIND,3/4,3/4,simples,4,7.67,23,40,10,maior,3
4549,Essen Folksong Collection,O JESULEIN ZART,3/4,3/4,simples,4,20,60,45,2,menor,4
4550,Essen Folksong Collection,O REGIMENT MEIN VATERLAND,3/4,3/4,simples,2,11.83,36,48,7,menor,0
4551,Essen Folksong Collection,O SCHAEFER WO GEHEST DU HIN,3/4,3/4,simples,4,22,66,71,7,maior,1
4552,Essen Folksong Collection,O SUESSE HIMMELSLUST,3/4,3/4,simples,0,31.33,94,88,7,maior,2
4553,Essen Folksong Collection,O TANNENBAUM,3/4,3/4,simples,4,12,36,46,7,maior,3
4554,Essen Folksong Collection,O TANNENBAUM O TANNENBAUM,3/4,3/4,simples,2,11.83,36,46,0,maior,4
4555,Essen Folksong Collection,O UELI MYN UELI,3/4,3/4,simples,4,14,42,51,10,maior,0
4556,Essen Folksong Collection,"O Uodem, Strefuodem, S. 11",3/4,3/4,simples,4,7.67,23,22,4,menor,1
4557,Essen Folksong Collection,O WEH DER ZEIT DIE ICH VERZEHRT,3/4,3/4,simples,4,31,93,71,5,maior,2
4558,Essen Folksong Collection,O WIE IST ES KALT GEWORDEN,3/4,3/4,simples,4,8,24,30,3,maior,3
4559,Essen Folksong Collection,O WIE WOHL IST MIR AM ABEND,3/4,3/4,simples,0,18,54,34,5,maior,4
4560,Essen Folksong Collection,O WIE WOHL ISTS JEDEM MENSCHEN,3/4,3/4,simples,4,15.67,47,60,7,maior,0
4561,Essen Folksong Collection,O WUNDERBARES TIEFES SCHWEIGEN,3/4,3/4,simples,6,7.83,24,36,3,maior,1
4562,Essen Folksong Collection,"O du schner Rosengarten (3-80), S. 223",3/4,3/4,simples,4,8,24,32,7,maior,2
4563,Essen Folksong Collection,OB ICH A  NUR A HIRTE BIN,3/4,3/4,simples,0,12,36,50,10,maior,3
4564,Essen Folksong Collection,Ob ich gleich ein Schaefer bin,3/4,3/4,simples,4,9.67,29,44,5,maior,4
4565,Essen Folksong Collection,PRINZ EUGEN DER EDLE RITTER,3/4,3/4,simples,4,12,36,51,0,maior,0
4566,Essen Folksong Collection,REGINE GIENG IN GARTE,3/4,3/4,simples,4,8,24,28,5,menor,1
4567,Essen Folksong Collection,ROSENSTOCK HOLDERBLUETH,3/4,3/4,simples,0,15.67,47,52,9,menor,2
4568,Essen Folksong Collection,ROTHE BAECKLE BLAU AEUGLE,3/4,3/4,simples,4,7.67,23,26,0,maior,3
4569,Essen Folksong Collection,RUHIG IST DES TODES SCHLUMMER,3/4,3/4,simples,0,27.67,83,66,5,maior,4
4570,Essen Folksong Collection,RUHIG IST DES TODES SCHLUMMER,3/4,3/4,simples,0,23.67,71,69,3,maior,0
4571,Essen Folksong Collection,"Reigen (3-99), S. 270",3/4,3/4,simples,4,12,36,31,7,maior,1
4572,Essen Folksong Collection,"Reigen (3-99), S. 270",3/4,3/4,simples,4,16,48,48,7,maior,2
4573,Essen Folksong Collection,"Rekrutenlied (4-35), S. 48",3/4,3/4,simples,4,18,54,60,7,maior,3
4574,Essen Folksong Collection,Reuzelied,3/4,3/4,simples,0,16,48,32,0,maior,4
4575,Essen Folksong Collection,Richmudis von Adocht,3/4,3/4,simples,0,12,36,21,7,menor,0
4576,Essen Folksong Collection,Richmudis von Adocht,3/4,3/4,simples,2,11.83,36,35,7,maior,1
4577,Essen Folksong Collection,Ridou chuzai jiulongkou,3/4,3/4,simples,0,14,42,36,7,menor,2
4578,Essen Folksong Collection,Ritou chulai shai shangang,3/4,3/4,simples,0,16,48,37,4,menor,3
4579,Essen Folksong Collection,"Ritter Ewald und Mina (3-15), S. 40",3/4,3/4,simples,4,12,36,51,0,maior,4
4580,Essen Folksong Collection,"Ritter Sent Jerry (3-14), S. 51",3/4,3/4,simples,4,14,42,37,5,maior,0
4581,Essen Folksong Collection,Ritter und Magd,3/4,3/4,simples,6,7.83,24,30,7,maior,1
4582,Essen Folksong Collection,Ritter und Magd,3/4,3/4,simples,6,4,12,20,7,maior,2
4583,Essen Folksong Collection,"Rschen (127a), S. 290",3/4,3/4,simples,4,15.67,47,67,2,maior,3
4584,Essen Folksong Collection,"Rschen (127c), S. 292",3/4,3/4,simples,4,11.67,35,47,7,maior,4
4585,Essen Folksong Collection,"Rádái na scadán, S. 44",3/4,3/4,simples,4,23.67,71,58,5,maior,0
4586,Essen Folksong Collection,"Róisin dubh, S. 132",3/4,3/4,simples,4,16,48,71,0,maior,1
4587,Essen Folksong Collection,S IST ALLES DUNKEL,3/4,3/4,simples,6,15.83,48,76,7,maior,2
4588,Essen Folksong Collection,S IST ALLES DUNKEL,3/4,3/4,simples,6,15.83,48,76,7,maior,3
4589,Essen Folksong Collection,S IST GEWISS UND KEIN GEDICHT,3/4,3/4,simples,4,11.67,35,47,7,maior,4
4590,Essen Folksong Collection,S IST NICHTS MIT DEN ALTEN WEIBERN,3/4,3/4,simples,4,16,48,60,7,maior,0
4591,Essen Folksong Collection,SANCT MARTIN LAESST UNS SINGEN,3/4,3/4,simples,4,15.33,46,26,0,maior,1
4592,Essen Folksong Collection,SAUSE LIEBE NINNE WAS RASCHELT IM STROH,3/4,3/4,simples,0,15.67,47,50,7,maior,2
4593,Essen Folksong Collection,SCHAU WOL TRITT DER HANSLEIN DAHER,3/4,3/4,simples,0,12,36,27,2,menor,3
4594,Essen Folksong Collection,SCHAUST SO FREUNDLICH AUS,3/4,3/4,simples,4,16,48,67,5,maior,4
4595,Essen Folksong Collection,"SCHAUTS AUSSI,WIES REGNT",3/4,3/4,simples,4,16,48,48,9,menor,0
4596,Essen Folksong Collection,SCHAUTS IHR LIEBEN LEUTEL,3/4,3/4,simples,0,17.67,53,50,7,maior,1
4597,Essen Folksong Collection,SCHEINT DER MOND SO SCHOEN,3/4,3/4,simples,4,6,18,31,7,maior,2
4598,Essen Folksong Collection,SCHLAFE KINDLEIN HOLD UND SUESS,3/4,3/4,simples,0,8,24,31,7,maior,3
4599,Essen Folksong Collection,SCHLUMMRE KINDCHEN SCHLUMMRE,3/4,3/4,simples,0,11.67,35,43,5,maior,4
4600,Essen Folksong Collection,SCHOE JUNG IS MAI BLUT,3/4,3/4,simples,4,17.67,53,52,7,maior,0
4601,Essen Folksong Collection,SCHOEN IST DIE JUGEND,3/4,3/4,simples,6,12,36,58,4,maior,1
4602,Essen Folksong Collection,SCHOEN IST SO WEIT UND BREIT DIE WELT,3/4,3/4,simples,6,12.33,37,65,7,maior,2
4603,Essen Folksong Collection,SCHOEN ULRICH WOLLT SPAZIEREN GEHN,3/4,3/4,simples,2,5.83,18,32,7,maior,3
4604,Essen Folksong Collection,SCHOENE AUGEN SCHOENE STRAHLEN,3/4,3/4,simples,0,7.33,22,35,0,maior,4
4605,Essen Folksong Collection,SCHOENE AUGEN SCHOENE STRAHLEN,3/4,3/4,simples,0,7.33,22,38,0,maior,0
4606,Essen Folksong Collection,SCHOENER FRUEHLING KOMM DOCH WIEDER,3/4,3/4,simples,4,15.67,47,57,0,maior,1
4607,Essen Folksong Collection,SCHOENSTER SCHATZ MEIN AUGENTROST,3/4,3/4,simples,2,9.5,29,47,7,maior,2
4608,Essen Folksong Collection,SCHOENSTER SCHATZ MEIN AUGENTROST,3/4,3/4,simples,2,9.83,30,40,5,maior,3
4609,Essen Folksong Collection,SCHOENSTER SCHATZ MEIN ENGEL,3/4,3/4,simples,4,8,24,32,3,maior,4
4610,Essen Folksong Collection,SCHOENSTER SCHATZ THU MIR ERLAUBEN,3/4,3/4,simples,4,7.67,23,31,0,maior,0
4611,Essen Folksong Collection,SCHOENSTES SCHAETZCHEN,3/4,3/4,simples,4,12,36,48,7,maior,1
4612,Essen Folksong Collection,SCHON HABEN VIEL DICHTER,3/4,3/4,simples,4,15.67,47,54,9,menor,2
4613,Essen Folksong Collection,SCHWARZES BAND DU MUSST VERGEHEN,3/4,3/4,simples,4,7.67,23,34,7,maior,3
4614,Essen Folksong Collection,SCHWESTERLEIN SCHWESTERLEIN,3/4,3/4,simples,0,11.67,35,40,9,menor,4
4615,Essen Folksong Collection,SCHWESTERLEIN WANN GEHN WIR NACH HAUS,3/4,3/4,simples,0,12,36,42,9,menor,0
4616,Essen Folksong Collection,SEGG DOCH MUSEKAETTKEN,3/4,3/4,simples,0,15.67,47,42,10,maior,1
4617,Essen Folksong Collection,SEHT IHR DREI ROSSE,3/4,3/4,simples,6,11.83,36,51,0,menor,2
4618,Essen Folksong Collection,SEID NUR LUSTIG UND FROEHLICH,3/4,3/4,simples,0,9.67,29,35,7,maior,3
4619,Essen Folksong Collection,SEID NUR LUSTIG UND FROEHLICH,3/4,3/4,simples,0,7.83,23,34,7,maior,4
4620,Essen Folksong Collection,"SEYD LUSTIG UND FROEHLICH, IHR HANDWERKSGESELLEN",3/4,3/4,simples,0,8,24,32,5,maior,0
4621,Essen Folksong Collection,SIE GLEICHT WOL EINEM ROSENSTOCK,3/4,3/4,simples,4,35,105,77,7,maior,1
4622,Essen Folksong Collection,SIEH AN MEIN SCHOENSTES KIND,3/4,3/4,simples,0,16,48,46,9,menor,2
4623,Essen Folksong Collection,SIEH AN MEINES LIEBES KIND,3/4,3/4,simples,0,15.67,47,53,7,maior,3
4624,Essen Folksong Collection,SINGE WEM GESANG GEGEBEN,3/4,3/4,simples,0,15.67,47,61,7,maior,4
4625,Essen Folksong Collection,SIST GEWISS UND KEIN GEDICHT,3/4,3/4,simples,4,12.67,38,53,7,maior,0
4626,Essen Folksong Collection,SITZT EIN SCHOENS VOEGEL IM TANNENWALD,3/4,3/4,simples,0,25.67,77,72,5,maior,1
4627,Essen Folksong Collection,SO ALLEINE WANDELST DU,3/4,3/4,simples,4,10,30,41,9,maior,2
4628,Essen Folksong Collection,SO FAHREN DIE DAMEN SO REITEN DIE HERREN,3/4,3/4,simples,4,16,48,47,7,maior,3
4629,Essen Folksong Collection,SO HAT GOTT DIE WELT ERSCHAFFEN,3/4,3/4,simples,4,7.67,23,41,0,maior,4
4630,Essen Folksong Collection,SO HERZIG WIE MEIN LIESEL,3/4,3/4,simples,4,15.67,47,68,0,maior,0
4631,Essen Folksong Collection,SO LEB DENN WOHL,3/4,3/4,simples,6,7.83,24,32,10,maior,1
4632,Essen Folksong Collection,SO OFT ICH MEINE TOBAKSPFEIFE,3/4,3/4,simples,0,24,72,72,7,menor,2
4633,Essen Folksong Collection,SO SINGEN WIR SO TRINKEN WIR,3/4,3/4,simples,6,11.83,36,42,9,maior,3
4634,Essen Folksong Collection,SO VIEL DER MAI AUCH BLUEMLEIN BEUT,3/4,3/4,simples,2,15.83,48,59,5,maior,4
4635,Essen Folksong Collection,SO VIEL STERN AM HIMMEL STEHEN,3/4,3/4,simples,4,16,48,67,7,maior,0
4636,Essen Folksong Collection,SO ZIEHEN WIR SCHEIDEND ZUM THORE HINAUS,3/4,3/4,simples,4,24,72,71,9,maior,1
4637,Essen Folksong Collection,SOLL ICH DENN IN MEINEN SCHMERZEN,3/4,3/4,simples,4,15.83,47,78,3,maior,2
4638,Essen Folksong Collection,SOLL ICH EUCH MEIN LIEBCHEN NENNEN,3/4,3/4,simples,4,15.67,47,66,2,maior,3
4639,Essen Folksong Collection,SOLL SICH DER MOND NICHT HELLER SCHEINEN,3/4,3/4,simples,4,7,21,32,11,menor,4
4640,Essen Folksong Collection,SOLLTS IM GWELB NIT FINSTER SEIN,3/4,3/4,simples,0,28,84,48,7,maior,0
4641,Essen Folksong Collection,SONNENGLANZ MONDENSCHEIN,3/4,3/4,simples,0,8,24,22,7,maior,1
4642,Essen Folksong Collection,SPINN SPINNE MEINE LIEBE TOCHTER,3/4,3/4,simples,4,15.67,47,70,2,maior,2
4643,Essen Folksong Collection,STEH ICH AN MEINEM FENSTERLEIN,3/4,3/4,simples,6,7.83,24,30,0,maior,3
4644,Essen Folksong Collection,STETS IN TRAUERN MUSS ICH LEBEN,3/4,3/4,simples,4,12,36,55,7,maior,4
4645,Essen Folksong Collection,STETS IN TRAUERN MUSS ICH LEBEN,3/4,3/4,simples,4,7.67,23,35,7,maior,0
4646,Essen Folksong Collection,STRASSBURG MUSS ICH LASSEN,3/4,3/4,simples,4,7.67,23,37,5,maior,1
4647,Essen Folksong Collection,SUSE LEWE SUSE,3/4,3/4,simples,0,15.67,47,46,5,maior,2
4648,Essen Folksong Collection,SUSE LEWE SUSE WAT RUSCHELT INT STROH,3/4,3/4,simples,0,15.67,47,46,5,maior,3
4649,Essen Folksong Collection,"Schatz, ach Schatz,",3/4,3/4,simples,4,12,36,68,2,maior,4
4650,Essen Folksong Collection,"Schifflein, Schifflein",3/4,3/4,simples,4,7.67,23,35,2,maior,0
4651,Essen Folksong Collection,Schlangenkoechin,3/4,3/4,simples,4,8,24,25,5,maior,1
4652,Essen Folksong Collection,Schlangenkoechin,3/4,3/4,simples,4,8,24,27,7,maior,2
4653,Essen Folksong Collection,"Schlangenkchin (3-25), S. 83",3/4,3/4,simples,4,8,24,25,5,maior,3
4654,Essen Folksong Collection,Schloss in Oesterreich,3/4,3/4,simples,2,7.83,24,32,0,maior,4
4655,Essen Folksong Collection,Schloss in Oesterreich,3/4,3/4,simples,2,7.83,24,40,2,maior,0
4656,Essen Folksong Collection,Schloss in Oesterreich,3/4,3/4,simples,2,7.83,24,40,2,maior,1
4657,Essen Folksong Collection,Schloss in Oesterreich,3/4,3/4,simples,6,10.33,31,48,2,maior,2
4658,Essen Folksong Collection,Schloss in Oesterreich,3/4,3/4,simples,2,7.83,24,39,2,maior,3
4659,Essen Folksong Collection,Schloss in Oesterreich,3/4,3/4,simples,2,7.83,24,32,2,maior,4
4660,Essen Folksong Collection,Schloss in Oestreich,3/4,3/4,simples,2,15.83,48,64,0,maior,0
4661,Essen Folksong Collection,Schloss in streich (2-26) S. 80,3/4,3/4,simples,2,15.83,48,64,0,maior,1
4662,Essen Folksong Collection,Schneider - Verschwoerung,3/4,3/4,simples,4,11,33,31,9,menor,2
4663,Essen Folksong Collection,"Schneider-Verschwrung (3-44), S. 131",3/4,3/4,simples,4,28,84,72,9,menor,3
4664,Essen Folksong Collection,"Schwur und Treue (164), S.358",3/4,3/4,simples,4,9.67,29,48,3,maior,4
4665,Essen Folksong Collection,Seckauer Jodler,3/4,3/4,simples,4,11,33,59,0,maior,0
4666,Essen Folksong Collection,Seele und Leib (2-20) S. 65,3/4,3/4,simples,4,16,48,46,5,maior,1
4667,Essen Folksong Collection,Shier ge yue,3/4,3/4,simples,0,7.83,23,44,2,maior,2
4668,Essen Folksong Collection,Shounan de huaer jiefang,3/4,3/4,simples,0,7,21,50,0,maior,3
4669,Essen Folksong Collection,Shun caicha,3/4,3/4,simples,0,8,24,46,6,menor,4
4670,Essen Folksong Collection,Sieben Straeuss,3/4,3/4,simples,0,12,36,29,2,menor,0
4671,Essen Folksong Collection,"Siebenbuergen, Land des Segens",3/4,3/4,simples,4,12,36,50,7,maior,1
4672,Essen Folksong Collection,"Siehst du dort die Wolken eilen! (1-39), S. 102f",3/4,3/4,simples,4,22,66,79,5,maior,2
4673,Essen Folksong Collection,"Slán chun carraig an éide, S. 97",3/4,3/4,simples,0,35.67,107,111,3,maior,3
4674,Essen Folksong Collection,"So komm du des Abends (4-62), S. 80",3/4,3/4,simples,4,13,39,34,4,menor,4
4675,Essen Folksong Collection,"So leb denn wohl du stilles Haus (2-15), S. 34",3/4,3/4,simples,6,7.83,24,32,0,maior,0
4676,Essen Folksong Collection,"So manchet leewe, lange Johr,",3/4,3/4,simples,4,39.67,119,70,0,maior,1
4677,Essen Folksong Collection,"Soldatenlied (3-34), S. 109",3/4,3/4,simples,4,8,24,29,3,maior,2
4678,Essen Folksong Collection,"Spinn, Spinn (2-94) S. 275",3/4,3/4,simples,4,16,48,52,7,maior,3
4679,Essen Folksong Collection,"Spinnrdellied (Band 1), S. 164",3/4,3/4,simples,4,15,45,40,9,maior,4
4680,Essen Folksong Collection,St. Michael,3/4,3/4,simples,4,16,48,34,4,menor,0
4681,Essen Folksong Collection,"Steh ich an mein Fensterlein,",3/4,3/4,simples,4,11,33,38,7,maior,1
4682,Essen Folksong Collection,"Steh ich in finstrer Mitternacht (2-8), S. 18",3/4,3/4,simples,6,12,36,53,5,maior,2
4683,Essen Folksong Collection,"Still, ihr Winde (5-98), S. 156",3/4,3/4,simples,0,29.67,89,72,7,maior,3
4684,Essen Folksong Collection,THUERINGEN HOLDES LAND,3/4,3/4,simples,0,19.67,59,64,5,maior,4
4685,Essen Folksong Collection,TRAUER TRAUER UEBER TRAUER,3/4,3/4,simples,4,8,24,31,0,maior,0
4686,Essen Folksong Collection,TRAURIG SEHEN WIR UNS AN,3/4,3/4,simples,0,9.67,29,44,7,maior,1
4687,Essen Folksong Collection,TRAURIG SEHEN WIR UNS AN,3/4,3/4,simples,0,10,30,46,7,maior,2
4688,Essen Folksong Collection,TREU UND HERZINNIGLICH ROBIN ADAIR,3/4,3/4,simples,0,15.67,47,53,10,maior,3
4689,Essen Folksong Collection,TREUE LIEBE BIS ZUM GRABE,3/4,3/4,simples,4,16,48,63,7,maior,4
4690,Essen Folksong Collection,TRITT IN KREIS MEINE ROSA,3/4,3/4,simples,4,7.67,23,28,0,maior,0
4691,Essen Folksong Collection,TUARL HAUT GSAGT,3/4,3/4,simples,0,11.67,35,30,7,maior,1
4692,Essen Folksong Collection,TYROLER SIND LUSTIG TYROLER SIND FROH,3/4,3/4,simples,6,23.83,72,102,0,maior,2
4693,Essen Folksong Collection,"The Purple Boy, S. 82",3/4,3/4,simples,0,21,63,51,9,menor,3
4694,Essen Folksong Collection,Tochter als Faehnrich,3/4,3/4,simples,4,16,48,36,7,maior,4
4695,Essen Folksong Collection,Tod der Geschwister,3/4,3/4,simples,4,7,21,20,0,maior,0
4696,Essen Folksong Collection,Tod der Geschwister,3/4,3/4,simples,4,8,24,22,7,maior,1
4697,Essen Folksong Collection,Tod der Geschwister,3/4,3/4,simples,4,8,24,22,7,maior,2
4698,Essen Folksong Collection,Tod der Geschwister,3/4,3/4,simples,4,8,24,26,7,maior,3
4699,Essen Folksong Collection,"Toujours la la (277), S. 589",3/4,3/4,simples,4,15.67,47,57,7,maior,4
4700,Essen Folksong Collection,"Treu bis in den Tod (2-49), S. 134",3/4,3/4,simples,2,7.83,24,39,5,maior,0
4701,Essen Folksong Collection,"Trbsinn (106), S. 258",3/4,3/4,simples,6,11.83,36,55,9,maior,1
4702,Essen Folksong Collection,"Tá mé 'mo shuí, S. 88",3/4,3/4,simples,0,23.33,70,53,9,maior,2
4703,Essen Folksong Collection,"Táim sínte ar do thuama, S. 43",3/4,3/4,simples,4,16,48,60,0,maior,3
4704,Essen Folksong Collection,UEBERALL BIN ICH ZU HAUSE,3/4,3/4,simples,0,15.33,46,62,6,menor,4
4705,Essen Folksong Collection,UND DIE WURZBURGER GLOECKLI,3/4,3/4,simples,4,15.67,47,62,2,maior,0
4706,Essen Folksong Collection,UND DU GLAUBST DU WAERST DIE SCHOENSTE,3/4,3/4,simples,4,11.67,35,61,9,maior,1
4707,Essen Folksong Collection,UND IN DEM SCHNEEGEBIRGE,3/4,3/4,simples,2,7.83,24,29,5,maior,2
4708,Essen Folksong Collection,UND JETZUND GEHT DAS FRUEHJAHR AN,3/4,3/4,simples,2,5.5,17,27,7,maior,3
4709,Essen Folksong Collection,UND UNTERM BRUSTLATZ THUTS MIR JUCKEN,3/4,3/4,simples,6,15.83,48,94,2,maior,4
4710,Essen Folksong Collection,UND VON BERGEN RINGS UMGEBEN,3/4,3/4,simples,4,14,42,60,10,maior,0
4711,Essen Folksong Collection,UNSER BRUDER MALCHER,3/4,3/4,simples,0,15.67,47,57,5,maior,1
4712,Essen Folksong Collection,UNSRE BUBEN SIND WILD,3/4,3/4,simples,4,31.67,95,136,10,maior,2
4713,Essen Folksong Collection,UNTER MEINES VATERS SEINEM FENSTER,3/4,3/4,simples,4,12,36,62,5,maior,3
4714,Essen Folksong Collection,UNTER MEINES VATERS SEINEM FENSTER,3/4,3/4,simples,4,16,48,90,4,maior,4
4715,Essen Folksong Collection,"Ueba d' Alma, da gibts Kalma,",3/4,3/4,simples,4,16,48,65,2,maior,0
4716,Essen Folksong Collection,"Uebers Bacherl bin i gschprunga,",3/4,3/4,simples,4,20,60,90,2,maior,1
4717,Essen Folksong Collection,"Uebers Loaterl, da steig i net aufi,",3/4,3/4,simples,4,27.67,83,94,5,maior,2
4718,Essen Folksong Collection,"Und aus ist's mit mir (4-49), S. 66",3/4,3/4,simples,4,16,48,64,7,maior,3
4719,Essen Folksong Collection,Ungarische Braut (2-24) S. 73,3/4,3/4,simples,6,7.83,24,31,5,maior,4
4720,Essen Folksong Collection,"Untreue (3-23), S. 78",3/4,3/4,simples,6,10.83,33,31,5,maior,0
4721,Essen Folksong Collection,VATER IST DENN NICHT ERSCHAFFEN,3/4,3/4,simples,0,13.67,41,56,10,maior,1
4722,Essen Folksong Collection,VATER UND MUTTER WOLLNS NICHT LEIDEN,3/4,3/4,simples,4,12,36,45,3,maior,2
4723,Essen Folksong Collection,VERDENK MIRS NICHT DASS ICH DICH MEIDE,3/4,3/4,simples,0,23.67,71,62,10,maior,3
4724,Essen Folksong Collection,VOEGLEIN IM HOHEN BAUM,3/4,3/4,simples,0,11.67,35,33,7,maior,4
4725,Essen Folksong Collection,VOGEL FIKS UND VOGEL FAKS,3/4,3/4,simples,4,7.67,23,26,5,maior,0
4726,Essen Folksong Collection,VOM HIMMEL HOCH IHR ENGEL KOMMT,3/4,3/4,simples,4,24,72,51,5,maior,1
4727,Essen Folksong Collection,VON DER ALPEN STEILEN HOEHEN,3/4,3/4,simples,4,19.67,59,86,9,maior,2
4728,Essen Folksong Collection,VON MEINEN BERGEN MUSS I SCHEIDE,3/4,3/4,simples,6,23.83,72,102,2,menor,3
4729,Essen Folksong Collection,VOR DER THUERE MEINER LIEBEN,3/4,3/4,simples,4,7.67,23,30,7,menor,4
4730,Essen Folksong Collection,"Vater Noah (2-18), S. 43",3/4,3/4,simples,2,15.83,48,64,2,menor,0
4731,Essen Folksong Collection,"Verfhrung (9), S. 49f",3/4,3/4,simples,2,7.83,24,30,7,maior,1
4732,Essen Folksong Collection,"Vergebliche Warnung (80b), S. 219",3/4,3/4,simples,2,7.5,23,35,5,maior,2
4733,Essen Folksong Collection,"Vergebliche Warnung (80c), S. 220",3/4,3/4,simples,2,7.83,24,29,5,maior,3
4734,Essen Folksong Collection,Verschlafener Jaeger,3/4,3/4,simples,4,14.67,44,58,7,maior,4
4735,Essen Folksong Collection,Verschlafener Jaeger,3/4,3/4,simples,4,17,51,45,7,maior,0
4736,Essen Folksong Collection,Verschlafener Jaeger,3/4,3/4,simples,0,31.33,94,69,0,maior,1
4737,Essen Folksong Collection,"Versptung (71), S. 205",3/4,3/4,simples,2,7,21,37,5,maior,2
4738,Essen Folksong Collection,"Vom edlen Jagen (4-36), S. 49",3/4,3/4,simples,4,36,108,93,7,maior,3
4739,Essen Folksong Collection,"Von der Wanderschaft ... (1-50), S. 124",3/4,3/4,simples,4,12,36,42,0,maior,4
4740,Essen Folksong Collection,"Vrienden, kommt alle gaere",3/4,3/4,simples,4,14,42,56,9,menor,0
4741,Essen Folksong Collection,WACH AUF WACH AUF MEIN SCHATZ ALLEIN,3/4,3/4,simples,6,7.83,24,36,5,maior,1
4742,Essen Folksong Collection,"WAER ICH EIN BRUENNLEIN KLAR, BOET ICH DIR KUEHLUNG DAR",3/4,3/4,simples,0,13.5,40,44,7,maior,2
4743,Essen Folksong Collection,WALDESLUST WALDESLUST O WIE EINSAM,3/4,3/4,simples,0,7.33,22,35,3,maior,3
4744,Essen Folksong Collection,WARUM BIST DU DENN SO TRAURIG,3/4,3/4,simples,4,11.67,35,58,5,maior,4
4745,Essen Folksong Collection,WAS BLINKT SO FREUNDLICH IN DER FERNE,3/4,3/4,simples,2,15.83,48,66,7,maior,0
4746,Essen Folksong Collection,WAS IST DENN WOHL EINS SEEMANNS LEBEN,3/4,3/4,simples,6,11.83,36,58,7,maior,1
4747,Essen Folksong Collection,WAS KANN SCHOENER SEIN,3/4,3/4,simples,0,15.67,47,85,7,maior,2
4748,Essen Folksong Collection,"WAS KANN SCHOENER SEYN, WAS KANN MEHR ERFREUN",3/4,3/4,simples,0,24,72,126,7,maior,3
4749,Essen Folksong Collection,WAS KANN UNS WOHL MEHR ERFREUEN,3/4,3/4,simples,4,24,72,75,7,maior,4
4750,Essen Folksong Collection,WAS PERLET IM GLASE,3/4,3/4,simples,4,34,102,127,0,maior,0
4751,Essen Folksong Collection,WAS SOLL DAS BEDEUTEN,3/4,3/4,simples,4,16,48,57,10,maior,1
4752,Essen Folksong Collection,WAS TRAEGT DIE GANS,3/4,3/4,simples,6,7.83,24,32,7,maior,2
4753,Essen Folksong Collection,WAS TRAEGT DIE GANS AUF IHREM SCHNABEL,3/4,3/4,simples,6,7.83,24,31,7,maior,3
4754,Essen Folksong Collection,WEIB DU SOLLST GSCHWIND HAMET GEHN,3/4,3/4,simples,0,14,42,55,7,maior,4
4755,Essen Folksong Collection,WELE GROSS WUNDER SCHAUEN WILL,3/4,3/4,simples,2,7.83,24,31,0,maior,0
4756,Essen Folksong Collection,WELLE GROSS WUNDER SCHAUEN WILL,3/4,3/4,simples,2,7.83,24,31,0,maior,1
4757,Essen Folksong Collection,WELLE GROSS WUNDER SCHAUEN WILL,3/4,3/4,simples,2,12,36,47,0,maior,2
4758,Essen Folksong Collection,WEM WOELL WIR DIESEN REBNER BRINGEN,3/4,3/4,simples,0,20,60,47,0,maior,3
4759,Essen Folksong Collection,WEM WOELL WIR DIESEN REBNER BRINGEN,3/4,3/4,simples,0,20,60,49,0,maior,4
4760,Essen Folksong Collection,WENN D IN HIMMEL SAGT ER,3/4,3/4,simples,4,8,24,45,3,maior,0
4761,Essen Folksong Collection,WENN DAS ERSTE VOEGLEIN SINGT,3/4,3/4,simples,0,21.67,65,86,0,maior,1
4762,Essen Folksong Collection,WENN DER FRUEHLING KOMMT UND VON DEN BERGEN SCHAUT,3/4,3/4,simples,4,9.67,29,52,0,maior,2
4763,Essen Folksong Collection,WENN DER FRUEHLING KOMMT VON DEN BERGEN SCHAUT,3/4,3/4,simples,4,12,36,63,2,maior,3
4764,Essen Folksong Collection,WENN DER LENZ ERWACHT UND IN BLUETHENPRACHT,3/4,3/4,simples,0,16,48,76,9,maior,4
4765,Essen Folksong Collection,WENN DER TOPP ABER NUN  A LOCH HAT,3/4,3/4,simples,4,8,24,34,2,maior,0
4766,Essen Folksong Collection,WENN DIE BETTELLEUTE TANZEN,3/4,3/4,simples,0,11.67,35,46,0,maior,1
4767,Essen Folksong Collection,WENN DIE HOFFNUNG NICHT WAER,3/4,3/4,simples,4,17,51,48,5,maior,2
4768,Essen Folksong Collection,WENN DIE HOFFNUNG NICHT WAER,3/4,3/4,simples,4,17.33,52,46,5,maior,3
4769,Essen Folksong Collection,"WENN DIE HOFFNUNG NICHT WAER, SO LEBT ICH NICHT MEHR",3/4,3/4,simples,4,16,48,47,5,maior,4
4770,Essen Folksong Collection,WENN DIE NACHTIGALLEN SCHLAGEN,3/4,3/4,simples,0,11.67,35,46,2,maior,0
4771,Essen Folksong Collection,WENN I ZUM BRUENNLE GEH,3/4,3/4,simples,0,15.67,47,51,5,maior,1
4772,Essen Folksong Collection,WENN ICH EIN BLUEMLEIN SCHAU,3/4,3/4,simples,0,13.67,41,34,5,maior,2
4773,Essen Folksong Collection,WENN ICH EIN VOEGLEIN WAER,3/4,3/4,simples,0,11.67,35,33,7,maior,3
4774,Essen Folksong Collection,WENN ICH EINST DAS ZIEL ERRUNGEN HABE,3/4,3/4,simples,4,7.67,23,52,3,maior,4
4775,Essen Folksong Collection,WENN ICH IHN NUR HABE,3/4,3/4,simples,4,13.67,41,43,5,maior,0
4776,Essen Folksong Collection,WENN ICH NOCH LEDIG WAER,3/4,3/4,simples,0,7.67,23,22,7,maior,1
4777,Essen Folksong Collection,WENN MAN BIM BUREN DIENT,3/4,3/4,simples,0,19.67,59,52,5,maior,2
4778,Essen Folksong Collection,WENN MEIN PFEIFCHEN DAMPFT UND GLUEHT,3/4,3/4,simples,0,15.67,47,67,7,maior,3
4779,Essen Folksong Collection,WENN MEIN PFEIFCHEN DAMPFT UND GLUEHT,3/4,3/4,simples,0,15.67,47,70,2,maior,4
4780,Essen Folksong Collection,WENN MICH DAS GLUECK BETRIFFT,3/4,3/4,simples,0,32,96,92,7,maior,0
4781,Essen Folksong Collection,WENNS DIBBE ABER NUN E LOCH HAT,3/4,3/4,simples,4,8,24,33,7,maior,1
4782,Essen Folksong Collection,WENNS MAILUEFTERL WEHT,3/4,3/4,simples,4,24,72,73,5,maior,2
4783,Essen Folksong Collection,"WER BEKUEMMERT SICH WENN ICH WANDRE, KEINER AUS DER COMPAGNIE",3/4,3/4,simples,4,9.67,29,46,9,maior,3
4784,Essen Folksong Collection,WER LIEBEN WILL MUSS LEIDEN,3/4,3/4,simples,4,23.67,71,47,6,menor,4
4785,Essen Folksong Collection,WER WILL UNTER DIE SOLDATEN,3/4,3/4,simples,4,11,33,48,5,maior,0
4786,Essen Folksong Collection,WERS LIEBEN BETRACHT,3/4,3/4,simples,4,9.67,29,36,9,maior,1
4787,Essen Folksong Collection,WI I BIN VERWICHA,3/4,3/4,simples,4,15.67,47,82,11,menor,2
4788,Essen Folksong Collection,WIE D WOLKEN AM HIMMEL,3/4,3/4,simples,4,8,24,31,4,maior,3
4789,Essen Folksong Collection,WIE DIE BLUEMLEIN DRAUSSEN ZITTERN,3/4,3/4,simples,4,16,48,62,0,maior,4
4790,Essen Folksong Collection,WIE HERRLICH LEUCHTET MIR DIE NATUR,3/4,3/4,simples,6,7.83,24,39,5,maior,0
4791,Essen Folksong Collection,WIE HOCH IST DER HIMMEL,3/4,3/4,simples,4,8,24,22,4,menor,1
4792,Essen Folksong Collection,WIE IN DEM FRUEHLING UND SO IM SOMMER,3/4,3/4,simples,6,8,24,39,4,maior,2
4793,Essen Folksong Collection,WIE SIE SO SANFT RUHN,3/4,3/4,simples,0,15.67,47,51,10,maior,3
4794,Essen Folksong Collection,WIE SIE SO SANFT RUHN,3/4,3/4,simples,0,15.67,47,51,0,maior,4
4795,Essen Folksong Collection,WILDY HOOREN,3/4,3/4,simples,6,8,24,33,2,menor,0
4796,Essen Folksong Collection,WILLST DU ABER NICHT RECHT LIEBEN,3/4,3/4,simples,4,8,24,34,10,maior,1
4797,Essen Folksong Collection,WILLST DU MICH DENN NICHT MEHR LIEBEN,3/4,3/4,simples,4,7.67,23,36,5,maior,2
4798,Essen Folksong Collection,WILLST DU MICH DENN NICHT MEHR LIEBEN,3/4,3/4,simples,0,7.67,23,31,7,maior,3
4799,Essen Folksong Collection,WILLST DU MICH DENN NICHT MEHR LIEBEN,3/4,3/4,simples,4,8,24,35,5,maior,4
4800,Essen Folksong Collection,WILT DU MEI SEI,3/4,3/4,simples,4,7.67,23,35,5,maior,0
4801,Essen Folksong Collection,WILT HEDEN NU TREDEN VOOR GOD,3/4,3/4,simples,4,16,48,46,2,maior,1
4802,Essen Folksong Collection,WIR HABEN UNS BESONNEN,3/4,3/4,simples,4,8,24,37,7,maior,2
4803,Essen Folksong Collection,WIR LUSTGEN BRAUNSCHWEIGER,3/4,3/4,simples,4,23.67,71,90,7,maior,3
4804,Essen Folksong Collection,WIR RUFEN AN DEN THEUREN MANN,3/4,3/4,simples,4,16,48,36,7,menor,4
4805,Essen Folksong Collection,WIR SITZEN SO FROEHLICH,3/4,3/4,simples,4,20,60,74,7,maior,0
4806,Essen Folksong Collection,WIR STUDENTEN LEBEN TAEGLICH MUNTER,3/4,3/4,simples,0,15.83,47,63,7,maior,1
4807,Essen Folksong Collection,WIR TRETEN MIT BETEN VOR GOTT,3/4,3/4,simples,4,16,48,47,2,maior,2
4808,Essen Folksong Collection,WIR WOLLEN ALLE FROEHLICH SEIN,3/4,3/4,simples,4,12.33,37,26,5,maior,3
4809,Essen Folksong Collection,WIR WOLLEN VERGNUEGT UND EINSAM LEBEN,3/4,3/4,simples,4,12,36,37,7,maior,4
4810,Essen Folksong Collection,WISST IHR WO ICH GERNE WEIL,3/4,3/4,simples,0,17.67,53,61,4,menor,0
4811,Essen Folksong Collection,WO BIST DU DENN GEWESEN,3/4,3/4,simples,4,7.67,23,27,7,maior,1
4812,Essen Folksong Collection,WO IST JESUS MEIN VERLANGEN,3/4,3/4,simples,4,8,24,32,5,maior,2
4813,Essen Folksong Collection,WO WARST DU DEN GEWESEN,3/4,3/4,simples,4,12,36,38,7,maior,3
4814,Essen Folksong Collection,WOHL AUF NOCH GETRUNKEN,3/4,3/4,simples,4,41,123,172,0,maior,4
4815,Essen Folksong Collection,WOLLT IHR HOEREN EIN NEU GEDICHT,3/4,3/4,simples,4,17,51,37,5,maior,0
4816,Essen Folksong Collection,WOLLT IHR WISSEN,3/4,3/4,simples,4,10,30,36,7,maior,1
4817,Essen Folksong Collection,WONI GEH UND STEH,3/4,3/4,simples,4,15.67,47,82,0,maior,2
4818,Essen Folksong Collection,WOS GAR ZU SACHT UND STILLE GEHT,3/4,3/4,simples,2,25.67,77,100,7,maior,3
4819,Essen Folksong Collection,WUNDERSCHOEN PRAECHTIGE HOEHE UND MAECHTIGE,3/4,3/4,simples,0,28,84,81,5,maior,4
4820,Essen Folksong Collection,Waise und Stiefmutter,3/4,3/4,simples,0,13,39,32,7,maior,0
4821,Essen Folksong Collection,"Wanderlust (3-43), S. 113f",3/4,3/4,simples,4,16,48,55,2,maior,1
4822,Essen Folksong Collection,Was wollen wir singen und heben an,3/4,3/4,simples,4,14,42,32,8,maior,2
4823,Essen Folksong Collection,"Weihnachtslied, S. 19f",3/4,3/4,simples,0,24.67,74,44,5,menor,3
4824,Essen Folksong Collection,Weil i's Deandl net wegbring;,3/4,3/4,simples,4,8,24,26,7,maior,4
4825,Essen Folksong Collection,Weile renmin bakudan,3/4,3/4,simples,0,8,24,31,9,maior,0
4826,Essen Folksong Collection,"Wenn ich des Nachts vor dem Feuerlein steh (3-78), S. 217",3/4,3/4,simples,4,21,63,50,7,maior,1
4827,Essen Folksong Collection,"Wer die Trennung hat erfunden (2-29), S. 126",3/4,3/4,simples,4,12,36,51,0,maior,2
4828,Essen Folksong Collection,"Wie die Blmlein drauáen zittern (1-24), S. 65",3/4,3/4,simples,4,15.67,47,66,0,maior,3
4829,Essen Folksong Collection,"Wie ist doch die Falschheit so groá (Band 1), S. 139",3/4,3/4,simples,4,8,24,28,5,maior,4
4830,Essen Folksong Collection,Wiedersehen an der Bahre,3/4,3/4,simples,2,11.83,36,53,5,maior,0
4831,Essen Folksong Collection,Wiedersehen an der Bahre,3/4,3/4,simples,4,11.67,35,46,5,maior,1
4832,Essen Folksong Collection,Wiedersehen an der Bahre,3/4,3/4,simples,2,7.83,24,31,3,maior,2
4833,Essen Folksong Collection,Wiedersehen an der Bahre,3/4,3/4,simples,2,11.83,36,53,7,maior,3
4834,Essen Folksong Collection,Wiedersehen an der Bahre,3/4,3/4,simples,6,7.83,24,36,7,maior,4
4835,Essen Folksong Collection,Wiedersehen an der Bahre,3/4,3/4,simples,0,7.67,23,34,7,maior,0
4836,Essen Folksong Collection,Wiedersehen an der Bahre,3/4,3/4,simples,4,11.67,35,46,5,maior,1
4837,Essen Folksong Collection,Wiedersehen an der Bahre,3/4,3/4,simples,6,7.83,24,34,5,maior,2
4838,Essen Folksong Collection,Wiedersehn,3/4,3/4,simples,4,16,48,44,7,maior,3
4839,Essen Folksong Collection,Wiedersehn (2-84) S. 247,3/4,3/4,simples,4,16,48,43,7,maior,4
4840,Essen Folksong Collection,"Wiedersehn an der Bahre (24a), S. 98",3/4,3/4,simples,6,12,36,48,2,maior,0
4841,Essen Folksong Collection,Winterrosen,3/4,3/4,simples,2,7.83,24,35,7,maior,1
4842,Essen Folksong Collection,"Wir sitzen so frhlich beisammen (2-11), S. 24f",3/4,3/4,simples,4,16,48,63,0,maior,2
4843,Essen Folksong Collection,"Wo ist denn das Mdchen (4-71), S. 91",3/4,3/4,simples,4,11.67,35,42,5,maior,3
4844,Essen Folksong Collection,"Wo treff' ich meinen Schaefer an,",3/4,3/4,simples,2,15.83,48,60,7,maior,4
4845,Essen Folksong Collection,Xinda suobiao liangmian guang,3/4,3/4,simples,0,9,27,35,0,maior,0
4846,Essen Folksong Collection,Xingfugeer changbuwan,3/4,3/4,simples,0,32,96,70,7,maior,1
4847,Essen Folksong Collection,Yangguang zhaoliang tuzuren,3/4,3/4,simples,0,9.67,29,28,4,menor,2
4848,Essen Folksong Collection,Yaojia menqian yidaoquan,3/4,3/4,simples,0,8,24,32,2,maior,3
4849,Essen Folksong Collection,Z' nachst bin i spat aussiganga,3/4,3/4,simples,4,19.67,59,60,7,maior,4
4850,Essen Folksong Collection,ZU DIR ZIEHTS MI HIN,3/4,3/4,simples,4,24,72,101,9,maior,0
4851,Essen Folksong Collection,ZU HAUS GEDENKT MAN MEINER NICHT,3/4,3/4,simples,4,16,48,63,10,maior,1
4852,Essen Folksong Collection,ZU LAUTERBACH HAB ICH MEIN STRUMPF VERLOREN,3/4,3/4,simples,4,15.67,47,36,7,maior,2
4853,Essen Folksong Collection,ZUFRIEDENHEIT IST MEIN VERGNUEGEN,3/4,3/4,simples,2,8.5,26,43,10,maior,3
4854,Essen Folksong Collection,ZUM DONNER ZUM DONNER,3/4,3/4,simples,4,32,96,71,5,maior,4
4855,Essen Folksong Collection,ZUM HAHN SAGT DIE TAUBA,3/4,3/4,simples,4,7.67,23,28,5,maior,0
4856,Essen Folksong Collection,ZUM SOLDAT BIN ICH GEBOREN,3/4,3/4,simples,4,7.67,23,30,7,maior,1
4857,Essen Folksong Collection,ZWEI LIEBTEN SICH AUS REINEM SINN,3/4,3/4,simples,6,7.83,24,36,7,maior,2
4858,Essen Folksong Collection,ZWEI LIEBTEN SICH AUS REINEM SINN,3/4,3/4,simples,6,7.83,24,39,7,maior,3
4859,Essen Folksong Collection,ZWEI WEISSE BLUEMELEIN,3/4,3/4,simples,6,7.83,24,41,3,maior,4
4860,Essen Folksong Collection,ZWISCHEN BERG UND TIEFEM THAL,3/4,3/4,simples,0,15.67,47,65,7,maior,0
4861,Essen Folksong Collection,ZWISCHEN BERG UND TIEFEM THAL,3/4,3/4,simples,0,15.67,47,60,7,maior,1
4862,Essen Folksong Collection,ZWISCHEN FRANKREICH UND DEM BOEHMERWALD,3/4,3/4,simples,4,16,48,66,0,maior,2
4863,Essen Folksong Collection,"Zaldotemarsch vum Jgerbataillon 1860 (1-27), S. 72",3/4,3/4,simples,4,11.67,35,74,5,maior,3
4864,Essen Folksong Collection,"Zwei liebten sich (20a), S. 84",3/4,3/4,simples,6,11.83,36,58,5,maior,4
4865,Essen Folksong Collection,"Zwei liebten sich (20b), S. 86",3/4,3/4,simples,6,11.83,36,59,5,maior,0
4866,Essen Folksong Collection,"Zwei liebten sich aus reinem Sinn (2-10), S. 22",3/4,3/4,simples,2,11.83,36,62,7,maior,1
4867,Essen Folksong Collection,"Zwischen Basel und dem Rheinstrom (3-85), S.235",3/4,3/4,simples,4,14,42,45,7,maior,2
4868,Essen Folksong Collection,"""Das Stelldichein""",3/8,3/8,composto,0,16,16,40,2,maior,3
4869,Essen Folksong Collection,"""Das Voegelein""",3/8,3/8,composto,0,16,16,49,7,maior,4
4870,Essen Folksong Collection,"""Der Eifersuechtige""",3/8,3/8,composto,0,11.67,11,32,9,maior,0
4871,Essen Folksong Collection,"""Der Gleichgueltige""",3/8,3/8,composto,0,17.67,17,66,5,maior,1
4872,Essen Folksong Collection,"""Der Knab auf dem Berge""",3/8,3/8,composto,2,18,18,48,7,maior,2
4873,Essen Folksong Collection,"""Der Lohn""",3/8,3/8,composto,2,14,14,36,7,menor,3
4874,Essen Folksong Collection,"""Der Reigen""",3/8,3/8,composto,0,8,8,32,9,maior,4
4875,Essen Folksong Collection,"""Der Tanz""",3/8,3/8,composto,2,8,8,27,4,menor,0
4876,Essen Folksong Collection,"""Der geschlagene Mann""",3/8,3/8,composto,0,9.67,9,36,5,maior,1
4877,Essen Folksong Collection,"""Die Flucht""",3/8,3/8,composto,2,12,12,40,9,maior,2
4878,Essen Folksong Collection,"""Die Luetzelburg""",3/8,3/8,composto,2,20,20,57,7,menor,3
4879,Essen Folksong Collection,"""Die Muellerin""",3/8,3/8,composto,2,14,14,42,4,menor,4
4880,Essen Folksong Collection,"""Die Nachtigall""",3/8,3/8,composto,0,11.67,11,34,7,maior,0
4881,Essen Folksong Collection,"""Die Schlangenkoechin""",3/8,3/8,composto,2,11,11,30,5,menor,1
4882,Essen Folksong Collection,"""Die Werber""",3/8,3/8,composto,2,16,16,38,7,menor,2
4883,Essen Folksong Collection,"""Eifersucht""",3/8,3/8,composto,0,15.67,15,38,2,maior,3
4884,Essen Folksong Collection,"""Ein kleiner feiner Almanach. """,3/8,3/8,composto,2,18,18,44,0,maior,4
4885,Essen Folksong Collection,"""Herzweh""",3/8,3/8,composto,2,8,8,27,1,menor,0
4886,Essen Folksong Collection,"""Jaegerlied""",3/8,3/8,composto,2,17,17,45,5,maior,1
4887,Essen Folksong Collection,"""Kuhreigen""",3/8,3/8,composto,0,30,30,86,0,maior,2
4888,Essen Folksong Collection,"""Kuhreigen""",3/8,3/8,composto,2,56.33,57,147,7,maior,3
4889,Essen Folksong Collection,"""Lass rauschen""",3/8,3/8,composto,2,15,15,35,5,maior,4
4890,Essen Folksong Collection,"""Liebestreu""",3/8,3/8,composto,2,15,15,39,9,menor,0
4891,Essen Folksong Collection,"""Richmut und Adocht""",3/8,3/8,composto,2,16,16,42,7,menor,1
4892,Essen Folksong Collection,"""Spannung""",3/8,3/8,composto,2,17,17,44,11,menor,2
4893,Essen Folksong Collection,"""Trinklied""",3/8,3/8,composto,2,15.67,16,41,9,menor,3
4894,Essen Folksong Collection,"""Zum Sterben verliebt""",3/8,3/8,composto,2,10,10,33,5,maior,4
4895,Essen Folksong Collection,ABEND SINKT STILL AUF DIE FLUR,3/8,3/8,composto,0,13.67,13,32,5,maior,0
4896,Essen Folksong Collection,"ACH ELSELEIN, LIEBES ELSELEIN MEIN",3/8,3/8,composto,2,27,27,58,5,maior,1
4897,Essen Folksong Collection,ACH MUSSTE DER TOD IHN UNS NEHMEN,3/8,3/8,composto,2,34.67,35,81,9,maior,2
4898,Essen Folksong Collection,ACH MUTTER S HAT FREIER HIER,3/8,3/8,composto,2,16,16,44,0,maior,3
4899,Essen Folksong Collection,ACH WENN DOCH MEIN SCHAETZCHEN EIN ROSENSTOCK WAER,3/8,3/8,composto,2,12,12,37,9,maior,4
4900,Essen Folksong Collection,"ACH WIE IST ES MOEGLICH DANN, DASS ICH DICH VERLASSEN KANN",3/8,3/8,composto,0,17.67,17,66,7,maior,0
4901,Essen Folksong Collection,AEIE BUBAEIE DIE BAEBLE SIN GUET,3/8,3/8,composto,0,23.67,23,67,7,maior,1
4903,Essen Folksong Collection,ALLEMAL KANN MAN NIT LUSTIG SEIN,3/8,3/8,composto,0,23.67,23,61,7,maior,3
4904,Essen Folksong Collection,ALLEWEIL KA MER NET LUSTIG SEI,3/8,3/8,composto,0,13.67,13,37,7,maior,4
4905,Essen Folksong Collection,ALLEWEIL RAPPELTS AM SCHEUERTHOR,3/8,3/8,composto,0,12,12,32,7,maior,0
4906,Essen Folksong Collection,AM HEILIGEN ABEND VORM OSTERFEST,3/8,3/8,composto,2,16,16,47,9,menor,1
4907,Essen Folksong Collection,ARM SEELCHEN WAS WEINEST DU SO SEHR,3/8,3/8,composto,2,16,16,56,5,maior,2
4908,Essen Folksong Collection,AUF DEM RASEN IM WALDE,3/8,3/8,composto,2,20,20,64,4,maior,3
4909,Essen Folksong Collection,AUF EINEM FUSSE ZWEIMAL DREH,3/8,3/8,composto,2,16,16,57,4,menor,4
4910,Essen Folksong Collection,AUF ES DUNKELT SILBERN FUNKELT,3/8,3/8,composto,0,16,16,48,4,maior,0
4911,Essen Folksong Collection,AUS ISTS MIT MIR,3/8,3/8,composto,0,17.67,17,40,2,maior,1
4912,Essen Folksong Collection,"Ach Schatz, wenn du ber die Gasse gehst (Band 1), S. 212",3/8,3/8,composto,2,14,14,33,7,maior,2
4913,Essen Folksong Collection,"Adam und Eva (256), S. 549",3/8,3/8,composto,2,15.67,16,50,0,maior,3
4914,Essen Folksong Collection,"Als Sankt Justil blind geboren war,CNR[und ihr Vater ein Pfalzgraf war",3/8,3/8,composto,0,16,16,29,7,menor,4
4915,Essen Folksong Collection,"Als ich hungerig und dursterig sein (Band 1), S. 244",3/8,3/8,composto,0,39.67,39,89,7,maior,0
4916,Essen Folksong Collection,Ansinglied am ersten Mai,3/8,3/8,composto,2,24,24,66,7,maior,1
4917,Essen Folksong Collection,Arme Seele,3/8,3/8,composto,2,7.67,8,23,7,maior,2
4918,Essen Folksong Collection,Arme Seele,3/8,3/8,composto,2,8,8,23,7,menor,3
4919,Essen Folksong Collection,Arme Seele (2-21) S. 67,3/8,3/8,composto,2,7.67,8,23,7,maior,4
4920,Essen Folksong Collection,BEI NAECHTLICHER WEIL,3/8,3/8,composto,2,18,18,50,10,maior,0
4921,Essen Folksong Collection,BIN I NET A LUSTIGERFUHRMANNSBUE,3/8,3/8,composto,0,15.67,15,52,5,maior,1
4922,Essen Folksong Collection,BRAUCHT WEITER SIE WAS,3/8,3/8,composto,2,8,8,30,2,menor,2
4923,Essen Folksong Collection,"Bauer keen Edelmann! (221b), S. 477",3/8,3/8,composto,0,22.33,22,60,5,maior,3
4924,Essen Folksong Collection,"Bekehrt (3-98), S. 268",3/8,3/8,composto,2,15.67,16,30,7,maior,4
4925,Essen Folksong Collection,"Braun Annel (3-24), S. 80",3/8,3/8,composto,2,8,8,24,4,menor,0
4926,Essen Folksong Collection,Braut Bondeli (2-32) S. 101,3/8,3/8,composto,2,15.67,16,40,5,maior,1
4927,Essen Folksong Collection,Christi Klage (2-6) S. 29,3/8,3/8,composto,2,16,16,35,5,menor,2
4928,Essen Folksong Collection,Chunfeng yichui huakaifang,3/8,3/8,composto,0,17,17,57,5,menor,3
4929,Essen Folksong Collection,DA DRAUSSN AUF DEM BERGLE,3/8,3/8,composto,2,9,9,26,5,maior,4
4930,Essen Folksong Collection,DA DROBEN AUFM BERGEL,3/8,3/8,composto,2,9,9,24,5,maior,0
4931,Essen Folksong Collection,"DA DROBEN IN JENEM THALE, DA TREIBET DAS WASSER DAS RAD",3/8,3/8,composto,2,14,14,38,5,maior,1
4932,Essen Folksong Collection,DA LAECHELT NUN WIEDER DER HIMMEL SO BLAU,3/8,3/8,composto,2,16,16,52,5,maior,2
4933,Essen Folksong Collection,DANZ RUEBER DANZ NUEBER,3/8,3/8,composto,2,16,16,43,7,maior,3
4934,Essen Folksong Collection,DAS JAHR IST GUT,3/8,3/8,composto,2,24,24,74,9,maior,4
4935,Essen Folksong Collection,DAVIDKEN SIEN VADER,3/8,3/8,composto,2,24,24,59,7,maior,0
4936,Essen Folksong Collection,DENK ICH ALLEWEIL,3/8,3/8,composto,2,12,12,44,7,maior,1
4937,Essen Folksong Collection,DER BERGMANN IM SCHWARZEN GEWAND,3/8,3/8,composto,2,28,28,81,0,maior,2
4938,Essen Folksong Collection,DER KUCKUK AUF DEM BIRNBAUM SASS,3/8,3/8,composto,2,13,13,38,7,maior,3
4939,Essen Folksong Collection,DER LIPP UND DER LENZ,3/8,3/8,composto,2,7.67,8,31,2,menor,4
4940,Essen Folksong Collection,DER MAI IST NICHT IN BLUETHEN KARG,3/8,3/8,composto,2,16,16,40,9,menor,0
4941,Essen Folksong Collection,DER MEYEN ISCH GEKOMMEN,3/8,3/8,composto,2,24,24,66,7,maior,1
4942,Essen Folksong Collection,DET VORO TVA AEDLA KONUNGABARN,3/8,3/8,composto,2,15.67,16,35,7,menor,2
4943,Essen Folksong Collection,DIE FRAU WOLLT WALLFAHREN,3/8,3/8,composto,0,11.67,11,36,7,maior,3
4944,Essen Folksong Collection,DIE FRAU WOLLT WALLFAHRN GEHN,3/8,3/8,composto,0,11.33,11,36,0,maior,4
4945,Essen Folksong Collection,DORT AUF GEN LEIDLE,3/8,3/8,composto,0,15.67,15,40,7,maior,0
4946,Essen Folksong Collection,DORT SINKET DIE SONNE IM WESTEN,3/8,3/8,composto,2,15.67,16,34,0,maior,1
4947,Essen Folksong Collection,DRAUSSE IM GRUENE WALD,3/8,3/8,composto,0,11.67,11,33,5,maior,2
4948,Essen Folksong Collection,DRAUSSEN AUF GRUENESTER HAID,3/8,3/8,composto,0,24.67,24,63,2,menor,3
4949,Essen Folksong Collection,DREI TAG GEH MER NET HAN,3/8,3/8,composto,0,16,16,40,5,maior,4
4951,Essen Folksong Collection,DU! DU! LIEGST MIR IM HERZEN,3/8,3/8,composto,0,20.67,20,41,7,maior,1
4952,Essen Folksong Collection,"Das Mtzenlied (4-84), S. 108",3/8,3/8,composto,2,26,26,68,7,maior,2
4953,Essen Folksong Collection,"De klenge Mnnchen (192b), S. 420",3/8,3/8,composto,2,10,10,32,2,maior,3
4954,Essen Folksong Collection,"Der Achte (Band 1), S. 268",3/8,3/8,composto,2,24,24,66,2,maior,4
4955,Essen Folksong Collection,"Der Faábinder (33), S. 118f",3/8,3/8,composto,2,34,34,90,7,maior,0
4956,Essen Folksong Collection,Der Gluecksjaeger,3/8,3/8,composto,2,16,16,48,7,maior,1
4957,Essen Folksong Collection,Der Jaeger im Tannenholz,3/8,3/8,composto,2,12,12,31,0,maior,2
4958,Essen Folksong Collection,Der Nebenbuhler (Jan Willem en Betje),3/8,3/8,composto,2,14.67,15,35,7,maior,3
4959,Essen Folksong Collection,"Der Reiter und seine Geliebte (3-22), S. 75",3/8,3/8,composto,2,12,12,38,7,menor,4
4960,Essen Folksong Collection,"Der Tag, der ist so wohl vergang'n (Band 1), S. 207",3/8,3/8,composto,2,16,16,41,5,maior,0
4961,Essen Folksong Collection,Der Vorwirt,3/8,3/8,composto,2,24,24,50,7,maior,1
4962,Essen Folksong Collection,Der Vorwirt,3/8,3/8,composto,0,14.67,14,36,4,menor,2
4963,Essen Folksong Collection,"Der Wirtin Tchterlein (11), S. 53",3/8,3/8,composto,2,8,8,22,7,maior,3
4964,Essen Folksong Collection,Der grausame Bruder,3/8,3/8,composto,2,15,15,45,7,maior,4
4965,Essen Folksong Collection,Der grausame Bruder,3/8,3/8,composto,2,8,8,23,0,maior,0
4966,Essen Folksong Collection,Der jger im Tannenholz (2-61) S. 188,3/8,3/8,composto,2,16,16,33,4,menor,1
4967,Essen Folksong Collection,Der verwundete Knab (2-33) S. 105,3/8,3/8,composto,2,10,10,34,7,maior,2
4968,Essen Folksong Collection,"Des Burschen Tracht (204b), S. 446",3/8,3/8,composto,0,19,19,45,7,maior,3
4969,Essen Folksong Collection,Des Grafen Toechterlein,3/8,3/8,composto,2,8,8,24,5,maior,4
4970,Essen Folksong Collection,Die Geburt im Walde,3/8,3/8,composto,2,12,12,38,7,menor,0
4971,Essen Folksong Collection,Die Hauptmannstochter,3/8,3/8,composto,0,15.67,15,43,7,menor,1
4972,Essen Folksong Collection,Die Koenigskinder,3/8,3/8,composto,2,26,26,54,7,maior,2
4973,Essen Folksong Collection,Die Koenigskinder,3/8,3/8,composto,2,15,15,37,7,maior,3
4974,Essen Folksong Collection,Die Koenigstochter im Heeresdienst,3/8,3/8,composto,2,8,8,24,7,maior,4
4975,Essen Folksong Collection,Die drei Hexen,3/8,3/8,composto,0,8,8,20,5,maior,0
4976,Essen Folksong Collection,Die erzwungene Ehe,3/8,3/8,composto,2,8,8,24,4,menor,1
4977,Essen Folksong Collection,Die neue Jagd,3/8,3/8,composto,2,24,24,55,2,maior,2
4978,Essen Folksong Collection,Die verkaufte Muellerin,3/8,3/8,composto,0,11.67,11,27,7,maior,3
4979,Essen Folksong Collection,Die wiedergefundene Schwester (Suedeli - Ballade),3/8,3/8,composto,2,15.67,16,40,7,maior,4
4980,Essen Folksong Collection,E BISSELE LIEB,3/8,3/8,composto,2,8,8,25,7,maior,0
4981,Essen Folksong Collection,E BISSELE LIEB E BISSELE TREU,3/8,3/8,composto,2,8,8,22,9,maior,1
4982,Essen Folksong Collection,"EI SO SAGT MIRS FREI, WAS DOCH SCHOENER SEI",3/8,3/8,composto,0,22,22,41,0,maior,2
4984,Essen Folksong Collection,EIA POPEIA WAS RASSELT IM STROH,3/8,3/8,composto,0,16,16,40,7,maior,4
4985,Essen Folksong Collection,EIN BISSERLE LIEB UND E BISSERLE TREU,3/8,3/8,composto,2,12,12,35,5,maior,0
4986,Essen Folksong Collection,EIN LIEDCHEN ZU SINGEN,3/8,3/8,composto,2,16,16,51,7,maior,1
4987,Essen Folksong Collection,EIN REISLEIN AM HUTE,3/8,3/8,composto,2,16,16,49,4,menor,2
4988,Essen Folksong Collection,EIN SCHAEFER TRAEGT SORGEN,3/8,3/8,composto,2,12,12,40,10,maior,3
4989,Essen Folksong Collection,EIN SCHWEINHIRT DER HUET BEI DEM KORN,3/8,3/8,composto,2,22,22,46,7,menor,4
4990,Essen Folksong Collection,EINE HELDIN WOHL ERZOGEN,3/8,3/8,composto,2,18,18,43,2,maior,0
4991,Essen Folksong Collection,ES GIENG EIN JUNG KUECHENJUNG,3/8,3/8,composto,2,8,8,23,0,maior,1
4992,Essen Folksong Collection,ES GING EIN JAEGER JAGEN,3/8,3/8,composto,0,23.67,23,69,2,maior,2
4993,Essen Folksong Collection,ES HATT EIN BAUER EIN TOECHTERLEIN,3/8,3/8,composto,2,8,8,18,5,maior,3
4994,Essen Folksong Collection,ES JAGT EIN JAEGER GESCHWINDE DORT OBEN VOR DEM HOLZ,3/8,3/8,composto,2,38,38,83,5,maior,4
4995,Essen Folksong Collection,ES KAMEN DREI SCHWARZE RABEN,3/8,3/8,composto,2,16,16,47,5,maior,0
4996,Essen Folksong Collection,ES LEUCHTEN DREI STERN UEBER EIN KOENIGSHAUS,3/8,3/8,composto,2,28,28,75,0,maior,1
4997,Essen Folksong Collection,ES TAGET VOR DEM WALDE,3/8,3/8,composto,2,25,25,42,10,maior,2
4998,Essen Folksong Collection,ES THAET EIN KOENIG AUSREITEN,3/8,3/8,composto,2,16,16,36,7,maior,3
4999,Essen Folksong Collection,ES WAR EIN JAEGER WOHLGEMUTH,3/8,3/8,composto,0,15.67,15,45,9,maior,4
5000,Essen Folksong Collection,ES WAR EINMAL EINE JUEDIN,3/8,3/8,composto,2,15,15,43,5,maior,0
5001,Essen Folksong Collection,ES WOLLT EIN JAEGER JAGEN,3/8,3/8,composto,0,11.67,11,28,5,maior,1
5002,Essen Folksong Collection,"ES WOLLT EIN JAEGER JAGEN, DREI STUNDEN VOR DEM TAGEN",3/8,3/8,composto,2,18,18,47,7,maior,2
5003,Essen Folksong Collection,ES WOLLT EIN SCHNEIDER WANDERN,3/8,3/8,composto,2,24,24,64,7,maior,3
5004,Essen Folksong Collection,ES WOLLT SICH EIN MAEDCHEN,3/8,3/8,composto,2,25,25,63,7,maior,4
5005,Essen Folksong Collection,ES WOLLTE EIN KUECHENJUNG,3/8,3/8,composto,2,12,12,34,0,maior,0
5006,Essen Folksong Collection,"Ech sin eso' al, ech sin eso' kal (3-19), S. 50f",3/8,3/8,composto,0,22.67,22,61,0,maior,1
5007,Essen Folksong Collection,Eifersucht (2-78) S. 232,3/8,3/8,composto,2,10,10,31,7,maior,2
5008,Essen Folksong Collection,"Es hat ein Bauer ein Tchterlein (Band 1), S. 68",3/8,3/8,composto,2,12,12,31,2,menor,3
5009,Essen Folksong Collection,"Es reist ein Knab (Band 1), S. 107",3/8,3/8,composto,2,15,15,45,2,maior,4
5010,Essen Folksong Collection,"Es reiten drei Reiter zum Tore hinaus (5-71), S. 116",3/8,3/8,composto,2,24,24,57,3,maior,0
5011,Essen Folksong Collection,"Es stehen drei Sterne am Himmel (Band 1), S. 122",3/8,3/8,composto,2,16,16,38,7,maior,1
5012,Essen Folksong Collection,"Es war ein Jger (Band 1), S. 183",3/8,3/8,composto,0,16.67,16,41,7,maior,2
5013,Essen Folksong Collection,"Es war einmal ein kleiner Mann (Band 1), S. 236",3/8,3/8,composto,2,13,13,37,7,maior,3
5014,Essen Folksong Collection,"Es wollt ein Jgerlein jagen (3-55), S. 161",3/8,3/8,composto,2,15,15,38,10,maior,4
5015,Essen Folksong Collection,"Et wolt sech e Bauer seng Duechter bestueden (3-31), S. 78",3/8,3/8,composto,2,16,16,43,5,maior,0
5016,Essen Folksong Collection,FAHR MER NET UEBER MEIN AECKERLE,3/8,3/8,composto,0,11.67,11,32,7,maior,1
5017,Essen Folksong Collection,FERNE DIR O FERNE WANK ICH WIE IM TRAUM,3/8,3/8,composto,0,15.67,15,45,4,menor,2
5018,Essen Folksong Collection,FROEHLICH UND WOHLGEMUT,3/8,3/8,composto,0,15.67,15,51,7,maior,3
5019,Essen Folksong Collection,FROEHLICH UND WOHLGEMUTH,3/8,3/8,composto,0,12,12,36,9,maior,4
5020,Essen Folksong Collection,FROEHLICH UND WOHLGEMUTH WANDELT DAS JUNGE BLUT,3/8,3/8,composto,0,12,12,36,9,maior,0
5021,Essen Folksong Collection,FUER DIE ZEIT DASS DU MI GELIEBT HAST,3/8,3/8,composto,2,12,12,37,5,maior,1
5022,Essen Folksong Collection,"Fenstergang (Band 1), S. 200",3/8,3/8,composto,2,16,16,62,7,maior,2
5023,Essen Folksong Collection,"Frisch auf zum frhlichen Jagen (3-52), S. 151",3/8,3/8,composto,2,15,15,35,7,maior,3
5024,Essen Folksong Collection,GANG MER NIT UEBER MIS MAETTELI,3/8,3/8,composto,0,11.67,11,33,7,maior,4
5025,Essen Folksong Collection,GESUNDHEIT HERR NACHBAR MEIN GLAESCHEN IST LEER,3/8,3/8,composto,2,30,30,96,7,maior,0
5026,Essen Folksong Collection,GIB MIR DIE BLUMEN GIB MIR DEN KRANZ,3/8,3/8,composto,0,15.67,15,40,7,maior,1
5027,Essen Folksong Collection,GLUECKLICH WER IM HOLDEN BUNDE,3/8,3/8,composto,0,31.67,31,69,9,menor,2
5028,Essen Folksong Collection,GRAD AUS DEM WIRTSHAUS NUN,3/8,3/8,composto,0,16,16,46,9,menor,3
5029,Essen Folksong Collection,GRAD AUS DEM WIRTSHAUS NUN KOMM ICH HERAUS,3/8,3/8,composto,0,23.67,23,71,7,maior,4
5030,Essen Folksong Collection,GUDEN ABEND SPELMANN,3/8,3/8,composto,2,16,16,46,7,maior,0
5031,Essen Folksong Collection,GUGUK IM HAEFELE,3/8,3/8,composto,0,13.67,13,36,5,maior,1
5032,Essen Folksong Collection,Gezu renmin tuanjie jin,3/8,3/8,composto,0,15,15,39,9,menor,2
5033,Essen Folksong Collection,"Gib mir die Blume (Band 1), S. 264",3/8,3/8,composto,0,15.67,15,39,4,menor,3
5034,Essen Folksong Collection,Gottselige Strickerin,3/8,3/8,composto,2,27,27,61,10,maior,4
5035,Essen Folksong Collection,Graserin und Reiter,3/8,3/8,composto,2,24,24,55,7,maior,0
5036,Essen Folksong Collection,"Grundwiller-Lied (4-97), S. 128",3/8,3/8,composto,2,14,14,31,7,maior,1
5037,Essen Folksong Collection,HABE ICHS NICHT LANG GESAT,3/8,3/8,composto,0,16,16,58,7,maior,2
5038,Essen Folksong Collection,HANS NABER ICH HEBB,3/8,3/8,composto,2,16,16,41,9,menor,3
5039,Essen Folksong Collection,HAR CHUELI ZUM BRUNNE,3/8,3/8,composto,2,25,25,77,7,maior,4
5040,Essen Folksong Collection,HAT MIR MEIN VATER VIERZIG GULDEN,3/8,3/8,composto,0,16,16,44,5,maior,0
5041,Essen Folksong Collection,HAT UNS NICHT MAHOMET SCHAENDLICH BETROGEN,3/8,3/8,composto,0,31.67,31,83,7,menor,1
5042,Essen Folksong Collection,HERR BRUDER DIR ZU EHREN,3/8,3/8,composto,2,25,25,57,2,maior,2
5043,Essen Folksong Collection,HERZIG LIEB SCHAETZELE,3/8,3/8,composto,0,15.67,15,54,7,maior,3
5044,Essen Folksong Collection,HIER SIND DIE DREI WEISEN,3/8,3/8,composto,2,8,8,18,7,maior,4
5045,Essen Folksong Collection,HINTER UNSERN PIITE,3/8,3/8,composto,2,11,11,38,7,maior,0
5046,Essen Folksong Collection,HINTERM RIESEN VORN AM RIESEN,3/8,3/8,composto,0,12,12,34,7,maior,1
5047,Essen Folksong Collection,HOERT IHR DEN SCHWAEBISCHEN WIRBELTANZ,3/8,3/8,composto,0,17.67,17,62,0,maior,2
5048,Essen Folksong Collection,HOERT IHR WIE SCHOEN HEUT DER POSTILLON BLAESET,3/8,3/8,composto,0,17,17,39,0,maior,3
5049,Essen Folksong Collection,HOPSA MEI LORCHE DREH DICH MAL DRUM,3/8,3/8,composto,0,11.67,11,30,7,maior,4
5050,Essen Folksong Collection,HORCH WIE SCHALLTS DORTEN SO LIEBLICH HERVOR,3/8,3/8,composto,0,23.33,23,56,5,maior,0
5051,Essen Folksong Collection,Hui gege,3/8,3/8,composto,0,12,12,30,7,maior,1
5052,Essen Folksong Collection,I BIN E BERGMA WOHLGEMUTH,3/8,3/8,composto,2,49,49,126,7,maior,2
5053,Essen Folksong Collection,ICH HAB MEINEN WEIZEN AM BERGE GESAET,3/8,3/8,composto,2,12,12,33,2,maior,3
5054,Essen Folksong Collection,ICH HAB MIR MEIN WAIZEN AM BERG GESAET,3/8,3/8,composto,0,11.67,11,31,0,maior,4
5055,Essen Folksong Collection,ICH MUSS MICH UMSCHAUEN,3/8,3/8,composto,2,8,8,28,7,maior,0
5056,Essen Folksong Collection,ICH UND MEIN JUNGES WEIB,3/8,3/8,composto,0,15.67,15,44,9,menor,1
5057,Essen Folksong Collection,ICH WILL MICH UMSCHAUEN,3/8,3/8,composto,2,12,12,44,7,maior,2
5058,Essen Folksong Collection,ICH WOLLT ES WAERE NACHT,3/8,3/8,composto,2,10,10,32,2,maior,3
5059,Essen Folksong Collection,ICH WOLLT ICH WAER EIN FISCH,3/8,3/8,composto,2,14,14,49,7,maior,4
5060,Essen Folksong Collection,ICH WOLLT MIR ZU EINEM KITTELCHEN SAMMELN,3/8,3/8,composto,2,24,24,63,0,maior,0
5061,Essen Folksong Collection,ICK UND MEIN JUNGES WEIB,3/8,3/8,composto,0,15.67,15,44,9,menor,1
5062,Essen Folksong Collection,IK UND MYN LYSBET,3/8,3/8,composto,0,9.67,9,25,2,maior,2
5063,Essen Folksong Collection,IN DEM WALD STEHT EIN HAUS,3/8,3/8,composto,2,14,14,51,7,maior,3
5064,Essen Folksong Collection,IN LAUTERBACH HAB ICH MEIN STRUEMPFEL VERLOREN,3/8,3/8,composto,2,15.67,16,38,7,maior,4
5065,Essen Folksong Collection,IS DENN MEI VATER A LEIERSMANN,3/8,3/8,composto,0,23.67,23,78,7,maior,0
5066,Essen Folksong Collection,IST WIEDER EINS AUS,3/8,3/8,composto,2,8,8,21,7,maior,1
5067,Essen Folksong Collection,"Ich stehe auf hohen Bergen (Band 1), S. 119",3/8,3/8,composto,2,15,15,39,9,maior,2
5068,Essen Folksong Collection,JETZT GEH ICH ANS BRUENNELE,3/8,3/8,composto,2,15.67,16,56,7,maior,3
5069,Essen Folksong Collection,JETZT GEH ICH ANS BRUENNELEIN,3/8,3/8,composto,2,15.67,16,53,7,maior,4
5070,Essen Folksong Collection,JETZT REISEN WIR BRUEDER,3/8,3/8,composto,2,27,27,68,10,maior,0
5071,Essen Folksong Collection,JETZT REISEN WIR BRUEDER WOL ALLE ZUGLEICH,3/8,3/8,composto,2,27,27,61,0,maior,1
5072,Essen Folksong Collection,JUNG HAENSCHEN SASS AM HOHEN THOR,3/8,3/8,composto,2,15.33,16,39,9,menor,2
5073,Essen Folksong Collection,"Jetzt muá ich unter die Fremde (Band 1), S. 219",3/8,3/8,composto,2,12,12,30,5,maior,3
5074,Essen Folksong Collection,"Joseppelied (3-16), S. 55",3/8,3/8,composto,2,16,16,45,5,maior,4
5075,Essen Folksong Collection,KA BAUER WAER ICH NIE BLEIBE,3/8,3/8,composto,2,24,24,62,0,maior,0
5076,Essen Folksong Collection,KAFFEECHEN KAFFEECHEN,3/8,3/8,composto,2,16,16,47,5,maior,1
5078,Essen Folksong Collection,"Kleiner Mann und groáe Frau (192a), S. 418",3/8,3/8,composto,2,13.67,14,41,5,maior,3
5080,Essen Folksong Collection,"Liebe mit Trnen (84), S. 227",3/8,3/8,composto,0,19.67,19,41,7,maior,0
5081,Essen Folksong Collection,MAEDCHEN MEINER SEELEN,3/8,3/8,composto,0,14.67,14,38,7,maior,1
5082,Essen Folksong Collection,MAEDCHEN MEINER SEELEN,3/8,3/8,composto,0,23.67,23,59,7,maior,2
5083,Essen Folksong Collection,MAIEKAEFER FRICO FRICO,3/8,3/8,composto,2,15,15,36,5,maior,3
5084,Essen Folksong Collection,MAIENBLUEMLEIN SO SCHOEN,3/8,3/8,composto,0,15.67,15,42,0,maior,4
5085,Essen Folksong Collection,MARIA WOL AN DEM RAE SATT,3/8,3/8,composto,2,15.33,16,37,7,menor,0
5086,Essen Folksong Collection,"MEI MUTTER MAG MI NET, UND KEIN SCHATZ HAN I NET",3/8,3/8,composto,0,15.67,15,51,11,maior,1
5087,Essen Folksong Collection,MEI SCHATZ IS E REITER,3/8,3/8,composto,2,8,8,24,5,maior,2
5088,Essen Folksong Collection,MEI SCHATZ ISCHT E REITER,3/8,3/8,composto,2,16,16,43,5,maior,3
5089,Essen Folksong Collection,MEI SCHATZERL IS HUEBSCH ABER REICH IS ES NIT,3/8,3/8,composto,2,20.67,21,89,4,maior,4
5090,Essen Folksong Collection,MEIN SCHAETZCHEN WILL WANDERN,3/8,3/8,composto,2,22,22,62,5,maior,0
5091,Essen Folksong Collection,MEIN VATER IST EIN SCHNEIDER,3/8,3/8,composto,2,14.67,15,53,7,maior,1
5092,Essen Folksong Collection,MEINE KLEINE GARTENLAUBE,3/8,3/8,composto,0,23.67,23,58,7,maior,2
5093,Essen Folksong Collection,MYS LIEB WE DU ZUR CHILCHE THUEST GA,3/8,3/8,composto,0,18,18,38,9,maior,3
5094,Essen Folksong Collection,"Mllerlied (Band 1), S. 169",3/8,3/8,composto,2,29.67,30,77,2,maior,4
5095,Essen Folksong Collection,"Mdchen, machs Fenster auf (4-51), S. 69",3/8,3/8,composto,0,9.67,9,28,4,menor,0
5096,Essen Folksong Collection,"Nun adje, Schatz, und ich muss fort,",3/8,3/8,composto,2,20,20,35,7,menor,1
5097,Essen Folksong Collection,O MODER DE FINKEN SIND DUD,3/8,3/8,composto,0,23.67,23,56,5,maior,2
5098,Essen Folksong Collection,OFT MANCHER MUSS LEIDEN,3/8,3/8,composto,2,8,8,24,10,maior,3
5099,Essen Folksong Collection,OH WIE SANFT RUH ICH HIER,3/8,3/8,composto,0,17.67,17,57,7,maior,4
5100,Essen Folksong Collection,OLL MANN WULL RIEDEN,3/8,3/8,composto,0,9.67,9,31,5,maior,0
5101,Essen Folksong Collection,"OLL MANN WULL RIEDEN, WOHL HAD HE KEEN PEERD",3/8,3/8,composto,0,9.67,9,31,5,maior,1
5102,Essen Folksong Collection,"Papp kommt hannert dem Uewen eraus, S. 32",3/8,3/8,composto,0,23.67,23,60,0,maior,2
5103,Essen Folksong Collection,"Posaunen im Ehestand (3-94), S. 259",3/8,3/8,composto,2,17.67,18,37,8,maior,3
5104,Essen Folksong Collection,RAEDCHEN RAEDCHEN GEHE GEHE,3/8,3/8,composto,0,27.67,27,67,2,maior,4
5105,Essen Folksong Collection,ROSESTOCK HOLDERBLUET,3/8,3/8,composto,0,15.67,15,52,9,menor,0
5106,Essen Folksong Collection,ROTHE BAECKLE BLAU AEUGLE,3/8,3/8,composto,2,7.67,8,25,7,maior,1
5107,Essen Folksong Collection,Rache im Zweikampf,3/8,3/8,composto,2,21,21,52,2,maior,2
5108,Essen Folksong Collection,Rache im Zweikampf,3/8,3/8,composto,0,18,18,43,0,maior,3
5109,Essen Folksong Collection,Richmudis von Adocht,3/8,3/8,composto,2,24,24,69,7,menor,4
5110,Essen Folksong Collection,Richmudis von Adocht,3/8,3/8,composto,2,18,18,52,7,maior,0
5111,Essen Folksong Collection,S ISCH WAHR I WILL NIMMAEMEH LIAEGE,3/8,3/8,composto,2,20,20,50,7,menor,1
5112,Essen Folksong Collection,S SCHWIMME ZWEI FISCHLE IM BODESEE,3/8,3/8,composto,0,11.67,11,34,5,maior,2
5113,Essen Folksong Collection,SAMMELT EUCH IN TRAUTE REIHN,3/8,3/8,composto,0,23.67,23,52,9,menor,3
5114,Essen Folksong Collection,SCHAETZCHEN ADE! SCHEIDEN THUT WEH!,3/8,3/8,composto,0,12,12,29,7,maior,4
5115,Essen Folksong Collection,SCHARRET DAS FEUER ZU KOHLEN,3/8,3/8,composto,0,26.67,26,77,9,maior,0
5116,Essen Folksong Collection,SCHATZEL WAS HO ICH DIR LEIDES GETHAN,3/8,3/8,composto,0,15.67,15,38,7,menor,1
5118,Essen Folksong Collection,SCHLAF HERZENSSOEHNCHEN,3/8,3/8,composto,0,15.67,15,41,0,maior,3
5119,Essen Folksong Collection,SCHLAF HERZENSSOEHNCHEN,3/8,3/8,composto,0,15.67,15,46,0,maior,4
5120,Essen Folksong Collection,SCHLAF SCHWESTER SANFT,3/8,3/8,composto,2,31.67,32,91,3,maior,0
5121,Essen Folksong Collection,SCHNEIDER DEN MAG ICH NET,3/8,3/8,composto,0,11.67,11,40,5,maior,1
5122,Essen Folksong Collection,SCHOEN GLAENZT DAS MONDENLICHT,3/8,3/8,composto,0,24,24,75,0,maior,2
5123,Essen Folksong Collection,SCHOEN RUNDLICH UND FEIN,3/8,3/8,composto,2,8,8,30,5,maior,3
5124,Essen Folksong Collection,SCHOENSTER SCHATZ AUF ERDEN,3/8,3/8,composto,0,11.67,11,27,5,maior,4
5125,Essen Folksong Collection,SCHOENSTER SCHATZ MEIN ENGEL,3/8,3/8,composto,4,11.33,11,28,5,maior,0
5126,Essen Folksong Collection,SCHOENSTES SCHAETZCHEN,3/8,3/8,composto,2,8,8,28,0,maior,1
5127,Essen Folksong Collection,SECHS BUCKEL HEUT HAWE TANZT,3/8,3/8,composto,2,15.67,16,66,5,maior,2
5128,Essen Folksong Collection,SEHT WIE DIE TAGE SICH SONNIG VERKLAEREN,3/8,3/8,composto,0,31.67,31,127,7,maior,3
5129,Essen Folksong Collection,SEID LUSTIG IHR BRUEDER,3/8,3/8,composto,2,8,8,23,0,maior,4
5130,Essen Folksong Collection,SEID MUNTER UND FROEHLICH,3/8,3/8,composto,2,8,8,29,7,maior,0
5131,Essen Folksong Collection,SIEHST DU AM ABEND DIE WOLKEN ZIEHN,3/8,3/8,composto,0,24,24,62,8,maior,1
5133,Essen Folksong Collection,SITZT A SCHENS VEGERL,3/8,3/8,composto,0,12,12,34,5,maior,3
5134,Essen Folksong Collection,SO WILL ICH FRISCH UND FROEHLICH SEYN,3/8,3/8,composto,2,37,37,82,7,maior,4
5135,Essen Folksong Collection,SPINN SPINN MEINE LIEBE TOCHTER,3/8,3/8,composto,2,24,24,68,2,maior,0
5136,Essen Folksong Collection,STIEGLITZ STIEGLITZ ZEISERL IS KRANK,3/8,3/8,composto,0,12,12,29,7,maior,1
5138,Essen Folksong Collection,Schoen Adelheid,3/8,3/8,composto,2,15,15,44,9,menor,3
5139,Essen Folksong Collection,"Sebastopollied (3-32), S. 104",3/8,3/8,composto,2,16,16,43,7,menor,4
5140,Essen Folksong Collection,Shehui zhuyi haoshiguang,3/8,3/8,composto,0,11,11,36,5,maior,0
5141,Essen Folksong Collection,"Soldatenabschied (152), S. 333",3/8,3/8,composto,2,15,15,41,7,maior,1
5142,Essen Folksong Collection,St. Odilien,3/8,3/8,composto,2,15,15,30,7,menor,2
5143,Essen Folksong Collection,TRAURIGES MAEDCHEN VERZAGE NUR NICHT,3/8,3/8,composto,2,12,12,33,9,maior,3
5144,Essen Folksong Collection,UND E BISSERLE LIEB UND E BISSERLE TREU,3/8,3/8,composto,2,8,8,24,5,maior,4
5145,Essen Folksong Collection,"UNSER BRUDER MALCHER, DER WULLT A REITER WAEREN",3/8,3/8,composto,0,15.67,15,54,0,maior,0
5146,Essen Folksong Collection,UNSER LEBEN SAGEN WEISE,3/8,3/8,composto,0,15.67,15,35,2,maior,1
5147,Essen Folksong Collection,UNSRE MUTTER HAT DIE GAENSE,3/8,3/8,composto,0,18,18,69,5,maior,2
5148,Essen Folksong Collection,UNTER DEN ROTEN BLUMEN,3/8,3/8,composto,0,15.67,15,27,9,menor,3
5149,Essen Folksong Collection,VERDENK MIRS NICHT DASS ICH DICH MEIDE,3/8,3/8,composto,0,31.67,31,76,10,maior,4
5150,Essen Folksong Collection,VIER ELEMENTE INNIG GESELLT,3/8,3/8,composto,0,11.67,11,37,5,maior,0
5151,Essen Folksong Collection,VOEGELE IM TANNENWALD,3/8,3/8,composto,0,16,16,50,5,maior,1
5152,Essen Folksong Collection,VOEGLEIN IM HAIN,3/8,3/8,composto,0,25,25,66,7,maior,2
5153,Essen Folksong Collection,Verschlafener Jaeger,3/8,3/8,composto,2,15,15,49,7,maior,3
5154,Essen Folksong Collection,Verschlafener Jaeger,3/8,3/8,composto,2,12,12,35,7,maior,4
5155,Essen Folksong Collection,WAER ICH EIN VOEGELEIN,3/8,3/8,composto,0,13.67,13,44,7,maior,0
5156,Essen Folksong Collection,WANN ZU MEIM SCHAETZEL KOMMST,3/8,3/8,composto,0,15.67,15,52,2,maior,1
5157,Essen Folksong Collection,WAT SCHWEMMT OP USEN DUIKE,3/8,3/8,composto,2,15,15,40,10,maior,2
5159,Essen Folksong Collection,WEINE NUR NICHT,3/8,3/8,composto,0,23.67,23,74,0,maior,4
5160,Essen Folksong Collection,WEINE NUR NICHT,3/8,3/8,composto,0,19.33,19,56,2,maior,0
5161,Essen Folksong Collection,WENN ICH AUF WAPPUSHOF GEH,3/8,3/8,composto,0,16,16,51,5,maior,1
5162,Essen Folksong Collection,WENN ICH EIN KLEINS WALDVOEGLEIN WAER,3/8,3/8,composto,0,11.67,11,44,7,maior,2
5163,Essen Folksong Collection,WENN ICH NACH WAPPUSHOF GEH,3/8,3/8,composto,0,15.67,15,51,2,maior,3
5164,Essen Folksong Collection,WENN ICH ZUM THUEREL NAUS GEH,3/8,3/8,composto,0,15.67,15,42,2,maior,4
5165,Essen Folksong Collection,WENN ZU MEIM SCHAETZEL KOMMST,3/8,3/8,composto,0,29.67,29,83,7,maior,0
5166,Essen Folksong Collection,WENN ZU MEIM SCHAETZERL KOMMST,3/8,3/8,composto,0,15.67,15,42,4,maior,1
5167,Essen Folksong Collection,WENNS KUMMT UM WEIHNACHTE,3/8,3/8,composto,2,14,14,49,10,maior,2
5168,Essen Folksong Collection,WER GLEICHET UNS TURNERN,3/8,3/8,composto,2,32,32,90,5,maior,3
5169,Essen Folksong Collection,WER REITET SO SPAET DURCH NACHT UND WIND,3/8,3/8,composto,2,16,16,36,7,menor,4
5170,Essen Folksong Collection,WER STEHT DRAUSSEN VOR MEINEM FENSTER,3/8,3/8,composto,0,24,24,66,0,maior,0
5171,Essen Folksong Collection,WER WOLLTE SICH MIT GRILLEN PLAGEN,3/8,3/8,composto,2,32,32,92,2,maior,1
5172,Essen Folksong Collection,WIDE WIDE WENNE HEISST MEINE PUTHENNE,3/8,3/8,composto,0,11.67,11,36,2,maior,2
5173,Essen Folksong Collection,WIE FAELSCHLICH DIE JUDEN,3/8,3/8,composto,2,12,12,43,7,maior,3
5174,Essen Folksong Collection,WIE KOMMTS DASS DU SO TRAURIG BIST,3/8,3/8,composto,1,9.83,10,34,5,maior,4
5175,Essen Folksong Collection,WIE SCHOEN ISTS IM FREIEN,3/8,3/8,composto,2,14,14,38,9,maior,0
5176,Essen Folksong Collection,WILL RUHEN UNTER DEN BAEUMEN HIER,3/8,3/8,composto,2,19.67,20,49,5,maior,1
5177,Essen Folksong Collection,WINTER ADE,3/8,3/8,composto,0,12,12,30,7,maior,2
5178,Essen Folksong Collection,WIR KINDER WIR SCHMECKEN DER FREUDEN RECHT VIEL,3/8,3/8,composto,1,15.5,16,65,9,maior,3
5179,Essen Folksong Collection,WIR KOMMEN DAHER,3/8,3/8,composto,2,12,12,32,9,menor,4
5180,Essen Folksong Collection,WIR KOMMEN DAHER IN DER HEILIGSTEN ZEIT,3/8,3/8,composto,2,8,8,22,7,maior,0
5181,Essen Folksong Collection,WIR WOLLEN EINS SINGEN,3/8,3/8,composto,2,16,16,43,9,maior,1
5182,Essen Folksong Collection,WIR WOLLEN VERGNUEGT UND EINSAM LEBEN,3/8,3/8,composto,2,12,12,37,7,maior,2
5183,Essen Folksong Collection,WO BIST DU DENN GEWESEN,3/8,3/8,composto,2,7.67,8,26,7,maior,3
5184,Essen Folksong Collection,WO E KLEINS HUETTLE STEHT,3/8,3/8,composto,0,15.67,15,45,2,maior,4
5185,Essen Folksong Collection,WO IST DENN DAS MAEDCHEN,3/8,3/8,composto,2,12,12,37,9,maior,0
5186,Essen Folksong Collection,WOHL KOMMT DER MAI MIT MANCHERLEI,3/8,3/8,composto,2,19,19,49,0,maior,1
5187,Essen Folksong Collection,Weinfuhrmann (2-40) S. 129,3/8,3/8,composto,2,17,17,42,7,maior,2
5188,Essen Folksong Collection,"Wo e kleins Huettle steht, ist e kleins Guetle",3/8,3/8,composto,0,19.67,19,53,5,maior,3
5189,Essen Folksong Collection,Women you gongchandang geilinglu,3/8,3/8,composto,0,30,30,66,5,menor,4
5190,Essen Folksong Collection,Wuge fangyang,3/8,3/8,composto,0,19,19,37,2,menor,0
5191,Essen Folksong Collection,Yuankan huanghe shi yitiao xian,3/8,3/8,composto,0,18,18,41,0,menor,1
5192,Essen Folksong Collection,"ZU KINDELSBERG, AUF DEM HOHEN SCHLOSS",3/8,3/8,composto,2,28,28,66,0,maior,2
5193,Essen Folksong Collection,ZU MAIEN DIE VOEGELCHEN SINGEN,3/8,3/8,composto,2,16,16,46,9,menor,3
5194,Essen Folksong Collection,ZWEI HERZEN IM LEBEN,3/8,3/8,composto,2,16,16,64,7,maior,4
5195,Essen Folksong Collection,ZWEI HERZEN IM LEBEN GAR SCHOEN SICH ERGEBEN,3/8,3/8,composto,2,12,12,49,7,maior,0
5196,Essen Folksong Collection,Zhe shan meiyou na shan gao,3/8,3/8,composto,0,20,20,57,0,maior,1
5197,Essen Folksong Collection,Zhengtu gaochang gemingge,3/8,3/8,composto,0,22,22,68,11,menor,2
5198,Essen Folksong Collection,"Zwanzig Mrder (3-28), S. 93",3/8,3/8,composto,2,16,16,36,3,maior,3
5199,Essen Folksong Collection,"""Bauern - Elend""",4/4,4/4,simples,0,13.75,55,65,7,maior,4
5200,Essen Folksong Collection,"""Das Ewige""",4/4,4/4,simples,0,16,64,56,9,menor,0
5201,Essen Folksong Collection,"""Das Lehen""",4/4,4/4,simples,8,14.25,57,45,2,maior,1
5202,Essen Folksong Collection,"""Das Prager Wunderkind""",4/4,4/4,simples,4,15.75,63,65,10,maior,2
5203,Essen Folksong Collection,"""Das Schlaraffenland""",4/4,4/4,simples,8,12,48,42,10,maior,3
5204,Essen Folksong Collection,"""Das guelden ABC""",4/4,4/4,simples,0,13.75,55,38,2,maior,4
5205,Essen Folksong Collection,"""Das treue Maedchen""",4/4,4/4,simples,4,11.75,47,55,9,menor,0
5206,Essen Folksong Collection,"""Der Baum im Odenwald""",4/4,4/4,simples,4,7.75,31,34,3,maior,1
5207,Essen Folksong Collection,"""Der Bettelmoench""",4/4,4/4,simples,4,10,40,46,7,menor,2
5208,Essen Folksong Collection,"""Der Bettelvogt""",4/4,4/4,simples,4,8,32,50,9,maior,3
5209,Essen Folksong Collection,"""Der Dollinger""",4/4,4/4,simples,4,11.75,47,60,7,menor,4
5210,Essen Folksong Collection,"""Der Donaustrudel""",4/4,4/4,simples,0,15.75,63,77,2,maior,0
5211,Essen Folksong Collection,"""Der Freier""",4/4,4/4,simples,4,15.75,63,62,7,maior,1
5212,Essen Folksong Collection,"""Der Gaertner""",4/4,4/4,simples,4,11.75,47,57,5,maior,2
5213,Essen Folksong Collection,"""Der Herr von Falkenstein""",4/4,4/4,simples,4,8,32,32,7,menor,3
5214,Essen Folksong Collection,"""Der Himmel""",4/4,4/4,simples,2,11.63,47,70,7,maior,4
5215,Essen Folksong Collection,"""Der Kuechenjunge und die Koenigstochter""",4/4,4/4,simples,2,11.88,48,53,8,maior,0
5216,Essen Folksong Collection,"""Der Reiter""",4/4,4/4,simples,4,9.75,39,43,9,menor,1
5217,Essen Folksong Collection,"""Der Ritter und die Feine """,4/4,4/4,simples,4,7.75,31,34,5,maior,2
5218,Essen Folksong Collection,"""Der Rosskauf""",4/4,4/4,simples,0,9.75,39,59,5,maior,3
5219,Essen Folksong Collection,"""Der Schlemmer""",4/4,4/4,simples,4,15.75,63,58,7,maior,4
5220,Essen Folksong Collection,"""Der Schlemmer""",4/4,4/4,simples,4,11.75,47,44,7,maior,0
5221,Essen Folksong Collection,"""Der Strassburger Sohn""",4/4,4/4,simples,4,8,32,43,7,maior,1
5222,Essen Folksong Collection,"""Der Traum""",4/4,4/4,simples,4,7.75,31,36,8,maior,2
5223,Essen Folksong Collection,"""Der bucklichte Fiedler""",4/4,4/4,simples,4,9,36,53,9,menor,3
5224,Essen Folksong Collection,"""Der reiche Schlemmer""",4/4,4/4,simples,4,9,36,44,9,menor,4
5225,Essen Folksong Collection,"""Der todte Gast""",4/4,4/4,simples,4,7.75,31,36,7,menor,0
5226,Essen Folksong Collection,"""Der verstellte Raeuber""",4/4,4/4,simples,6,7,28,39,4,menor,1
5227,Essen Folksong Collection,"""Der wilde Ritter""",4/4,4/4,simples,4,10,40,49,2,maior,2
5228,Essen Folksong Collection,"""Des alten Dessauer Lied""",4/4,4/4,simples,4,12,48,73,10,maior,3
5229,Essen Folksong Collection,"""Die Belagerung von Koeln""",4/4,4/4,simples,4,8.75,35,49,9,maior,4
5230,Essen Folksong Collection,"""Die Brombeeren""",4/4,4/4,simples,4,9.75,39,41,2,maior,0
5231,Essen Folksong Collection,"""Die Elftausend""",4/4,4/4,simples,4,9.75,39,42,7,menor,1
5232,Essen Folksong Collection,"""Die Nonne""",4/4,4/4,simples,4,9,36,48,5,maior,2
5233,Essen Folksong Collection,"""Die Wecktrommel""",4/4,4/4,simples,4,11.5,46,67,5,maior,3
5234,Essen Folksong Collection,"""Die feste Burg""",4/4,4/4,simples,8,32,128,73,7,maior,4
5235,Essen Folksong Collection,"""Die harrende Braut""",4/4,4/4,simples,4,18.75,75,90,5,maior,0
5236,Essen Folksong Collection,"""Erhebung""",4/4,4/4,simples,0,8,32,31,9,menor,1
5237,Essen Folksong Collection,"""Erkundigung""",4/4,4/4,simples,4,15.75,63,55,7,menor,2
5238,Essen Folksong Collection,"""Gedenke mein""",4/4,4/4,simples,4,9.75,39,46,5,maior,3
5239,Essen Folksong Collection,"""Glaubens - Einheit""",4/4,4/4,simples,4,24,96,86,2,menor,4
5240,Essen Folksong Collection,"""Goliath und David""",4/4,4/4,simples,4,12,48,52,7,maior,0
5241,Essen Folksong Collection,"""Hasenleid""",4/4,4/4,simples,4,10,40,56,7,maior,1
5242,Essen Folksong Collection,"""Jagdgebrauch""",4/4,4/4,simples,0,12,48,51,7,maior,2
5243,Essen Folksong Collection,"""Keine Antwort und doch eine""",4/4,4/4,simples,6,9.88,40,48,7,maior,3
5244,Essen Folksong Collection,"""Klage""",4/4,4/4,simples,4,8,32,40,4,maior,4
5245,Essen Folksong Collection,"""Kuhreigen""",4/4,4/4,simples,4,7.5,30,40,9,menor,0
5246,Essen Folksong Collection,"""Liebesentzuecken""",4/4,4/4,simples,4,11.5,46,56,10,maior,1
5247,Essen Folksong Collection,"""Liebeskummer""",4/4,4/4,simples,4,8,32,49,7,maior,2
5248,Essen Folksong Collection,"""Liebeslied der Wandernden""",4/4,4/4,simples,4,11.75,47,43,7,maior,3
5249,Essen Folksong Collection,"""Mariens Lob""",4/4,4/4,simples,4,15.25,61,63,7,menor,4
5250,Essen Folksong Collection,"""Mit einem Marienkaeferlein""",4/4,4/4,simples,6,12.88,52,54,5,maior,0
5251,Essen Folksong Collection,"""Neckerei""",4/4,4/4,simples,4,16,64,87,2,maior,1
5252,Essen Folksong Collection,"""Nonnenlied""",4/4,4/4,simples,4,10.75,43,39,7,maior,2
5253,Essen Folksong Collection,"""Nonnenlied""",4/4,4/4,simples,4,10,40,56,10,maior,3
5254,Essen Folksong Collection,"""Ottilie""",4/4,4/4,simples,4,7.5,30,34,7,maior,4
5255,Essen Folksong Collection,"""Prinz Eugen vor Ryssel""",4/4,4/4,simples,0,12.75,51,52,7,maior,0
5256,Essen Folksong Collection,"""Reiterlied""",4/4,4/4,simples,4,11.75,47,54,10,maior,1
5257,Essen Folksong Collection,"""Rheinschifferlied""",4/4,4/4,simples,4,16,64,97,9,maior,2
5258,Essen Folksong Collection,"""Sandmaennchen""",4/4,4/4,simples,4,23.75,95,92,7,maior,3
5259,Essen Folksong Collection,"""Schlechte Wirthschaft""",4/4,4/4,simples,4,8,32,34,7,menor,4
5260,Essen Folksong Collection,"""Sehnsucht""",4/4,4/4,simples,4,12,48,44,7,menor,0
5261,Essen Folksong Collection,"""Sehnsucht""",4/4,4/4,simples,4,8,32,66,9,menor,1
5262,Essen Folksong Collection,"""Spaete Reue""",4/4,4/4,simples,0,11.5,46,57,5,maior,2
5263,Essen Folksong Collection,"""Staendchen""",4/4,4/4,simples,0,9.25,37,39,9,maior,3
5264,Essen Folksong Collection,"""Staendchen""",4/4,4/4,simples,4,15.75,63,77,7,maior,4
5265,Essen Folksong Collection,"""Taendelei""",4/4,4/4,simples,0,7.5,30,33,7,menor,0
5266,Essen Folksong Collection,"""Trennung""",4/4,4/4,simples,4,7.75,31,43,2,maior,1
5267,Essen Folksong Collection,"""Trinklied""",4/4,4/4,simples,4,11.75,47,54,3,maior,2
5268,Essen Folksong Collection,"""Trotz Napoleon""",4/4,4/4,simples,4,19,76,110,7,maior,3
5269,Essen Folksong Collection,"""Tuerkengefahr""",4/4,4/4,simples,4,17.75,71,60,7,menor,4
5270,Essen Folksong Collection,"""Unserm Koenige""",4/4,4/4,simples,8,16,64,69,5,maior,0
5271,Essen Folksong Collection,"""Vaterlands - Lied""",4/4,4/4,simples,8,16,64,79,4,maior,1
5272,Essen Folksong Collection,"""Vergaenglichkeit der Liebe""",4/4,4/4,simples,8,16,64,66,0,maior,2
5273,Essen Folksong Collection,"""Vorwurf""",4/4,4/4,simples,4,7,28,45,7,maior,3
5274,Essen Folksong Collection,"""Zum Abschied""",4/4,4/4,simples,8,7.75,31,33,10,maior,4
5275,Essen Folksong Collection,"""Zum letztenmal""",4/4,4/4,simples,0,11,44,57,7,maior,0
5276,Essen Folksong Collection,'S HAT EIN BAUR EIN SCHOENES WEIB,4/4,4/4,simples,0,5,20,32,6,maior,1
5277,Essen Folksong Collection,"'S KAM EIN JUNGER SCHLEIFER HER, SCHLIFF DIE MESSER UND DIE SCHEER",4/4,4/4,simples,0,9,36,82,5,maior,2
5278,Essen Folksong Collection,"'T Hmelmaous (1-19), S. 51f",4/4,4/4,simples,4,15.75,63,81,10,maior,3
5279,Essen Folksong Collection,"'T Zigareweckler (1-46), S. 116f",4/4,4/4,simples,4,19.75,79,116,0,maior,4
5280,Essen Folksong Collection,ABSCHIED MUSS ICH NEHMEN HIER,4/4,4/4,simples,0,11.75,47,49,3,maior,0
5281,Essen Folksong Collection,ACH ACH ICH ARMES KLOSTERFRAEULEIN,4/4,4/4,simples,4,11.75,47,54,7,maior,1
5282,Essen Folksong Collection,ACH AUS DIESES THALES GRUENDEN,4/4,4/4,simples,4,15.75,63,69,5,maior,2
5283,Essen Folksong Collection,ACH BRUDER ICH BIN JETZT GESCHOSSEN,4/4,4/4,simples,4,10.5,42,56,3,maior,3
5284,Essen Folksong Collection,ACH GOTT WIE TRAURIG,4/4,4/4,simples,6,11.88,48,65,3,maior,4
5285,Essen Folksong Collection,ACH GOTT WIE WEH THUT SCHEIDEN,4/4,4/4,simples,0,22,88,62,0,maior,0
5286,Essen Folksong Collection,ACH ICH FUEHLS ES IST VERSCHWUNDEN,4/4,4/4,simples,4,19.75,79,112,7,menor,1
5287,Essen Folksong Collection,ACH LIEB ICH MUSS DICH LASSEN,4/4,4/4,simples,12,17.75,71,47,5,maior,2
5288,Essen Folksong Collection,ACH LIEBER HERRE JESU CHRIST,4/4,4/4,simples,4,12,48,48,2,maior,3
5289,Essen Folksong Collection,ACH LIEBER IGEL LASS MICH LEBEN,4/4,4/4,simples,4,6,24,24,7,maior,4
5290,Essen Folksong Collection,ACH MUTTER ES HUNGERT MICH,4/4,4/4,simples,4,7.75,31,32,5,maior,0
5291,Essen Folksong Collection,ACH MUTTER GIEB MIR KEINEN MANN,4/4,4/4,simples,4,12.75,51,40,3,maior,1
5292,Essen Folksong Collection,ACH SCHAEFER WILT DU BEUTEN,4/4,4/4,simples,4,10,40,32,5,maior,2
5293,Essen Folksong Collection,ACH SCHAETZCHEN WAS HAB ICH DIR ZU LEIDE GETHAN,4/4,4/4,simples,4,9.75,39,52,5,maior,3
5294,Essen Folksong Collection,ACH TREUER VATER,4/4,4/4,simples,4,4,16,15,7,menor,4
5295,Essen Folksong Collection,ACH UMSONST AUF ALLER LAENDER KARTEN,4/4,4/4,simples,4,9.75,39,50,9,maior,0
5296,Essen Folksong Collection,ACH WAS THUT MIR MEIN HERZCHE SO WEH,4/4,4/4,simples,0,8,32,46,5,maior,1
5297,Essen Folksong Collection,ACH WAS WIRD MEIN SCHAETZCHEN DENKEN,4/4,4/4,simples,0,8,32,34,7,maior,2
5298,Essen Folksong Collection,ACH WENN DU WAERST MEIN EIGEN,4/4,4/4,simples,4,15.75,63,61,4,menor,3
5299,Essen Folksong Collection,"ACH, ACH, ICH ARMES KLOSTERFRAEULEIN!",4/4,4/4,simples,4,11.75,47,53,7,maior,4
5300,Essen Folksong Collection,ADE DU LIEBES STAEDTCHEN,4/4,4/4,simples,4,13.75,55,60,7,maior,0
5301,Essen Folksong Collection,ADE DU LIEBES STAEDTCHEN,4/4,4/4,simples,4,13.75,55,61,7,maior,1
5302,Essen Folksong Collection,ADE DU LIEBES WALDESGRUEN,4/4,4/4,simples,4,15.75,63,60,7,maior,2
5303,Essen Folksong Collection,ADE ES MUSS GESCHIEDEN SEYN,4/4,4/4,simples,4,15.75,63,61,7,maior,3
5304,Essen Folksong Collection,ADE JETZT MUSS ICH SCHEIDEN,4/4,4/4,simples,4,15.75,63,56,5,maior,4
5305,Essen Folksong Collection,ADJE MEIN LIEBCHEN,4/4,4/4,simples,4,15.75,63,56,5,maior,0
5306,Essen Folksong Collection,ALL MEIN GEDANKEN,4/4,4/4,simples,4,15.75,63,48,5,maior,1
5307,Essen Folksong Collection,ALLAH GIBT LICHT IN NAECHTEN,4/4,4/4,simples,0,7.25,29,33,5,maior,2
5308,Essen Folksong Collection,ALLE LEUTE SOLLENS WISSEN,4/4,4/4,simples,0,8,32,43,7,maior,3
5309,Essen Folksong Collection,ALLEIN GOTT IN DER HOEH SEI EHR,4/4,4/4,simples,4,14,56,59,7,maior,4
5310,Essen Folksong Collection,ALLES IST VERGAENGLICH,4/4,4/4,simples,0,9.75,39,33,2,menor,0
5311,Essen Folksong Collection,ALLES IST VERGAENGLICH,4/4,4/4,simples,0,9.5,38,36,5,maior,1
5312,Essen Folksong Collection,ALLES KOMMT ZU SEINEM ENDE,4/4,4/4,simples,4,15.75,63,78,2,maior,2
5313,Essen Folksong Collection,ALLES LIEBT UND PAART SICH WIEDER,4/4,4/4,simples,4,13.75,55,75,7,maior,3
5314,Essen Folksong Collection,ALLGUETIGER VERNIMM DER UNSCHULD FLEHEN,4/4,4/4,simples,6,7.88,32,39,8,maior,4
5315,Essen Folksong Collection,ALLONS ENFANTS DE LA PATRIE,4/4,4/4,simples,6,33.88,136,123,0,maior,0
5316,Essen Folksong Collection,ALS DER SANDWIRTH VON PASSEIER,4/4,4/4,simples,4,16.75,67,72,7,maior,1
5317,Essen Folksong Collection,ALS DIE PREUSSEN MARSCHIERTEN,4/4,4/4,simples,4,15.75,63,75,5,maior,2
5318,Essen Folksong Collection,ALS DIE PREUSSEN MARSCHIERTEN VOR PRAG,4/4,4/4,simples,4,11.75,47,58,7,maior,3
5319,Essen Folksong Collection,ALS DIE PREUSSEN MARSCHIRTEN,4/4,4/4,simples,4,11.75,47,68,10,maior,4
5320,Essen Folksong Collection,ALS DIE PREUSSEN MARSCHIRTEN,4/4,4/4,simples,4,12,48,65,7,maior,0
5321,Essen Folksong Collection,ALS DIE PREUSSEN MARSCHIRTEN,4/4,4/4,simples,4,11.75,47,57,0,maior,1
5322,Essen Folksong Collection,ALS EINST DER MENSCH IM PARADIES,4/4,4/4,simples,2,7.13,29,34,7,maior,2
5323,Essen Folksong Collection,ALS ICH AN EINEM SOMMERTAG,4/4,4/4,simples,4,17.75,71,100,0,maior,3
5324,Essen Folksong Collection,ALS ICH AUF MEINER BLEICHE,4/4,4/4,simples,4,15.5,62,65,9,maior,4
5325,Essen Folksong Collection,ALS ICH AUF MEINER BLEICHE,4/4,4/4,simples,4,15.5,62,64,9,maior,0
5326,Essen Folksong Collection,ALS ICH BEI MEINEN SCHAFEN WACHT,4/4,4/4,simples,0,17,68,61,7,menor,1
5327,Essen Folksong Collection,ALS ICH DICH ZUM ERSTENMAL ERBLICKTE,4/4,4/4,simples,4,11.75,47,62,0,maior,2
5328,Essen Folksong Collection,ALS ICH DICH ZUM ERSTENMAL ERBLICKTE,4/4,4/4,simples,4,11.75,47,57,3,maior,3
5329,Essen Folksong Collection,ALS JUENGSTENS HERR MERKURIUS,4/4,4/4,simples,4,19.88,79,78,7,maior,4
5330,Essen Folksong Collection,ALS JUNGFRAU LINNICH NOCH EIN KLEIN MAEDCHEN WAR,4/4,4/4,simples,6,7.88,32,50,5,maior,0
5331,Essen Folksong Collection,ALS KAISER KARL IM WEITEN ZUGE,4/4,4/4,simples,6,7.63,31,37,3,maior,1
5332,Essen Folksong Collection,ALS SANCT KATHARINA EINE HELDIN WAR,4/4,4/4,simples,4,8,32,41,7,maior,2
5333,Essen Folksong Collection,AM MONTAG DA FAENGT DIE WOCHEN AN,4/4,4/4,simples,4,8,32,36,3,maior,3
5334,Essen Folksong Collection,AM ROSENHUEGEL HON ICH MICH EMPOR,4/4,4/4,simples,6,7.88,32,40,2,maior,4
5335,Essen Folksong Collection,AM ROSENHUEGEL WAND ICH MICH EMPOR,4/4,4/4,simples,6,7.88,32,38,7,maior,0
5336,Essen Folksong Collection,AN DEM SCHOENSTEN FRUEHLINGSMORGEN,4/4,4/4,simples,4,11.75,47,55,7,menor,1
5337,Essen Folksong Collection,AN DER QUELLE SASS DER KNABE,4/4,4/4,simples,4,15.75,63,67,0,maior,2
5338,Essen Folksong Collection,AN DER QUELLE SASS DER KNABE,4/4,4/4,simples,4,15.75,63,67,7,maior,3
5339,Essen Folksong Collection,AN EINEM FLUSS DER RAUSCHEND SCHOSS,4/4,4/4,simples,4,7.75,31,30,7,maior,4
5340,Essen Folksong Collection,ARM UND KLEIN IST MEINE HUETTE,4/4,4/4,simples,4,15.75,63,90,5,maior,0
5341,Essen Folksong Collection,AUF AUF IHR BRUEDER,4/4,4/4,simples,4,12,48,67,10,maior,1
5342,Essen Folksong Collection,AUF AUF IHR BRUEDER UND SEID STARK,4/4,4/4,simples,4,11.75,47,58,2,maior,2
5343,Essen Folksong Collection,AUF AUF IHR KRIEGER,4/4,4/4,simples,4,11.75,47,56,3,maior,3
5344,Essen Folksong Collection,AUF AUF WER DEUTSCHE FREIHEIT LIEBET,4/4,4/4,simples,2,17.63,71,79,3,maior,4
5345,Essen Folksong Collection,AUF AUF WER DEUTSCHE FREIHEIT LIEBET,4/4,4/4,simples,2,17.38,70,79,2,maior,0
5346,Essen Folksong Collection,AUF BRUEDER AUF ZUM STREIT,4/4,4/4,simples,4,15.75,63,66,10,maior,1
5347,Essen Folksong Collection,AUF DEINEN HOEHN DU MEIN LIEB VATERLAND,4/4,4/4,simples,2,11.88,48,82,3,maior,2
5348,Essen Folksong Collection,AUF DEN SCHNEE,4/4,4/4,simples,0,14,56,61,5,maior,3
5349,Essen Folksong Collection,AUF DENN ZUM HEILGEN KRIEG,4/4,4/4,simples,0,19.5,78,55,7,maior,4
5350,Essen Folksong Collection,AUF DER BERGE FREIEN HOEHEN,4/4,4/4,simples,0,16.5,66,67,3,maior,0
5351,Essen Folksong Collection,AUF ERDEN ALLEZEIT,4/4,4/4,simples,4,11.75,47,44,7,maior,1
5352,Essen Folksong Collection,AUF ERDEN ZU ALLER STUND,4/4,4/4,simples,4,11.75,47,44,7,maior,2
5353,Essen Folksong Collection,AUF GLUECK AUF MEIN DEUTSCHLAND,4/4,4/4,simples,0,11.5,46,45,0,maior,3
5354,Essen Folksong Collection,AUF GRUENEN BERGEN WARD GEBOREN,4/4,4/4,simples,6,9.88,40,47,7,maior,4
5355,Essen Folksong Collection,AUF IHR BRUEDER DEUTSCHLANDS SOEHNE,4/4,4/4,simples,4,15.75,63,61,0,maior,0
5356,Essen Folksong Collection,AUF IHR BRUEDER FRISCH UND FROH,4/4,4/4,simples,0,15.75,63,52,2,maior,1
5357,Essen Folksong Collection,AUF IHR BRUEDER LASST UNS WALLEN,4/4,4/4,simples,4,24.75,99,101,0,maior,2
5358,Essen Folksong Collection,AUF IHR BRUEDER LASST UNS WALLEN,4/4,4/4,simples,0,11.5,46,50,0,maior,3
5359,Essen Folksong Collection,AUF IHR BRUEDER SINGET LIEDER,4/4,4/4,simples,0,15.75,63,82,0,menor,4
5360,Essen Folksong Collection,AUF IHR MEINE DEUTSCHEN BRUEDER,4/4,4/4,simples,0,15.75,63,78,10,maior,0
5361,Essen Folksong Collection,AUF MATROSEN DEN ANKER GELICHTET,4/4,4/4,simples,4,11.75,47,52,9,menor,1
5362,Essen Folksong Collection,AUF MATROSEN DIE ANKER GELICHTET,4/4,4/4,simples,4,11.75,47,52,0,maior,2
5363,Essen Folksong Collection,AUF MATROSEN DIE ANKER GELICHTET,4/4,4/4,simples,8,12,48,50,9,menor,3
5364,Essen Folksong Collection,AUF SCHWAERMT UND TRINKT,4/4,4/4,simples,6,15.88,64,76,2,maior,4
5365,Essen Folksong Collection,AUF TAPFERE BRUEDER,4/4,4/4,simples,4,11.75,47,49,3,maior,0
5366,Essen Folksong Collection,AUF TRAUERN FOLGT GROSS FREUD,4/4,4/4,simples,4,11.75,47,47,7,maior,1
5367,Essen Folksong Collection,AUS DEINEN BLAUEN AUGEN STRAHLET LIEBE,4/4,4/4,simples,6,11.63,47,69,10,maior,2
5368,Essen Folksong Collection,AUS DEINEN BLAUEN AUGEN STRAHLET LIEBE,4/4,4/4,simples,6,11.88,48,72,10,maior,3
5369,Essen Folksong Collection,AUS DEM HIMMEL FERNE,4/4,4/4,simples,0,7.75,31,22,0,maior,4
5370,Essen Folksong Collection,AUS ENGLAND KAM EIN BETTLER HERAUS,4/4,4/4,simples,4,10,40,69,5,maior,0
5371,Essen Folksong Collection,AUS FEUER IST DER GEIST GESCHAFFEN,4/4,4/4,simples,6,11.88,48,54,5,maior,1
5372,Essen Folksong Collection,AUS MEINES HERZENS GRUNDE,4/4,4/4,simples,4,15.75,63,58,7,maior,2
5373,Essen Folksong Collection,"Absage (107a), S.259",4/4,4/4,simples,4,11.75,47,45,0,maior,3
5374,Essen Folksong Collection,"Absage (107b), S. 260",4/4,4/4,simples,4,7.75,31,32,7,maior,4
5375,Essen Folksong Collection,"Absage (3-68), S. 194",4/4,4/4,simples,4,7.75,31,32,7,maior,0
5376,Essen Folksong Collection,"Abschied von der Heimat (145), S. 324",4/4,4/4,simples,0,11.75,47,66,2,maior,1
5377,Essen Folksong Collection,"Ach Mller/Mller als Mrder (5-56), S. 94",4/4,4/4,simples,4,6.75,27,25,5,maior,2
5378,Essen Folksong Collection,"Ach, Schatz, jetzt muá ich wandern (3-59), S. 170",4/4,4/4,simples,4,9.75,39,46,2,maior,3
5379,Essen Folksong Collection,"Adam und Eva (2-44), S. 119",4/4,4/4,simples,4,23.75,95,118,5,maior,4
5380,Essen Folksong Collection,"Adelgunde (119), S. 278",4/4,4/4,simples,2,7.63,31,42,7,maior,0
5381,Essen Folksong Collection,"Adieu du Gnral Bertrand (3-36), S. 92ff",4/4,4/4,simples,6,23.88,96,126,0,maior,1
5382,Essen Folksong Collection,"Allerlei Wnsche (68), S. 201",4/4,4/4,simples,4,5,20,29,7,maior,2
5383,Essen Folksong Collection,"Als Gott hat Adam erschaffen, S. 41",4/4,4/4,simples,4,21.5,86,79,10,maior,3
5384,Essen Folksong Collection,"Als ich bei meinen Schafen wacht (5-28), S. 48",4/4,4/4,simples,4,14,56,44,11,menor,4
5385,Essen Folksong Collection,"Als ich dich zum ersten Mal erblickte (2-13), S. 28",4/4,4/4,simples,4,11.75,47,64,11,menor,0
5386,Essen Folksong Collection,"Am Samstag wird der Schluá gemacht (4-55), S. 73",4/4,4/4,simples,4,13,52,61,3,maior,1
5387,Essen Folksong Collection,"Am Ziel (306), S. 632f",4/4,4/4,simples,4,11.5,46,55,7,maior,2
5388,Essen Folksong Collection,"Amerikanisches Lied (2-25), S. 63",4/4,4/4,simples,6,7.88,32,37,7,maior,3
5389,Essen Folksong Collection,"An Spealadóir, S. 134",4/4,4/4,simples,4,14.38,57,112,0,maior,4
5390,Essen Folksong Collection,"An bunnán buí, S. 124",4/4,4/4,simples,4,16,64,83,0,maior,0
5391,Essen Folksong Collection,"An der Quelle saá der Knabe (3-16), S. 42f",4/4,4/4,simples,4,23.75,95,100,7,menor,1
5392,Essen Folksong Collection,"An t-oileán úr, S. 78",4/4,4/4,simples,0,15.75,63,60,2,maior,2
5393,Essen Folksong Collection,"Anna im Grabe (54a), S. 172",4/4,4/4,simples,4,7.5,30,34,9,maior,3
5394,Essen Folksong Collection,"Anna im Grabe (54b), S. 173",4/4,4/4,simples,4,7.75,31,34,7,maior,4
5395,Essen Folksong Collection,"Anna im Grabe (54c), S. 174f",4/4,4/4,simples,4,7.5,30,35,7,maior,0
5396,Essen Folksong Collection,Auf der letzten Reise litt ich etwas Not,4/4,4/4,simples,0,10,40,63,9,maior,1
5397,Essen Folksong Collection,"Auf ewig getreu (123), S. 282",4/4,4/4,simples,4,11.5,46,53,7,maior,2
5398,Essen Folksong Collection,"Auf, auf ihr Jaeger all",4/4,4/4,simples,4,23.75,95,78,0,maior,3
5399,Essen Folksong Collection,"Auf, auf, ihr Hirten, laát das Feld (5-31), S. 53f",4/4,4/4,simples,0,14.5,58,50,11,menor,4
5400,Essen Folksong Collection,"Aus deinen blauen Augen (3-25), S. 64f",4/4,4/4,simples,6,12.88,52,72,0,maior,0
5401,Essen Folksong Collection,"Aus der Tiefe schreien wir empor (5-32), S. 54",4/4,4/4,simples,0,15,60,75,2,menor,1
5402,Essen Folksong Collection,"Auswandererlied (170a), S. 368",4/4,4/4,simples,4,7.75,31,34,10,maior,2
5403,Essen Folksong Collection,"Auswandererlied (170d), S. 370f",4/4,4/4,simples,4,8.5,34,39,7,maior,3
5404,Essen Folksong Collection,"Ave Knigin (4-3), S. 5",4/4,4/4,simples,4,9.75,39,33,7,maior,4
5405,Essen Folksong Collection,BALD PRANGT DEN MORGEN ZU VERKUENDEN,4/4,4/4,simples,4,17.5,70,88,10,maior,0
5406,Essen Folksong Collection,BALD SIND WIR AUF EWIG GESCHIEDEN,4/4,4/4,simples,4,11.75,47,62,0,maior,1
5407,Essen Folksong Collection,BAYERN O HEIMATLAND,4/4,4/4,simples,0,23.75,95,71,10,maior,2
5408,Essen Folksong Collection,BEFIEHL DU MEINE WEGE,4/4,4/4,simples,4,16,64,57,11,menor,3
5409,Essen Folksong Collection,BEGLUECKT BEGLUECKT WER DIE GELIEBTE FINDET,4/4,4/4,simples,6,15.88,64,104,6,menor,4
5410,Essen Folksong Collection,BEGRABT DEN LEIB IN SEINE GRUFT,4/4,4/4,simples,4,8,32,32,2,menor,0
5411,Essen Folksong Collection,BEI DER STILLEN MONDESHELLE,4/4,4/4,simples,0,7.75,31,40,5,maior,1
5412,Essen Folksong Collection,BEI EINEM WIRTHE WUNDERMILD,4/4,4/4,simples,2,7.88,32,31,7,maior,2
5413,Essen Folksong Collection,BEI WATERLOO DA FIEL DER ERSTE SCHUSS,4/4,4/4,simples,4,11.75,47,56,0,maior,3
5414,Essen Folksong Collection,BEI WATERLOO STAND EINE EICHE,4/4,4/4,simples,4,11.75,47,62,5,maior,4
5415,Essen Folksong Collection,BEI WATERLOO WAR DIE GROSSE SCHLACHT,4/4,4/4,simples,4,17.75,71,80,5,maior,0
5416,Essen Folksong Collection,BEI WOEBBELIN IM FREIEN FELD,4/4,4/4,simples,6,16.88,68,68,9,menor,1
5417,Essen Folksong Collection,BESENBINDERS TOCHTER UND KACHELMACHERS SOHN,4/4,4/4,simples,0,40,160,144,5,maior,2
5418,Essen Folksong Collection,BIN DER KLEINE TAMBOUR VEIT,4/4,4/4,simples,4,23.75,95,115,10,maior,3
5419,Essen Folksong Collection,BISTU DES GOLDSCHMIEDS TOECHTERLEIN,4/4,4/4,simples,4,19,76,60,9,menor,4
5420,Essen Folksong Collection,BLAU BLAU BLAU SIND ALLE MEINE FARBEN,4/4,4/4,simples,0,11.88,47,47,7,maior,0
5421,Essen Folksong Collection,BLINDE KUH SOLL DIRS GELINGEN,4/4,4/4,simples,0,8,32,29,7,maior,1
5422,Essen Folksong Collection,BRAUNS MAEDCHEN AN DEM LADEN LAG,4/4,4/4,simples,4,9,36,41,7,maior,2
5423,Essen Folksong Collection,BRAUT WO IST DEIN KRAENZCHEN HIN,4/4,4/4,simples,0,8,32,36,5,maior,3
5424,Essen Folksong Collection,BRAUT WO IST DEIN KRAENZLEIN,4/4,4/4,simples,4,7.75,31,34,5,maior,4
5425,Essen Folksong Collection,BRINGT MIR BLUT DER EDLEN REBEN,4/4,4/4,simples,0,19.5,78,57,2,maior,0
5426,Essen Folksong Collection,BRINGT MIR BLUT DER EDLEN REBEN,4/4,4/4,simples,0,19.5,78,57,2,maior,1
5427,Essen Folksong Collection,BRUEDER DAS IST DEUTSCHER WEIN,4/4,4/4,simples,0,11.5,46,38,0,maior,2
5428,Essen Folksong Collection,BRUEDER HIER STEHT BIER STATT WEIN,4/4,4/4,simples,0,11.75,47,55,7,maior,3
5429,Essen Folksong Collection,BRUEDER LASSET UNS EINS SINGEN,4/4,4/4,simples,8,28,112,117,5,maior,4
5430,Essen Folksong Collection,Bai Raedder,4/4,4/4,simples,4,8.75,35,34,9,menor,0
5431,Essen Folksong Collection,Bai Raedder,4/4,4/4,simples,4,10,40,33,0,maior,1
5432,Essen Folksong Collection,Barbara Allen,4/4,4/4,simples,4,8,32,40,2,menor,2
5433,Essen Folksong Collection,Bayue guihua biandikai,4/4,4/4,simples,0,12,48,81,3,maior,3
5434,Essen Folksong Collection,"Bei der Nacht (42a), S. 135",4/4,4/4,simples,4,15.5,62,59,7,maior,4
5435,Essen Folksong Collection,"Bei der Nacht (42e), S. 140",4/4,4/4,simples,4,12,48,54,2,maior,0
5436,Essen Folksong Collection,Biandange,4/4,4/4,simples,0,8,32,30,11,menor,1
5437,Essen Folksong Collection,"Bin ich's Wandern muede, sehn ich mich nach Ruh'",4/4,4/4,simples,0,10,40,64,9,maior,2
5438,Essen Folksong Collection,Brautlied (2-96) S. 279,4/4,4/4,simples,4,8,32,47,7,maior,3
5439,Essen Folksong Collection,Braw Lads of Galla Water,4/4,4/4,simples,0,8,32,42,2,maior,4
5440,Essen Folksong Collection,Bu hoscht du hin das Zautle,4/4,4/4,simples,4,7.75,31,27,5,maior,0
5441,Essen Folksong Collection,By the Stream So Cool and Clear,4/4,4/4,simples,0,12,48,50,5,maior,1
5442,Essen Folksong Collection,CEST MARS LE GRAND DIEU DES ALARMES,4/4,4/4,simples,0,18,72,56,0,maior,2
5443,Essen Folksong Collection,CHRISTINCHEN GIENG IN GARTEN,4/4,4/4,simples,4,8,32,30,7,maior,3
5444,Essen Folksong Collection,CHRISTINCHEN GIENG INN GARTEN,4/4,4/4,simples,4,8,32,37,3,maior,4
5445,Essen Folksong Collection,CHRISTUS DER HERR IM GARTEN GING,4/4,4/4,simples,6,8.13,33,35,2,menor,0
5446,Essen Folksong Collection,CHRISTUS DER IST MEIN LEBEN,4/4,4/4,simples,8,8,32,26,5,maior,1
5447,Essen Folksong Collection,Cailian diao,4/4,4/4,simples,0,14,56,94,6,menor,2
5448,Essen Folksong Collection,Caomeng nong jigong,4/4,4/4,simples,0,12,48,67,11,menor,3
5449,Essen Folksong Collection,"Carbonard (138), S. 312",4/4,4/4,simples,2,8.38,34,50,7,maior,4
5450,Essen Folksong Collection,Changqi minge xiang zongli,4/4,4/4,simples,0,13,52,105,10,maior,0
5451,Essen Folksong Collection,Chuanfu qu,4/4,4/4,simples,0,14.75,59,68,5,menor,1
5452,Essen Folksong Collection,"Conscritlied (3-33), S. 107",4/4,4/4,simples,4,16.75,67,69,2,maior,2
5453,Essen Folksong Collection,DA BIN ICH GERN WO FROHE SAENGER WEILEN,4/4,4/4,simples,4,15.5,62,86,2,maior,3
5454,Essen Folksong Collection,DA DROBEN AUF JENEM BERGE,4/4,4/4,simples,2,7.88,32,32,10,menor,4
5455,Essen Folksong Collection,DA DRUNTEN IN DEM TIEFEN THALE,4/4,4/4,simples,4,12,48,68,3,maior,0
5456,Essen Folksong Collection,DA JESUS IN DEN GARTEN GIENG,4/4,4/4,simples,4,10,40,32,5,maior,1
5457,Essen Folksong Collection,DA STREITEN SICH DIE LEUT HERUM,4/4,4/4,simples,4,23.75,95,84,7,maior,2
5458,Essen Folksong Collection,DA UNTEN IST FRIEDEN IM DUNKELN HAUS,4/4,4/4,simples,4,16,64,42,5,maior,3
5459,Essen Folksong Collection,DAS GRAB IST TIEF UND STILLE,4/4,4/4,simples,4,7.75,31,27,5,maior,4
5460,Essen Folksong Collection,DAS LIEBEN BRINGT GROSS FREUD,4/4,4/4,simples,4,11.75,47,53,7,maior,0
5461,Essen Folksong Collection,DAS LIEBEN STEHT EIM JEDEN FREI,4/4,4/4,simples,4,9.75,39,40,7,maior,1
5462,Essen Folksong Collection,DAS VOLK STEHT AUF DER STURM BRICHT LOS,4/4,4/4,simples,4,19.75,79,100,0,maior,2
5463,Essen Folksong Collection,DAS WAREN MIR SELIGE TAGE,4/4,4/4,simples,4,15.75,63,84,0,maior,3
5464,Essen Folksong Collection,DE KUCKUK UP DEN TUNE SATT,4/4,4/4,simples,4,7.5,30,37,5,maior,4
5465,Essen Folksong Collection,DEM KAISER SEI MEIN ERSTES LIED,4/4,4/4,simples,4,17.75,71,71,2,maior,0
5466,Essen Folksong Collection,DEM LAND WO MEINE WIEGE STAND,4/4,4/4,simples,4,10,40,35,9,maior,1
5467,Essen Folksong Collection,DEN EDELSTEN RITTER,4/4,4/4,simples,4,23.75,95,98,7,maior,2
5468,Essen Folksong Collection,DENKST DU DARAN MEIN TAPFRER LAGIENKA,4/4,4/4,simples,6,19.88,80,106,3,maior,3
5469,Essen Folksong Collection,DER ALTE BARBAROSSA DER KAISER FRIEDERICH,4/4,4/4,simples,4,7.75,31,27,7,maior,4
5470,Essen Folksong Collection,DER ALTE GOTT LEBT NOCH,4/4,4/4,simples,4,17,68,61,0,maior,0
5471,Essen Folksong Collection,DER BURSCH VON ECHTEM SCHROT UND KORN,4/4,4/4,simples,4,12,48,66,0,maior,1
5472,Essen Folksong Collection,DER DEUTSCH-FRANZOS BEKLAGT SICH SEHR,4/4,4/4,simples,4,16,64,60,2,menor,2
5473,Essen Folksong Collection,DER GOTT DER EISEN WACHSEN LIESS,4/4,4/4,simples,4,21.75,87,78,0,maior,3
5474,Essen Folksong Collection,DER GOTT DER EISEN WACHSEN LIESS,4/4,4/4,simples,4,16.5,66,62,0,menor,4
5475,Essen Folksong Collection,DER GROSSE KAISER NAPOLEON,4/4,4/4,simples,4,11.75,47,49,7,maior,0
5476,Essen Folksong Collection,DER GULDNE ROSENKRANZ,4/4,4/4,simples,4,7.75,31,35,5,maior,1
5477,Essen Folksong Collection,DER GUTZGAUCH AUF DEM ZAUNE SASS,4/4,4/4,simples,4,12,48,37,5,maior,2
5478,Essen Folksong Collection,DER HIMMEL IST SO TRUEBE,4/4,4/4,simples,4,7.75,31,33,7,maior,3
5479,Essen Folksong Collection,DER HIMMEL UNSER HORT,4/4,4/4,simples,4,9.75,39,32,7,maior,4
5480,Essen Folksong Collection,DER JAEGER IN DEM GRUENEN WALD,4/4,4/4,simples,4,18.75,75,70,9,menor,0
5481,Essen Folksong Collection,DER KAISER STREIT'T FUERS LAENDELEIN,4/4,4/4,simples,4,15.75,63,70,0,maior,1
5482,Essen Folksong Collection,DER KAISER UND DER KOENIG,4/4,4/4,simples,4,7.75,31,32,7,maior,2
5483,Essen Folksong Collection,DER KAISER UND DER KOENIG,4/4,4/4,simples,4,7.75,31,35,7,menor,3
5484,Essen Folksong Collection,DER KIRSCHBAUM HAT SEIN LAUB VERLORN,4/4,4/4,simples,4,8,32,30,2,maior,4
5485,Essen Folksong Collection,DER KLEINE MANN IM STAUBBEDECKTEN KLEIDE,4/4,4/4,simples,6,9.63,39,51,7,maior,0
5486,Essen Folksong Collection,DER KNABE ROBERT FEST UND WERT,4/4,4/4,simples,6,7.88,32,32,5,maior,1
5487,Essen Folksong Collection,DER KOENIG RIEF UND ALLE KAMEN,4/4,4/4,simples,6,11.88,48,67,7,maior,2
5488,Essen Folksong Collection,DER KUCKUK UND DER ESEL,4/4,4/4,simples,4,11.75,47,45,5,maior,3
5489,Essen Folksong Collection,DER KUCKUK UP DEN TUNE SATT,4/4,4/4,simples,4,6,24,30,9,maior,4
5490,Essen Folksong Collection,DER LANDSTURM,4/4,4/4,simples,4,15,60,61,2,maior,0
5491,Essen Folksong Collection,DER MAI DER MAI DER LUSTIGE MAI,4/4,4/4,simples,2,11.88,48,57,7,maior,1
5492,Essen Folksong Collection,DER MAI WILL SICH MIT GUNSTEN,4/4,4/4,simples,4,18,72,60,2,menor,2
5493,Essen Folksong Collection,DER MEIE BRINGT UNS BLUEMLEIN VIEL,4/4,4/4,simples,4,9.75,39,36,7,maior,3
5494,Essen Folksong Collection,DER MOND IST AUFGEGANGEN,4/4,4/4,simples,4,12,48,42,7,maior,4
5495,Essen Folksong Collection,DER PAPST LEBT HERRLICH IN DER WELT,4/4,4/4,simples,2,11.63,47,48,0,maior,0
5496,Essen Folksong Collection,DER REINSTE TON,4/4,4/4,simples,6,15.88,64,81,7,maior,1
5497,Essen Folksong Collection,DER RITTER MUSS ZUM BLUTGEN KAMPF,4/4,4/4,simples,6,21.13,85,125,10,maior,2
5498,Essen Folksong Collection,DER SAENGER HAELT IM FELD DIE FAHNENWACHT,4/4,4/4,simples,2,17.88,72,100,0,maior,3
5499,Essen Folksong Collection,DER SCHAEFER UEBER DIE BRUECKE KAM,4/4,4/4,simples,4,10,40,48,7,maior,4
5500,Essen Folksong Collection,DER WAECHTER AUF DEM THUERMLEIN SASS,4/4,4/4,simples,4,18,72,90,7,maior,0
5501,Essen Folksong Collection,DER WEIN DER WEIN IST GOLDES WERTH,4/4,4/4,simples,2,15.88,64,86,0,maior,1
5502,Essen Folksong Collection,DER WINTER IST EIN RECHTER MANN,4/4,4/4,simples,4,8.75,35,35,10,maior,2
5503,Essen Folksong Collection,DER WINTER IST VERGANGEN,4/4,4/4,simples,4,15.75,63,55,7,maior,3
5504,Essen Folksong Collection,DER ZIEGLER AUF DER HUETTEN SASS,4/4,4/4,simples,4,9.75,39,35,5,maior,4
5505,Essen Folksong Collection,DES ABENDS WENN ES DUNKEL WIRD,4/4,4/4,simples,4,11,44,51,7,maior,0
5506,Essen Folksong Collection,DES JAHRES LETZTE STUNDE,4/4,4/4,simples,4,22.75,91,79,3,maior,1
5507,Essen Folksong Collection,DES JAHRES LETZTE STUNDE,4/4,4/4,simples,4,22.75,91,74,3,maior,2
5508,Essen Folksong Collection,DES LEBENS TAG IST SCHWER UND SCHWUEL,4/4,4/4,simples,4,8.5,34,38,4,maior,3
5509,Essen Folksong Collection,DES MORGENS ZWISCHEN DREI UND VIEREN,4/4,4/4,simples,4,9.75,39,45,7,maior,4
5510,Essen Folksong Collection,DES MORGENS ZWISCHEN DREIN UND VIEREN,4/4,4/4,simples,4,11.5,46,56,5,maior,0
5511,Essen Folksong Collection,DES MORGENS ZWISCHEN DREIN UND VIEREN,4/4,4/4,simples,4,19.75,79,84,2,maior,1
5512,Essen Folksong Collection,DES MORGENS ZWISCHEN DREIN UND VIEREN,4/4,4/4,simples,4,11.5,46,68,7,maior,2
5513,Essen Folksong Collection,DES MORGENS ZWISCHENDREIN UND VIEREN,4/4,4/4,simples,4,11.5,46,68,3,maior,3
5514,Essen Folksong Collection,DES SONNTAGS IN DER MORGENSTUND,4/4,4/4,simples,4,19.75,79,70,7,maior,4
5515,Essen Folksong Collection,DEUTSCHER KAISER GOTT BESCHUETZE,4/4,4/4,simples,0,31.5,126,74,9,menor,0
5516,Essen Folksong Collection,DEUTSCHES HERZ VERZAGE NICHT,4/4,4/4,simples,4,7.75,31,29,5,maior,1
5517,Essen Folksong Collection,DEUTSCHES HERZ VERZAGE NICHT,4/4,4/4,simples,4,7.75,31,30,7,maior,2
5518,Essen Folksong Collection,DEUTSCHLAND DEUTSCHLAND UEBER ALLES,4/4,4/4,simples,8,20,80,94,5,maior,3
5519,Essen Folksong Collection,DIE ALTE FICHTE SCHWANKET,4/4,4/4,simples,4,7.75,31,30,9,menor,4
5520,Essen Folksong Collection,DIE BINSCHGAUER WOLLTEN WALLFAHRTEN GEHN,4/4,4/4,simples,2,19.88,80,122,7,maior,0
5521,Essen Folksong Collection,DIE BINSGAUER WOLLTEN WALLFAHRTEN GAHN,4/4,4/4,simples,4,16,64,83,4,menor,1
5522,Essen Folksong Collection,DIE BLUEMELEIN SIE SCHLAFEN,4/4,4/4,simples,4,15.75,63,61,9,maior,2
5523,Essen Folksong Collection,DIE BLUMEN AUF DEM FELDE,4/4,4/4,simples,4,8.75,35,28,7,maior,3
5524,Essen Folksong Collection,DIE FAHNEN WEHEN FRISCH AUF ZUR SCHLACHT,4/4,4/4,simples,2,10.63,43,54,7,maior,4
5525,Essen Folksong Collection,DIE FEIGHEIT ISTS DIE UNS VERDIRBT,4/4,4/4,simples,4,12,48,53,5,maior,0
5526,Essen Folksong Collection,DIE FISCH IM WASSER WOHNEN,4/4,4/4,simples,4,15.75,63,62,9,maior,1
5527,Essen Folksong Collection,DIE LIEBE MAIENZEIT,4/4,4/4,simples,4,12,48,40,5,maior,2
5528,Essen Folksong Collection,DIE PINSGAUER WOLLTEN WALLFAHREN GEHN,4/4,4/4,simples,4,20,80,97,0,maior,3
5529,Essen Folksong Collection,DIE ROSEN UND DIE NELKEN,4/4,4/4,simples,4,15.75,63,52,7,menor,4
5530,Essen Folksong Collection,DIE SONNE BLICKT MIT HELLEM SCHEIN,4/4,4/4,simples,4,13.75,55,51,0,maior,0
5531,Essen Folksong Collection,DIE TREUE DIE UNS BRUEDER BAND,4/4,4/4,simples,4,17.75,71,72,5,maior,1
5532,Essen Folksong Collection,DIE TROMMEL RUFT DROMMETE KLINGT,4/4,4/4,simples,2,11.88,48,78,10,maior,2
5533,Essen Folksong Collection,DIE TROMMEL SCHLAEGT ZUM KRIEG,4/4,4/4,simples,4,20,80,76,9,maior,3
5534,Essen Folksong Collection,DIE VOEGLEIN IN DEM WALDE,4/4,4/4,simples,4,13.75,55,68,0,maior,4
5535,Essen Folksong Collection,DIEWEIL ER UNSER SCHWESTER HAT,4/4,4/4,simples,4,5,20,19,5,maior,0
5536,Essen Folksong Collection,DIR MOECHT ICH DIESE LIEDER WEIHEN,4/4,4/4,simples,8,38,152,152,10,maior,1
5537,Essen Folksong Collection,DO TRUNKEN SIE,4/4,4/4,simples,4,21.25,85,47,0,maior,2
5538,Essen Folksong Collection,DOA SAU EN JONGE MOAD FREUG OPSTOAN,4/4,4/4,simples,4,10,40,43,2,menor,3
5539,Essen Folksong Collection,DORT NIEDEN AN DEM RHEINE,4/4,4/4,simples,4,15.75,63,60,9,maior,4
5540,Essen Folksong Collection,DORT UNT IN SELBEN GRUENDLA,4/4,4/4,simples,4,9.75,39,42,10,maior,0
5541,Essen Folksong Collection,DORT UNTEN IN DER GRUENEN SEE,4/4,4/4,simples,4,12,48,45,5,maior,1
5542,Essen Folksong Collection,DORT WO DER ALTE RHEIN MIT SEINEN WELLEN,4/4,4/4,simples,6,19.88,80,89,10,maior,2
5543,Essen Folksong Collection,DORT WO DIE KLAREN BAECHLEIN RINNEN,4/4,4/4,simples,4,15.75,63,75,7,maior,3
5544,Essen Folksong Collection,DREI GAENS IM HABERSTROH,4/4,4/4,simples,4,10,40,32,5,maior,4
5545,Essen Folksong Collection,DREI WORTE NENN ICH EUCH INHALTSSCHWER,4/4,4/4,simples,4,13,52,57,8,maior,0
5546,Essen Folksong Collection,DREI WUERFEL UND EIN KARTENSPIEL,4/4,4/4,simples,4,9,36,32,5,maior,1
5547,Essen Folksong Collection,DU ALLER WESEN VATER,4/4,4/4,simples,4,7.75,31,28,2,maior,2
5548,Essen Folksong Collection,DU BIST WIE EINE BLUME,4/4,4/4,simples,4,15.75,63,65,0,maior,3
5549,Essen Folksong Collection,DU MEIN EINZIG LICHT,4/4,4/4,simples,8,12,48,33,10,maior,4
5550,Essen Folksong Collection,DU SCHOENE LILIE AUF DEM FELD,4/4,4/4,simples,4,7.75,31,35,7,maior,0
5551,Essen Folksong Collection,DUNKEL IST SCHON JEDES FENSTER,4/4,4/4,simples,0,7.25,29,32,2,maior,1
5552,Essen Folksong Collection,DUNKLE NACHT IM FINSTERN SCHLEIER,4/4,4/4,simples,4,11.75,47,57,0,maior,2
5553,Essen Folksong Collection,DURCH DREIMAL DREI IHR BRUEDER,4/4,4/4,simples,4,27.75,111,93,11,menor,3
5554,Essen Folksong Collection,Da zu Mitterfasten es geschah,4/4,4/4,simples,0,13,52,33,2,menor,4
5555,Essen Folksong Collection,"Das Grab ist tief und stille (1-20), S. 54",4/4,4/4,simples,4,11.75,47,50,2,maior,0
5556,Essen Folksong Collection,"Das Kanapee (292), S. 606f",4/4,4/4,simples,6,15.63,63,84,2,maior,1
5557,Essen Folksong Collection,"Das Leben ein Wrfelspiel (275), S. 586",4/4,4/4,simples,4,9.5,38,57,7,maior,2
5558,Essen Folksong Collection,"Das Leben ist ein Traum (3-44), S. 116",4/4,4/4,simples,6,11.88,48,66,0,maior,3
5559,Essen Folksong Collection,"Das Lieben bringt groá Freud (2-54), S. 144",4/4,4/4,simples,4,11.75,47,52,5,maior,4
5560,Essen Folksong Collection,Das Maedchen und der Faehnrich,4/4,4/4,simples,4,8,32,42,4,menor,0
5561,Essen Folksong Collection,Das Maedchen und der Faehnrich,4/4,4/4,simples,4,20,80,103,7,menor,1
5562,Essen Folksong Collection,Das Maedchen und der Faehnrich,4/4,4/4,simples,4,12,48,60,7,menor,2
5563,Essen Folksong Collection,Das Maedchen und der Faehnrich,4/4,4/4,simples,2,11.88,48,63,7,maior,3
5564,Essen Folksong Collection,Das Schwabentoechterlein,4/4,4/4,simples,4,10,40,38,9,menor,4
5565,Essen Folksong Collection,Das Schwabentoechterlein,4/4,4/4,simples,4,8,32,35,7,maior,0
5566,Essen Folksong Collection,Das Stortebekerlied (1402),4/4,4/4,simples,0,12,48,31,9,menor,1
5567,Essen Folksong Collection,"Das alta Weib (197a), S. 426",4/4,4/4,simples,4,15.75,63,63,4,maior,2
5568,Essen Folksong Collection,"Das alte Jahr verflossen ist (5-10), S.24",4/4,4/4,simples,4,26,104,119,7,maior,3
5569,Essen Folksong Collection,Das hungernde Kind,4/4,4/4,simples,0,12,48,46,7,maior,4
5570,Essen Folksong Collection,Das hungernde Kind,4/4,4/4,simples,0,12,48,40,0,maior,0
5571,Essen Folksong Collection,Das hungernde Kind,4/4,4/4,simples,0,7.75,31,27,7,maior,1
5572,Essen Folksong Collection,"Das ist ein harte Buá, S. 67",4/4,4/4,simples,0,15.25,61,64,9,menor,2
5573,Essen Folksong Collection,"Das schwarzbraune Bier (2-52), S. 140f",4/4,4/4,simples,4,13.75,55,67,7,maior,3
5574,Essen Folksong Collection,Das vierte Gebot ( Der Teufel als Freier ),4/4,4/4,simples,4,14.75,59,44,2,maior,4
5575,Essen Folksong Collection,Das weinholende Maedchen,4/4,4/4,simples,2,15.88,64,95,5,maior,0
5576,Essen Folksong Collection,Dayuren shieryue,4/4,4/4,simples,0,10,40,68,1,menor,1
5577,Essen Folksong Collection,"De Mayersohn (2-30), S. 131",4/4,4/4,simples,4,11,44,59,5,maior,2
5578,Essen Folksong Collection,Deine Schnheit wird vergehn (2-88) S. 258,4/4,4/4,simples,8,12,48,46,5,maior,3
5579,Essen Folksong Collection,"Deirín dé, S. 15",4/4,4/4,simples,0,7.75,31,34,7,menor,4
5580,Essen Folksong Collection,Der Bauer ins Holz,4/4,4/4,simples,4,9,36,30,9,menor,0
5581,Essen Folksong Collection,Der Bauer ins Holz,4/4,4/4,simples,4,7.75,31,27,0,maior,1
5582,Essen Folksong Collection,"Der Ehemann (1-38), S. 99f",4/4,4/4,simples,0,7.75,31,51,2,maior,2
5583,Essen Folksong Collection,Der Elsberger,4/4,4/4,simples,4,5.75,23,21,7,maior,3
5584,Essen Folksong Collection,Der Faltenrock,4/4,4/4,simples,4,7,28,30,5,maior,4
5585,Essen Folksong Collection,Der Gluecksjaeger,4/4,4/4,simples,2,8.88,36,50,7,maior,0
5586,Essen Folksong Collection,Der Gluecksjaeger,4/4,4/4,simples,2,6.88,28,44,0,maior,1
5587,Essen Folksong Collection,"Der Graf und die Magd (23b), S. 97",4/4,4/4,simples,4,8.75,35,43,2,maior,2
5588,Essen Folksong Collection,"Der Grenadier Latour d'Auvergne (3-7), S. 19f",4/4,4/4,simples,6,17.88,72,84,10,maior,3
5589,Essen Folksong Collection,Der Hammerschmiedssohn,4/4,4/4,simples,4,10.75,43,42,3,maior,4
5590,Essen Folksong Collection,Der Hammerschmiedssohn,4/4,4/4,simples,4,9.75,39,28,0,maior,0
5591,Essen Folksong Collection,"Der Herr von Falkenstein (265), S. 565",4/4,4/4,simples,4,17.75,71,67,7,maior,1
5592,Essen Folksong Collection,Der Jaeger im Tannenholz,4/4,4/4,simples,4,16,64,64,7,maior,2
5593,Essen Folksong Collection,"Der Jger in dem grnen Wald (5-59), S. 98",4/4,4/4,simples,4,13.75,55,53,7,maior,3
5594,Essen Folksong Collection,"Der Jger und das Mgdelein (2a), S. 30",4/4,4/4,simples,4,11.75,47,49,7,maior,4
5595,Essen Folksong Collection,"Der Kirchenruber Peter Paulus (229a), S. 491",4/4,4/4,simples,6,7.63,31,42,7,maior,0
5596,Essen Folksong Collection,"Der Kirchhofreiter (4-24), S. 35",4/4,4/4,simples,10,7.88,32,40,7,menor,1
5597,Essen Folksong Collection,"Der Kuckuck auf dem Tore (3-90), S. 249",4/4,4/4,simples,4,8,32,29,10,maior,2
5598,Essen Folksong Collection,Der Maedchenmoerder (Halewijn - Ulinger),4/4,4/4,simples,4,6.75,27,28,7,maior,3
5599,Essen Folksong Collection,Der Maedchenmoerder (Halewijn - Ulinger),4/4,4/4,simples,6,7.88,32,33,4,menor,4
5600,Essen Folksong Collection,Der Maedchenmoerder (Halewijn - Ulinger),4/4,4/4,simples,4,9,36,44,9,menor,0
5601,Essen Folksong Collection,Der Maedchenmoerder (Halewijn - Ulinger),4/4,4/4,simples,4,5.75,23,33,7,maior,1
5602,Essen Folksong Collection,Der Maedchenmoerder (Halewijn - Ulinger),4/4,4/4,simples,4,15,60,63,7,maior,2
5603,Essen Folksong Collection,Der Maedchenmoerder (Halewijn - Ulinger),4/4,4/4,simples,4,6,24,29,7,maior,3
5604,Essen Folksong Collection,Der Maedchenmoerder (Halewijn - Ulinger),4/4,4/4,simples,4,12,48,56,7,maior,4
5605,Essen Folksong Collection,Der Markgraf von Backenweil,4/4,4/4,simples,4,10,40,55,5,maior,0
5606,Essen Folksong Collection,Der Meierin Sohn,4/4,4/4,simples,0,4,16,15,5,maior,1
5607,Essen Folksong Collection,Der Meierin Sohn,4/4,4/4,simples,12,8.75,35,31,7,menor,2
5608,Essen Folksong Collection,Der Mordknecht,4/4,4/4,simples,4,10,40,36,3,menor,3
5609,Essen Folksong Collection,Der Muskatbaum,4/4,4/4,simples,4,4,16,20,5,maior,4
5610,Essen Folksong Collection,Der Nachtjaeger,4/4,4/4,simples,4,8,32,49,7,maior,0
5611,Essen Folksong Collection,Der Nachtjaeger,4/4,4/4,simples,4,9,36,50,7,maior,1
5612,Essen Folksong Collection,Der Nachtjaeger,4/4,4/4,simples,2,7.88,32,46,0,maior,2
5613,Essen Folksong Collection,Der Nachtjaeger,4/4,4/4,simples,2,5.88,24,39,7,maior,3
5614,Essen Folksong Collection,Der Nachtjaeger,4/4,4/4,simples,4,7.63,30,28,5,maior,4
5615,Essen Folksong Collection,Der Nachtjaeger,4/4,4/4,simples,4,6.75,27,37,5,maior,0
5616,Essen Folksong Collection,"Der Nachtjger (Band 1), S. 186",4/4,4/4,simples,4,7.75,31,35,5,maior,1
5617,Essen Folksong Collection,Der Nebenbuhler (Jan Willem en Betje),4/4,4/4,simples,6,11.75,47,63,7,maior,2
5618,Essen Folksong Collection,"Der Raubmord von Stockheim (10), S. 51",4/4,4/4,simples,6,15.88,64,77,5,maior,3
5619,Essen Folksong Collection,"Der Schuhknecht (4-23), S. 33f",4/4,4/4,simples,4,6,24,35,5,maior,4
5620,Essen Folksong Collection,Der Schwartenhals,4/4,4/4,simples,4,16,64,39,7,menor,0
5621,Essen Folksong Collection,"Der Sngerbund (2-43), S. 116f",4/4,4/4,simples,6,19.88,80,113,5,maior,1
5622,Essen Folksong Collection,Der Tannhaeuser,4/4,4/4,simples,4,7.75,31,30,7,maior,2
5623,Essen Folksong Collection,Der Tannhaeuser,4/4,4/4,simples,4,8,32,32,4,maior,3
5624,Essen Folksong Collection,Der Unverbesserliche (2-75) S. 225,4/4,4/4,simples,2,5.88,24,38,2,menor,4
5625,Essen Folksong Collection,Der Vorwirt,4/4,4/4,simples,2,7.88,32,40,7,menor,0
5626,Essen Folksong Collection,Der Vorwirt,4/4,4/4,simples,4,4,16,22,2,maior,1
5627,Essen Folksong Collection,Der Vorwirt,4/4,4/4,simples,4,4,16,22,7,maior,2
5628,Essen Folksong Collection,Der Vorwirt,4/4,4/4,simples,4,8,32,31,7,maior,3
5629,Essen Folksong Collection,Der Werber und der Jude,4/4,4/4,simples,4,10,40,40,7,maior,4
5630,Essen Folksong Collection,Der Werber und der Jude,4/4,4/4,simples,4,10,40,40,7,maior,0
5631,Essen Folksong Collection,"Der Wilmen und der Esel (3-48), S. 140",4/4,4/4,simples,4,10,40,40,5,maior,1
5632,Essen Folksong Collection,Der Wolf ( Der Abendgang ),4/4,4/4,simples,4,12,48,52,7,maior,2
5633,Essen Folksong Collection,"Der Wolf (3-56), S. 163",4/4,4/4,simples,4,12,48,52,7,maior,3
5634,Essen Folksong Collection,"Der bestrafte Fhnrich (35b), S. 122f",4/4,4/4,simples,4,10,40,54,7,maior,4
5635,Essen Folksong Collection,Der betrogene Ehemann (2-39) S. 125,4/4,4/4,simples,4,30,120,101,7,maior,0
5636,Essen Folksong Collection,Der betruegerische Freier,4/4,4/4,simples,0,5.75,23,17,7,maior,1
5637,Essen Folksong Collection,"Der erste sprach seid wohlgemuth, S. 46",4/4,4/4,simples,4,13.75,55,46,9,maior,2
5638,Essen Folksong Collection,"Der falsche Freier (113), S. 267f",4/4,4/4,simples,4,7.75,31,40,7,maior,3
5639,Essen Folksong Collection,Der feine Reiter,4/4,4/4,simples,0,28,112,71,0,maior,4
5640,Essen Folksong Collection,"Der gebrochene Krug (47b), S.151",4/4,4/4,simples,4,9.75,39,37,7,maior,0
5641,Essen Folksong Collection,Der geistliche Tannebaum,4/4,4/4,simples,4,16,64,54,7,menor,1
5642,Essen Folksong Collection,Der geistliche Tannebaum,4/4,4/4,simples,4,16,64,54,7,menor,2
5643,Essen Folksong Collection,Der geistliche Vogelgesang,4/4,4/4,simples,12,15.75,63,54,7,maior,3
5644,Essen Folksong Collection,Der grausame Bruder,4/4,4/4,simples,4,4,16,20,2,menor,4
5645,Essen Folksong Collection,Der grausame Bruder,4/4,4/4,simples,4,6,24,35,5,maior,0
5646,Essen Folksong Collection,Der grausame Bruder,4/4,4/4,simples,2,6.63,27,40,2,menor,1
5647,Essen Folksong Collection,Der grausame Bruder,4/4,4/4,simples,4,10.75,43,34,7,maior,2
5648,Essen Folksong Collection,Der grausame Bruder,4/4,4/4,simples,4,6,24,26,0,maior,3
5649,Essen Folksong Collection,Der heimkehrende Braeutigam,4/4,4/4,simples,0,7.75,31,29,7,maior,4
5650,Essen Folksong Collection,Der heimkehrende Braeutigam,4/4,4/4,simples,4,4,16,18,7,maior,0
5651,Essen Folksong Collection,Der heimkehrende Soldat,4/4,4/4,simples,4,8.5,34,39,7,maior,1
5652,Essen Folksong Collection,Der heimkehrende Soldat,4/4,4/4,simples,4,17.75,71,74,7,maior,2
5653,Essen Folksong Collection,Der heimkehrende Soldat,4/4,4/4,simples,4,8.5,34,42,7,maior,3
5654,Essen Folksong Collection,Der heimkehrende Soldat,4/4,4/4,simples,4,9.75,39,46,7,maior,4
5655,Essen Folksong Collection,"Der himmlische Jger (5-21), S. 40",4/4,4/4,simples,4,11.5,46,59,7,maior,0
5656,Essen Folksong Collection,Der junge Held,4/4,4/4,simples,4,12,48,46,7,menor,1
5657,Essen Folksong Collection,Der junge Held,4/4,4/4,simples,4,12,48,38,9,menor,2
5658,Essen Folksong Collection,Der junge Held,4/4,4/4,simples,4,19,76,61,2,menor,3
5659,Essen Folksong Collection,Der junge Held,4/4,4/4,simples,4,7.75,31,32,2,menor,4
5660,Essen Folksong Collection,Der junge Held,4/4,4/4,simples,4,7.75,31,32,5,maior,0
5661,Essen Folksong Collection,Der maechtigste Koenig im Luftrevier,4/4,4/4,simples,4,24,96,107,5,maior,1
5662,Essen Folksong Collection,Der schwatzhafte Junggeselle,4/4,4/4,simples,4,8,32,46,5,maior,2
5663,Essen Folksong Collection,Der schwatzhafte Junggeselle,4/4,4/4,simples,4,8,32,44,7,maior,3
5664,Essen Folksong Collection,Der schwatzhafte Junggeselle,4/4,4/4,simples,4,8,32,42,7,maior,4
5665,Essen Folksong Collection,Der schwatzhafte Junggeselle,4/4,4/4,simples,2,8,32,41,5,maior,0
5666,Essen Folksong Collection,Der schwatzhafte Junggeselle,4/4,4/4,simples,2,7.88,32,45,5,maior,1
5667,Essen Folksong Collection,Der schwatzhafte Junggeselle,4/4,4/4,simples,2,7.88,32,46,7,maior,2
5668,Essen Folksong Collection,Der schwatzhafte Junggeselle,4/4,4/4,simples,0,8,32,42,7,maior,3
5669,Essen Folksong Collection,Der schwatzhafte Junggeselle,4/4,4/4,simples,4,15.75,63,44,7,maior,4
5670,Essen Folksong Collection,Der schwatzhafte Junggeselle,4/4,4/4,simples,4,15.75,63,49,7,menor,0
5671,Essen Folksong Collection,Der schwatzhafte Junggeselle,4/4,4/4,simples,4,14.75,59,47,7,maior,1
5672,Essen Folksong Collection,"Der unerbittliche Hauptmann (162), S. 352",4/4,4/4,simples,4,11.75,47,46,5,maior,2
5673,Essen Folksong Collection,"Des Abends in der Stille (3-62), S. 179",4/4,4/4,simples,4,13.75,55,56,5,maior,3
5674,Essen Folksong Collection,"Des Bauern Gabe (3-50), S. 145",4/4,4/4,simples,4,9,36,49,5,maior,4
5675,Essen Folksong Collection,"Des Fhnrichs Tod (132), S. 301",4/4,4/4,simples,4,9.5,38,40,7,maior,0
5676,Essen Folksong Collection,"Des Gesellen Feierabend (250a), S. 536",4/4,4/4,simples,4,11.5,46,56,7,maior,1
5677,Essen Folksong Collection,"Des Gesellen Feierabend (250b), S. 537",4/4,4/4,simples,4,11.5,46,55,7,maior,2
5678,Essen Folksong Collection,"Des Lindenwirts Rsel (3-84), S. 233",4/4,4/4,simples,4,15.75,63,84,10,maior,3
5679,Essen Folksong Collection,"Des Mllers Tchterlein (44), S. 143",4/4,4/4,simples,4,7,28,40,4,menor,4
5680,Essen Folksong Collection,"Des Nachts, wenn ich ber die Gassen geh' (3-69), S. 197",4/4,4/4,simples,4,8,32,47,7,menor,0
5681,Essen Folksong Collection,Die Bernauerin,4/4,4/4,simples,4,13.75,55,44,2,maior,1
5682,Essen Folksong Collection,Die Bernauerin,4/4,4/4,simples,2,6.63,27,41,7,maior,2
5683,Essen Folksong Collection,Die Bluthochzeit,4/4,4/4,simples,2,7.88,32,40,7,menor,3
5684,Essen Folksong Collection,Die Bluthochzeit,4/4,4/4,simples,4,8,32,48,7,menor,4
5685,Essen Folksong Collection,"Die Brombeeren (29a),",4/4,4/4,simples,4,15.75,63,64,7,maior,0
5686,Essen Folksong Collection,"Die Brombeeren (29b), S. 112",4/4,4/4,simples,4,15.5,62,68,7,maior,1
5687,Essen Folksong Collection,"Die Brombeeren (Band 1), S. 189,",4/4,4/4,simples,4,11.75,47,52,7,maior,2
5688,Essen Folksong Collection,Die Brombeerpflueckerin,4/4,4/4,simples,4,15.75,63,68,7,maior,3
5689,Essen Folksong Collection,Die Brombeerpflueckerin,4/4,4/4,simples,4,9.75,39,40,5,maior,4
5690,Essen Folksong Collection,Die Brombeerpflueckerin,4/4,4/4,simples,4,16,64,70,7,maior,0
5691,Essen Folksong Collection,Die Brombeerpflueckerin,4/4,4/4,simples,4,19.75,79,74,7,maior,1
5692,Essen Folksong Collection,Die Brombeerpflueckerin,4/4,4/4,simples,4,19.5,78,82,7,maior,2
5693,Essen Folksong Collection,Die Brombeerpflueckerin,4/4,4/4,simples,4,15.75,63,52,7,maior,3
5694,Essen Folksong Collection,"Die Erscheinung auf dem Kirchhof (57),",4/4,4/4,simples,4,9.75,39,48,0,maior,4
5695,Essen Folksong Collection,"Die Erscheinung auf dem Kirchhof (57),",4/4,4/4,simples,4,8.75,35,45,0,maior,0
5696,Essen Folksong Collection,"Die Erscheinung in der Brautnacht (55a), S. 176",4/4,4/4,simples,4,11.75,47,69,4,menor,1
5697,Essen Folksong Collection,Die Geburt im Grabe,4/4,4/4,simples,4,18,72,71,7,maior,2
5698,Essen Folksong Collection,Die Koenigskinder,4/4,4/4,simples,2,9.38,38,58,5,maior,3
5699,Essen Folksong Collection,Die Koenigskinder,4/4,4/4,simples,4,9.75,39,39,7,maior,4
5700,Essen Folksong Collection,Die Koenigskinder,4/4,4/4,simples,4,7.75,31,29,9,maior,0
5701,Essen Folksong Collection,Die Koenigskinder,4/4,4/4,simples,0,7.25,29,31,7,menor,1
5702,Essen Folksong Collection,Die Koenigstochter,4/4,4/4,simples,2,7.38,30,46,4,maior,2
5703,Essen Folksong Collection,Die Koenigstochter im Heeresdienst,4/4,4/4,simples,4,6,24,19,11,menor,3
5704,Essen Folksong Collection,Die Koenigstochter im Heeresdienst,4/4,4/4,simples,4,4,16,23,7,maior,4
5705,Essen Folksong Collection,Die Koenigstochter im Heeresdienst,4/4,4/4,simples,2,4,16,29,2,maior,0
5706,Essen Folksong Collection,Die Koenigstochter im Heeresdienst,4/4,4/4,simples,4,8,32,19,7,maior,1
5707,Essen Folksong Collection,Die Meererin,4/4,4/4,simples,4,4,16,24,7,menor,2
5708,Essen Folksong Collection,Die Mordeltern,4/4,4/4,simples,8,15,60,42,7,menor,3
5709,Essen Folksong Collection,Die Mordeltern,4/4,4/4,simples,4,8,32,31,7,menor,4
5710,Essen Folksong Collection,Die Mordeltern,4/4,4/4,simples,4,8,32,31,2,maior,0
5711,Essen Folksong Collection,Die Mordeltern,4/4,4/4,simples,4,12,48,49,7,maior,1
5712,Essen Folksong Collection,Die Mordeltern,4/4,4/4,simples,4,10,40,45,7,maior,2
5713,Essen Folksong Collection,Die Mordeltern,4/4,4/4,simples,2,7.63,31,32,7,maior,3
5714,Essen Folksong Collection,"Die Mutter ist das groesste Glueck auf Erden,",4/4,4/4,simples,6,7.88,32,42,7,maior,4
5715,Essen Folksong Collection,Die Nachtpatrouille,4/4,4/4,simples,8,19,76,53,7,maior,0
5716,Essen Folksong Collection,"Die Nonne (18f), S.81",4/4,4/4,simples,4,9.75,39,42,7,maior,1
5717,Essen Folksong Collection,Die Rabenmutter,4/4,4/4,simples,4,4.75,19,16,7,maior,2
5718,Essen Folksong Collection,Die Rabenmutter,4/4,4/4,simples,4,8,32,30,7,maior,3
5719,Essen Folksong Collection,Die Rabenmutter,4/4,4/4,simples,0,4,16,15,2,menor,4
5720,Essen Folksong Collection,Die Rabenmutter,4/4,4/4,simples,4,4,16,16,7,maior,0
5721,Essen Folksong Collection,Die Rabenmutter,4/4,4/4,simples,4,8,32,25,7,maior,1
5722,Essen Folksong Collection,Die Rabenmutter,4/4,4/4,simples,4,6.75,27,31,7,maior,2
5723,Essen Folksong Collection,Die Rheinbraut,4/4,4/4,simples,4,8,32,42,7,maior,3
5724,Essen Folksong Collection,Die Rheinbraut,4/4,4/4,simples,4,6,24,35,7,maior,4
5725,Essen Folksong Collection,Die Rheinbraut,4/4,4/4,simples,4,6,24,27,2,maior,0
5726,Essen Folksong Collection,Die Schlangenkoechin,4/4,4/4,simples,4,11.5,46,45,7,maior,1
5727,Essen Folksong Collection,Die Schlangenkoechin,4/4,4/4,simples,0,13,52,49,2,maior,2
5728,Essen Folksong Collection,"Die Sennerin hoasst Liesl,",4/4,4/4,simples,4,18.13,72,98,7,maior,3
5729,Essen Folksong Collection,Die Todesbraut,4/4,4/4,simples,12,4,16,21,5,maior,4
5730,Essen Folksong Collection,Die Unbestechliche,4/4,4/4,simples,8,12,48,39,5,maior,0
5731,Essen Folksong Collection,Die Unbestechliche,4/4,4/4,simples,4,4.63,18,28,7,maior,1
5732,Essen Folksong Collection,Die brave Stiefmutter,4/4,4/4,simples,4,5.75,23,29,5,maior,2
5733,Essen Folksong Collection,Die dienende Schwester,4/4,4/4,simples,4,6,24,30,5,maior,3
5734,Essen Folksong Collection,Die dienende Schwester,4/4,4/4,simples,4,6.75,27,27,2,menor,4
5735,Essen Folksong Collection,Die dienende Schwester,4/4,4/4,simples,4,7,28,31,5,maior,0
5736,Essen Folksong Collection,Die dienende Schwester,4/4,4/4,simples,4,8,32,33,5,maior,1
5737,Essen Folksong Collection,Die dienende Schwester,4/4,4/4,simples,4,8,32,33,5,maior,2
5738,Essen Folksong Collection,Die dienende Schwester,4/4,4/4,simples,4,6,24,29,5,maior,3
5739,Essen Folksong Collection,Die dienende Schwester,4/4,4/4,simples,4,6,24,29,7,menor,4
5740,Essen Folksong Collection,Die dienende Schwester,4/4,4/4,simples,4,8.75,35,29,5,maior,0
5741,Essen Folksong Collection,Die dienende Schwester,4/4,4/4,simples,4,7,28,27,5,maior,1
5742,Essen Folksong Collection,Die dienende Schwester,4/4,4/4,simples,4,8,32,37,5,maior,2
5743,Essen Folksong Collection,Die drei Hexen,4/4,4/4,simples,4,6,24,20,5,maior,3
5744,Essen Folksong Collection,Die drei Hexen,4/4,4/4,simples,0,4,16,19,5,maior,4
5745,Essen Folksong Collection,Die elfjaehrige Markgraefin,4/4,4/4,simples,12,12,48,59,0,maior,0
5746,Essen Folksong Collection,Die elfjaehrige Markgraefin,4/4,4/4,simples,8,8,32,36,5,maior,1
5747,Essen Folksong Collection,Die elfjaehrige Markgraefin,4/4,4/4,simples,4,6,24,22,5,maior,2
5748,Essen Folksong Collection,Die elfjaehrige Markgraefin,4/4,4/4,simples,4,6,24,31,5,maior,3
5749,Essen Folksong Collection,Die entfuehrte Graserin,4/4,4/4,simples,4,6,24,31,7,maior,4
5750,Essen Folksong Collection,Die erloeste Sklavin,4/4,4/4,simples,6,12.13,49,65,5,maior,0
5751,Essen Folksong Collection,"Die geladene Grtnerin (65b), S. 198",4/4,4/4,simples,2,14.88,60,69,7,maior,1
5752,Essen Folksong Collection,Die heilige Katharina,4/4,4/4,simples,4,7,28,32,9,menor,2
5753,Essen Folksong Collection,"Die lustigen Gesellen (241a), S. 517",4/4,4/4,simples,2,7.75,31,57,7,maior,3
5754,Essen Folksong Collection,Die scheintote Braut,4/4,4/4,simples,4,24,96,52,0,maior,4
5755,Essen Folksong Collection,"Die schne Buerin (238a), S. 510f",4/4,4/4,simples,4,29.5,118,136,2,maior,0
5756,Essen Folksong Collection,"Die schne Mllerin (41a),",4/4,4/4,simples,4,15.5,62,61,5,maior,1
5757,Essen Folksong Collection,"Die schne Mllerin (41a),",4/4,4/4,simples,4,19.75,79,83,4,maior,2
5758,Essen Folksong Collection,"Die schne Schferin (1-30), S. 79f",4/4,4/4,simples,2,15.63,63,80,10,maior,3
5759,Essen Folksong Collection,"Die schnste Grtnerin (65a), S. 197",4/4,4/4,simples,2,7.88,32,52,7,maior,4
5760,Essen Folksong Collection,"Die schnste Schferin (239), S. 514f",4/4,4/4,simples,4,15.5,62,78,10,maior,0
5761,Essen Folksong Collection,"Die traurige Braut (187b), S. 408",4/4,4/4,simples,4,11.5,46,56,2,maior,1
5762,Essen Folksong Collection,"Die treulose Braut (60), S. 186",4/4,4/4,simples,4,8.75,35,46,2,maior,2
5763,Essen Folksong Collection,Die verkaufte Muellerin,4/4,4/4,simples,4,5.75,23,26,7,menor,3
5764,Essen Folksong Collection,Die verkaufte Muellerin,4/4,4/4,simples,4,6,24,31,3,maior,4
5765,Essen Folksong Collection,Die verkaufte Muellerin,4/4,4/4,simples,4,6,24,27,7,maior,0
5766,Essen Folksong Collection,Die verkaufte Muellerin,4/4,4/4,simples,4,7.5,30,34,7,maior,1
5767,Essen Folksong Collection,Die verkaufte Muellerin,4/4,4/4,simples,4,7,28,29,7,maior,2
5768,Essen Folksong Collection,Die verkaufte Muellerin,4/4,4/4,simples,4,6,24,23,7,maior,3
5769,Essen Folksong Collection,Die verkaufte Muellerin,4/4,4/4,simples,4,4,16,23,7,maior,4
5770,Essen Folksong Collection,Die verkaufte Muellerin,4/4,4/4,simples,4,8,32,34,7,maior,0
5771,Essen Folksong Collection,Die verkaufte Muellerin,4/4,4/4,simples,2,7.88,32,33,7,maior,1
5772,Essen Folksong Collection,Die verkaufte Muellerin,4/4,4/4,simples,4,6,24,28,7,maior,2
5773,Essen Folksong Collection,Die verkaufte Muellerin,4/4,4/4,simples,4,8,32,31,7,maior,3
5774,Essen Folksong Collection,Die verkaufte Muellerin,4/4,4/4,simples,4,7.75,31,33,7,maior,4
5775,Essen Folksong Collection,"Die verkaufte Mllerin (12a), S. 53",4/4,4/4,simples,4,8,32,34,7,maior,0
5776,Essen Folksong Collection,"Die verkaufte Mllerin (12b), S. 55",4/4,4/4,simples,4,7.75,31,32,7,maior,1
5777,Essen Folksong Collection,"Die verlass'ne Grtnerin (3-14), S. 38",4/4,4/4,simples,2,14.88,60,74,7,maior,2
5778,Essen Folksong Collection,"Die verlorene Ehre (25a), S. 101",4/4,4/4,simples,4,7,28,35,2,maior,3
5779,Essen Folksong Collection,"Die verlorene Ehre (25b), S.102",4/4,4/4,simples,4,7.5,30,40,2,maior,4
5780,Essen Folksong Collection,Die verunglueckte Muellerstochter,4/4,4/4,simples,4,12,48,69,5,maior,0
5781,Essen Folksong Collection,Die verunglueckte Muellerstochter,4/4,4/4,simples,4,8,32,46,9,menor,1
5782,Essen Folksong Collection,Die verunglueckte Muellerstochter,4/4,4/4,simples,8,12,48,49,7,maior,2
5783,Essen Folksong Collection,Die wiedergefundene Schwester (Suedeli - Ballade),4/4,4/4,simples,4,8,32,34,2,maior,3
5784,Essen Folksong Collection,Die wiedergefundene Schwester (Suedeli - Ballade),4/4,4/4,simples,4,8,32,43,2,maior,4
5785,Essen Folksong Collection,Die wiedergefundene Schwester (Suedeli - Ballade),4/4,4/4,simples,4,6,24,37,5,maior,0
5786,Essen Folksong Collection,Die wiedergefundene Schwester (Suedeli - Ballade),4/4,4/4,simples,4,8,32,42,5,maior,1
5787,Essen Folksong Collection,Die wiedergefundene Schwester (Suedeli - Ballade),4/4,4/4,simples,4,8,32,43,4,maior,2
5788,Essen Folksong Collection,Die zwoelf heiligen Zahlen,4/4,4/4,simples,0,11.75,47,47,7,maior,3
5789,Essen Folksong Collection,"Dobbin's flowery vale, S. 58",4/4,4/4,simples,4,16,64,72,0,menor,4
5790,Essen Folksong Collection,"Drei Lilien (116), S. 273",4/4,4/4,simples,4,14.75,59,56,2,maior,0
5791,Essen Folksong Collection,"Drei Lilien, drei Lilien (3-27), S. 70f",4/4,4/4,simples,4,15.75,63,61,0,maior,1
5792,Essen Folksong Collection,Drei Mrder (2-36) S. 114,4/4,4/4,simples,2,14.13,57,54,7,maior,2
5793,Essen Folksong Collection,Drei Schneider und ein Schleck (2-53) S. 169,4/4,4/4,simples,4,11.75,47,54,7,maior,3
5794,Essen Folksong Collection,Drei Soldaten,4/4,4/4,simples,4,9.75,39,44,2,maior,4
5795,Essen Folksong Collection,Drei Soldaten (2-29) S. 91,4/4,4/4,simples,4,9.75,39,45,2,maior,0
5796,Essen Folksong Collection,Dreikoenigslied,4/4,4/4,simples,4,15.75,63,66,2,maior,1
5797,Essen Folksong Collection,"Dreiknigslied (Band 1), S. 17",4/4,4/4,simples,4,15.75,63,69,2,maior,2
5798,Essen Folksong Collection,EDELE DEUTSCHE IHR HABET EMPFANGEN,4/4,4/4,simples,8,18.5,74,85,7,maior,3
5799,Essen Folksong Collection,EDLE FREIHEIT DU MEIN LEBEN,4/4,4/4,simples,4,9.5,38,48,7,maior,4
5800,Essen Folksong Collection,EEN IS EENE,4/4,4/4,simples,0,4,16,22,7,maior,0
5801,Essen Folksong Collection,EH DASS WIR SCHEIDEN MUESSEN,4/4,4/4,simples,4,12,48,54,0,maior,1
5802,Essen Folksong Collection,EHRLICH FREUNDLICH UND SCHOEN,4/4,4/4,simples,0,18,72,60,9,menor,2
5803,Essen Folksong Collection,EI DU FEINER REITER,4/4,4/4,simples,0,28,112,74,0,maior,3
5804,Essen Folksong Collection,EI WIE KAN DE ZEVENSPRUNG,4/4,4/4,simples,0,9.5,38,40,2,maior,4
5805,Essen Folksong Collection,EIN BAUER IST EIN EHRENMANN,4/4,4/4,simples,4,15.75,63,61,2,maior,0
5806,Essen Folksong Collection,EIN FESTE BURG IST UNSER GOTT,4/4,4/4,simples,4,18,72,67,5,maior,1
5807,Essen Folksong Collection,EIN GETREUES HERZ ZU WISSEN,4/4,4/4,simples,8,12,48,52,0,maior,2
5808,Essen Folksong Collection,EIN GUCKGUCK WOLLT AUSFLIEGEN,4/4,4/4,simples,4,8.75,35,30,5,maior,3
5809,Essen Folksong Collection,EIN JAEGER ZOG ZU WALDE,4/4,4/4,simples,4,15.75,63,64,10,maior,4
5810,Essen Folksong Collection,EIN JAEGERSMANN VON FEUER,4/4,4/4,simples,2,15.88,64,92,10,maior,0
5811,Essen Folksong Collection,EIN KIRCHLEIN STEHT IM BLAUEN,4/4,4/4,simples,4,9.75,39,41,8,maior,1
5812,Essen Folksong Collection,EIN LANDSKNECHT WARD GEFANGEN,4/4,4/4,simples,4,9.75,39,40,5,maior,2
5813,Essen Folksong Collection,EIN LIED IN EHREN,4/4,4/4,simples,6,9.88,40,47,5,maior,3
5814,Essen Folksong Collection,EIN LUSTGER MUSIKANTE MARSCHIERTE,4/4,4/4,simples,4,31.75,127,92,9,maior,4
5815,Essen Folksong Collection,EIN MAEDCHEN VON ACHTZEHN JAHREN,4/4,4/4,simples,4,8.75,35,39,5,maior,0
5816,Essen Folksong Collection,EIN MAEDCHEN VON ACHTZEHN JAHREN,4/4,4/4,simples,4,11.75,47,47,7,maior,1
5817,Essen Folksong Collection,EIN SCHAEFERMAEDCHEN SASS IM GRUENEN,4/4,4/4,simples,4,7.75,31,36,2,maior,2
5818,Essen Folksong Collection,EIN SCHIFFLEIN SAH ICH FAHREN,4/4,4/4,simples,4,16,64,77,5,maior,3
5819,Essen Folksong Collection,EIN SCHIFFLEIN SAH ICH FAHREN,4/4,4/4,simples,4,16,64,78,5,maior,4
5820,Essen Folksong Collection,EIN SCHIFFLEIN SAH ICH FAHREN,4/4,4/4,simples,4,16,64,76,7,maior,0
5821,Essen Folksong Collection,EIN SCHNEIDER UND EIN ZIEGENBOCK,4/4,4/4,simples,4,13,52,46,7,maior,1
5822,Essen Folksong Collection,EIN SCHOEN'N GUTEN ABEND,4/4,4/4,simples,4,5.75,23,29,0,maior,2
5823,Essen Folksong Collection,EIN TRAUM IST ALLES NUR AUF ERDEN,4/4,4/4,simples,4,15.75,63,77,7,maior,3
5824,Essen Folksong Collection,EIN VOGEL RUFT IM WALDE,4/4,4/4,simples,4,7.75,31,28,0,maior,4
5825,Essen Folksong Collection,EINE ALTE BURG MIT MAUERN FEST,4/4,4/4,simples,4,16,64,71,0,maior,0
5826,Essen Folksong Collection,EINEN RING TRAG ICH VON DIR,4/4,4/4,simples,0,7.75,31,31,5,maior,1
5827,Essen Folksong Collection,EINER FARBE EINEM GLAUBEN,4/4,4/4,simples,4,18.75,75,73,7,maior,2
5828,Essen Folksong Collection,EINS BAUREN SOHN HAT SICH VERMESSN,4/4,4/4,simples,4,14,56,67,7,menor,3
5829,Essen Folksong Collection,EINS ZWEI DREI ALT IST NICHT NEU,4/4,4/4,simples,0,5.75,23,27,0,maior,4
5830,Essen Folksong Collection,EINS ZWEI DREI VIER FUENF SECHS SIEBEN,4/4,4/4,simples,0,7.75,31,27,7,maior,0
5831,Essen Folksong Collection,EINSAM WANDELT DEIN FREUND,4/4,4/4,simples,4,6.75,27,42,7,maior,1
5832,Essen Folksong Collection,EINSAM WANDL ICH,4/4,4/4,simples,4,15.75,63,76,5,menor,2
5833,Essen Folksong Collection,EINST REIST ICH IN DIE WELT,4/4,4/4,simples,2,4.88,20,34,5,maior,3
5834,Essen Folksong Collection,ELBERFELD DU SCHOENES STAEDTCHEN,4/4,4/4,simples,8,11.75,47,56,0,maior,4
5835,Essen Folksong Collection,ENTLAUBET IST DER WALDE,4/4,4/4,simples,4,15,60,72,0,maior,0
5836,Essen Folksong Collection,ERHEBT EUCH VON DER ERDE,4/4,4/4,simples,4,15.75,63,54,3,maior,1
5837,Essen Folksong Collection,ERLAUBN SIE,4/4,4/4,simples,4,15.75,63,58,3,maior,2
5838,Essen Folksong Collection,ERTOENE BEGEISTERNDES VATERLANDSLIED,4/4,4/4,simples,4,12,48,67,10,maior,3
5839,Essen Folksong Collection,ERWACHT VON SUESSEM SCHLUMMER,4/4,4/4,simples,4,7.75,31,26,7,maior,4
5840,Essen Folksong Collection,ES BLAEST DER SENN AUF HOHER ALP,4/4,4/4,simples,4,7.75,31,30,5,maior,0
5841,Essen Folksong Collection,ES BLIES EIN JAEGER,4/4,4/4,simples,4,9.75,39,47,9,maior,1
5842,Essen Folksong Collection,ES BLIES EIN JAEGER WOL IN SEIN HORN,4/4,4/4,simples,4,9,36,43,7,maior,2
5843,Essen Folksong Collection,ES BLIES EIN JAEGER WOL IN SEIN HORN,4/4,4/4,simples,4,9,36,48,7,maior,3
5844,Essen Folksong Collection,ES BLIES EIN JAEGER WOL IN SEIN HORN,4/4,4/4,simples,4,11.75,47,54,5,maior,4
5845,Essen Folksong Collection,ES BRAUST EIN RUF WIE DONNERHALL,4/4,4/4,simples,4,20,80,68,0,maior,0
5846,Essen Folksong Collection,ES ES ES UND ES,4/4,4/4,simples,0,15.5,62,56,7,maior,1
5847,Essen Folksong Collection,ES FLOG EIN KLEIN WALDVOEGELEIN,4/4,4/4,simples,4,5.75,23,22,7,maior,2
5848,Essen Folksong Collection,ES FLOG EIN KLEINS WALDVOEGELEIN,4/4,4/4,simples,4,16,64,56,5,maior,3
5849,Essen Folksong Collection,ES FLOG EIN TAEUBLEIN WEISSE,4/4,4/4,simples,4,17.75,71,57,0,maior,4
5850,Essen Folksong Collection,ES FREIT DER WILDE WASSERMANN,4/4,4/4,simples,4,11.75,47,56,9,maior,0
5851,Essen Folksong Collection,ES FREIT EINE JUNGE MARKGRAEFIN,4/4,4/4,simples,4,6,24,29,5,maior,1
5852,Essen Folksong Collection,ES FREIT EINMAL EIN WASSERMANN,4/4,4/4,simples,4,6,24,34,7,maior,2
5853,Essen Folksong Collection,ES FUHR EIN ARMER BINDER,4/4,4/4,simples,4,10,40,34,7,maior,3
5854,Essen Folksong Collection,ES FUHR EIN BAUER INS HOLZ,4/4,4/4,simples,4,9.25,37,32,9,menor,4
5855,Essen Folksong Collection,ES FUHR EIN BAUER UEBER DEN RHEIN,4/4,4/4,simples,4,6,24,34,9,maior,0
5856,Essen Folksong Collection,ES FUHR EIN BAUR INS HOLZ,4/4,4/4,simples,4,9.75,39,33,0,maior,1
5857,Essen Folksong Collection,ES FUHR EIN MANN DEN RHEIN AUS,4/4,4/4,simples,4,15.75,63,55,2,maior,2
5858,Essen Folksong Collection,ES GEHT BEI GEDAEMPFTER TROMMEL KLANG,4/4,4/4,simples,2,9.88,40,56,3,maior,3
5859,Essen Folksong Collection,ES GEHT DURCH ALLE LANDE,4/4,4/4,simples,4,12.75,51,45,5,maior,4
5860,Essen Folksong Collection,ES GEHT WOL ZU DER SOMMERZEIT,4/4,4/4,simples,4,19.75,79,66,7,menor,0
5861,Essen Folksong Collection,ES GIEBT JA KEINE ROSE OHNE DORNEN,4/4,4/4,simples,4,7.75,31,39,7,maior,1
5862,Essen Folksong Collection,ES GIEBT NICHTS SCHOENRES,4/4,4/4,simples,4,11.75,47,50,7,maior,2
5863,Essen Folksong Collection,ES GIENG EIN KNAB SPAZIEREN,4/4,4/4,simples,4,11.75,47,47,10,maior,3
5864,Essen Folksong Collection,ES GIENG EIN KNAB SPAZIEREN,4/4,4/4,simples,4,9.75,39,45,7,maior,4
5865,Essen Folksong Collection,ES GIENG EIN KNAB SPAZIEREN,4/4,4/4,simples,4,7.75,31,39,7,maior,0
5866,Essen Folksong Collection,ES GIENG EIN MAEDCHEN GRASEN WOHL,4/4,4/4,simples,4,11.75,47,49,7,maior,1
5867,Essen Folksong Collection,ES GIENG EIN MUELLER UEBER FELD,4/4,4/4,simples,4,5.75,23,24,7,menor,2
5868,Essen Folksong Collection,ES GING EIN MAEDCHEN GRASEN,4/4,4/4,simples,4,9.5,38,46,7,maior,3
5869,Essen Folksong Collection,ES GING EIN MUELLER WOHL UEBERS FELD,4/4,4/4,simples,4,5.75,23,28,7,menor,4
5870,Essen Folksong Collection,ES HAETT EIN SCHWAB EIN TOECHTERLEIN,4/4,4/4,simples,4,11.75,47,44,5,menor,0
5871,Essen Folksong Collection,ES HATT EIN BAUR SEIN FRAU VERLOREN,4/4,4/4,simples,4,15.75,63,58,7,maior,1
5872,Essen Folksong Collection,ES HATTEN DREI GESELLEN,4/4,4/4,simples,4,11.75,47,53,7,maior,2
5873,Essen Folksong Collection,ES HUETET EIN SCHAEFER AN JENEM HOLZ,4/4,4/4,simples,4,6.75,27,30,7,maior,3
5874,Essen Folksong Collection,ES IST BALD ZEIT ZUM SCHLAFEN,4/4,4/4,simples,4,8,32,39,7,maior,4
5875,Essen Folksong Collection,ES IST BESTIMMT IN GOTTES RATH,4/4,4/4,simples,4,14,56,52,4,menor,0
5876,Essen Folksong Collection,ES IST BESTIMMT IN GOTTES RATH,4/4,4/4,simples,4,12,48,44,2,maior,1
5877,Essen Folksong Collection,ES IST EIN SCHNEE GEFALLEN,4/4,4/4,simples,4,12,48,46,5,maior,2
5878,Essen Folksong Collection,ES IST EIN SCHNITTER DER HEISST TOD,4/4,4/4,simples,2,11.88,48,55,7,maior,3
5879,Essen Folksong Collection,ES IST IN DEINEN LIEDERN MEIN VOLK DIR PROPHEZEIT,4/4,4/4,simples,4,11.75,47,51,0,maior,4
5880,Essen Folksong Collection,"ES IST NIT LANG, DASS ES GESCHAH",4/4,4/4,simples,0,17.75,71,51,7,menor,0
5881,Essen Folksong Collection,ES IST SCHON ALLES FERTIG,4/4,4/4,simples,4,13,52,60,7,maior,1
5882,Essen Folksong Collection,ES IST SO KOESTLICH HAND IN HAND DAS LEBEN ZU DURCHWALLEN,4/4,4/4,simples,2,15.88,64,88,2,maior,2
5883,Essen Folksong Collection,ES IST SO STILL GEWORDEN,4/4,4/4,simples,4,15.75,63,59,8,maior,3
5884,Essen Folksong Collection,ES JUG EIN JAEGER WILD UND SCHWEIN,4/4,4/4,simples,2,7.63,31,33,5,maior,4
5885,Essen Folksong Collection,ES KAM EIN ABENTEURER,4/4,4/4,simples,4,8,32,40,7,maior,0
5886,Essen Folksong Collection,ES KAM EIN BETRUEBTER REITER DAHER,4/4,4/4,simples,4,8,32,45,7,maior,1
5887,Essen Folksong Collection,ES KAMEN ZWEI GEGANGEN,4/4,4/4,simples,4,11.75,47,46,7,maior,2
5888,Essen Folksong Collection,ES KANN JA NICHT IMMER SO BLEIBEN,4/4,4/4,simples,4,11.75,47,59,5,maior,3
5889,Essen Folksong Collection,ES KANN JA NICHT IMMER SO BLEIBEN,4/4,4/4,simples,4,11.75,47,57,10,maior,4
5890,Essen Folksong Collection,ES KANN JA NICHT IMMER SO BLEIBEN,4/4,4/4,simples,4,11.75,47,57,10,maior,0
5891,Essen Folksong Collection,ES KLINGT EIN HELLER KLANG,4/4,4/4,simples,4,20.75,83,70,9,maior,1
5892,Essen Folksong Collection,ES KLINGT EIN HOHER KLANG,4/4,4/4,simples,4,25.75,103,86,0,maior,2
5893,Essen Folksong Collection,ES KLINGT EIN RUF IM MAECHTGEN DONNERTONE,4/4,4/4,simples,6,19.88,80,98,9,maior,3
5894,Essen Folksong Collection,ES LAGEN ZWEI VERBORGEN,4/4,4/4,simples,4,7.75,31,33,0,maior,4
5895,Essen Folksong Collection,ES LEBE HOCH DER KRIEGERSTAND,4/4,4/4,simples,6,19.88,80,91,2,maior,0
5896,Essen Folksong Collection,ES LEBE HOCH DER STAND DER EHREN,4/4,4/4,simples,6,23.63,95,105,10,maior,1
5897,Essen Folksong Collection,ES LEBEN ALLE HOCH,4/4,4/4,simples,2,10.75,43,71,7,maior,2
5898,Essen Folksong Collection,ES LIEGT EIN HAUS IM OBERLAND,4/4,4/4,simples,4,12,48,41,5,maior,3
5899,Essen Folksong Collection,ES LIEGT EIN SCHLOSS IN OESTERREICH,4/4,4/4,simples,4,8,32,35,7,menor,4
5900,Essen Folksong Collection,ES LIEGT EIN SCHLOSS IN OESTERREICH,4/4,4/4,simples,4,8,32,34,3,maior,0
5901,Essen Folksong Collection,ES LIESS SICH EIN BAUR EIN PALTROCK SCHNEIDN,4/4,4/4,simples,4,7.75,31,28,5,maior,1
5902,Essen Folksong Collection,ES MARSCHIRTEN DREI REGMENTER WOHL UEBER DEN RHEIN,4/4,4/4,simples,4,8,32,53,7,maior,2
5903,Essen Folksong Collection,ES REISTE WOL EIN FASSBINDER,4/4,4/4,simples,4,11.75,47,53,7,maior,3
5904,Essen Folksong Collection,ES REIT EIN HERR UND AUCH SEIN KNECHT,4/4,4/4,simples,4,10,40,40,4,menor,4
5905,Essen Folksong Collection,ES REIT EIN HERR ZUM SCHLOESSLI AUF EINEM SCHOENEN ROESSLI,4/4,4/4,simples,4,8,32,44,5,maior,0
5906,Essen Folksong Collection,ES REITEN DREI HERREN ZU MUENCHEN HINAUS,4/4,4/4,simples,2,6.63,27,39,7,maior,1
5907,Essen Folksong Collection,ES REITEN DREI REITER ZU MUENCHEN HINAUS,4/4,4/4,simples,2,6.63,27,39,0,maior,2
5908,Essen Folksong Collection,ES RITT EIN JAEGER WOHLGEMUTH,4/4,4/4,simples,4,17,68,70,0,maior,3
5909,Essen Folksong Collection,ES RITT EIN RITTER SEHR WOHLGEMUTH,4/4,4/4,simples,4,8,32,44,7,maior,4
5910,Essen Folksong Collection,ES RITT EIN RITTER WOL UEBER DEN RHEIN,4/4,4/4,simples,4,6,24,33,7,maior,0
5911,Essen Folksong Collection,ES SASSEN DREI GESELLEN,4/4,4/4,simples,4,15.75,63,43,7,maior,1
5912,Essen Folksong Collection,ES SCHEINEN DIE STERNLEIN SO HELL,4/4,4/4,simples,4,9.75,39,43,7,maior,2
5913,Essen Folksong Collection,ES SEI MEIN HERZ UND BLUT GEWEIHT,4/4,4/4,simples,4,14,56,64,3,maior,3
5914,Essen Folksong Collection,ES SEI MEIN HERZ UND BLUT GEWEIHT,4/4,4/4,simples,4,14,56,64,5,maior,4
5915,Essen Folksong Collection,ES SPIELT EIN GRAF MIT EINER MAGD,4/4,4/4,simples,4,8,32,30,7,menor,0
5916,Essen Folksong Collection,ES SPIELT EIN MARKGRAF MIT EINER SCHOENEN DAM,4/4,4/4,simples,4,6,24,25,5,maior,1
5917,Essen Folksong Collection,ES SPIELT' EIN GRAF MIT EINER MAID,4/4,4/4,simples,8,16,64,31,7,menor,2
5918,Essen Folksong Collection,ES STEHT EIN BAUM IM GRUENEN THAL,4/4,4/4,simples,2,7.88,32,28,2,maior,3
5919,Essen Folksong Collection,ES STEHT EIN BAUM IM ODENWALD,4/4,4/4,simples,2,7.63,31,28,9,maior,4
5920,Essen Folksong Collection,ES STEHT EIN LIND IN JENEM THAL,4/4,4/4,simples,4,16,64,60,7,maior,0
5921,Essen Folksong Collection,ES STOT EIN LIND IM HIMMELREICH,4/4,4/4,simples,4,13.75,55,52,0,maior,1
5922,Essen Folksong Collection,ES STUND EIN HAEUSLEIN AN DEM RHEIN,4/4,4/4,simples,4,6.75,27,27,7,maior,2
5923,Essen Folksong Collection,ES STUNDEN DREI ROSEN AUF EINEM ZWEIG,4/4,4/4,simples,4,7.75,31,32,3,maior,3
5924,Essen Folksong Collection,ES TAGET AUS DEM OSTEN,4/4,4/4,simples,4,12,48,40,7,menor,4
5925,Essen Folksong Collection,ES TRIEB DER SCHAEFER DIE HEERDE HINAUS,4/4,4/4,simples,4,6,24,35,5,maior,0
5926,Essen Folksong Collection,ES TRIEB EIN SCHAEFER DIE LAEMMELEIN AUS,4/4,4/4,simples,4,7,28,43,0,maior,1
5927,Essen Folksong Collection,ES TRITT DER LENZ ZUR ROSE HIN,4/4,4/4,simples,4,9.75,39,34,9,maior,2
5928,Essen Folksong Collection,ES VERLIEBTE SICH EIN WILDER WASSERMANN,4/4,4/4,simples,4,7.75,31,39,9,maior,3
5929,Essen Folksong Collection,ES WAR AUF JUETLANDS AUEN,4/4,4/4,simples,4,19.75,79,73,7,menor,4
5930,Essen Folksong Collection,ES WAR EIN ALTER KOENIG EIN KOENIG AN DEM RHEIN,4/4,4/4,simples,4,15.75,63,53,5,maior,0
5931,Essen Folksong Collection,ES WAR EIN KOENIG VON THULE,4/4,4/4,simples,4,15.75,63,58,7,menor,1
5932,Essen Folksong Collection,ES WAR EIN REICHER MUELLERSMANN,4/4,4/4,simples,4,6,24,30,10,maior,2
5933,Essen Folksong Collection,ES WAR EIN REICHER SCHLAECHTERSMANN,4/4,4/4,simples,4,12,48,54,9,menor,3
5934,Essen Folksong Collection,ES WAR EINE SCHOENE JUEDIN,4/4,4/4,simples,4,15.75,63,62,2,maior,4
5935,Essen Folksong Collection,ES WAR EINE SCHOENE JUEDIN,4/4,4/4,simples,4,13,52,39,2,maior,0
5936,Essen Folksong Collection,ES WAR EINE STOLZE JUEDIN,4/4,4/4,simples,4,9.75,39,36,5,maior,1
5937,Essen Folksong Collection,ES WAR EINMAL EIN ARMER MANN,4/4,4/4,simples,4,7.75,31,35,7,maior,2
5938,Essen Folksong Collection,ES WAR EINMAL EIN FEINER KNAB,4/4,4/4,simples,4,8,32,37,5,maior,3
5939,Essen Folksong Collection,ES WAR EINMAL EIN GAERTNER,4/4,4/4,simples,4,11.75,47,52,5,maior,4
5940,Essen Folksong Collection,"ES WAR EINMAL EIN GAERTNER, DER SANG EIN TRAURIG LIED",4/4,4/4,simples,12,10.63,42,49,5,maior,0
5941,Essen Folksong Collection,ES WAR EINMAL EIN MAEDCHEN,4/4,4/4,simples,4,11.75,47,47,2,maior,1
5942,Essen Folksong Collection,ES WAR EINMAL EIN REITERSMANN,4/4,4/4,simples,4,9,36,44,2,menor,2
5943,Essen Folksong Collection,ES WAR EINMAL EINE KOENIGIN,4/4,4/4,simples,4,7.75,31,27,7,maior,3
5944,Essen Folksong Collection,ES WAR EINMAL EINE MUELLERIN,4/4,4/4,simples,4,11.75,47,45,5,maior,4
5945,Essen Folksong Collection,ES WAR'N ZWEI KOENIGSKINDER,4/4,4/4,simples,6,7.75,31,39,2,menor,0
5946,Essen Folksong Collection,ES WAREN DREI GESELLEN,4/4,4/4,simples,4,8,32,44,10,maior,1
5947,Essen Folksong Collection,ES WAREN EINMAL DREI REITER,4/4,4/4,simples,4,9.75,39,54,0,maior,2
5948,Essen Folksong Collection,ES WAREN EINMAL DREI REUTER GEFANGEN,4/4,4/4,simples,4,9.75,39,53,0,maior,3
5949,Essen Folksong Collection,ES WAREN MAL DREI FRANZOSEN,4/4,4/4,simples,4,8,32,43,7,maior,4
5950,Essen Folksong Collection,ES WAREN ZWEI KOENIGSKINDER,4/4,4/4,simples,4,9.75,39,46,7,maior,0
5951,Essen Folksong Collection,ES WAREN ZWEI VERLIEBTE IN DEM MAILAND,4/4,4/4,simples,4,11.75,47,61,7,maior,1
5952,Essen Folksong Collection,ES WARN EINMAL ZWEI JUNGE KNABN,4/4,4/4,simples,4,13.75,55,57,7,maior,2
5953,Essen Folksong Collection,ES WEIDET EIN SCHAEFER IM LANGEN HOLZ,4/4,4/4,simples,2,9.88,40,53,5,maior,3
5954,Essen Folksong Collection,ES WELKEN ALLE BLAETTER,4/4,4/4,simples,4,13.75,55,52,9,maior,4
5955,Essen Folksong Collection,ES WOHNT EIN MUELLER AN DEM RHEIN,4/4,4/4,simples,4,6,24,27,10,maior,0
5956,Essen Folksong Collection,ES WOHNT EIN PFALZGRAF AN DEM RHEIN,4/4,4/4,simples,4,6.75,27,24,7,maior,1
5957,Essen Folksong Collection,ES WOLLT EIN JAEGER JAGEN,4/4,4/4,simples,4,16,64,41,5,maior,2
5958,Essen Folksong Collection,ES WOLLT EIN JAEGER JAGEN,4/4,4/4,simples,4,9.75,39,51,3,maior,3
5959,Essen Folksong Collection,ES WOLLT EIN JAEGER JAGEN,4/4,4/4,simples,4,9.75,39,52,3,maior,4
5960,Essen Folksong Collection,ES WOLLT EIN JUNGFRAU FRUEH AUFSTEHN,4/4,4/4,simples,4,7.75,31,35,7,maior,0
5961,Essen Folksong Collection,ES WOLLT EIN JUNGMAGD FRUEH AUFSTEHN,4/4,4/4,simples,4,8,32,42,5,maior,1
5962,Essen Folksong Collection,ES WOLLT EIN MAEDCHEN GRASEN GEHN,4/4,4/4,simples,4,11.75,47,55,7,maior,2
5963,Essen Folksong Collection,ES WOLLT EIN MAEGDLEIN EIN BULEN HAN,4/4,4/4,simples,4,8,32,32,7,maior,3
5964,Essen Folksong Collection,ES WOLLT EIN MAEGDLEIN SPAZIEREN GEHN,4/4,4/4,simples,2,5.88,24,32,9,menor,4
5965,Essen Folksong Collection,ES WOLLT EIN MUELLER FRUEH AUFSTEHN,4/4,4/4,simples,4,6,24,23,7,maior,0
5966,Essen Folksong Collection,ES WOLLT EIN MUELLER FRUEH AUFSTEHN,4/4,4/4,simples,4,6,24,28,5,maior,1
5967,Essen Folksong Collection,ES WOLLT EIN MUELLER FRUEH AUFSTEHN,4/4,4/4,simples,4,8,32,31,2,maior,2
5968,Essen Folksong Collection,ES WOLLT EIN SCHNEIDER WANDERN,4/4,4/4,simples,4,11.75,47,51,7,maior,3
5969,Essen Folksong Collection,ES ZOGEN ZWEI GRAFEN WOHL UEBER DEN RHEIN,4/4,4/4,simples,4,9,36,46,9,maior,4
5970,Essen Folksong Collection,ESKANN JA NICHT IMMER SO BLEIBEN,4/4,4/4,simples,4,11.75,47,61,10,maior,0
5971,Essen Folksong Collection,EST CE MAI,4/4,4/4,simples,0,18,72,62,9,menor,1
5972,Essen Folksong Collection,ET FRAD DE KENENK GENZT DEM REIN,4/4,4/4,simples,6,11.88,48,50,7,maior,2
5973,Essen Folksong Collection,ET TRAEIP EN SCHAEPER SINE SCHAEPKES UT,4/4,4/4,simples,4,6,24,31,9,maior,3
5974,Essen Folksong Collection,ET WASSEN TWE KUENIGESKINNER,4/4,4/4,simples,4,9.75,39,49,5,maior,4
5975,Essen Folksong Collection,ET WASSEN TWE KUENIGESKINNER,4/4,4/4,simples,4,9.75,39,53,5,maior,0
5976,Essen Folksong Collection,"Ehestandslied (Band 1), S. 227",4/4,4/4,simples,4,13.75,55,56,7,maior,1
5977,Essen Folksong Collection,"Ein Fhnrich zog zum Kriege (5-63), S. 103",4/4,4/4,simples,4,9.75,39,36,5,maior,2
5978,Essen Folksong Collection,"Eine Schwalbe macht keinen Sommer (167a), S. 362",4/4,4/4,simples,0,19.5,78,110,2,maior,3
5979,Essen Folksong Collection,"Eine gruselige Geschichte, S. 70",4/4,4/4,simples,4,24,96,142,10,maior,4
5980,Essen Folksong Collection,"Einst saá ich auf grner Heide (1-45), S. 114f",4/4,4/4,simples,4,15.75,63,75,5,maior,0
5981,Essen Folksong Collection,Eischterliedji,4/4,4/4,simples,4,7.75,31,36,7,maior,1
5982,Essen Folksong Collection,"Erscheinung in der Brautnacht (55a), S. 176",4/4,4/4,simples,4,11.75,47,68,4,menor,2
5983,Essen Folksong Collection,Ertongtuan zhangangfangshaoge,4/4,4/4,simples,0,6,24,42,2,maior,3
5984,Essen Folksong Collection,"Es blast ein Hirt (5-66), S. 107",4/4,4/4,simples,4,6,24,32,2,maior,4
5985,Essen Folksong Collection,"Es droehnet der Marsch der Kolonne,",4/4,4/4,simples,4,19.75,79,88,4,menor,0
5986,Essen Folksong Collection,"Es fahrt ein Schfer in jenem Tal (5-67), S. 109",4/4,4/4,simples,4,10,40,47,5,maior,1
5987,Essen Folksong Collection,"Es gung ein Jger wohl jagen (1-15), S. 40",4/4,4/4,simples,4,11.75,47,55,7,maior,2
5988,Essen Folksong Collection,"Es hatt' ein Mann eine hbsche Frau (3-29), S. 74",4/4,4/4,simples,2,4.63,19,30,5,maior,3
5989,Essen Folksong Collection,"Es ist dunkel auf hohen Bergen (3-58), S. 168",4/4,4/4,simples,4,12,48,52,5,maior,4
5990,Essen Folksong Collection,"Es ist dunkel auf hohen Bergen (3-58), S. 168",4/4,4/4,simples,4,8,32,39,5,maior,0
5991,Essen Folksong Collection,"Es ist ein Schnee gefallen (3-61), S. 175",4/4,4/4,simples,4,9.75,39,46,7,maior,1
5992,Essen Folksong Collection,"Es kann ja nicht immer so bleiben (1-28), S. 74",4/4,4/4,simples,4,11.75,47,57,5,maior,2
5993,Essen Folksong Collection,"Es reist eine Jungfrau (Band 1), S. 91",4/4,4/4,simples,4,10,40,52,7,maior,3
5994,Essen Folksong Collection,"Es sollt sich ein Jger ausjagen (233b), S. 504",4/4,4/4,simples,2,12.63,51,75,0,maior,4
5995,Essen Folksong Collection,"Es spielten einst drei Brder (Band 1), S. 141",4/4,4/4,simples,4,7.5,30,29,5,maior,0
5996,Essen Folksong Collection,"Es verliebt sich einst ein Jngling (5-73), S. 118",4/4,4/4,simples,8,16,64,60,5,maior,1
5997,Essen Folksong Collection,"Es war einmal eine Mllerin (5-75), S. 121",4/4,4/4,simples,4,11.75,47,46,2,maior,2
5998,Essen Folksong Collection,"Es waren drei Gesellen (5-76), S. 122",4/4,4/4,simples,4,12,48,63,5,maior,3
5999,Essen Folksong Collection,Es waren drei Schelmen,4/4,4/4,simples,4,7,28,32,4,menor,4
6000,Essen Folksong Collection,Es waren einmal drei Reiter gefangn,4/4,4/4,simples,4,9.75,39,46,10,maior,0
6001,Essen Folksong Collection,"Es wohnet ein Meister (5-77), S. 124",4/4,4/4,simples,4,8,32,54,7,maior,1
6002,Essen Folksong Collection,"Es wohnt ein Pfalzgraf an dem Rhein (Band 1), S. 124",4/4,4/4,simples,4,6.75,27,27,4,menor,2
6003,Essen Folksong Collection,"Es wohnt sich ein Mller an jenem Deich (1-14), S.37",4/4,4/4,simples,4,6,24,54,7,maior,3
6004,Essen Folksong Collection,"Es wollt ein Leineweber wandern (4-43), S. 59",4/4,4/4,simples,4,11.75,47,51,7,maior,4
6005,Essen Folksong Collection,"Es wollt ein Mdchen in der Frh' aufstehn (7-81), S. 129",4/4,4/4,simples,4,11.75,47,51,5,maior,0
6006,Essen Folksong Collection,"Es wollt sich ein Herr ausreiten (Band 1), S. 59",4/4,4/4,simples,4,8,32,42,4,menor,1
6007,Essen Folksong Collection,"Es, es, es und es (3-47), S. 28f",4/4,4/4,simples,0,15.5,62,56,7,maior,2
6008,Essen Folksong Collection,FALSCHES HALLE GUTE NACHT,4/4,4/4,simples,0,21,84,59,5,menor,3
6009,Essen Folksong Collection,FEINDE RINGSUM,4/4,4/4,simples,0,11.25,45,36,10,maior,4
6010,Essen Folksong Collection,FEINDE RINGSUM FEINDE RINGSUM,4/4,4/4,simples,0,11.5,46,40,8,maior,0
6011,Essen Folksong Collection,FINSTER IST DIE MITTERNACHT,4/4,4/4,simples,4,11.75,47,41,8,maior,1
6012,Essen Folksong Collection,FLUECHTIGER ALS WIND UND WELLE,4/4,4/4,simples,0,15.75,63,85,10,maior,2
6013,Essen Folksong Collection,FOLGE KIND FOLGE,4/4,4/4,simples,0,15,60,41,5,maior,3
6014,Essen Folksong Collection,FREIHEIT DIE ICH MEINE DIE MEIN HERZ ERFUELLT,4/4,4/4,simples,0,15.5,62,46,9,menor,4
6015,Essen Folksong Collection,FREUDE SCHOENER GOETTERFUNKEN,4/4,4/4,simples,4,25.75,103,114,10,maior,0
6016,Essen Folksong Collection,FREUDE SCHOENER GOETTERFUNKEN,4/4,4/4,simples,8,24,96,112,0,maior,1
6017,Essen Folksong Collection,FREUDE SCHWESTER EDLER SEELEN,4/4,4/4,simples,4,23.5,94,102,7,maior,2
6018,Essen Folksong Collection,FREUND ICH ACHTE NICHT DES MAHLES,4/4,4/4,simples,0,19.5,78,64,2,maior,3
6019,Essen Folksong Collection,FREUNDE TRINKT EINMAL,4/4,4/4,simples,0,15.63,62,62,5,maior,4
6020,Essen Folksong Collection,FREUNDLICH GLAENZT AN STILLER QUELLE,4/4,4/4,simples,8,9.75,39,42,5,maior,0
6021,Essen Folksong Collection,FRIDERICUS REX UNSER KOENIG,4/4,4/4,simples,6,7.75,31,46,9,maior,1
6022,Essen Folksong Collection,FRIDERICUS REX UNSER KOENIG UND HERR,4/4,4/4,simples,4,12,48,80,10,maior,2
6023,Essen Folksong Collection,FRIEDE SEI UM DIESEN GRABSTEIN HER,4/4,4/4,simples,8,36.75,147,159,0,menor,3
6024,Essen Folksong Collection,FRISCH AUF FRISCH AUF,4/4,4/4,simples,2,11.63,47,60,2,maior,4
6025,Essen Folksong Collection,FRISCH AUF IHR GESELLEN,4/4,4/4,simples,4,14,56,65,7,maior,0
6026,Essen Folksong Collection,FRISCH AUF MEIN LIEBES TOECHTERLEIN,4/4,4/4,simples,4,7.75,31,28,7,maior,1
6027,Essen Folksong Collection,FRISCH AUF MEINE KNAPPEN,4/4,4/4,simples,4,9,36,45,7,menor,2
6028,Essen Folksong Collection,FRISCH AUF SOLDATENBLUT,4/4,4/4,simples,4,11.75,47,43,10,maior,3
6029,Essen Folksong Collection,FRISCH AUF SOLDATENBLUT,4/4,4/4,simples,0,16,64,62,10,maior,4
6030,Essen Folksong Collection,FRISCH AUF ZUM KAMPF,4/4,4/4,simples,6,11.88,48,64,7,maior,0
6031,Essen Folksong Collection,FROEHLICH TOENT DER BECHERKLANG,4/4,4/4,simples,0,21.75,87,87,0,maior,1
6032,Essen Folksong Collection,FROEHLICH ZU SEIN IN EHREN,4/4,4/4,simples,4,21.75,87,74,7,maior,2
6033,Essen Folksong Collection,FRUEHMORGENS ALS DER TAG ANBRACH,4/4,4/4,simples,4,11.75,47,47,7,maior,3
6034,Essen Folksong Collection,FRUEHMORGENS DER PFALZGRAF ZUM WAIDWERK REIT,4/4,4/4,simples,4,8,32,48,5,menor,4
6035,Essen Folksong Collection,FUESELIER SIND LUSTGE BRUEDER,4/4,4/4,simples,0,23.5,94,87,5,maior,0
6036,Essen Folksong Collection,"Falscher Sinn (81a), S. 221",4/4,4/4,simples,4,7.75,31,37,7,maior,1
6037,Essen Folksong Collection,"Falscher Sinn (81a), S. 221",4/4,4/4,simples,4,8.75,35,41,2,maior,2
6038,Essen Folksong Collection,"Falscher Sinn (81a), S. 221",4/4,4/4,simples,4,8.75,35,43,2,maior,3
6039,Essen Folksong Collection,"Falscher Sinn (81b), S. 222f",4/4,4/4,simples,4,8.75,35,37,2,maior,4
6040,Essen Folksong Collection,Fan luosuo wugeng,4/4,4/4,simples,0,24.75,99,114,2,maior,0
6041,Essen Folksong Collection,Fang fengzheng,4/4,4/4,simples,0,23,92,158,2,maior,1
6042,Essen Folksong Collection,Fangniu fang dao xiaohe bian,4/4,4/4,simples,0,4.75,19,29,9,maior,2
6043,Essen Folksong Collection,Fanshen wugeng,4/4,4/4,simples,0,13,52,94,7,maior,3
6044,Essen Folksong Collection,"Feinslieb im Grab (3-75), S. 209",4/4,4/4,simples,4,11.75,47,46,8,maior,4
6045,Essen Folksong Collection,Fengyang huagu (1),4/4,4/4,simples,0,16,64,71,4,menor,0
6046,Essen Folksong Collection,Fengyang huagu (2),4/4,4/4,simples,0,15,60,84,3,maior,1
6047,Essen Folksong Collection,Fische verkaufen,4/4,4/4,simples,0,10,40,28,5,maior,2
6048,Essen Folksong Collection,Five and A'the Lands about it,4/4,4/4,simples,0,16,64,78,2,maior,3
6049,Essen Folksong Collection,"Freiheit mein Vergngen (70), S. 204",4/4,4/4,simples,4,10,40,49,0,maior,4
6050,Essen Folksong Collection,"Frisch auf Soldatenblut (147), S. 326",4/4,4/4,simples,4,11.75,47,49,9,maior,0
6051,Essen Folksong Collection,"Frisch auf, in Gottes Namen!",4/4,4/4,simples,4,17.75,71,59,7,maior,1
6052,Essen Folksong Collection,"Frohe Stunde (3-88), S. 243",4/4,4/4,simples,4,11.75,47,46,7,maior,2
6053,Essen Folksong Collection,"Fuair mise Póigín, S. 163",4/4,4/4,simples,2,12,48,72,5,maior,3
6054,Essen Folksong Collection,Fuchs im Loche,4/4,4/4,simples,4,7.75,31,37,7,maior,4
6055,Essen Folksong Collection,GAR HOCH AUF JENEM BERGE,4/4,4/4,simples,4,17.25,69,52,5,maior,0
6056,Essen Folksong Collection,GEDENK MIT HOCHGEFUEHL AN JENE,4/4,4/4,simples,2,17.88,72,88,0,maior,1
6057,Essen Folksong Collection,GEGRUESST DU LAND DER TREUE,4/4,4/4,simples,4,7.75,31,32,7,maior,2
6058,Essen Folksong Collection,GEH AUS MEIN HERZ UND SUCHE FREUD,4/4,4/4,simples,4,12,48,53,5,maior,3
6059,Essen Folksong Collection,GEH MEIN HANSEI,4/4,4/4,simples,0,7.25,29,36,9,maior,4
6060,Essen Folksong Collection,GELUCKIG IS HE DIE LEERT STERVEN,4/4,4/4,simples,4,13,52,60,0,maior,0
6061,Essen Folksong Collection,GESTERN ABEND IN DER STILLEN RUH,4/4,4/4,simples,4,7.75,31,52,9,maior,1
6062,Essen Folksong Collection,GESTERN ABEND IN DER STILLEN RUH,4/4,4/4,simples,4,12,48,60,0,maior,2
6063,Essen Folksong Collection,GESTERN ABEND WAR VETTER MICHEL HIER,4/4,4/4,simples,4,15.5,62,78,5,maior,3
6064,Essen Folksong Collection,GESTERN ABEND WAR VETTER MICHEL HIER,4/4,4/4,simples,4,16,64,83,5,maior,4
6065,Essen Folksong Collection,GESUND UND FROHEN MUTHES,4/4,4/4,simples,4,13.75,55,44,2,maior,0
6066,Essen Folksong Collection,GIK GAK FER E DREIER SCHNUPFTABAK,4/4,4/4,simples,0,11.75,47,38,5,maior,1
6067,Essen Folksong Collection,GLEICHWIE EIN FRUCHTBAR REGEN,4/4,4/4,simples,4,15.75,63,52,2,menor,2
6068,Essen Folksong Collection,GLUECK AUF DER STEIGER KOEMMT,4/4,4/4,simples,0,11.5,46,41,7,maior,3
6069,Essen Folksong Collection,GOENSTIGER HERR UND FREUND,4/4,4/4,simples,4,16,64,46,5,maior,4
6070,Essen Folksong Collection,GOENSTIGER HERR UND FREUND,4/4,4/4,simples,4,8,32,24,7,maior,0
6071,Essen Folksong Collection,GOTT DEINE KINDLEIN,4/4,4/4,simples,4,7.75,31,32,7,maior,1
6072,Essen Folksong Collection,GOTT DES HIMMELS UND DER ERDEN,4/4,4/4,simples,0,12,48,44,4,menor,2
6073,Essen Folksong Collection,GOTT GRUESS DICH LIEBES MAEDCHEN,4/4,4/4,simples,2,17.63,71,68,0,maior,3
6074,Essen Folksong Collection,GOTT GRUESS EUCH ALTER,4/4,4/4,simples,4,7.5,30,35,2,maior,4
6075,Essen Folksong Collection,GOTT SEI DES KAISERS SCHUTZ,4/4,4/4,simples,0,23.5,94,59,5,maior,0
6076,Essen Folksong Collection,GOTT SEI MIT DIR MEIN SACHSENLAND,4/4,4/4,simples,5,23.81,96,108,10,maior,1
6077,Essen Folksong Collection,GRAF FRIEDRICH WOLLT AUSREITEN,4/4,4/4,simples,4,12,48,56,10,maior,2
6078,Essen Folksong Collection,GRUESS DE GOTT,4/4,4/4,simples,0,7.75,31,35,7,maior,3
6079,Essen Folksong Collection,GUT GSELL UND DU MUSST WANDERN,4/4,4/4,simples,4,16,64,70,7,maior,4
6080,Essen Folksong Collection,GUT HENSEL UEBR DIE HEIDE REIT,4/4,4/4,simples,4,9,36,34,5,maior,0
6081,Essen Folksong Collection,GUTE NACHT,4/4,4/4,simples,8,12,48,47,2,maior,1
6082,Essen Folksong Collection,GUTE NACHT JETZT MUSS ICH SCHEIDEN,4/4,4/4,simples,0,16,64,76,5,maior,2
6083,Essen Folksong Collection,GUTE NACHT MEIN FEINES LIEB,4/4,4/4,simples,4,15.75,63,75,7,maior,3
6084,Essen Folksong Collection,GUTE NACHT MEINE WALLFAHRT IST VOLLBRACHT,4/4,4/4,simples,0,13.5,54,45,4,maior,4
6085,Essen Folksong Collection,GUTE NACHT UND FROEHLICH LEBEN,4/4,4/4,simples,4,15.75,63,79,7,maior,0
6086,Essen Folksong Collection,GUTEN ABEND LIEBES KIND,4/4,4/4,simples,8,7.75,31,29,7,maior,1
6087,Essen Folksong Collection,GUTEN TAG MEIN LIEBER HERR PAPA,4/4,4/4,simples,0,8,32,25,9,menor,2
6088,Essen Folksong Collection,GUTER FREUND ICH FRAGE DICH,4/4,4/4,simples,0,11.75,47,47,7,maior,3
6089,Essen Folksong Collection,GUTER FREUND ICH FRAGE DICH,4/4,4/4,simples,0,11.75,47,43,5,maior,4
6090,Essen Folksong Collection,GUTER HIMMEL ICH MUSS SCHEIDEN,4/4,4/4,simples,0,11.75,47,47,5,maior,0
6091,Essen Folksong Collection,GUTER MOND DU GEHST SO STILLE,4/4,4/4,simples,4,15.75,63,78,7,maior,1
6092,Essen Folksong Collection,GUTN ABEND GUTN ABEND FRAU MUELLERIN,4/4,4/4,simples,4,9,36,39,7,maior,2
6093,Essen Folksong Collection,Ga laohan,4/4,4/4,simples,0,12,48,67,7,menor,3
6094,Essen Folksong Collection,Gaoshan dingshang xiu tiao he,4/4,4/4,simples,0,13,52,72,0,maior,4
6095,Essen Folksong Collection,"Gefangen in maurischer Wueste,",4/4,4/4,simples,4,17.75,71,88,10,maior,0
6096,Essen Folksong Collection,"Geht zur Ruhe, meine Glieder (5-38), S. 64",4/4,4/4,simples,4,16,64,81,2,menor,1
6097,Essen Folksong Collection,Genzhe taiyang yilu lai,4/4,4/4,simples,4,11.38,45,74,2,maior,2
6098,Essen Folksong Collection,"Gesellenlied (3-37), S. 115",4/4,4/4,simples,4,13.75,55,53,7,maior,3
6099,Essen Folksong Collection,Graf Friedrich,4/4,4/4,simples,4,8,32,39,0,maior,4
6100,Essen Folksong Collection,Graf Friedrich,4/4,4/4,simples,4,8,32,37,10,maior,0
6101,Essen Folksong Collection,Graf Friedrich,4/4,4/4,simples,4,8,32,38,0,maior,1
6102,Essen Folksong Collection,Graf Friedrich,4/4,4/4,simples,4,12,48,74,4,maior,2
6103,Essen Folksong Collection,Graf und Nonne (Die Nonne),4/4,4/4,simples,4,8.75,35,30,0,maior,3
6104,Essen Folksong Collection,Graf und Nonne (Die Nonne),4/4,4/4,simples,4,11.75,47,45,5,maior,4
6105,Essen Folksong Collection,Graf und Nonne (Die Nonne),4/4,4/4,simples,4,7.75,31,28,5,maior,0
6106,Essen Folksong Collection,Graf und Nonne (Die Nonne),4/4,4/4,simples,4,10,40,34,0,maior,1
6107,Essen Folksong Collection,Graf und Nonne (Die Nonne),4/4,4/4,simples,4,7.5,30,34,2,maior,2
6108,Essen Folksong Collection,Graf und Nonne (Die Nonne),4/4,4/4,simples,8,12,48,44,7,maior,3
6109,Essen Folksong Collection,Graf und Nonne (Die Nonne),4/4,4/4,simples,4,11.75,47,42,7,menor,4
6110,Essen Folksong Collection,Graf und Nonne (Die Nonne),4/4,4/4,simples,4,9.75,39,38,5,maior,0
6111,Essen Folksong Collection,Graf und Nonne (Die Nonne),4/4,4/4,simples,4,11.75,47,51,7,maior,1
6112,Essen Folksong Collection,Graf und Nonne (Die Nonne),4/4,4/4,simples,0,7.5,30,35,4,maior,2
6113,Essen Folksong Collection,Graf und Nonne (Die Nonne),4/4,4/4,simples,4,8.5,34,32,0,maior,3
6114,Essen Folksong Collection,Graf und Nonne (Die Nonne),4/4,4/4,simples,4,15.75,63,58,7,maior,4
6115,Essen Folksong Collection,Graf und Nonne (Die Nonne),4/4,4/4,simples,4,9.75,39,43,5,maior,0
6116,Essen Folksong Collection,Graf und Nonne (Die Nonne),4/4,4/4,simples,4,11.75,47,53,7,menor,1
6117,Essen Folksong Collection,Graf und Nonne (Die Nonne),4/4,4/4,simples,4,8.75,35,41,7,menor,2
6118,Essen Folksong Collection,Graf und Nonne (Die Nonne),4/4,4/4,simples,4,11.75,47,43,7,menor,3
6119,Essen Folksong Collection,Graf und Nonne (Die Nonne),4/4,4/4,simples,4,15.75,63,70,7,maior,4
6120,Essen Folksong Collection,Graf und Nonne (Die Nonne),4/4,4/4,simples,4,7.75,31,29,7,maior,0
6121,Essen Folksong Collection,Graf und Nonne (Die Nonne),4/4,4/4,simples,4,9.75,39,43,7,maior,1
6122,Essen Folksong Collection,Graf und Nonne (Die Nonne),4/4,4/4,simples,4,7.75,31,36,7,maior,2
6123,Essen Folksong Collection,Graf und Nonne (Die Nonne),4/4,4/4,simples,4,7.75,31,28,7,maior,3
6124,Essen Folksong Collection,Graf und Nonne (Die Nonne),4/4,4/4,simples,4,8.75,35,35,7,maior,4
6125,Essen Folksong Collection,Graf und Nonne (Die Nonne),4/4,4/4,simples,4,8.75,35,35,7,maior,0
6126,Essen Folksong Collection,Graf von Rom,4/4,4/4,simples,4,7.75,31,36,7,maior,1
6127,Essen Folksong Collection,Graserin und Reiter,4/4,4/4,simples,4,11.75,47,39,7,maior,2
6128,Essen Folksong Collection,Graserin und Reiter,4/4,4/4,simples,4,11.75,47,49,7,maior,3
6129,Essen Folksong Collection,Graserin und Reiter,4/4,4/4,simples,4,9.75,39,38,7,menor,4
6130,Essen Folksong Collection,Graserin und Reiter,4/4,4/4,simples,4,11.75,47,45,7,maior,0
6131,Essen Folksong Collection,Graserin und Reiter,4/4,4/4,simples,4,6.75,27,30,2,maior,1
6132,Essen Folksong Collection,Graserin und Reiter,4/4,4/4,simples,4,11.75,47,49,6,menor,2
6133,Essen Folksong Collection,Gute Meinung,4/4,4/4,simples,0,15.75,63,97,3,maior,3
6134,Essen Folksong Collection,Gute Meinung (2-1) S. 11,4/4,4/4,simples,0,15.75,63,101,3,maior,4
6135,Essen Folksong Collection,"Gute Meinung (5-25), S. 44",4/4,4/4,simples,0,15.75,63,101,3,maior,0
6136,Essen Folksong Collection,"Gnral Bertrand (136a), S. 307f",4/4,4/4,simples,6,19.88,80,108,0,maior,1
6137,Essen Folksong Collection,HAB ICH MEIN TAG KEIN GUT GETHAN,4/4,4/4,simples,4,7.75,31,29,7,menor,2
6138,Essen Folksong Collection,HAB OFT IM KREISE DER LIEBEN,4/4,4/4,simples,4,15.75,63,67,10,maior,3
6139,Essen Folksong Collection,HABT IHR ES NOCH NIE ERFAHREN,4/4,4/4,simples,0,10.75,43,34,3,maior,4
6140,Essen Folksong Collection,HAENSCHEN WILLST DU TANZEN,4/4,4/4,simples,0,13.5,54,46,5,maior,0
6141,Essen Folksong Collection,HAETT ICH DEN ZOLL AM RHEIN,4/4,4/4,simples,4,10,40,31,7,maior,1
6142,Essen Folksong Collection,HAMBURG IST EIN SCHOENES STAEDTCHEN,4/4,4/4,simples,0,7,28,31,7,maior,2
6143,Essen Folksong Collection,HANI EN BLAUEN STORKEN GSEH,4/4,4/4,simples,4,7.75,31,30,7,maior,3
6144,Essen Folksong Collection,HANS SATTLE MIR DEN GAUL,4/4,4/4,simples,12,4,16,26,0,maior,4
6145,Essen Folksong Collection,HANSELEMANN HAT STEFELE AN,4/4,4/4,simples,0,7.75,31,30,2,maior,0
6146,Essen Folksong Collection,HAT EIER VATER VIEL HAFEN GEFAENGT,4/4,4/4,simples,0,18,72,74,9,menor,1
6147,Essen Folksong Collection,HEILGE LIEBE HIMMELSGLAUBE,4/4,4/4,simples,0,7.75,31,35,7,maior,2
6148,Essen Folksong Collection,HEILIGER HERR SANCT LORENZ,4/4,4/4,simples,4,7.75,31,29,5,maior,3
6149,Essen Folksong Collection,HEINRICH SCHLIEF BEI SEINER NEUVERMAEHLTEN,4/4,4/4,simples,4,8,32,43,7,maior,4
6150,Essen Folksong Collection,HEINRICH SCHLIEF BEI SEINER NEUVERMAEHLTEN,4/4,4/4,simples,4,8,32,43,7,maior,0
6151,Essen Folksong Collection,HEITER WAR DER FRUEHLING,4/4,4/4,simples,4,15.75,63,78,3,maior,1
6152,Essen Folksong Collection,HERMANN FLA LAERM AN,4/4,4/4,simples,0,10,40,29,0,maior,2
6153,Essen Folksong Collection,HERMEN FLA DERMEN,4/4,4/4,simples,0,9.75,39,37,2,maior,3
6154,Essen Folksong Collection,HERR BACCHUS IST EIN BRAVER MANN,4/4,4/4,simples,4,8,32,32,3,maior,4
6155,Essen Folksong Collection,HERZ MEIN HERZ WARUM SO TRAURIG,4/4,4/4,simples,4,9.75,39,52,5,maior,0
6156,Essen Folksong Collection,HERZ MEIN HERZ WAS SOLL DAS GEBEN,4/4,4/4,simples,8,17,68,76,0,maior,1
6157,Essen Folksong Collection,HERZU EIN NEUER PANTALON,4/4,4/4,simples,4,16,64,60,5,maior,2
6158,Essen Folksong Collection,HEUT NOCH SIND WIR HIER ZU HAUS,4/4,4/4,simples,0,13.75,55,44,7,maior,3
6159,Essen Folksong Collection,HEY MUTTER DER FINK IST TODT,4/4,4/4,simples,0,6,24,29,5,maior,4
6160,Essen Folksong Collection,HIE FUER EINES FROMMEN BRAEUTGAM THUER,4/4,4/4,simples,0,22,88,71,5,maior,0
6161,Essen Folksong Collection,HIER IN DES ABENDS TRAULICH ERNSTER STILLE,4/4,4/4,simples,0,15,60,42,7,menor,1
6162,Essen Folksong Collection,HIER IN DES ABENDS TRAULICH ERNSTER STILLE,4/4,4/4,simples,0,15,60,42,11,menor,2
6163,Essen Folksong Collection,HIER RUHST DU KARL,4/4,4/4,simples,2,11.88,48,68,5,maior,3
6164,Essen Folksong Collection,HIER SIND WIR VERSAMMELT,4/4,4/4,simples,2,18.63,75,97,0,maior,4
6165,Essen Folksong Collection,HIER STEHEN WIR AUF UNSERN KRUECKEN,4/4,4/4,simples,6,11.88,48,61,10,maior,0
6166,Essen Folksong Collection,HIER STEHEN WIRAUF UNSERN KRUECKEN,4/4,4/4,simples,6,11.88,48,65,10,maior,1
6167,Essen Folksong Collection,HINAUS HINAUS ES RUFT DAS VATERLAND,4/4,4/4,simples,6,19.88,80,112,7,maior,2
6168,Essen Folksong Collection,HINAUS HINAUS ES RUFT DAS VATERLAND,4/4,4/4,simples,6,19.88,80,111,5,maior,3
6169,Essen Folksong Collection,HINAUS IN DAS LAND UND WEITER,4/4,4/4,simples,2,13.88,56,57,10,menor,4
6170,Essen Folksong Collection,HO HO VIVAT HO HO VIVAT,4/4,4/4,simples,4,15.75,63,62,7,maior,0
6171,Essen Folksong Collection,HOER ICH EIN SICHLEIN,4/4,4/4,simples,4,10.75,43,41,5,maior,1
6172,Essen Folksong Collection,HOERT IHR HERRN UND LASST EUCH  SAGEN,4/4,4/4,simples,0,10,40,37,0,maior,2
6173,Essen Folksong Collection,HOERT IHR HERRN UND LASST EUCH SAGEN,4/4,4/4,simples,0,16,64,74,3,maior,3
6174,Essen Folksong Collection,HOERT IHR LEUT UND LASST EUCH SAGEN,4/4,4/4,simples,0,8,32,30,3,maior,4
6175,Essen Folksong Collection,HOERT IHR NICHT DEN JAEGER BLASEN,4/4,4/4,simples,0,8,32,41,7,maior,0
6176,Essen Folksong Collection,HOFFE HERZ NUR MIT GEDULD,4/4,4/4,simples,0,12,48,54,7,maior,1
6177,Essen Folksong Collection,HOFFNUNG HOFFNUNG MILD WIE FRUEHLINGSSCHIMMER,4/4,4/4,simples,4,13.75,55,78,4,menor,2
6178,Essen Folksong Collection,HOFFNUNG KOMM NUR BALD,4/4,4/4,simples,8,11.75,47,48,5,maior,3
6179,Essen Folksong Collection,HOLDE NACHT DEIN DUNKLER SCHLEIER,4/4,4/4,simples,4,7.75,31,42,7,maior,4
6180,Essen Folksong Collection,HOLDE NACHT DEIN DUNKLER SCHLEIER,4/4,4/4,simples,4,7.75,31,43,7,maior,0
6181,Essen Folksong Collection,HOLDE NACHT DEIN DUNKLER SCHLEIER,4/4,4/4,simples,4,7.75,31,43,10,maior,1
6182,Essen Folksong Collection,HOLDES GRUEN WIE LIEB ICH DICH,4/4,4/4,simples,4,11.75,47,54,2,maior,2
6183,Essen Folksong Collection,HOPCHEN HOP HOP HEI,4/4,4/4,simples,0,10,40,29,5,maior,3
6184,Essen Folksong Collection,HOPP HOPP HOPP ICH BIN EIN REITERSMANN,4/4,4/4,simples,6,9.63,39,39,2,maior,4
6185,Essen Folksong Collection,HORCH HORCH WELCHE WIRBELNDE TOENE,4/4,4/4,simples,4,15.75,63,77,10,maior,0
6186,Essen Folksong Collection,HORCH WER REITET SO,4/4,4/4,simples,0,15.5,62,58,5,maior,1
6187,Essen Folksong Collection,HURRA DER ERSTE SIEGESTAG,4/4,4/4,simples,4,11.75,47,49,0,maior,2
6188,Essen Folksong Collection,HUSAREN SIND GAR WACKRE TRUPPEN,4/4,4/4,simples,4,15.75,63,65,9,maior,3
6189,Essen Folksong Collection,"Had Awa Frae Me, Donald",4/4,4/4,simples,2,16,64,62,9,maior,4
6190,Essen Folksong Collection,Haehnchen und Huehnchen,4/4,4/4,simples,0,7.5,30,25,9,menor,0
6191,Essen Folksong Collection,Haenschen klein geht allein,4/4,4/4,simples,0,7.5,30,24,5,maior,1
6192,Essen Folksong Collection,Haenschen klein ging allein,4/4,4/4,simples,0,23.5,94,74,7,maior,2
6193,Essen Folksong Collection,"Hao ba lu        , Die 8. Armee)",4/4,4/4,simples,0,8,32,47,5,maior,3
6194,Essen Folksong Collection,Haolang haojie bu yong mei,4/4,4/4,simples,0,8,32,53,9,menor,4
6195,Essen Folksong Collection,He bo,4/4,4/4,simples,0,14,56,81,7,menor,0
6196,Essen Folksong Collection,Hebian yangliu paiduipai,4/4,4/4,simples,0,11,44,74,0,maior,1
6197,Essen Folksong Collection,"Heinrich schlief bei seiner Neuvermhlten (3-13), S. 36",4/4,4/4,simples,4,11.75,47,63,5,maior,2
6198,Essen Folksong Collection,Herr und Schildknecht,4/4,4/4,simples,4,6,24,29,7,maior,3
6199,Essen Folksong Collection,Herr von Falkenstein,4/4,4/4,simples,4,8,32,32,7,menor,4
6200,Essen Folksong Collection,Het reden twee ghespeeln goet,4/4,4/4,simples,4,16.75,67,38,2,menor,0
6201,Essen Folksong Collection,Himmelsfreud (2-22) S. 69,4/4,4/4,simples,0,15.75,63,62,0,maior,1
6202,Essen Folksong Collection,"Hinter Metz, bei Paris in Chalons (3-37), S. 97",4/4,4/4,simples,4,9.75,39,51,0,maior,2
6203,Essen Folksong Collection,"Hochzeitslied (186), S. 405",4/4,4/4,simples,4,13.75,55,49,7,maior,3
6204,Essen Folksong Collection,"Holder Schatz, du brichst den Schwur der Treue (1-42), S. 108",4/4,4/4,simples,4,11.75,47,65,2,maior,4
6205,Essen Folksong Collection,"Horch auf, Kamerad, die Trommel ruft,",4/4,4/4,simples,4,23.75,95,120,0,maior,0
6206,Essen Folksong Collection,"Hovertchen (3-86), S. 237",4/4,4/4,simples,2,7.63,31,38,2,maior,1
6207,Essen Folksong Collection,Hui guannan,4/4,4/4,simples,0,10,40,71,10,maior,2
6208,Essen Folksong Collection,"Hret, was ich euch erklr (5-17), S. 36",4/4,4/4,simples,4,11.75,47,45,3,maior,3
6209,Essen Folksong Collection,I HAB EIN ARTIGES BLUEMELI GSEH,4/4,4/4,simples,4,16,64,81,8,maior,4
6210,Essen Folksong Collection,ICH  WILL MIR MAL  DIE WELT BESEHN,4/4,4/4,simples,4,16,64,73,2,maior,0
6211,Essen Folksong Collection,ICH ARMER HAS IM WEITEN FELD,4/4,4/4,simples,2,10.88,44,54,5,maior,1
6212,Essen Folksong Collection,ICH BIN EIN DEUTSCHER KNABE,4/4,4/4,simples,4,15.75,63,62,10,maior,2
6213,Essen Folksong Collection,ICH BIN EIN DEUTSCHES MAEDCHEN,4/4,4/4,simples,12,8,32,27,7,maior,3
6214,Essen Folksong Collection,ICH BIN EIN FREIER MANN UND SINGE,4/4,4/4,simples,4,17.75,71,78,10,maior,4
6215,Essen Folksong Collection,ICH BIN EIN PREUSSE,4/4,4/4,simples,6,19.88,80,107,10,maior,0
6216,Essen Folksong Collection,ICH BIN EIN SCHREINER,4/4,4/4,simples,4,23.75,95,79,0,maior,1
6217,Essen Folksong Collection,ICH BIN VOM BERG DER HIRTENKNAB,4/4,4/4,simples,6,9.63,39,41,0,maior,2
6218,Essen Folksong Collection,ICH DENK AN EUCH,4/4,4/4,simples,6,7.63,31,48,0,maior,3
6219,Essen Folksong Collection,ICH DENK AN EUCH IHR HIMMLISCH SCHOENEN TAGE,4/4,4/4,simples,6,7.88,32,45,0,maior,4
6220,Essen Folksong Collection,ICH DENKE DEIN,4/4,4/4,simples,4,11.75,47,44,0,maior,0
6221,Essen Folksong Collection,ICH FUHR EINMAL AUF SITT,4/4,4/4,simples,4,23.5,94,86,7,maior,1
6222,Essen Folksong Collection,ICH FUHR EINSTMALS AUF STILLER SEE,4/4,4/4,simples,6,12,48,66,5,maior,2
6223,Essen Folksong Collection,ICH GIENG EINMAL SPAZIEREN,4/4,4/4,simples,4,9.75,39,36,9,maior,3
6224,Essen Folksong Collection,ICH GING IM NAECHTLICH STILLEN HAINE,4/4,4/4,simples,4,11.75,47,61,7,maior,4
6225,Essen Folksong Collection,ICH GING IM NAECHTLICH STILLEN HAINE,4/4,4/4,simples,6,11.88,48,61,9,maior,0
6226,Essen Folksong Collection,ICH GLAUB AN GOTT IN ALLER NOTH,4/4,4/4,simples,12,17.5,70,59,7,maior,1
6227,Essen Folksong Collection,ICH HAB DURCHWANDERT STAEDT UND LAND,4/4,4/4,simples,12,23.5,94,65,0,maior,2
6228,Essen Folksong Collection,ICH HAB EIN BAECHLEIN FUNDEN,4/4,4/4,simples,4,15.5,62,62,5,maior,3
6229,Essen Folksong Collection,ICH HAB MEIN SACH AUF NICHTS GESTELLT,4/4,4/4,simples,4,13.5,54,51,11,menor,4
6230,Essen Folksong Collection,ICH HAB MICH ERGEBEN,4/4,4/4,simples,4,11.75,47,39,7,maior,0
6231,Essen Folksong Collection,ICH HAB MIR EINEN GARTEN GEPFLANZT,4/4,4/4,simples,4,10,40,43,9,menor,1
6232,Essen Folksong Collection,ICH HAB MIR EINS ERWAEHLET,4/4,4/4,simples,4,9.75,39,46,7,maior,2
6233,Essen Folksong Collection,ICH HABE DEN FRUEHLING GESEHEN,4/4,4/4,simples,4,7.75,31,42,5,maior,3
6234,Essen Folksong Collection,ICH HABE DEN FRUEHLING GESEHEN,4/4,4/4,simples,4,7.75,31,39,5,maior,4
6235,Essen Folksong Collection,ICH HAETT MIR FUERGENOMMEN,4/4,4/4,simples,4,17,68,57,9,menor,0
6236,Essen Folksong Collection,ICH HATT EINEN KAMERADEN,4/4,4/4,simples,4,11.75,47,47,7,maior,1
6237,Essen Folksong Collection,ICH HATT EINEN KAMERADEN,4/4,4/4,simples,4,23.75,95,106,0,maior,2
6238,Essen Folksong Collection,ICH HATT MAL EINEN SCHWEREN STAND,4/4,4/4,simples,2,11.63,47,64,10,maior,3
6239,Essen Folksong Collection,ICH HOERT EIN SICHLEIN,4/4,4/4,simples,4,11.75,47,39,5,maior,4
6240,Essen Folksong Collection,ICH KAM EINMAL ZUR STADT HINEIN,4/4,4/4,simples,4,8,32,49,9,maior,0
6241,Essen Folksong Collection,ICH KENN EIN WUNDERSCHOENES LAND,4/4,4/4,simples,4,24.75,99,80,1,menor,1
6242,Essen Folksong Collection,ICH KOMM DAHER OH ALLEN SPOTT,4/4,4/4,simples,0,15,60,43,5,maior,2
6243,Essen Folksong Collection,ICH KUMM AUS FREMDEN LANDEN,4/4,4/4,simples,2,7.88,32,36,5,maior,3
6244,Essen Folksong Collection,ICH KUMM AUS FREMDEN LANDEN,4/4,4/4,simples,2,7.88,32,32,5,maior,4
6245,Essen Folksong Collection,ICH KUMM AUS FREMDEN LANDEN,4/4,4/4,simples,2,7.88,32,33,5,maior,0
6246,Essen Folksong Collection,ICH LEBTE EINST IM DEUTSCHEN VATERLANDE,4/4,4/4,simples,6,7.88,32,44,0,maior,1
6247,Essen Folksong Collection,ICH LEBTE SONST SO FROH UND FREI,4/4,4/4,simples,4,12,48,51,4,menor,2
6248,Essen Folksong Collection,ICH LIEBE DICH SO LANG ICH LEBEN WERDE,4/4,4/4,simples,6,7.88,32,44,9,maior,3
6249,Essen Folksong Collection,ICH MOECHTE WOHL DER KAISER SEIN,4/4,4/4,simples,2,17.63,71,66,2,maior,4
6250,Essen Folksong Collection,ICH SAH EIN ROESCHEN AM WEGE STEHN,4/4,4/4,simples,6,9.88,40,46,7,maior,0
6251,Essen Folksong Collection,ICH SAH EINMAL ZWEI HASEN,4/4,4/4,simples,4,5.75,23,19,7,maior,1
6252,Essen Folksong Collection,ICH SASS UND SPANN VOR MEINER THUER,4/4,4/4,simples,6,11.88,48,54,0,maior,2
6253,Essen Folksong Collection,ICH SCHIFFE AUF DER SEE,4/4,4/4,simples,4,14.75,59,71,7,maior,3
6254,Essen Folksong Collection,ICH SCHMISS ZWO AEDDLE RUISSEN,4/4,4/4,simples,4,11.75,47,48,9,menor,4
6255,Essen Folksong Collection,ICH SEHE OFT UM MITTERNACHT,4/4,4/4,simples,4,7.75,31,29,7,maior,0
6256,Essen Folksong Collection,ICH SOLL UND MUSS EIN BULEN HABEN,4/4,4/4,simples,0,12,48,35,5,maior,1
6257,Essen Folksong Collection,ICH SOLLT EIN NOENNLEIN WERDEN,4/4,4/4,simples,4,19.75,79,68,5,maior,2
6258,Essen Folksong Collection,ICH SOLLT EINMAL DEN BERG UMGEHN,4/4,4/4,simples,4,8,32,37,2,maior,3
6259,Essen Folksong Collection,ICH STAND AUF BERGES HALDE (ALLE JAHRE WIEDER),4/4,4/4,simples,4,7.75,31,28,3,maior,4
6260,Essen Folksong Collection,ICH STAND AUF HOHEN BERGEN,4/4,4/4,simples,4,11.75,47,51,9,menor,0
6261,Essen Folksong Collection,ICH UND MEIN FLAESCHCHEN,4/4,4/4,simples,0,19.75,79,104,9,maior,1
6262,Essen Folksong Collection,ICH WAR JUENGLING NOCH BEI JAHREN,4/4,4/4,simples,4,19.75,79,87,9,menor,2
6263,Essen Folksong Collection,ICH WEISS EIN FEIN BRAUNS MAEGDELEIN,4/4,4/4,simples,4,10.25,41,34,0,maior,3
6264,Essen Folksong Collection,ICH WEISS EIN FEIN BRAUNS MAEGDELEIN,4/4,4/4,simples,4,9,36,34,0,maior,4
6265,Essen Folksong Collection,ICH WEISS EIN RUHEBETTE,4/4,4/4,simples,4,8,32,31,4,menor,0
6266,Essen Folksong Collection,ICH WEISS EIN STOLZE MUELLERIN,4/4,4/4,simples,4,16,64,56,9,menor,1
6267,Essen Folksong Collection,ICH WEISS EIN' HUEBSCHE MUELLERIN,4/4,4/4,simples,4,16,64,56,9,menor,2
6268,Essen Folksong Collection,ICH WEISS MIR EINEN ANGER BREIT,4/4,4/4,simples,4,10,40,42,2,menor,3
6269,Essen Folksong Collection,ICH WEISS MIR ETWAS LIEBES AUF GOTTES WEITER WELT,4/4,4/4,simples,4,15.75,63,76,2,maior,4
6270,Essen Folksong Collection,ICH WEISS NICHT BIN ICH REICH ODER ARM,4/4,4/4,simples,4,11.75,47,64,7,maior,0
6271,Essen Folksong Collection,ICH WEISS NICHT BIN ICH REICH ODER ARM,4/4,4/4,simples,4,11.75,47,61,7,maior,1
6272,Essen Folksong Collection,ICH WILL ZU LAND AUSREITEN,4/4,4/4,simples,4,18.25,73,60,10,maior,2
6273,Essen Folksong Collection,ICH WOLLT EIN BAEUMLEIN STEIGEN,4/4,4/4,simples,4,11.75,47,47,9,maior,3
6274,Essen Folksong Collection,ICH WOLLT ICH LAEG UND SCHLIEF,4/4,4/4,simples,4,12,48,42,5,maior,4
6275,Essen Folksong Collection,ICK SAG (SAH) MINEN HERRN VON FALKENSTEEN,4/4,4/4,simples,4,12,48,45,5,maior,0
6276,Essen Folksong Collection,IHR BRUEDER JETZT GEHTS IN DIE WEITE WELT,4/4,4/4,simples,4,15.5,62,78,7,maior,1
6277,Essen Folksong Collection,IHR CHRISTEN GROSS UND KLEIN,4/4,4/4,simples,4,11.75,47,45,5,maior,2
6278,Essen Folksong Collection,IHR GEDANKEN HALTET EIN,4/4,4/4,simples,4,11.75,47,55,7,maior,3
6279,Essen Folksong Collection,IK SACH MINEN HER VAN VALKENSTEN,4/4,4/4,simples,4,8,32,34,7,menor,4
6280,Essen Folksong Collection,IM ANFANG WARS AUF ERDEN,4/4,4/4,simples,4,20,80,63,7,maior,0
6281,Essen Folksong Collection,IM HUT DER FREUNDSCHAFT,4/4,4/4,simples,4,13,52,54,9,maior,1
6282,Essen Folksong Collection,IM KREISE FROHER KLUGER ZECHER,4/4,4/4,simples,6,15.88,64,81,0,maior,2
6283,Essen Folksong Collection,IM KUEHLEN KELLER SITZ ICH HIER,4/4,4/4,simples,4,15.75,63,62,5,maior,3
6284,Essen Folksong Collection,IM SCHOENSTEN WIESENGRUNDE,4/4,4/4,simples,4,13.75,55,48,3,maior,4
6285,Essen Folksong Collection,IM SOMMER GEHT MEIN TRAUER AN,4/4,4/4,simples,2,11.63,47,59,5,maior,0
6286,Essen Folksong Collection,IM STILLEN HEITERN GLANZE TRITT ER SO MILD DAHER,4/4,4/4,simples,4,7.75,31,26,5,maior,1
6287,Essen Folksong Collection,IM WALDE MOECHT ICH LEBEN,4/4,4/4,simples,4,11.75,47,50,5,maior,2
6288,Essen Folksong Collection,IMMER LANGSAM VORAN IMMER LANGSAM VORAN,4/4,4/4,simples,4,12,48,70,5,maior,3
6289,Essen Folksong Collection,IN ALLEN GUTEN STUNDEN,4/4,4/4,simples,4,23.75,95,84,3,maior,4
6290,Essen Folksong Collection,IN ALLEN GUTEN STUNDEN,4/4,4/4,simples,4,15.75,63,59,9,maior,0
6291,Essen Folksong Collection,IN DEN GARTEN WOLLN WIR GEHN,4/4,4/4,simples,0,9.75,39,42,7,maior,1
6292,Essen Folksong Collection,IN DER EICHE DA WOHNET MEIN LIEBCHEN,4/4,4/4,simples,4,8,32,41,7,maior,2
6293,Essen Folksong Collection,IN DER FINSTERN MITTERNACHT,4/4,4/4,simples,0,6.5,26,29,2,menor,3
6294,Essen Folksong Collection,IN DES WALDES DUESTERN GRUENDEN,4/4,4/4,simples,4,13.75,55,61,10,maior,4
6295,Essen Folksong Collection,IN DIESER NACHT VON DEINER LIEB,4/4,4/4,simples,4,13.75,55,44,2,maior,0
6296,Essen Folksong Collection,IN EINEM THAL BEI ARMEN HIRTEN,4/4,4/4,simples,6,16,64,86,7,maior,1
6297,Essen Folksong Collection,IN MEINES VATERS GARTEN,4/4,4/4,simples,4,15.75,63,60,5,maior,2
6298,Essen Folksong Collection,IN STUECKE MOECHT ICH MICH ZERREISSEN,4/4,4/4,simples,4,15.75,63,66,7,menor,3
6299,Essen Folksong Collection,IN TRAUERN UND UNRUH,4/4,4/4,simples,4,11.75,47,48,5,maior,4
6300,Essen Folksong Collection,IN WARSCHAU SCHWUREN TAUSEND,4/4,4/4,simples,5,11.56,47,66,8,maior,0
6301,Essen Folksong Collection,INNSBRUCK ICH MUSS DICH LASSEN,4/4,4/4,simples,8,18.5,74,48,5,maior,1
6302,Essen Folksong Collection,ISCH DAT NIT AEN ELAENDS LAEWE,4/4,4/4,simples,0,13.75,55,65,5,maior,2
6303,Essen Folksong Collection,IST DENN LIEBEN EIN VERBRECHEN,4/4,4/4,simples,4,15.75,63,73,7,maior,3
6304,Essen Folksong Collection,IST ES DENN AUCH WIRKLICH WAHR,4/4,4/4,simples,0,15.75,63,69,5,maior,4
6305,Essen Folksong Collection,Ic sie die morgensterre,4/4,4/4,simples,4,8,32,31,2,menor,0
6306,Essen Folksong Collection,"Ich bekomm einmal einen traurigen Brief (3-71), S. 201",4/4,4/4,simples,4,8.75,35,46,7,maior,1
6307,Essen Folksong Collection,"Ich ging einstmals spazieren (Band 1), S. 117",4/4,4/4,simples,4,7.75,31,38,5,maior,2
6308,Essen Folksong Collection,"Ich ging mit Lust und Freud (4-45), S. 62",4/4,4/4,simples,4,12,48,60,2,maior,3
6309,Essen Folksong Collection,"Ich habe den Frhling gesehen (1-31), S. 82f",4/4,4/4,simples,4,11.75,47,63,5,maior,4
6310,Essen Folksong Collection,"Ich mag dich nicht (86), S. 230",4/4,4/4,simples,4,11.75,47,49,7,maior,0
6311,Essen Folksong Collection,"Ich seind so sehr betruebet,",4/4,4/4,simples,12,12.75,51,56,7,menor,1
6312,Essen Folksong Collection,"Ich verlang ein' Braut zu werden (5-26), S. 45",4/4,4/4,simples,4,16,64,71,7,maior,2
6313,Essen Folksong Collection,"Ich will dir mein Schicksal erzaehlen,",4/4,4/4,simples,4,11.75,47,56,0,maior,3
6314,Essen Folksong Collection,"Ick heff mol en Hamborger Veermaster sehn,",4/4,4/4,simples,4,23.75,95,93,0,maior,4
6315,Essen Folksong Collection,"Ihr Geschpfe, kommt heran (5-41), S. 68",4/4,4/4,simples,0,10,40,37,7,menor,0
6316,Essen Folksong Collection,"Im Wirtshaus wird man hoch geehrt (4-89), S. 117",4/4,4/4,simples,4,11.75,47,47,7,maior,1
6317,Essen Folksong Collection,"In was, mein Volk (5-43), S. 71f",4/4,4/4,simples,0,19.75,79,59,7,maior,2
6318,Essen Folksong Collection,"Ist denn Liebe ein Verbrechen (3-33), S. 84f",4/4,4/4,simples,4,14.75,59,71,0,maior,3
6319,Essen Folksong Collection,JESU WUNDEN,4/4,4/4,simples,0,16,64,37,7,maior,4
6320,Essen Folksong Collection,JETZT BRICHT DIE FINSTRE NACHT HEREIN,4/4,4/4,simples,4,12,48,60,7,maior,0
6321,Essen Folksong Collection,JETZT GEHT DER MARSCH INS FELD,4/4,4/4,simples,4,11.75,47,61,7,maior,1
6322,Essen Folksong Collection,JETZT KOMMT DIE ZEIT,4/4,4/4,simples,4,7.75,31,31,7,maior,2
6323,Essen Folksong Collection,JETZT KOMMT DIE ZEIT,4/4,4/4,simples,4,7.75,31,32,7,maior,3
6324,Essen Folksong Collection,JETZT KOMMT DIE ZEIT,4/4,4/4,simples,4,7.75,31,32,7,maior,4
6325,Essen Folksong Collection,JETZT WIRD DER BESCHLUSS GEMACHT,4/4,4/4,simples,2,11.88,48,48,5,maior,0
6326,Essen Folksong Collection,JETZUND BRICHT DIE NACHT HEREIN,4/4,4/4,simples,4,8,32,43,5,maior,1
6327,Essen Folksong Collection,JETZUND FAELLT DIE NACHT HEREIN,4/4,4/4,simples,0,12,48,42,9,menor,2
6328,Essen Folksong Collection,JOSEPH LIEBER JOSEPH,4/4,4/4,simples,4,7.75,31,25,5,menor,3
6329,Essen Folksong Collection,JOSEPH! LIEBER JOSEPH MEIN,4/4,4/4,simples,0,8,32,22,4,menor,4
6330,Essen Folksong Collection,JUENGST IN DEM VERFLOSSNEN JAHR,4/4,4/4,simples,0,11.5,46,46,2,maior,0
6331,Essen Folksong Collection,JUNG SIEGFRIED WAR EIN STOLZER KNAB,4/4,4/4,simples,4,6.75,27,29,9,maior,1
6332,Essen Folksong Collection,JUNGFRAU IN DEM ROTHEN ROCK,4/4,4/4,simples,0,7,28,22,5,maior,2
6333,Essen Folksong Collection,Jaeger und Graserin,4/4,4/4,simples,6,7.13,29,39,2,maior,3
6334,Essen Folksong Collection,Jerman Weizers Frau,4/4,4/4,simples,0,17,68,88,7,maior,4
6335,Essen Folksong Collection,"Jesus im Tempel (3-4), S. 21",4/4,4/4,simples,4,11.75,47,41,7,menor,0
6336,Essen Folksong Collection,"Jetzt fngt das schne Frhjahr an (5-89), S.141",4/4,4/4,simples,4,6,24,26,7,maior,1
6337,Essen Folksong Collection,"Jetzt muessen wir marschieren,",4/4,4/4,simples,4,15.5,62,57,9,maior,2
6338,Essen Folksong Collection,"Jetzt muá ich in den Krieg (4-31), S. 44",4/4,4/4,simples,4,11.75,47,45,7,maior,3
6339,Essen Folksong Collection,"Jetzt muá ich in den Krieg (4-31), S. 44",4/4,4/4,simples,4,6.75,27,29,7,maior,4
6340,Essen Folksong Collection,"Jetzt muá ich in den Krieg (4-31), S. 44",4/4,4/4,simples,4,8,32,37,3,maior,0
6341,Essen Folksong Collection,"Jetzt reisen wir zum Tor hinaus (1-4), S. 10",4/4,4/4,simples,2,11.63,47,46,7,maior,1
6342,Essen Folksong Collection,Jie zai tianli hao douke,4/4,4/4,simples,0,8.75,35,47,9,menor,2
6343,Essen Folksong Collection,John of Badenyon,4/4,4/4,simples,2,16,64,112,7,menor,3
6344,Essen Folksong Collection,"John, Come Kiss me now",4/4,4/4,simples,4,14,56,100,3,maior,4
6345,Essen Folksong Collection,Jung Franzosenblut (2-56) S. 177,4/4,4/4,simples,4,12.75,51,62,0,maior,0
6346,Essen Folksong Collection,Jungfer Doertchen,4/4,4/4,simples,12,4,16,19,7,maior,1
6347,Essen Folksong Collection,Jungfer Doertchen,4/4,4/4,simples,4,4,16,21,7,maior,2
6348,Essen Folksong Collection,Jungfer Doertchen,4/4,4/4,simples,4,4.5,18,22,4,menor,3
6349,Essen Folksong Collection,Jungfer Doertchen,4/4,4/4,simples,12,4,16,22,7,maior,4
6350,Essen Folksong Collection,Jungfer Doertchen,4/4,4/4,simples,4,8,32,46,7,maior,0
6351,Essen Folksong Collection,Jungfer Doertchen,4/4,4/4,simples,4,8,32,47,7,maior,1
6352,Essen Folksong Collection,Jungfer Doertchen,4/4,4/4,simples,4,8,32,45,7,maior,2
6353,Essen Folksong Collection,KAISER JOSEPH,4/4,4/4,simples,0,15.75,63,66,7,maior,3
6354,Essen Folksong Collection,KAMERAD ICH BIN GESCHOSSEN,4/4,4/4,simples,4,8,32,30,5,maior,4
6355,Essen Folksong Collection,KATHRINCHEN TRAU NUR NICHT,4/4,4/4,simples,4,10,40,35,7,maior,0
6356,Essen Folksong Collection,KEHR WIEDER GLUECK MIT FREUDEN,4/4,4/4,simples,12,16.75,67,60,7,maior,1
6357,Essen Folksong Collection,KEIN ALTER IST VON LIEBE FREI,4/4,4/4,simples,4,23.75,95,86,4,maior,2
6358,Essen Folksong Collection,KEIN BESSER LEBEN IST AUF DIESER WELT,4/4,4/4,simples,4,17.5,70,66,7,maior,3
6359,Essen Folksong Collection,KENNST DU DAS LAND WO DIE ZITRONEN BLUEHN,4/4,4/4,simples,6,13.88,56,63,3,maior,4
6360,Essen Folksong Collection,KENNT IHR DAS LAND SO WUNDERSCHOEN,4/4,4/4,simples,4,13.75,55,56,7,maior,0
6361,Essen Folksong Collection,KIND WO BIST DU DENN HENNE WEST,4/4,4/4,simples,0,13.75,55,49,5,maior,1
6362,Essen Folksong Collection,KLAGET NICHT DASS ICH GEFALLEN,4/4,4/4,simples,4,13.75,55,57,7,maior,2
6363,Essen Folksong Collection,KOMM DU BLANKER WEIHEDEGEN,4/4,4/4,simples,8,16,64,92,5,maior,3
6364,Essen Folksong Collection,KOMM FREUDE SEI GESEGNET,4/4,4/4,simples,4,9.75,39,42,10,maior,4
6365,Essen Folksong Collection,KOMM HERAUS DU TRAURIGE BRAUT,4/4,4/4,simples,4,7.75,31,35,7,maior,0
6366,Essen Folksong Collection,KOMM TROST DER NACHT,4/4,4/4,simples,4,20,80,70,2,maior,1
6367,Essen Folksong Collection,KOMMT HER IHR LIEBEN SCHWESTERLEIN,4/4,4/4,simples,4,17.25,69,56,5,maior,2
6368,Essen Folksong Collection,KOMPT HER IHR LIEBEN SCHWESTERLEIN,4/4,4/4,simples,4,10,40,38,5,maior,3
6369,Essen Folksong Collection,KRANKHEIT IST EIN SCHWERE SCHWERE BUSS,4/4,4/4,simples,4,6,24,30,7,maior,4
6370,Essen Folksong Collection,Kan yang ge,4/4,4/4,simples,0,9.88,39,115,0,menor,0
6371,Essen Folksong Collection,"Kandaaf, daat as eng lschteg Saach, S. 7",4/4,4/4,simples,0,15.75,63,50,7,maior,1
6372,Essen Folksong Collection,"Karfreitagslied (Band 1), S. 28",4/4,4/4,simples,4,8,32,39,2,maior,2
6373,Essen Folksong Collection,"Katharinenlied (Band 1), S. 43",4/4,4/4,simples,4,7,28,33,9,menor,3
6374,Essen Folksong Collection,"Keine Freude mehr (125), S. 285",4/4,4/4,simples,6,11.88,48,62,0,maior,4
6375,Essen Folksong Collection,"Kejia Shange,te chu ming",4/4,4/4,simples,0,8,32,57,4,menor,0
6376,Essen Folksong Collection,Koenig von Mailand,4/4,4/4,simples,4,7,28,33,5,maior,1
6377,Essen Folksong Collection,"Krambambuli (3-47), S. 124f",4/4,4/4,simples,4,16,64,90,0,maior,2
6378,Essen Folksong Collection,"Kronelied (3-9), S. 35",4/4,4/4,simples,4,7.75,31,27,2,maior,3
6379,Essen Folksong Collection,Kucaihua,4/4,4/4,simples,0,7.5,30,48,4,maior,4
6380,Essen Folksong Collection,LAET ONS TSAAM IN VRIENDSCHAP LEVEN,4/4,4/4,simples,8,17,68,88,7,maior,0
6381,Essen Folksong Collection,LASS DICH NUR NICHTS NICHT DAUERN,4/4,4/4,simples,4,11.75,47,43,7,maior,1
6382,Essen Folksong Collection,LASST UNS SINGN UND FROEHLICH SEIN,4/4,4/4,simples,0,9.75,39,31,2,menor,2
6383,Essen Folksong Collection,LEB WOHL DU THEURES LAND DAS MICH GEBOREN,4/4,4/4,simples,6,19.88,80,108,0,maior,3
6384,Essen Folksong Collection,LEB WOHL MEIN BRAEUTCHEN SCHOEN,4/4,4/4,simples,4,15.75,63,72,2,maior,4
6385,Essen Folksong Collection,LEBE LIEBE TRINKE,4/4,4/4,simples,0,7.75,31,32,5,maior,0
6386,Essen Folksong Collection,LEBE WOHL VERGISS MEIN NICHT,4/4,4/4,simples,4,10,40,42,5,maior,1
6387,Essen Folksong Collection,LEBEWOHL DU DIE ICH EWIG LIEBE,4/4,4/4,simples,4,7.75,31,41,0,maior,2
6388,Essen Folksong Collection,LEBT WOHL WIR MUESSEN ABSCHIED NEHMEN,4/4,4/4,simples,6,15.88,64,90,2,maior,3
6389,Essen Folksong Collection,LIEB ES SEHR ZU ZIEHEN,4/4,4/4,simples,0,20,80,60,0,maior,4
6390,Essen Folksong Collection,LIEBEN LIEBEN DAS IST GUT,4/4,4/4,simples,0,12,48,45,7,maior,0
6391,Essen Folksong Collection,LIEBER FREUND ICH FRAGE DICH,4/4,4/4,simples,0,11.75,47,42,7,maior,1
6392,Essen Folksong Collection,LIEBER TAG SEH ICH DICH WIEDER,4/4,4/4,simples,0,16,64,78,5,maior,2
6393,Essen Folksong Collection,LIEBES MAEDCHEN ICH STEH DRAUSSEN,4/4,4/4,simples,0,11.5,46,50,10,maior,3
6394,Essen Folksong Collection,LILJE DU ALLERSCHOENSTE STADT,4/4,4/4,simples,0,12.75,51,51,7,maior,4
6395,Essen Folksong Collection,LILLE DU ALLERSCHOENSTE STADT,4/4,4/4,simples,0,12.75,51,50,10,maior,0
6396,Essen Folksong Collection,LOBT DEN  HERRN,4/4,4/4,simples,0,14.5,58,47,3,maior,1
6397,Essen Folksong Collection,LORENZ LORENZ LORENZ,4/4,4/4,simples,0,7.75,31,28,2,maior,2
6398,Essen Folksong Collection,LOT UNS SINGE DAT NIGGE LIED,4/4,4/4,simples,0,15.75,63,55,7,maior,3
6399,Essen Folksong Collection,LUSTIG GERUESTET,4/4,4/4,simples,0,14,56,81,4,maior,4
6400,Essen Folksong Collection,LUSTIG ISTS MATROSENLEBN,4/4,4/4,simples,0,11.5,46,55,2,maior,0
6401,Essen Folksong Collection,LUSTIG ISTS SOLDATENLEBEN,4/4,4/4,simples,0,11,44,45,7,maior,1
6402,Essen Folksong Collection,LUSTIG SEID IHR LIEBEN BRUEDER,4/4,4/4,simples,0,8,32,59,0,maior,2
6403,Essen Folksong Collection,"La jeune Indienne (1-11), S. 28",4/4,4/4,simples,6,17.63,71,94,7,maior,3
6404,Essen Folksong Collection,La mei hua,4/4,4/4,simples,0,15.5,62,105,5,maior,4
6405,Essen Folksong Collection,Landsknechtorden,4/4,4/4,simples,12,14.75,59,48,7,menor,0
6406,Essen Folksong Collection,Lang zai gaoshan han yi sheng,4/4,4/4,simples,0,16,64,57,9,maior,1
6407,Essen Folksong Collection,Laogongji,4/4,4/4,simples,0,8.5,34,62,1,menor,2
6408,Essen Folksong Collection,Lass fragen sein,4/4,4/4,simples,4,13,52,41,5,maior,3
6409,Essen Folksong Collection,"Latour d' Auvergne (135), S. 805f",4/4,4/4,simples,6,17.88,72,86,9,maior,4
6410,Essen Folksong Collection,"Leichter Trost (102), S. 253",4/4,4/4,simples,4,11.5,46,51,9,maior,0
6411,Essen Folksong Collection,Lengshui pao cha manman nong,4/4,4/4,simples,0,5,20,31,9,menor,1
6412,Essen Folksong Collection,"Lieben, das bringt Freud (88), S. 232",4/4,4/4,simples,4,10.75,43,47,7,maior,2
6413,Essen Folksong Collection,Liebesklage,4/4,4/4,simples,4,8,32,33,2,menor,3
6414,Essen Folksong Collection,Liebesklage (2-70) S. 211,4/4,4/4,simples,4,8,32,33,2,menor,4
6415,Essen Folksong Collection,Liebesprobe (2-83) S. 245,4/4,4/4,simples,4,6,24,32,7,maior,0
6416,Essen Folksong Collection,Lied auf Franz von Assisi,4/4,4/4,simples,4,18.25,73,62,2,menor,1
6417,Essen Folksong Collection,"Lieschle am Kirschbaum (295), S.611",4/4,4/4,simples,0,7.5,30,28,0,maior,2
6418,Essen Folksong Collection,Liudeng dajun nanxia,4/4,4/4,simples,0,7,28,44,9,maior,3
6419,Essen Folksong Collection,Longchuan ge,4/4,4/4,simples,0,6,24,33,9,menor,4
6420,Essen Folksong Collection,MACHT AUF DAS THOR,4/4,4/4,simples,4,4,16,17,5,maior,0
6421,Essen Folksong Collection,MACHT MAN INS LEBEN KAUM DEN ERSTEN SCHRITT,4/4,4/4,simples,6,15.88,64,80,7,maior,1
6422,Essen Folksong Collection,MAEDCHEN SAG MIRS FUER GEWISS,4/4,4/4,simples,0,10,40,37,7,maior,2
6423,Essen Folksong Collection,MAEDCHEN SIEH DAS VEILCHEN AN,4/4,4/4,simples,0,11.5,46,44,8,maior,3
6424,Essen Folksong Collection,MAEDCHEN WENN ICH DICH ERBLICKE,4/4,4/4,simples,0,7.5,30,35,5,maior,4
6425,Essen Folksong Collection,MAEDCHEN WENN ICH DICH ERBLICKE,4/4,4/4,simples,0,7.5,30,36,5,maior,0
6426,Essen Folksong Collection,MAEDELE RUCK AN MEINE GRUENE SEITE,4/4,4/4,simples,4,9.5,38,70,5,maior,1
6427,Essen Folksong Collection,MAEGDLEIN FREI DU NICHT SO FRUEH,4/4,4/4,simples,4,12,48,52,2,maior,2
6428,Essen Folksong Collection,MAG AUCH DIE LIEBE WEINEN,4/4,4/4,simples,0,7.75,31,32,10,maior,3
6429,Essen Folksong Collection,MAG AUCH DIE LIEBE WEINEN,4/4,4/4,simples,4,8,32,29,8,maior,4
6430,Essen Folksong Collection,MAN LEGT DEN BRANDENBURGER AUF EIN TISCH,4/4,4/4,simples,12,9.5,38,34,3,maior,0
6431,Essen Folksong Collection,MARIA DIE WOLLT WANDERN,4/4,4/4,simples,4,7.75,31,30,5,maior,1
6432,Essen Folksong Collection,MARIA DIE WOLLT WANDERN GEHN,4/4,4/4,simples,4,7.75,31,33,7,menor,2
6433,Essen Folksong Collection,MARIA DURCH NEN DORNWALD GING,4/4,4/4,simples,4,10,40,41,7,menor,3
6434,Essen Folksong Collection,MARIA GIENG AUS WANDERN,4/4,4/4,simples,4,7.75,31,36,5,maior,4
6435,Essen Folksong Collection,MARIA GIENG AUS WANDERN,4/4,4/4,simples,4,7.75,31,34,7,maior,0
6436,Essen Folksong Collection,MARIA GING AUS WANDERN,4/4,4/4,simples,4,7.75,31,26,7,maior,1
6437,Essen Folksong Collection,MARIA GING AUS ZU WANDERN,4/4,4/4,simples,4,7.75,31,38,7,maior,2
6438,Essen Folksong Collection,MARIA WOLLTE WANDERN GEHN,4/4,4/4,simples,4,8,32,34,5,maior,3
6439,Essen Folksong Collection,MARTIN WAR EIN FROMMER MANN,4/4,4/4,simples,0,10,40,32,5,maior,4
6440,Essen Folksong Collection,MEERSTERN ICH DICH GRUESSE,4/4,4/4,simples,0,11.5,46,48,9,maior,0
6441,Essen Folksong Collection,MEIN ARM WIRD STARK,4/4,4/4,simples,4,7.75,31,34,10,maior,1
6442,Essen Folksong Collection,MEIN FEINSLIEB IST VON FLANDERN,4/4,4/4,simples,4,12.75,51,47,7,maior,2
6443,Essen Folksong Collection,MEIN GLUECK BLUEHT AUF DIESER WELT,4/4,4/4,simples,4,6.75,27,37,7,maior,3
6444,Essen Folksong Collection,MEIN GMUETH IST MIR VERWIRRET,4/4,4/4,simples,0,22,88,51,9,menor,4
6445,Essen Folksong Collection,MEIN LEBENSLAUF IST LIEB UND LUST,4/4,4/4,simples,4,23.75,95,78,0,maior,0
6446,Essen Folksong Collection,MEIN MUETTERLEIN DAS FRAGET ABER MICH,4/4,4/4,simples,4,20,80,61,2,menor,1
6447,Essen Folksong Collection,MEIN SCHATZ DER GIENG ZUM BERG HINAUF,4/4,4/4,simples,4,9.75,39,35,5,maior,2
6448,Essen Folksong Collection,MEIN SCHATZ DER IST AUF DIE WANDERSCHAFT,4/4,4/4,simples,4,8,32,43,2,menor,3
6449,Essen Folksong Collection,MEIN SCHATZ IST VIERZIG MEILEN VON HIER,4/4,4/4,simples,4,7.75,31,37,7,maior,4
6450,Essen Folksong Collection,MEIN SCHIFF GEHT AUF DER SEE,4/4,4/4,simples,4,16,64,86,2,maior,0
6451,Essen Folksong Collection,MEINE RED IST ABSCHIEDSVOLL,4/4,4/4,simples,0,9,36,37,7,maior,1
6452,Essen Folksong Collection,MEINEN HEILAND IM HERZEN,4/4,4/4,simples,4,11.75,47,40,9,maior,2
6453,Essen Folksong Collection,MEISTER MUELLER THUT MAL SEHEN,4/4,4/4,simples,4,11.75,47,64,5,maior,3
6454,Essen Folksong Collection,MEISTER MUELLER THUT MAL SEHEN,4/4,4/4,simples,4,11.75,47,64,5,maior,4
6455,Essen Folksong Collection,MEISTER MUELLER THUT MAL SEHEN,4/4,4/4,simples,4,7.75,31,38,5,maior,0
6456,Essen Folksong Collection,MIR AUCH WAR EIN LEBEN AUFGEGANGEN,4/4,4/4,simples,4,7.75,31,46,7,maior,1
6457,Essen Folksong Collection,MIR BLUEHET KEIN FRUEHLING,4/4,4/4,simples,4,7.75,31,35,7,maior,2
6458,Essen Folksong Collection,MIR IST EIN FEINES MEIDELEIN,4/4,4/4,simples,4,16,64,56,7,menor,3
6459,Essen Folksong Collection,MIR IST EIN SCHOENSBRAUN MEIDELEIN,4/4,4/4,simples,4,16,64,56,5,maior,4
6460,Essen Folksong Collection,MIT  LUST TRITT ICH AN DIESEN TANZ,4/4,4/4,simples,2,7.88,32,32,5,maior,0
6461,Essen Folksong Collection,MIT DER FREUDE ZIEHT DER SCHMERZ,4/4,4/4,simples,0,14.75,59,52,8,maior,1
6462,Essen Folksong Collection,MIT FROHEM MUTH UND HEITERM SINN,4/4,4/4,simples,4,23.75,95,92,10,maior,2
6463,Essen Folksong Collection,MIT FROHEM MUTH UND HEITERM SINN,4/4,4/4,simples,4,11.75,47,51,0,maior,3
6464,Essen Folksong Collection,MIT FROMMEN WUENSCHEN GRUESS ICH IHN,4/4,4/4,simples,4,7.75,31,28,9,menor,4
6465,Essen Folksong Collection,MIT LIEB BIN ICH UMFANGEN,4/4,4/4,simples,4,15.75,63,73,6,menor,0
6466,Essen Folksong Collection,MIT LUST THAET ICH AUSREITEN,4/4,4/4,simples,4,12,48,37,7,menor,1
6467,Essen Folksong Collection,MIT LUST THAET ICH AUSREITEN,4/4,4/4,simples,4,11.75,47,58,7,menor,2
6468,Essen Folksong Collection,MIT LUST VOR WENIG TAGEN,4/4,4/4,simples,4,16.5,66,60,7,maior,3
6469,Essen Folksong Collection,MIT MEINEM GOTT GEH ICH ZUR RUH,4/4,4/4,simples,4,13,52,53,8,maior,4
6470,Essen Folksong Collection,MORGEN MUSS ICH FORT VON HIER,4/4,4/4,simples,0,16.75,67,51,7,maior,0
6471,Essen Folksong Collection,MORGEN WILL MEIN SCHATZ ABREISEN,4/4,4/4,simples,0,16,64,84,2,maior,1
6472,Essen Folksong Collection,MUEDE BIN ICH GEH ZUR RUH,4/4,4/4,simples,0,7.5,30,28,4,menor,2
6473,Essen Folksong Collection,MUEDE KEHRT DER WANDERER ZURUECK,4/4,4/4,simples,4,7.75,31,36,7,maior,3
6474,Essen Folksong Collection,MUEDE KEHRT EIN WANDERER ZURUECK,4/4,4/4,simples,4,11.75,47,56,7,maior,4
6475,Essen Folksong Collection,MUTTER ACH MUTTER ES HUNGERT MICH,4/4,4/4,simples,0,30.5,122,112,0,maior,0
6476,Essen Folksong Collection,Mach auf (2-77) S. 230,4/4,4/4,simples,2,7.88,32,47,7,menor,1
6477,Essen Folksong Collection,"Mach auf mein Schatz, mein goldne Pfort,",4/4,4/4,simples,2,7.88,32,47,7,menor,2
6478,Essen Folksong Collection,"Mach auf, o Schfer",4/4,4/4,simples,4,11.75,47,48,7,maior,3
6479,Essen Folksong Collection,Maedchen als Stallknecht,4/4,4/4,simples,12,4,16,20,7,maior,4
6480,Essen Folksong Collection,Maedchen als Stallknecht,4/4,4/4,simples,12,8.75,35,31,7,menor,0
6481,Essen Folksong Collection,Maedchen als Stallknecht,4/4,4/4,simples,4,4,16,22,7,maior,1
6482,Essen Folksong Collection,Maedchen als Stallknecht,4/4,4/4,simples,4,4,16,13,7,maior,2
6483,Essen Folksong Collection,Mahnlied,4/4,4/4,simples,0,18.75,75,57,2,menor,3
6484,Essen Folksong Collection,"Malbruck (4-30), S. 42",4/4,4/4,simples,4,11.75,47,45,7,maior,4
6485,Essen Folksong Collection,Mama niang ni hao hutu,4/4,4/4,simples,0,11,44,60,2,menor,0
6486,Essen Folksong Collection,Maria Knigin (2-11) S. 41,4/4,4/4,simples,4,7.5,30,31,7,menor,1
6487,Essen Folksong Collection,"Maria ging geschwind (5-12), S. 28",4/4,4/4,simples,4,15.75,63,54,7,maior,2
6488,Essen Folksong Collection,Maria hilf (2-10) S. 39,4/4,4/4,simples,0,13.75,55,65,5,maior,3
6489,Essen Folksong Collection,"Maria wollt auswandern (Band 1), S. 36",4/4,4/4,simples,4,8,32,35,5,maior,4
6490,Essen Folksong Collection,"Maria wollt' auswandern (298a), S. 616f",4/4,4/4,simples,4,7.5,30,32,7,maior,0
6491,Essen Folksong Collection,"Maria, die ging wohl ber Land (Band 1), S. 39",4/4,4/4,simples,2,7.88,32,42,7,maior,1
6492,Essen Folksong Collection,Marien - Psalter,4/4,4/4,simples,4,32.25,129,100,9,menor,2
6493,Essen Folksong Collection,"Maá und Ziel (101a), S. 251",4/4,4/4,simples,4,9.25,37,49,2,maior,3
6494,Essen Folksong Collection,Meiheizi ku,4/4,4/4,simples,0,7.88,31,46,5,maior,4
6495,Essen Folksong Collection,Mengjiang n,4/4,4/4,simples,0,8,32,45,5,maior,0
6496,Essen Folksong Collection,Menkuo guazhandeng,4/4,4/4,simples,0,8,32,68,2,menor,1
6497,Essen Folksong Collection,"Mir bluehet kein Fruehling, mit lachet keine Sonne,",4/4,4/4,simples,4,7.75,31,33,2,maior,2
6498,Essen Folksong Collection,"Mir gin net heem (286), S. 600",4/4,4/4,simples,0,6,24,31,0,maior,3
6499,Essen Folksong Collection,"Mo'm Gre't, wll der mer net gin ert Mrei?, S. 29",4/4,4/4,simples,4,8,32,35,7,maior,4
6500,Essen Folksong Collection,"Morgen will mein Schatz ... (2-34), S. 89f",4/4,4/4,simples,0,15.5,62,92,0,maior,0
6501,Essen Folksong Collection,Muede ging ein Wanderer zurueck,4/4,4/4,simples,4,7.75,31,37,4,menor,1
6502,Essen Folksong Collection,Muede kehrt ein Wanderer zurueck,4/4,4/4,simples,4,8,32,37,7,maior,2
6503,Essen Folksong Collection,Muede kehrt ein Wanderer zurueck,4/4,4/4,simples,4,11.75,47,56,7,maior,3
6504,Essen Folksong Collection,Muede kehrt ein Wanderer zurueck,4/4,4/4,simples,4,11.75,47,59,4,menor,4
6505,Essen Folksong Collection,Muede kehrt ein Wanderer zurueck,4/4,4/4,simples,4,7.5,30,36,7,maior,0
6506,Essen Folksong Collection,Muede kehrt ein Wandersmann zurueck,4/4,4/4,simples,4,7.75,31,36,7,maior,1
6507,Essen Folksong Collection,Muede kehrt ein Wandersmann zurueck,4/4,4/4,simples,4,11.75,47,56,7,maior,2
6508,Essen Folksong Collection,Muede kehrt ein Wandersmann zurueck,4/4,4/4,simples,4,11.75,47,58,7,maior,3
6509,Essen Folksong Collection,Muede kehrt ein Wandersmann zurueck,4/4,4/4,simples,4,11.75,47,58,7,maior,4
6510,Essen Folksong Collection,Muede kehrt ein Wandersmann zurueck,4/4,4/4,simples,4,7.5,30,37,7,maior,0
6511,Essen Folksong Collection,Muede kehrt ein Wandersmann zurueck,4/4,4/4,simples,4,11.75,47,54,7,maior,1
6512,Essen Folksong Collection,Muede kehrt ein Wandersmann zurueck,4/4,4/4,simples,4,7.75,31,37,7,maior,2
6513,Essen Folksong Collection,Muede kehrt ein Wandersmann zurueck,4/4,4/4,simples,4,11.75,47,58,7,maior,3
6514,Essen Folksong Collection,Muede kehrt ein Wandersmann zurueck,4/4,4/4,simples,4,11.75,47,54,7,maior,4
6515,Essen Folksong Collection,Muede kehrt ein Wandersmann zurueck,4/4,4/4,simples,4,12,48,58,7,maior,0
6516,Essen Folksong Collection,Muede kehrt ein Wandersmann zurueck,4/4,4/4,simples,4,7.5,30,38,7,maior,1
6517,Essen Folksong Collection,Muede kehrt ein Wandersmann zurueck,4/4,4/4,simples,4,12,48,58,7,maior,2
6518,Essen Folksong Collection,Muellerstoechterlein,4/4,4/4,simples,4,12,48,69,5,maior,3
6519,Essen Folksong Collection,N N IST EIN SCHOENES STAEDTCHEN,4/4,4/4,simples,0,7.75,31,36,5,maior,4
6520,Essen Folksong Collection,NACH DEM STURME FAHREN WIR,4/4,4/4,simples,0,15.75,63,59,4,menor,0
6521,Essen Folksong Collection,NACH GRUENER FARB MEIN HERZ VERLANGT,4/4,4/4,simples,12,21.25,85,64,5,maior,1
6522,Essen Folksong Collection,NACH KREUZ UND AUSGESTANDNEN LEIDEN,4/4,4/4,simples,2,11.75,47,68,7,maior,2
6523,Essen Folksong Collection,NACH SEVILLA,4/4,4/4,simples,4,13.75,55,57,2,maior,3
6524,Essen Folksong Collection,NACHT UND STILL ISTS UM MICH HER,4/4,4/4,simples,0,8,32,30,7,maior,4
6525,Essen Folksong Collection,NACHTIGALL ICH HOER DICH SINGEN,4/4,4/4,simples,8,8,32,34,5,maior,0
6526,Essen Folksong Collection,NENNE NICHT DAS SCHICKSAL GRAUSAM,4/4,4/4,simples,4,13.75,55,47,7,maior,1
6527,Essen Folksong Collection,NICHT BLOS FUER DIESE UNTERWELT,4/4,4/4,simples,4,7.75,31,34,7,maior,2
6528,Essen Folksong Collection,NICHT LOBENSWUERDIG IST DER MANN,4/4,4/4,simples,4,7.75,31,28,2,maior,3
6529,Essen Folksong Collection,NICHT MEHR LANGE GEHT ES HIER ZU LANDE,4/4,4/4,simples,4,7.75,31,43,3,maior,4
6530,Essen Folksong Collection,NICHT WEIT VON WUERTEMBERG,4/4,4/4,simples,4,14.75,59,73,3,maior,0
6531,Essen Folksong Collection,NIRGENDS HIN ALS AUF DEN MUND,4/4,4/4,simples,0,16,64,62,7,maior,1
6532,Essen Folksong Collection,NOCH EINMAL ROBERT,4/4,4/4,simples,6,15.88,64,86,7,maior,2
6533,Essen Folksong Collection,NOCHMALS LASS NATUR DICH GRUESSEN,4/4,4/4,simples,8,18,72,67,0,menor,3
6534,Essen Folksong Collection,NU FALL DU REIF,4/4,4/4,simples,4,8,32,28,9,maior,4
6535,Essen Folksong Collection,NUN ADE MEIN HERZLIEB SCHAETZELEIN,4/4,4/4,simples,4,7.75,31,33,7,maior,0
6536,Essen Folksong Collection,NUN ADE MEIN SCHOENES LEBEN,4/4,4/4,simples,0,7.75,31,33,7,maior,1
6537,Essen Folksong Collection,NUN ADJES JETZT MUSS ICH FORT,4/4,4/4,simples,4,13.75,55,73,7,maior,2
6538,Essen Folksong Collection,NUN DANKET ALLE GOTT,4/4,4/4,simples,4,16,64,50,7,maior,3
6539,Essen Folksong Collection,NUN GRUESS DICH GOTT,4/4,4/4,simples,8,12.5,50,39,5,maior,4
6540,Essen Folksong Collection,NUN IST DIE ZEIT UND STUNDE,4/4,4/4,simples,4,11.75,47,51,0,maior,0
6541,Essen Folksong Collection,NUN LEB WOHL MEIN FEINES LIEBCHEN,4/4,4/4,simples,8,7.75,31,33,10,maior,1
6542,Essen Folksong Collection,NUN MF[ERK3END AUF IHR LIEBEN FREUND,4/4,4/4,simples,4,8,32,36,7,maior,2
6543,Essen Folksong Collection,NUN MUSST DU MICH AUCH RECHT VERSTEHN,4/4,4/4,simples,4,12.25,49,44,4,menor,3
6544,Essen Folksong Collection,NUN REUEN MICH DIE GUTEN SCHUCH,4/4,4/4,simples,4,16,64,32,5,maior,4
6545,Essen Folksong Collection,NUN SCHLAF MEIN LIEBES KINDELEIN,4/4,4/4,simples,4,10.25,41,34,5,maior,0
6546,Essen Folksong Collection,NUN SCHUERZ DICH GRETLEIN,4/4,4/4,simples,4,10,40,34,7,maior,1
6547,Essen Folksong Collection,NUN SO REIS ICH WEG VON HIER,4/4,4/4,simples,0,15.75,63,58,2,maior,2
6548,Essen Folksong Collection,NUN WILL ICH MARIA GRUESSEN,4/4,4/4,simples,0,7.5,30,33,5,maior,3
6549,Essen Folksong Collection,NUN ZU GUTER LETZT,4/4,4/4,simples,8,19,76,83,5,maior,4
6550,Essen Folksong Collection,NUR IMMER LANGSAM,4/4,4/4,simples,6,12,48,71,2,maior,0
6551,Essen Folksong Collection,NUR LANGSAM VORAN,4/4,4/4,simples,4,12,48,68,0,maior,1
6552,Essen Folksong Collection,NUR MUSST DU MICH AUCH RECHT VERSTEHN,4/4,4/4,simples,4,10,40,36,2,menor,2
6553,Essen Folksong Collection,NUR NOCH EINMAL IN MEINEM GANZEN LEBEN,4/4,4/4,simples,4,17.75,71,91,2,maior,3
6554,Essen Folksong Collection,"Nach der Wandlung, S. 23f",4/4,4/4,simples,4,18,72,56,7,maior,4
6555,Essen Folksong Collection,"Nach groá Trauer kommt groá Freud (3-77), S. 213",4/4,4/4,simples,4,11.75,47,61,7,maior,0
6556,Essen Folksong Collection,"Nach vieler Arbeit, Sturm und Klt (5-96), S. 152",4/4,4/4,simples,4,8,32,39,0,maior,1
6557,Essen Folksong Collection,"Nachtigall als Botin (62), S. 191",4/4,4/4,simples,4,6,24,29,10,maior,2
6558,Essen Folksong Collection,Nachtigall als Warnerin,4/4,4/4,simples,4,8,32,31,0,maior,3
6559,Essen Folksong Collection,Nanny O,4/4,4/4,simples,4,16,64,94,7,menor,4
6560,Essen Folksong Collection,"Napoleons Schicksal (134), S. 303f",4/4,4/4,simples,4,11.75,47,58,5,maior,0
6561,Essen Folksong Collection,"Neujahrslied (4-10), S. 12",4/4,4/4,simples,4,13.75,55,67,9,maior,1
6562,Essen Folksong Collection,"Neujahrslied (Band 1), S. 15",4/4,4/4,simples,4,8,32,47,2,maior,2
6563,Essen Folksong Collection,Nigu sifan,4/4,4/4,simples,0,13.88,55,80,10,maior,3
6564,Essen Folksong Collection,"Nikolaus, komm in unser Haus",4/4,4/4,simples,0,10,40,46,7,maior,4
6565,Essen Folksong Collection,"Nun adje, jetzt muá ich reiten fort (Band 1), S.  71",4/4,4/4,simples,4,7.75,31,43,7,maior,0
6566,Essen Folksong Collection,Nun danket alle Gott!,4/4,4/4,simples,8,18,72,50,5,maior,1
6567,Essen Folksong Collection,"Nur vorsichtig (74), S. 210",4/4,4/4,simples,4,11.75,47,46,9,maior,2
6568,Essen Folksong Collection,O ALTE BURSCHENHERRLICHKEIT,4/4,4/4,simples,4,15.75,63,74,0,maior,3
6569,Essen Folksong Collection,O ALTE BURSCHENHERRLICHKEIT,4/4,4/4,simples,4,16,64,74,0,maior,4
6570,Essen Folksong Collection,"O DANNEBOHM, O DANNEBOHM, WAT DRAEGST DU'N GROENEN TWIEG",4/4,4/4,simples,4,8,32,27,4,menor,0
6571,Essen Folksong Collection,O DANNEBOM O DANNEBOM,4/4,4/4,simples,4,7.75,31,27,4,menor,1
6572,Essen Folksong Collection,O DU FROEHLICHE,4/4,4/4,simples,0,15.5,62,45,5,maior,2
6573,Essen Folksong Collection,O FREDA UEBER FREDA,4/4,4/4,simples,4,15.75,63,56,5,maior,3
6574,Essen Folksong Collection,"O Himmel ich verspuer' ,",4/4,4/4,simples,4,11.75,47,43,7,maior,4
6575,Essen Folksong Collection,"O Himmel ich verspre (5-93), S. 147",4/4,4/4,simples,8,17,68,52,0,maior,0
6576,Essen Folksong Collection,O ICH BETRUEBTER FREIERSMANN,4/4,4/4,simples,4,13.75,55,51,0,maior,1
6577,Essen Folksong Collection,O ICH HABE DEINE STIMME,4/4,4/4,simples,4,7.75,31,50,4,maior,2
6578,Essen Folksong Collection,O IHR BERG UND HUEGEL,4/4,4/4,simples,0,15.5,62,67,7,maior,3
6579,Essen Folksong Collection,O KOENNT ICH IN MEIN HEIMATHLAND,4/4,4/4,simples,4,11.75,47,51,2,maior,4
6580,Essen Folksong Collection,O LIEB SO LANG DU LIEBEN KANNST,4/4,4/4,simples,4,20,80,67,3,maior,0
6581,Essen Folksong Collection,O STRASBURG O STRASBURG DU WUNDERSCHOENE STADT,4/4,4/4,simples,4,16,64,63,7,maior,1
6582,Essen Folksong Collection,O THAELER WEIT O HOEHEN,4/4,4/4,simples,4,20.75,83,66,3,maior,2
6583,Essen Folksong Collection,O Traurigkeit!,4/4,4/4,simples,8,9.5,38,28,9,menor,3
6584,Essen Folksong Collection,O WIE LIEBLICH ISTS IM KREIS,4/4,4/4,simples,0,15.75,63,62,9,maior,4
6585,Essen Folksong Collection,"O heilige Zeit (5-48), S. 79f",4/4,4/4,simples,4,24,96,75,0,maior,0
6586,Essen Folksong Collection,O'er Bogie,4/4,4/4,simples,2,7.88,32,60,10,maior,1
6587,Essen Folksong Collection,"O, was hab ich Graun und Zagen (5-92), S. 144",4/4,4/4,simples,0,16,64,65,0,maior,2
6588,Essen Folksong Collection,OB AUCH TRUEBE SEI DER HIMMEL,4/4,4/4,simples,8,16,64,74,0,maior,3
6589,Essen Folksong Collection,OB ICH GLEICH EIN SCHAEFER BIN,4/4,4/4,simples,0,11.75,47,46,7,maior,4
6590,Essen Folksong Collection,ODILIA DIE WAR BLIND GEBORN,4/4,4/4,simples,4,7,28,30,7,maior,0
6591,Essen Folksong Collection,OSEN AUF DEN WEG GESTREUT,4/4,4/4,simples,0,15.75,63,62,7,menor,1
6592,Essen Folksong Collection,"Op der Het do stet e Bam, S. 40f",4/4,4/4,simples,0,9.75,39,30,7,maior,2
6593,Essen Folksong Collection,PREIS DIR HERMANN VOLKSERRETTER,4/4,4/4,simples,0,13.75,55,71,3,maior,3
6594,Essen Folksong Collection,PREISEND MIT VIEL SCHOENEN REDEN,4/4,4/4,simples,4,13.75,55,64,0,maior,4
6595,Essen Folksong Collection,"Pfeifchen, wer hat dich erfunden (1-35), S. 92",4/4,4/4,simples,4,8,32,39,2,maior,0
6596,Essen Folksong Collection,"Pioniere sind stets munter,",4/4,4/4,simples,0,18,72,74,11,menor,1
6597,Essen Folksong Collection,"Pourquoi faut-il qu'une personne chante? ((122), S. 281",4/4,4/4,simples,6,9.88,40,54,0,maior,2
6598,Essen Folksong Collection,"Preab san ól!, S. 117",4/4,4/4,simples,2,16,64,97,1,menor,3
6599,Essen Folksong Collection,Prozessionslied (2-8) S. 33,4/4,4/4,simples,4,12,48,72,5,maior,4
6600,Essen Folksong Collection,Pusonglin liqu,4/4,4/4,simples,0,43,172,227,9,maior,0
6601,Essen Folksong Collection,"Péarla an bhrollaigh bháin, S. 46",4/4,4/4,simples,4,15.81,63,100,2,maior,1
6602,Essen Folksong Collection,QUANDO CONVENIUNT CATHARINA,4/4,4/4,simples,0,7.5,30,32,7,maior,2
6603,Essen Folksong Collection,Qingqing gaoshan baishi yan,4/4,4/4,simples,4,13.25,53,71,9,menor,3
6604,Essen Folksong Collection,Qiongren dou ba shen fan le,4/4,4/4,simples,0,18.25,73,71,10,menor,4
6605,Essen Folksong Collection,RAUS ZUM GREIFSWALDER THOR HINAUS,4/4,4/4,simples,0,7,28,54,8,maior,0
6606,Essen Folksong Collection,REDLICH IST DAS DEUTSCHE LEBEN,4/4,4/4,simples,8,8,32,33,3,maior,1
6607,Essen Folksong Collection,REDLICH IST DER DEUTSCHE MANN,4/4,4/4,simples,4,11.75,47,52,7,maior,2
6608,Essen Folksong Collection,ROLAND DER RIES AM RATHHAUS ZU BREMEN,4/4,4/4,simples,0,9.75,39,48,4,menor,3
6609,Essen Folksong Collection,ROTH ROTH ROTH SIND ALLE MEINE KLEIDER,4/4,4/4,simples,0,7.75,31,36,7,maior,4
6610,Essen Folksong Collection,RUHT IHR WEICHEN SEELEN,4/4,4/4,simples,0,7.5,30,31,7,menor,0
6611,Essen Folksong Collection,Regina (2-23) S. 71,4/4,4/4,simples,4,7.5,30,37,2,maior,1
6612,Essen Folksong Collection,Reiter und Hirtenmaedchen,4/4,4/4,simples,6,8.13,33,47,4,menor,2
6613,Essen Folksong Collection,"Rekrutenlied  (161), S. 350",4/4,4/4,simples,0,10.75,43,65,7,maior,3
6614,Essen Folksong Collection,"Rekrutenlied  (161), S. 350",4/4,4/4,simples,0,10.75,43,66,9,menor,4
6615,Essen Folksong Collection,Reyersweilerlied (2-17) S. 57,4/4,4/4,simples,4,12,48,67,2,maior,0
6616,Essen Folksong Collection,Ri luo xishan,4/4,4/4,simples,0,11,44,45,2,menor,1
6617,Essen Folksong Collection,"Rinaldo-Rinaldini, (1-16), S. 43f",4/4,4/4,simples,4,14,56,64,10,maior,2
6618,Essen Folksong Collection,Ritter und Magd,4/4,4/4,simples,4,7.75,31,33,0,maior,3
6619,Essen Folksong Collection,Ritter und Magd,4/4,4/4,simples,4,8,32,35,7,maior,4
6620,Essen Folksong Collection,Ritter und Magd,4/4,4/4,simples,2,7.75,31,45,9,maior,0
6621,Essen Folksong Collection,Ritter und Magd,4/4,4/4,simples,4,6,24,28,10,maior,1
6622,Essen Folksong Collection,Ritter und Magd,4/4,4/4,simples,4,8,32,37,10,maior,2
6623,Essen Folksong Collection,Ritter und Magd,4/4,4/4,simples,4,8,32,45,2,maior,3
6624,Essen Folksong Collection,Ritter und Magd,4/4,4/4,simples,4,7.75,31,32,7,maior,4
6625,Essen Folksong Collection,Ritter und Magd,4/4,4/4,simples,4,6,24,32,5,maior,0
6626,Essen Folksong Collection,"Rtsel (207a), S. 453",4/4,4/4,simples,0,7.75,31,45,5,maior,1
6627,Essen Folksong Collection,Rtsellied (2-92) S. 268,4/4,4/4,simples,10,15.88,64,102,7,maior,2
6628,Essen Folksong Collection,S MAHL A MUELLER IN ANER MUEHL,4/4,4/4,simples,4,5,20,34,0,maior,3
6629,Essen Folksong Collection,SAG MIR DAS WORT,4/4,4/4,simples,0,15.5,62,73,5,maior,4
6630,Essen Folksong Collection,SAG MIR DAS WORT DAS DEREINST MICH HAT BETOERT,4/4,4/4,simples,0,15.5,62,75,7,maior,0
6631,Essen Folksong Collection,SAGT MIR AN WAS SCHMUNZELT IHR,4/4,4/4,simples,0,11.5,46,43,2,maior,1
6632,Essen Folksong Collection,SAGT MIR AN WAS SCHMUNZELT IHR,4/4,4/4,simples,0,11.5,46,43,2,maior,2
6633,Essen Folksong Collection,SANKT MICHEL DE BAUET EEN KLOSTER,4/4,4/4,simples,4,7.75,31,30,2,menor,3
6634,Essen Folksong Collection,SCHAETZCHEN REICH MIR DEINE HAND,4/4,4/4,simples,0,12,48,52,5,maior,4
6635,Essen Folksong Collection,SCHAETZCHEN SAG WAS FEHLT DENN DIR,4/4,4/4,simples,0,11.75,47,54,7,maior,0
6636,Essen Folksong Collection,SCHAETZCHEN SAG WAS FEHLT DENN DIR,4/4,4/4,simples,0,11.75,47,54,7,maior,1
6637,Essen Folksong Collection,SCHAETZCHEN SAG WIE WIRDS DIR WERDEN,4/4,4/4,simples,0,7.75,31,39,10,maior,2
6638,Essen Folksong Collection,SCHATZ MEIN SCHATZ REIS NICHT SO WEIT,4/4,4/4,simples,6,7.63,31,50,3,maior,3
6639,Essen Folksong Collection,SCHATZ WENN DU REISEN WILLST,4/4,4/4,simples,6,7.63,31,56,8,maior,4
6640,Essen Folksong Collection,SCHEIDEN IST EIN HARTE PEIN,4/4,4/4,simples,4,5.75,23,27,5,maior,0
6641,Essen Folksong Collection,SCHIER DREISSIG JAHRE BIST DU ALT,4/4,4/4,simples,4,15.75,63,82,0,maior,1
6642,Essen Folksong Collection,SCHIFFMANN LAT'T SCHIFFKEN SINKEN,4/4,4/4,simples,4,11,44,41,5,maior,2
6643,Essen Folksong Collection,SCHLAF KINDCHEN BALDE,4/4,4/4,simples,0,15.75,63,56,5,maior,3
6644,Essen Folksong Collection,SCHLAF KINDCHEN SCHLAF DEIN VATER IST EIN SCHAF,4/4,4/4,simples,0,8,32,27,5,maior,4
6645,Essen Folksong Collection,SCHLAUF MAN WAWERL,4/4,4/4,simples,0,15.75,63,54,7,maior,0
6646,Essen Folksong Collection,SCHLESWIG-HOLSTEIN MEERUMSCHLUNGEN,4/4,4/4,simples,4,17.75,71,68,0,maior,1
6647,Essen Folksong Collection,SCHOEN ISTS UNTER FREIEM HIMMEL,4/4,4/4,simples,4,15.75,63,60,0,maior,2
6648,Essen Folksong Collection,SCHOEN ISTS UNTER FREIEM HIMMEL,4/4,4/4,simples,4,18,72,87,0,maior,3
6649,Essen Folksong Collection,SCHOEN SIND ROSEN UND JASMIN,4/4,4/4,simples,8,17.63,70,105,3,maior,4
6650,Essen Folksong Collection,SCHOEN ULERICH UND HANSELEIN,4/4,4/4,simples,4,6.5,26,30,7,maior,0
6651,Essen Folksong Collection,SCHOENE MINKA,4/4,4/4,simples,0,15.5,62,62,9,menor,1
6652,Essen Folksong Collection,SCHOENSTER HERR JESU,4/4,4/4,simples,0,12,48,56,9,menor,2
6653,Essen Folksong Collection,SCHOENSTER SCHATZ AUF DIESER ERDE,4/4,4/4,simples,0,11.75,47,58,7,maior,3
6654,Essen Folksong Collection,SCHOENSTER SCHATZ THU MIR ERLAUBEN,4/4,4/4,simples,4,7.75,31,35,7,maior,4
6655,Essen Folksong Collection,SCHOENSTES KIND AUF DIESER ERDE,4/4,4/4,simples,0,13.5,54,61,7,maior,0
6656,Essen Folksong Collection,SEHT WIE ER IM GLASE BLINKT,4/4,4/4,simples,0,19.75,79,84,7,maior,1
6657,Essen Folksong Collection,SEHT WIE ER IM GLASE BLINKT,4/4,4/4,simples,0,19.75,79,86,7,maior,2
6658,Essen Folksong Collection,SEI GEGRUESST IN REINER SCHOENE,4/4,4/4,simples,4,15.75,63,70,0,maior,3
6659,Essen Folksong Collection,SEI NUR STILL HAST LANG GESCHWIEGEN,4/4,4/4,simples,8,17.75,71,98,2,maior,4
6660,Essen Folksong Collection,SELIG DIE TODTEN,4/4,4/4,simples,0,18.75,75,55,0,maior,0
6661,Essen Folksong Collection,SETZT EUCH BRUEDER IN DIE RUNDE,4/4,4/4,simples,0,17.5,70,98,3,maior,1
6662,Essen Folksong Collection,"SEY NUR STILL, HAST LANG GESCHWIEGEN",4/4,4/4,simples,8,18.25,73,100,9,maior,2
6663,Essen Folksong Collection,SIE SOLLEN IHN NICHT HABEN,4/4,4/4,simples,4,24,96,93,5,maior,3
6664,Essen Folksong Collection,SIE SOLLEN IHN NICHT HABEN DEN FREIEN DEUTSCHEN RHEIN,4/4,4/4,simples,4,15.75,63,63,9,maior,4
6665,Essen Folksong Collection,SIND DIR DENN DIE HOSENBAENDER,4/4,4/4,simples,0,16,64,56,5,maior,0
6666,Essen Folksong Collection,SIND WIR VEREINT ZUR GUTEN STUNDE,4/4,4/4,simples,6,19.88,80,102,10,maior,1
6667,Essen Folksong Collection,SO HAB ICH NUN DIE STADT VERLASSEN,4/4,4/4,simples,4,7.75,31,38,7,maior,2
6668,Essen Folksong Collection,SO MUSS ER UNSER SCHWAGER SEIN,4/4,4/4,simples,4,4,16,16,7,maior,3
6669,Essen Folksong Collection,SO OFT ICH MEINE TABACKSPFEIFE,4/4,4/4,simples,6,11.63,47,65,5,maior,4
6670,Essen Folksong Collection,SO SCHLAEGT DIE BITTRE TRENNUNGSSTUNDE,4/4,4/4,simples,4,10,40,45,7,menor,0
6671,Essen Folksong Collection,SO TRINKEN WIR ALLE,4/4,4/4,simples,4,15,60,50,5,maior,1
6672,Essen Folksong Collection,SO ZIEHN WIR PREUSSEN IN DAS FELD,4/4,4/4,simples,2,23.63,95,112,7,maior,2
6673,Essen Folksong Collection,SOHN DA HAST DU MEINEN SPEER,4/4,4/4,simples,0,11.5,46,45,2,maior,3
6674,Essen Folksong Collection,SOLL ICH EUCH MEIN LIEBCHEN NENNEN,4/4,4/4,simples,8,6.75,27,34,0,maior,4
6675,Essen Folksong Collection,SOLLEN NUN DIE GRUENEN JAHRE,4/4,4/4,simples,0,16,64,60,4,menor,0
6676,Essen Folksong Collection,SOLLT ICH EINEM BAUERN DIENEN,4/4,4/4,simples,0,14,56,59,7,maior,1
6677,Essen Folksong Collection,SPRICHST DU ZUM VOGEL KOMM IN MEIN HAUS,4/4,4/4,simples,6,14.63,59,74,6,menor,2
6678,Essen Folksong Collection,SPRINH AUF FEINS HIRSCHELEIN,4/4,4/4,simples,4,8,32,41,2,maior,3
6679,Essen Folksong Collection,STARREND VOR FROST STEH ICH VOR DEINEM FENSTER,4/4,4/4,simples,0,23.5,94,71,2,maior,4
6680,Essen Folksong Collection,STEH NUR AUF DU HANDWF[ERK3SGESELL,4/4,4/4,simples,4,12,48,65,5,maior,0
6681,Essen Folksong Collection,STEH NUR AUF STEH NUR AUF,4/4,4/4,simples,4,8,32,42,5,maior,1
6682,Essen Folksong Collection,STEHE FEST O VATERLAND,4/4,4/4,simples,0,12.5,50,42,2,maior,2
6683,Essen Folksong Collection,STEHE ICH AM EISENGITTER,4/4,4/4,simples,0,7.5,30,32,5,maior,3
6684,Essen Folksong Collection,STERBEN IST EIN HARTE BUSS,4/4,4/4,simples,0,12,48,61,5,maior,4
6685,Essen Folksong Collection,STERBEN IST EIN HARTE BUSS,4/4,4/4,simples,0,9,36,28,7,menor,0
6686,Essen Folksong Collection,STERBEN IST EIN SCHWERER BUSS,4/4,4/4,simples,0,9,36,28,7,menor,1
6687,Essen Folksong Collection,STIMMT AN MIT HELLEM HOHEN KLANG,4/4,4/4,simples,4,8.75,35,32,7,maior,2
6688,Essen Folksong Collection,SUSANNA SPRANG ZUM THOR HINAUS,4/4,4/4,simples,4,10.75,43,42,3,maior,3
6689,Essen Folksong Collection,SUSANNCHEN SPRANG ZUM THOR HINAUS,4/4,4/4,simples,4,9.75,39,28,9,maior,4
6690,Essen Folksong Collection,"Schinderhannes (3-29), S. 95",4/4,4/4,simples,8,8,32,46,7,maior,0
6691,Essen Folksong Collection,"Schlacht bei der Conzerbrck, S.44",4/4,4/4,simples,2,9.88,40,48,10,maior,1
6692,Essen Folksong Collection,Schloss in Oesterreich,4/4,4/4,simples,4,8,32,34,2,menor,2
6693,Essen Folksong Collection,Schloss in Oesterreich,4/4,4/4,simples,4,8.25,33,36,2,menor,3
6694,Essen Folksong Collection,"Schneiderlied (2-58), S. 153f",4/4,4/4,simples,4,28,112,105,5,maior,4
6695,Essen Folksong Collection,Schoen Adelheid,4/4,4/4,simples,0,7.75,31,48,7,menor,0
6696,Essen Folksong Collection,Schoen Adelheid,4/4,4/4,simples,2,7.75,31,44,7,menor,1
6697,Essen Folksong Collection,Schoen Adelheid,4/4,4/4,simples,2,7.63,31,45,2,menor,2
6698,Essen Folksong Collection,Schoenstes Schaetzchen ich steh draussen,4/4,4/4,simples,0,7.5,30,30,3,maior,3
6699,Essen Folksong Collection,Schreinerlied (2-50) S. 160,4/4,4/4,simples,4,7.75,31,38,7,maior,4
6700,Essen Folksong Collection,Schwester Giftmischerin,4/4,4/4,simples,4,5,20,14,11,menor,0
6701,Essen Folksong Collection,Schner Meie (2-73) S. 219,4/4,4/4,simples,2,7.88,32,42,7,maior,1
6702,Essen Folksong Collection,"Schnes Blmelein (3-1), S. 13",4/4,4/4,simples,4,15.75,63,72,5,maior,2
6703,Essen Folksong Collection,"Schnster Schatz, willst du' s erlauben (156b), S. 341",4/4,4/4,simples,4,7.5,30,38,5,maior,3
6704,Essen Folksong Collection,"Schnster Schatz, willst du' s erlauben? (156a), S. 340",4/4,4/4,simples,4,15.75,63,76,5,maior,4
6705,Essen Folksong Collection,"Schnster Schatz, willst du' s erlauben? (156a), S. 340",4/4,4/4,simples,4,15.75,63,74,5,maior,0
6706,Essen Folksong Collection,"Schnstes Kind auf dieser Erde (4-69), S. 89",4/4,4/4,simples,8,7.75,31,38,5,maior,1
6707,Essen Folksong Collection,"Schnstes Mdchen auf dieser Erde (2-23), S. 58",4/4,4/4,simples,4,11.75,47,55,5,maior,2
6708,Essen Folksong Collection,"Seidenweberlied (3-43), S. 129",4/4,4/4,simples,4,7.75,31,38,7,maior,3
6709,Essen Folksong Collection,Shi er tiao shoujin,4/4,4/4,simples,0,8,32,71,9,maior,4
6710,Essen Folksong Collection,Shida zhenggangge,4/4,4/4,simples,0,20,80,115,9,menor,0
6711,Essen Folksong Collection,Siji ge(Lied der Jahrezeiten),4/4,4/4,simples,0,9,36,76,5,maior,1
6712,Essen Folksong Collection,"Siji hua'r kai, Dui chang)",4/4,4/4,simples,0,10,40,103,5,maior,2
6713,Essen Folksong Collection,"Slán le máigh, S. 93",4/4,4/4,simples,4,16,64,94,3,maior,3
6714,Essen Folksong Collection,"Soldatenabschied (144a), S. 321",4/4,4/4,simples,4,8,32,36,7,maior,4
6715,Essen Folksong Collection,Soldatenabschied (2-57) S. 179,4/4,4/4,simples,0,8.5,34,37,4,menor,0
6716,Essen Folksong Collection,Song qing lang,4/4,4/4,simples,0,13.38,53,90,0,menor,1
6717,Essen Folksong Collection,Songlang danghongjun,4/4,4/4,simples,0,10,40,83,9,maior,2
6718,Essen Folksong Collection,Spottlied auf den 1574 aus Krakau entflohenen Polenkoenig,4/4,4/4,simples,4,14,56,48,4,menor,3
6719,Essen Folksong Collection,St. Martinslied,4/4,4/4,simples,0,25,100,84,0,maior,4
6720,Essen Folksong Collection,"Still, still, still (5-49), S. 81",4/4,4/4,simples,0,17.5,70,48,7,maior,0
6721,Essen Folksong Collection,"Still, still, still, wer Gott erkennen will (4-9), S. 12",4/4,4/4,simples,0,11.5,46,48,5,maior,1
6722,Essen Folksong Collection,"Stimme der Mutter aus dem Grabe (58), S. 183",4/4,4/4,simples,4,7.75,31,30,2,maior,2
6723,Essen Folksong Collection,"Snder, schweig und lerne leiden (5-50), S. 82f",4/4,4/4,simples,8,24,96,96,2,maior,3
6724,Essen Folksong Collection,TABAK IST MEIN LEBEN,4/4,4/4,simples,0,13.5,54,45,7,menor,4
6725,Essen Folksong Collection,TANZ MAEGDLEIN TANZ,4/4,4/4,simples,0,5.5,22,17,0,maior,0
6726,Essen Folksong Collection,TANZ MIR NICHT MIT MEINER JUNGFER,4/4,4/4,simples,0,26,104,88,9,menor,1
6727,Essen Folksong Collection,THEUERSTER DU BRICHST DEN SCHWUR DER TREUE,4/4,4/4,simples,4,7.75,31,41,3,maior,2
6728,Essen Folksong Collection,THRAENEN HAB ICH VIELE,4/4,4/4,simples,4,19.75,79,108,2,maior,3
6729,Essen Folksong Collection,THUT MAN INS LEBEN KAUM DEN ERSTEN SCHRITT,4/4,4/4,simples,6,9.63,39,51,7,maior,4
6730,Essen Folksong Collection,TOCHTER ZION FREUE DICH,4/4,4/4,simples,0,15.75,63,52,3,maior,0
6731,Essen Folksong Collection,TRAU KLEINES MADELEIN TRAU NIE ZU SEHR,4/4,4/4,simples,0,8,32,48,9,menor,1
6732,Essen Folksong Collection,TRAUTE HEIMATH MEINER LIEBEN,4/4,4/4,simples,8,10,40,45,0,maior,2
6733,Essen Folksong Collection,TRAUTE HEIMATH MEINER LIEBEN,4/4,4/4,simples,8,9.75,39,45,0,maior,3
6734,Essen Folksong Collection,TRITT AUF DEN RIEGEL VON DER THUER,4/4,4/4,simples,4,31.75,127,106,5,maior,4
6735,Essen Folksong Collection,TRIUMPH DAS SCHWERT IN TAPFRER HAND,4/4,4/4,simples,4,15.5,62,59,10,maior,0
6736,Essen Folksong Collection,TURNER AUF ZUM STREITE,4/4,4/4,simples,0,15.75,63,43,7,menor,1
6737,Essen Folksong Collection,Taiyang chulai zhao beiyan,4/4,4/4,simples,0,15.75,63,107,11,menor,2
6738,Essen Folksong Collection,Tannebaum,4/4,4/4,simples,4,7.75,31,27,7,menor,3
6739,Essen Folksong Collection,"Tationenlied (Band 1), S. 31",4/4,4/4,simples,4,16,64,52,2,maior,4
6740,Essen Folksong Collection,"The Flower of Magherally, S. 62",4/4,4/4,simples,4,16.25,65,68,7,menor,0
6741,Essen Folksong Collection,"The Knight on the Road, S. 66",4/4,4/4,simples,4,16,64,55,5,maior,1
6742,Essen Folksong Collection,"The Maid of Ballydoo, S. 70",4/4,4/4,simples,2,8,32,61,0,maior,2
6743,Essen Folksong Collection,"The Rambling Boys of Pleasure, S. 84",4/4,4/4,simples,4,15.44,61,85,2,maior,3
6744,Essen Folksong Collection,"The Suit of Green, S. 86",4/4,4/4,simples,4,15.94,63,86,0,maior,4
6745,Essen Folksong Collection,The Waefu' Heart,4/4,4/4,simples,4,16,64,74,5,maior,0
6746,Essen Folksong Collection,"The banks of the bann, S. 46",4/4,4/4,simples,4,16,64,58,2,maior,1
6747,Essen Folksong Collection,"The blackbird of Mullaghmore, S. 48",4/4,4/4,simples,4,16,64,63,5,maior,2
6748,Essen Folksong Collection,"The boys of Mullaghbawn, S. 52",4/4,4/4,simples,4,16,64,61,4,menor,3
6749,Essen Folksong Collection,Tochter als Faehnrich,4/4,4/4,simples,4,9.75,39,40,0,maior,4
6750,Essen Folksong Collection,Tochter als Faehnrich,4/4,4/4,simples,4,10,40,52,7,maior,0
6751,Essen Folksong Collection,Tochter als Faehnrich,4/4,4/4,simples,4,10,40,36,7,maior,1
6752,Essen Folksong Collection,Tochter als Faehnrich,4/4,4/4,simples,0,11.5,46,61,7,maior,2
6753,Essen Folksong Collection,Totenamt,4/4,4/4,simples,2,7.88,32,40,7,menor,3
6754,Essen Folksong Collection,"Treu und Lieb hab ich dir geschworen (2-12), S. 26",4/4,4/4,simples,4,11.75,47,56,7,maior,4
6755,Essen Folksong Collection,"Treue Freundschaft (90), S. 235",4/4,4/4,simples,4,7.75,31,40,5,maior,0
6756,Essen Folksong Collection,"Treue Liebe (3-34), S. 87",4/4,4/4,simples,4,11.75,47,58,7,menor,1
6757,Essen Folksong Collection,"Treues Kreuz von edler Wrde (5-51), S. 85f",4/4,4/4,simples,0,16,64,85,5,maior,2
6758,Essen Folksong Collection,Tuhao lueshen pagongnong,4/4,4/4,simples,0,8,32,39,9,menor,3
6759,Essen Folksong Collection,UEB IMMER TREU UND REDLICHKEIT,4/4,4/4,simples,4,7.75,31,32,7,maior,4
6760,Essen Folksong Collection,UEBER DIE VERHEERTEN MATTEN,4/4,4/4,simples,0,11.75,47,49,0,maior,0
6761,Essen Folksong Collection,UEBERS JAHR MEIN SCHATZ,4/4,4/4,simples,4,11.75,47,48,0,maior,1
6762,Essen Folksong Collection,UMSONST SUCHST DU DIR FREUDENQUELLEN,4/4,4/4,simples,4,7.75,31,37,0,maior,2
6763,Essen Folksong Collection,UND ALS DER ERSTE SCHUSS,4/4,4/4,simples,4,11.75,47,51,0,maior,3
6764,Essen Folksong Collection,UND ALS ICH AUF GRUEN HEIDE KAM,4/4,4/4,simples,2,11.63,47,41,5,menor,4
6765,Essen Folksong Collection,UND DO ICH SASS IN MEINER ZELL,4/4,4/4,simples,4,20,80,60,5,maior,0
6766,Essen Folksong Collection,UND EIN GOTT IST,4/4,4/4,simples,8,25,100,62,3,maior,1
6767,Essen Folksong Collection,UND SO FINDEN WIR UNS WIEDER,4/4,4/4,simples,4,7.75,31,34,9,maior,2
6768,Essen Folksong Collection,UND UNSER LIEBEN FRAUEN,4/4,4/4,simples,4,11.25,45,34,9,menor,3
6769,Essen Folksong Collection,UND WENN DER JAEGER IN DEN WALD,4/4,4/4,simples,0,19.5,78,90,5,maior,4
6770,Essen Folksong Collection,UND WIR SASSEN EINST VERGNUEGT,4/4,4/4,simples,4,11.75,47,61,0,maior,0
6771,Essen Folksong Collection,UNS LANDWEHRMAENNERN,4/4,4/4,simples,6,16,64,81,10,maior,1
6772,Essen Folksong Collection,UNSER LEBEN GLEICHT DER REISE,4/4,4/4,simples,0,7.75,31,36,4,maior,2
6773,Essen Folksong Collection,UNSER LIEBEN FRAUE,4/4,4/4,simples,0,18,72,57,7,menor,3
6774,Essen Folksong Collection,"Un jeune soldat (137), S. 310f",4/4,4/4,simples,6,20.88,84,114,7,maior,4
6775,Essen Folksong Collection,"Und wenn der liebe Gott wollte (Band 1), S. 149",4/4,4/4,simples,4,13.75,55,69,7,menor,0
6776,Essen Folksong Collection,VATER ICH RUFE DICH,4/4,4/4,simples,0,9.5,38,44,5,maior,1
6777,Essen Folksong Collection,VATER NOAH WEINERFINDER,4/4,4/4,simples,4,15.75,63,74,10,maior,2
6778,Essen Folksong Collection,VATER UNSER BETEN WIR,4/4,4/4,simples,4,11.75,47,53,5,maior,3
6779,Essen Folksong Collection,VATER UNSER IN DOMINE,4/4,4/4,simples,4,7.5,30,35,10,maior,4
6780,Essen Folksong Collection,VERGISS MEIN NICHT O THEURE,4/4,4/4,simples,6,10.88,44,51,0,maior,0
6781,Essen Folksong Collection,VERSCHWUNDEN IST DES TAGES LICHT,4/4,4/4,simples,4,7.75,31,28,5,menor,1
6782,Essen Folksong Collection,VIEL TAUSEND STERNE PRANGEN,4/4,4/4,simples,8,24,96,79,10,maior,2
6783,Essen Folksong Collection,VIOLA BASS UND GEIGEN,4/4,4/4,simples,4,9.5,38,51,0,maior,3
6784,Essen Folksong Collection,VIVAT ES LEBE DAS PREUSSISCHE HEER,4/4,4/4,simples,4,15.75,63,61,7,maior,4
6785,Essen Folksong Collection,VIVAT JETZT GEHTS INS FELD,4/4,4/4,simples,4,7.75,31,36,0,maior,0
6786,Essen Folksong Collection,"VIVAT, ES LEB DAS PREUSSISCHE HEER BIS AN DER WELT IHR END",4/4,4/4,simples,4,15.75,63,61,5,maior,1
6787,Essen Folksong Collection,VOLL ZAERTLICHKEIT WILL ICH DER DIRNE SAGEN,4/4,4/4,simples,2,15.88,64,84,0,maior,2
6788,Essen Folksong Collection,VOLL ZAERTLICHKEIT WILL ICH DER DIRNE SAGEN,4/4,4/4,simples,4,23.5,94,130,0,maior,3
6789,Essen Folksong Collection,VOLL ZAERTLICHKEIT WILL ICH DIR,4/4,4/4,simples,4,23.5,94,126,0,maior,4
6790,Essen Folksong Collection,VOM ALTEN DEUTSCHEN MEER UMFLOSSEN,4/4,4/4,simples,6,12.88,52,60,10,maior,0
6791,Essen Folksong Collection,VOM HIMMEL HOCH DA KOMM ICH HER,4/4,4/4,simples,2,7.88,32,33,7,maior,1
6792,Essen Folksong Collection,VON ALLEN LAENDERN IN DER WELT,4/4,4/4,simples,4,12.75,51,55,2,maior,2
6793,Essen Folksong Collection,VON DIR GESCHIEDEN,4/4,4/4,simples,6,11.88,48,58,5,maior,3
6794,Essen Folksong Collection,VON GOLD LIESS ER EINE BRUECKE BAUN,4/4,4/4,simples,4,7.75,31,37,5,maior,4
6795,Essen Folksong Collection,VON HAUSE MUSS ICH FORT,4/4,4/4,simples,4,11.75,47,47,0,maior,0
6796,Essen Folksong Collection,VON LIEB ENTBRANNT UND FERTIG ZU DER REISE,4/4,4/4,simples,6,23.63,95,114,0,maior,1
6797,Essen Folksong Collection,VOR ALLEN LANDEN HOCHGEEHRT,4/4,4/4,simples,4,12,48,59,3,maior,2
6798,Essen Folksong Collection,VROU NACHTIGALL KLEINS VUEGELIN,4/4,4/4,simples,4,9,36,34,2,maior,3
6799,Essen Folksong Collection,Verlorene Schlafdecke,4/4,4/4,simples,4,9.5,38,39,7,maior,4
6800,Essen Folksong Collection,Verschlafener Jaeger,4/4,4/4,simples,4,7.75,31,33,0,maior,0
6801,Essen Folksong Collection,Verschlafener Jaeger,4/4,4/4,simples,4,8,32,35,5,maior,1
6802,Essen Folksong Collection,Verschlafener Jaeger,4/4,4/4,simples,4,16,64,86,0,maior,2
6803,Essen Folksong Collection,Verschlafener Jaeger,4/4,4/4,simples,4,7.75,31,26,9,menor,3
6804,Essen Folksong Collection,Verschlafener Jaeger,4/4,4/4,simples,4,15.75,63,72,7,maior,4
6805,Essen Folksong Collection,Versptung (2-47) S. 151,4/4,4/4,simples,0,12,48,46,7,maior,0
6806,Essen Folksong Collection,"Verzweiflung (126a), S. 286",4/4,4/4,simples,4,7.75,31,45,7,maior,1
6807,Essen Folksong Collection,"Verzweiflung (126b), S. 287",4/4,4/4,simples,4,9.5,38,52,7,maior,2
6808,Essen Folksong Collection,"Verzweiflung, 3. Melodie, (126a), S. 286",4/4,4/4,simples,4,7.75,31,44,7,maior,3
6809,Essen Folksong Collection,Von Gott will ich nicht lassen,4/4,4/4,simples,4,15.75,63,53,7,menor,4
6810,Essen Folksong Collection,"Vor Liebchens Tr (72a), S. 206,",4/4,4/4,simples,4,9.75,39,37,7,maior,0
6811,Essen Folksong Collection,"Vor der Schlacht (146), S. 325",4/4,4/4,simples,0,11.5,46,57,10,maior,1
6812,Essen Folksong Collection,WACHET AUF WACHET AUF,4/4,4/4,simples,4,11.75,47,54,5,maior,2
6813,Essen Folksong Collection,WAHRE FREUNDSCHAFT SOLL NICHT WANKEN,4/4,4/4,simples,4,7.75,31,36,5,maior,3
6814,Essen Folksong Collection,WANN KOMMT DIE FROHE STUNDE,4/4,4/4,simples,4,7.75,31,36,0,maior,4
6815,Essen Folksong Collection,WARUM BIST DU DENN SO TRAURIG,4/4,4/4,simples,0,8,32,47,5,maior,0
6816,Essen Folksong Collection,WARUM BIST DU DENN SO TRAURIG,4/4,4/4,simples,0,8,32,48,2,maior,1
6817,Essen Folksong Collection,WARUM SIND DIE THRAENEN UNTERM MOND SO VIEL,4/4,4/4,simples,0,15.5,62,46,7,maior,2
6818,Essen Folksong Collection,WAS BLASEN DIE TROMPETEN HUSAREN HERAUS,4/4,4/4,simples,2,11.88,48,80,7,maior,3
6819,Essen Folksong Collection,WAS BRINGEN UNS DIE SCHWABEN,4/4,4/4,simples,12,14.75,59,49,5,maior,4
6820,Essen Folksong Collection,WAS DONNERN DIE KANONEN,4/4,4/4,simples,4,7.5,30,33,7,maior,0
6821,Essen Folksong Collection,WAS FRAG ICH VIEL NACH GELD UND GUT,4/4,4/4,simples,4,13.75,55,45,5,maior,1
6822,Essen Folksong Collection,WAS GOTT THUT DAS IST WOHLGETHAN,4/4,4/4,simples,4,16,64,52,7,maior,2
6823,Essen Folksong Collection,WAS GRAEMST DU DICH,4/4,4/4,simples,6,7.88,32,42,4,menor,3
6824,Essen Folksong Collection,WAS HAB ICH DENN MEINEM FEINSLIEBCHEN GETAN,4/4,4/4,simples,4,8,32,52,4,maior,4
6825,Essen Folksong Collection,WAS HAB ICH DENN MEINEM FEINSLIEBCHEN GETHAN,4/4,4/4,simples,4,8,32,50,3,maior,0
6826,Essen Folksong Collection,WAS HOER ICH DRAUSSEN VOR DEM TOR,4/4,4/4,simples,2,13.88,56,65,10,maior,1
6827,Essen Folksong Collection,WAS IST DAS GOETTLICHSTE AUF DIESER WELT,4/4,4/4,simples,4,13.75,55,69,10,maior,2
6828,Essen Folksong Collection,WAS IST DES DEUTSCHEN VATERLAND,4/4,4/4,simples,6,15.88,64,75,0,maior,3
6829,Essen Folksong Collection,WAS IST DES DEUTSCHEN VATERLAND,4/4,4/4,simples,4,11.75,47,48,0,maior,4
6830,Essen Folksong Collection,WAS IST DES DEUTSCHEN VATERLAND,4/4,4/4,simples,4,15.5,62,71,2,maior,0
6831,Essen Folksong Collection,WAS IST DOCH AUF DIESER WELT,4/4,4/4,simples,0,15.75,63,68,9,maior,1
6832,Essen Folksong Collection,WAS IST MIT DIR GESCHEHEN,4/4,4/4,simples,4,15.75,63,61,2,menor,2
6833,Essen Folksong Collection,WAS KANN EINEN MEHR ERGOETZEN,4/4,4/4,simples,0,13.75,55,56,7,maior,3
6834,Essen Folksong Collection,WAS KANN MICH DENN MEHR ERGOETZEN,4/4,4/4,simples,0,13.75,55,61,7,maior,4
6835,Essen Folksong Collection,WAS MACHT IHR DASS IHR WEINET,4/4,4/4,simples,4,16,64,56,10,maior,0
6836,Essen Folksong Collection,WAS SCHIMMERT DORT AUF DEM BERGE SO SCHOEN,4/4,4/4,simples,4,18.75,75,92,3,maior,1
6837,Essen Folksong Collection,WAS SOLL ICH IN DER FREMDE THUN,4/4,4/4,simples,4,13.75,55,77,0,maior,2
6838,Essen Folksong Collection,WAS WIRD WOHL MEIN SCHAETZLEIN DENKEN,4/4,4/4,simples,0,11.75,47,46,7,maior,3
6839,Essen Folksong Collection,WAS WOELLN WIR AUF DEN ABEND THUN,4/4,4/4,simples,4,10,40,38,4,menor,4
6840,Essen Folksong Collection,WAS WOELLN WIR AUF DEN ABEND THUN,4/4,4/4,simples,4,14,56,53,7,maior,0
6841,Essen Folksong Collection,WAS WOELLN WIR AUF DEN ABEND THUN,4/4,4/4,simples,4,14,56,46,7,maior,1
6842,Essen Folksong Collection,WAS WUENSCHEN WIR DEM HERRN,4/4,4/4,simples,4,15,60,84,7,maior,2
6843,Essen Folksong Collection,WEH DASS WIR SCHEIDEN MUESSEN,4/4,4/4,simples,0,13.75,55,45,0,maior,3
6844,Essen Folksong Collection,WEINT MIT MIR IHR NAECHTLICH STILLEN HAINE,4/4,4/4,simples,4,7.5,30,42,0,maior,4
6845,Essen Folksong Collection,WEINT MIT MIR IHR NAECHTLICH STILLEN HAINE,4/4,4/4,simples,4,13.75,55,73,7,maior,0
6846,Essen Folksong Collection,WEIT IN NEBELGRAUER FERNE,4/4,4/4,simples,8,12,48,68,2,maior,1
6847,Essen Folksong Collection,WEM DEUTSCHES BLUT IN SEINEN PULSEN BRENNET,4/4,4/4,simples,6,11.63,47,63,0,maior,2
6848,Essen Folksong Collection,WEM GOTT WILL RECHTE GUNST ERWEISEN,4/4,4/4,simples,4,7.75,31,35,2,maior,3
6849,Essen Folksong Collection,WENN ALL DIE BAECHLEIN FLIESSEN,4/4,4/4,simples,4,9.75,39,37,7,maior,4
6850,Essen Folksong Collection,WENN ALLE BAECHLEIN FLIESSEN,4/4,4/4,simples,4,9.75,39,36,7,maior,0
6851,Essen Folksong Collection,WENN DAS HERZ VOLL ANGST UND LEID,4/4,4/4,simples,8,12,48,69,9,menor,1
6852,Essen Folksong Collection,WENN DER SCHAEFER SCHEREN WILL,4/4,4/4,simples,0,15.75,63,65,7,maior,2
6853,Essen Folksong Collection,WENN DIE NACHT MIT SUESSER RUH,4/4,4/4,simples,0,16,64,62,2,maior,3
6854,Essen Folksong Collection,WENN DIE SONNE FRUEH AUFGEHT,4/4,4/4,simples,4,7.5,30,30,4,maior,4
6855,Essen Folksong Collection,WENN DU WUESSTEST MEINE SCHMERZEN,4/4,4/4,simples,0,15.75,63,66,3,maior,0
6856,Essen Folksong Collection,WENN EINST DER ALTE KNOCHENHAUER,4/4,4/4,simples,4,15.5,62,68,7,maior,1
6857,Essen Folksong Collection,WENN GRUEN DIE EICHEN STEHEN,4/4,4/4,simples,6,11.88,48,66,2,maior,2
6858,Essen Folksong Collection,WENN ICH AN DEN LETZTEN ABEND DENK,4/4,4/4,simples,4,15.75,63,81,5,maior,3
6859,Essen Folksong Collection,WENN ICH AN DEN LETZTEN ABEND GEDENNCK,4/4,4/4,simples,4,15.75,63,85,2,maior,4
6860,Essen Folksong Collection,WENN ICH DEN WANDRER FRAGE,4/4,4/4,simples,4,11.75,47,38,2,maior,0
6861,Essen Folksong Collection,WENN ICH DEN WANDRER FRAGE,4/4,4/4,simples,0,11.75,47,37,0,maior,1
6862,Essen Folksong Collection,WENN ICH IHN NUR HABE,4/4,4/4,simples,0,12.75,51,52,3,maior,2
6863,Essen Folksong Collection,WENN ICH IHN NUR HABE,4/4,4/4,simples,0,14.5,58,44,1,maior,3
6864,Essen Folksong Collection,WENN ICH IN FREIHEIT LEBEN WILL,4/4,4/4,simples,4,7.75,31,38,5,maior,4
6865,Essen Folksong Collection,WENN JEMAND EINE REISE THUT,4/4,4/4,simples,4,15.75,63,64,10,maior,0
6866,Essen Folksong Collection,WENN WIR DURCH DIE STRASSEN ZIEHEN,4/4,4/4,simples,8,16,64,78,3,maior,1
6867,Essen Folksong Collection,WER GOTT DAS HERZE GIEBET,4/4,4/4,simples,4,15.75,63,58,7,maior,2
6868,Essen Folksong Collection,WER HOFFAHRT TREIBT MIT FREMDEN GUT,4/4,4/4,simples,12,22.75,91,63,5,maior,3
6869,Essen Folksong Collection,WER IST DER RITTER HOCHGEEHRT,4/4,4/4,simples,4,31.75,127,129,0,maior,4
6870,Essen Folksong Collection,WER IST EIN MANN,4/4,4/4,simples,6,9.88,40,44,2,maior,0
6871,Essen Folksong Collection,WER IST EIN MANN WER BETEN KANN,4/4,4/4,simples,0,7.75,31,29,7,menor,1
6872,Essen Folksong Collection,WER KANNS VERDENKEN MICH,4/4,4/4,simples,4,10,40,39,7,maior,2
6873,Essen Folksong Collection,WER LEUCHTET UNS DENN BEI DER FINSTREN NACHT,4/4,4/4,simples,4,9.75,39,47,2,maior,3
6874,Essen Folksong Collection,WER MOECHTE WOHL ZU GANZEN TAGEN,4/4,4/4,simples,6,13.88,56,57,4,maior,4
6875,Essen Folksong Collection,WER NUR DEN LIEBEN GOTT LAESST WALTEN,4/4,4/4,simples,4,14,56,50,9,menor,0
6876,Essen Folksong Collection,WER SICH DES MAIEN FREUET,4/4,4/4,simples,4,12,48,52,7,maior,1
6877,Essen Folksong Collection,WER SICH DES MAIEN FREUET,4/4,4/4,simples,4,11.75,47,46,10,maior,2
6878,Essen Folksong Collection,WER SINGET IM WALDE SO HEIMLICH ALLEIN,4/4,4/4,simples,4,25,100,80,4,menor,3
6879,Essen Folksong Collection,WER WEISS WORAUS DAS BRUENNLEIN QUILLT,4/4,4/4,simples,4,16,64,66,5,maior,4
6880,Essen Folksong Collection,WER WEISS WORAUS DAS BRUENNLEIN QUILLT,4/4,4/4,simples,4,4,16,18,5,maior,0
6881,Essen Folksong Collection,WER WILL EIN JUENGER JESU SEIN,4/4,4/4,simples,4,16,64,57,7,maior,1
6882,Essen Folksong Collection,WER WILL UNTER DIE SOLDATEN,4/4,4/4,simples,4,17.5,70,103,0,maior,2
6883,Essen Folksong Collection,WER WOLLTE SICH MIT GRILLEN PLAGEN,4/4,4/4,simples,4,7.75,31,40,5,maior,3
6884,Essen Folksong Collection,WERDEN WIR SO TRAURIG SEIN,4/4,4/4,simples,0,15.75,63,49,2,menor,4
6885,Essen Folksong Collection,WIE EIN SCHIFFLEIN AUF DEM MEER,4/4,4/4,simples,0,8,32,32,3,maior,0
6886,Essen Folksong Collection,WIE GRUENE IST DIE LINDE,4/4,4/4,simples,4,9.75,39,43,4,menor,1
6887,Essen Folksong Collection,WIE HEHR IM GLASE BLINKET,4/4,4/4,simples,4,18.75,75,64,2,maior,2
6888,Essen Folksong Collection,WIE HEISST DENN NUN DAS ERSTE GEBOT,4/4,4/4,simples,4,14.75,59,54,5,maior,3
6889,Essen Folksong Collection,WIE KOMMTS DASS DU SO TRAURIG BIST,4/4,4/4,simples,4,19.75,79,82,4,maior,4
6890,Essen Folksong Collection,WIE LIEBLICH IST S HIENIEDEN,4/4,4/4,simples,4,7.75,31,28,10,maior,0
6891,Essen Folksong Collection,WIE MIR DEINE FREUDEN WINKEN,4/4,4/4,simples,8,16,64,64,7,maior,1
6892,Essen Folksong Collection,WIE RUHEST DU SO STILLE,4/4,4/4,simples,4,13.75,55,66,0,maior,2
6893,Essen Folksong Collection,WIE SOLLEN WIR EUCH DANKEN,4/4,4/4,simples,4,19.75,79,74,9,menor,3
6894,Essen Folksong Collection,WIE STEHT IHR ALLE HIE,4/4,4/4,simples,8,16,64,40,7,maior,4
6895,Essen Folksong Collection,WIE STEHT IHR HIER UND SEHT MICH AN,4/4,4/4,simples,4,16,64,36,5,maior,0
6896,Essen Folksong Collection,WIE WIRD MIR DENN GESCHEHEN,4/4,4/4,simples,4,16,64,52,5,maior,1
6897,Essen Folksong Collection,WIEDERSEHN WORT DES TROSTES,4/4,4/4,simples,0,14,56,50,3,maior,2
6898,Essen Folksong Collection,WILHELM BIN ICH,4/4,4/4,simples,4,13.25,53,52,0,maior,3
6899,Essen Folksong Collection,WILHELM KOMM AN MEINE SEITE,4/4,4/4,simples,4,11.75,47,53,5,maior,4
6900,Essen Folksong Collection,WILHELM KOMM AN MEINE SEITE,4/4,4/4,simples,0,7.5,30,35,0,maior,0
6901,Essen Folksong Collection,WILHELM KOMM AN MEINE SEITE,4/4,4/4,simples,4,11.75,47,56,0,menor,1
6902,Essen Folksong Collection,WILL NIEMAND SINGEN,4/4,4/4,simples,0,17,68,40,5,maior,2
6903,Essen Folksong Collection,WILL NIEMAND SINGEN,4/4,4/4,simples,0,18,72,40,5,maior,3
6904,Essen Folksong Collection,WILLKOMMEN O SELIGER ABEND,4/4,4/4,simples,2,7.88,32,45,0,maior,4
6905,Essen Folksong Collection,WILLKOMMEN UNS,4/4,4/4,simples,4,9.75,39,37,2,maior,0
6906,Essen Folksong Collection,WILLST DU FREI UND LUSTIG GEHN,4/4,4/4,simples,0,15.75,63,68,7,maior,1
6907,Essen Folksong Collection,WIR BITTEN DICH O JESULEIN,4/4,4/4,simples,4,8,32,31,5,maior,2
6908,Essen Folksong Collection,WIR DANKEN DEM HERRN,4/4,4/4,simples,4,7.75,31,23,0,maior,3
6909,Essen Folksong Collection,WIR FAHREN AUF DIE SEE,4/4,4/4,simples,0,15.5,62,43,7,maior,4
6910,Essen Folksong Collection,WIR HABEN IM FELDE GESTANDEN,4/4,4/4,simples,4,8,32,34,5,maior,0
6911,Essen Folksong Collection,WIR HABEN UNS DURCH GOTTES HAND,4/4,4/4,simples,4,16.75,67,72,2,menor,1
6912,Essen Folksong Collection,WIR KOMMEN DAHER,4/4,4/4,simples,4,6,24,26,10,maior,2
6913,Essen Folksong Collection,WIR KOMMEN DAHER,4/4,4/4,simples,4,4,16,16,7,maior,3
6914,Essen Folksong Collection,WIR KOMMEN DAHER OH ALLEN SPOTT,4/4,4/4,simples,4,6,24,27,10,maior,4
6915,Essen Folksong Collection,WIR LEBEN WIE DIE GROSSEN HERREN,4/4,4/4,simples,4,24,96,76,0,maior,0
6916,Essen Folksong Collection,WIR PREUSSEN ZIEHEN IN DAS FELD,4/4,4/4,simples,4,23.75,95,106,10,maior,1
6917,Essen Folksong Collection,WIR SIND DIE FUESILIERE,4/4,4/4,simples,4,13.5,54,44,9,maior,2
6918,Essen Folksong Collection,WIR SIND DIE KOENIGE DER WELT,4/4,4/4,simples,4,15.75,63,74,7,maior,3
6919,Essen Folksong Collection,WIR SIND DREI KOENIGE DER WELT,4/4,4/4,simples,4,15.75,63,75,5,maior,4
6920,Essen Folksong Collection,WIR TRATEN AUF DIE KETTE,4/4,4/4,simples,4,15.75,63,50,5,maior,0
6921,Essen Folksong Collection,WIR WOLLN DIE MERSEBURGER BRUECKE BAUN,4/4,4/4,simples,4,19.75,79,73,7,maior,1
6922,Essen Folksong Collection,WIR ZOGEN IN DAS FELD,4/4,4/4,simples,4,15.75,63,48,5,maior,2
6923,Essen Folksong Collection,WO BIST DU DENN SO LANG GEWES'N,4/4,4/4,simples,4,15.75,63,59,5,maior,3
6924,Essen Folksong Collection,WO DAS KLARE WASSER FLIESSET,4/4,4/4,simples,0,9.75,39,45,5,maior,4
6925,Essen Folksong Collection,WO EIN ALTAR STEHT DEN DER LENZ BEKRAENZT,4/4,4/4,simples,0,23.5,94,78,3,maior,0
6926,Essen Folksong Collection,WO FEHLT ES DIR MEIN HERZ,4/4,4/4,simples,4,15.75,63,64,7,maior,1
6927,Essen Folksong Collection,WO FIND ICH DANN DEINS VATERS HAUS,4/4,4/4,simples,4,13,52,41,7,maior,2
6928,Essen Folksong Collection,WO FINDET DIE SEELE DIE HEIMAT,4/4,4/4,simples,4,23.75,95,66,3,maior,3
6929,Essen Folksong Collection,WO ICH SEI UND WO MICH HINGEWENDET,4/4,4/4,simples,4,9.75,39,55,7,maior,4
6930,Essen Folksong Collection,WO IST DAS VOLK,4/4,4/4,simples,5,15.81,64,74,7,maior,0
6931,Essen Folksong Collection,WO MAN SINGET LASS DICH RUHIG NIEDER,4/4,4/4,simples,4,9.75,39,51,3,maior,1
6932,Essen Folksong Collection,WO MOECHT ICH SEIN,4/4,4/4,simples,0,9.5,38,39,0,maior,2
6933,Essen Folksong Collection,WO MUTH UND KRAFT IN DEUTSCHER SEELE FLAMMEN,4/4,4/4,simples,6,15.88,64,83,0,maior,3
6934,Essen Folksong Collection,WO SOLCH EIN FEUER NOCH GEDEIHT,4/4,4/4,simples,6,16,64,70,0,maior,4
6935,Essen Folksong Collection,WO SOLL ICH MICH HINWENDEN,4/4,4/4,simples,4,15.75,63,72,4,maior,0
6936,Essen Folksong Collection,WOHER DIE FLOCKEN UEBERALL,4/4,4/4,simples,4,7.75,31,28,10,maior,1
6937,Essen Folksong Collection,WOHL AUF IHR BRUEDER,4/4,4/4,simples,4,8,32,45,5,maior,2
6938,Essen Folksong Collection,WOHL AUF KAMERADEN,4/4,4/4,simples,4,16,64,88,0,maior,3
6939,Essen Folksong Collection,WOHL IN DEM HOLDEN MAIENSCHEIN,4/4,4/4,simples,4,14,56,54,7,maior,4
6940,Essen Folksong Collection,WOHLAUF KAMERADEN AUFS PFERD,4/4,4/4,simples,4,16,64,86,10,maior,0
6941,Essen Folksong Collection,WOLAUF GUT GSELL,4/4,4/4,simples,4,20,80,62,5,maior,1
6942,Essen Folksong Collection,WOR IS JUWE VADER,4/4,4/4,simples,4,29,116,106,5,maior,2
6943,Essen Folksong Collection,"Waldvgelein (3-57), S. 166",4/4,4/4,simples,4,7.75,31,37,7,maior,3
6944,Essen Folksong Collection,"Warum weinst du, schoene Gaertnersfrau",4/4,4/4,simples,4,10.75,43,40,7,maior,4
6945,Essen Folksong Collection,"Was batt mich ein schnes Haus (Band 1), S. 55",4/4,4/4,simples,0,7.75,31,33,7,menor,0
6946,Essen Folksong Collection,"Was muá gedenken ich (4-32), S. 45",4/4,4/4,simples,8,7.75,31,32,7,maior,1
6947,Essen Folksong Collection,"Was ntzet mich mein Sehnen und Verlangen (2-32), S. 82f",4/4,4/4,simples,6,11.88,48,69,0,maior,2
6948,Essen Folksong Collection,"Was soll ich in der Fremde tun,",4/4,4/4,simples,4,11.75,47,50,5,maior,3
6949,Essen Folksong Collection,"Was sollen die Soldaten essen? (158), S. 345",4/4,4/4,simples,4,11,44,50,7,maior,4
6950,Essen Folksong Collection,"Weh, Windgen, weh!",4/4,4/4,simples,0,10,40,32,7,maior,0
6951,Essen Folksong Collection,"Weist mir drei schne Blmelein (5-14), S. 31",4/4,4/4,simples,4,12.25,49,38,4,menor,1
6952,Essen Folksong Collection,"Wenn alle Wsserlein flieáen (3-79), S. 219",4/4,4/4,simples,4,9.75,39,34,7,maior,2
6953,Essen Folksong Collection,"Wenn ich schon kein Schatz mehr hab' (4-70), S. 90",4/4,4/4,simples,4,10,40,49,7,maior,3
6954,Essen Folksong Collection,"Wer sich des Maien freue (5-23), S. 42",4/4,4/4,simples,4,10.75,43,49,7,maior,4
6955,Essen Folksong Collection,"What brought the blood?, S. 90",4/4,4/4,simples,0,9.75,39,55,7,menor,0
6956,Essen Folksong Collection,"Wie unser lieber Heiland (5-54), S. 90",4/4,4/4,simples,4,14.75,59,62,0,maior,1
6957,Essen Folksong Collection,"Wiederbegegnung am Brunnen (173b), S. 382",4/4,4/4,simples,4,11,44,55,5,maior,2
6958,Essen Folksong Collection,Wiedersehen an der Bahre,4/4,4/4,simples,4,7.75,31,42,7,maior,3
6959,Essen Folksong Collection,Wiedersehen an der Bahre,4/4,4/4,simples,4,12,48,64,4,menor,4
6960,Essen Folksong Collection,Wiedersehen an der Bahre,4/4,4/4,simples,2,11.88,48,45,5,maior,0
6961,Essen Folksong Collection,Wiedersehen an der Bahre,4/4,4/4,simples,6,9.38,38,46,5,maior,1
6962,Essen Folksong Collection,Wilhelmus van Nassouwe,4/4,4/4,simples,4,13.5,54,62,7,maior,2
6963,Essen Folksong Collection,Wilhelmus van Nassouwen,4/4,4/4,simples,4,17.75,71,83,5,maior,3
6964,Essen Folksong Collection,Winterrosen,4/4,4/4,simples,4,8,32,30,10,maior,4
6965,Essen Folksong Collection,Winterrosen,4/4,4/4,simples,4,13,52,41,5,maior,0
6966,Essen Folksong Collection,Winterrosen,4/4,4/4,simples,0,11,44,34,5,maior,1
6967,Essen Folksong Collection,Witjungfruelein (2-19) S. 63,4/4,4/4,simples,4,5.5,22,32,4,menor,2
6968,Essen Folksong Collection,"Wo fehlt es dir, mein Herz (Band 1), S. 87",4/4,4/4,simples,12,18,72,58,7,maior,3
6969,Essen Folksong Collection,"Wo' as sech dann dee Bauer, S. 15",4/4,4/4,simples,4,14,56,43,7,maior,4
6970,Essen Folksong Collection,Wode Muyang,4/4,4/4,simples,0,6.75,27,36,4,menor,0
6971,Essen Folksong Collection,Wulongjiangbian qixiangxin,4/4,4/4,simples,0,4,16,20,7,menor,1
6972,Essen Folksong Collection,Xiang li meizi jin cheng lai,4/4,4/4,simples,8,4.5,18,38,9,menor,2
6973,Essen Folksong Collection,Xiangyang hua,4/4,4/4,simples,0,19,76,98,9,menor,3
6974,Essen Folksong Collection,Xingfuhe kai xingfuhua,4/4,4/4,simples,0,8,32,49,10,maior,4
6975,Essen Folksong Collection,Xiu he bao,4/4,4/4,simples,0,12,48,101,11,menor,0
6976,Essen Folksong Collection,"Xiu hua deng]                   , Blumen auf d. Lampe sticken)",4/4,4/4,simples,0,9.88,39,78,5,maior,1
6977,Essen Folksong Collection,Xiu zhanbu,4/4,4/4,simples,0,24,96,119,9,menor,2
6978,Essen Folksong Collection,Yangchenghuupan yipianhong,4/4,4/4,simples,0,8.75,35,46,0,menor,3
6979,Essen Folksong Collection,Yao chuan diao,4/4,4/4,simples,0,12,48,69,7,maior,4
6980,Essen Folksong Collection,Yaodang hongjun bupasha,4/4,4/4,simples,0,4,16,26,0,menor,0
6981,Essen Folksong Collection,Ye Gods! Was Strephon's Picture Blest,4/4,4/4,simples,4,16,64,108,2,maior,1
6982,Essen Folksong Collection,Yengjie guangming,4/4,4/4,simples,0,8,32,64,0,maior,2
6983,Essen Folksong Collection,Yigen zhugan rongyi wan,4/4,4/4,simples,0,14,56,94,9,menor,3
6984,Essen Folksong Collection,Yimong shan xiaodiao,4/4,4/4,simples,0,8,32,37,9,maior,4
6985,Essen Folksong Collection,Yiujiang,4/4,4/4,simples,0,28,112,146,9,menor,0
6986,Essen Folksong Collection,Yizhi niaozai,4/4,4/4,simples,0,7.88,31,43,4,menor,1
6987,Essen Folksong Collection,Yu e lang,4/4,4/4,simples,0,49,196,242,7,maior,2
6988,Essen Folksong Collection,Yujia fanshenyao,4/4,4/4,simples,0,8,32,72,9,menor,3
6989,Essen Folksong Collection,ZERDRUECK DIE THRAENE NICHT IN DEINEM AUGE,4/4,4/4,simples,6,15.88,64,86,5,maior,4
6990,Essen Folksong Collection,ZEUCH FAHLE ZEUCH,4/4,4/4,simples,0,12,48,30,0,maior,0
6991,Essen Folksong Collection,"ZEUCH FAHLE ZEUCH, MORGEN WOLL'N WIR HABER SAEEN",4/4,4/4,simples,0,7.25,29,22,5,maior,1
6992,Essen Folksong Collection,ZIEH SCHIMMEL ZIEH,4/4,4/4,simples,0,9.5,38,30,7,maior,2
6993,Essen Folksong Collection,ZU AUGSBURG STEHT EIN HOHES HAUS,4/4,4/4,simples,4,13.75,55,57,7,maior,3
6994,Essen Folksong Collection,ZU FRANKFURT VOR DEM THOR,4/4,4/4,simples,0,20,80,64,5,maior,4
6995,Essen Folksong Collection,ZU FRANKFURT VOR DEM THOR,4/4,4/4,simples,4,11.25,45,63,7,maior,0
6996,Essen Folksong Collection,ZU FRANKFURT VOR DEM THORE,4/4,4/4,simples,4,7.75,31,34,7,maior,1
6997,Essen Folksong Collection,ZU MANTUA IN BANDEN DER TREUE HOFER WAR,4/4,4/4,simples,4,15.75,63,57,4,menor,2
6998,Essen Folksong Collection,ZU STRASBURG AUF DER SCHANZ,4/4,4/4,simples,4,9.75,39,43,7,maior,3
6999,Essen Folksong Collection,ZU STRASBURG AUF DER SCHANZ,4/4,4/4,simples,4,10.75,43,48,7,maior,4
7000,Essen Folksong Collection,ZU STRASSBURG AUF DER SCHANZ,4/4,4/4,simples,4,10,40,44,5,maior,0
7001,Essen Folksong Collection,ZU STRASSBURG AUF DER SCHANZ,4/4,4/4,simples,4,9.75,39,45,5,maior,1
7002,Essen Folksong Collection,ZU STRASSBURG AUF DER SCHANZ,4/4,4/4,simples,4,10,40,48,7,maior,2
7003,Essen Folksong Collection,ZUFRIEDENHEIT IST MEIN VERGNUEGEN,4/4,4/4,simples,4,8.75,35,40,10,maior,3
7004,Essen Folksong Collection,ZUR SCHMIEDE GING EIN JUNGER HELD,4/4,4/4,simples,4,8,32,36,10,maior,4
7005,Essen Folksong Collection,ZWEI SAERGE EINSAM STEHEN,4/4,4/4,simples,4,7.75,31,34,4,menor,0
7006,Essen Folksong Collection,Zerbrochenes Muehlenrad,4/4,4/4,simples,4,16,64,56,7,maior,1
7007,Essen Folksong Collection,"Zerdrck die Trne nicht in deinem Auge (2-6), S. 13",4/4,4/4,simples,6,23.88,96,124,7,maior,2
7008,Essen Folksong Collection,Zhao jingzi,4/4,4/4,simples,0,9,36,55,7,maior,3
7009,Essen Folksong Collection,Zheshi hongsijun,4/4,4/4,simples,0,6,24,33,0,menor,4
7010,Essen Folksong Collection,Zhouxiling zhandao,4/4,4/4,simples,0,8,32,53,0,maior,0
7011,Essen Folksong Collection,Zriny's Tod,4/4,4/4,simples,4,18,72,59,7,maior,1
7012,Essen Folksong Collection,"Zu Mantua in Banden (3-35), S. 89f",4/4,4/4,simples,4,18,72,65,7,maior,2
7013,Essen Folksong Collection,Zuoquan jiangjun,4/4,4/4,simples,0,7,28,47,9,maior,3
7014,Essen Folksong Collection,"""Albertus Magnus""",6/8,6/8,composto,2,7.67,16,33,7,maior,4
7015,Essen Folksong Collection,"""Alter Schlachtgesang""",6/8,6/8,composto,6,15.83,31,65,9,maior,0
7016,Essen Folksong Collection,"""Bestrafter Vorwitz """,6/8,6/8,composto,2,7,14,30,9,menor,1
7017,Essen Folksong Collection,"""Das Glueck im Schlafe""",6/8,6/8,composto,2,8,16,35,2,maior,2
7018,Essen Folksong Collection,"""Das Koeniglein""",6/8,6/8,composto,2,15.5,31,75,10,maior,3
7019,Essen Folksong Collection,"""Das Pathengeschenk""",6/8,6/8,composto,2,15.5,31,71,9,menor,4
7020,Essen Folksong Collection,"""Das Strassburger Maedchen""",6/8,6/8,composto,2,7.67,16,33,7,menor,0
7021,Essen Folksong Collection,"""Dei Heufahrt""",6/8,6/8,composto,2,15.5,31,73,9,maior,1
7022,Essen Folksong Collection,"""Der Bauernstand""",6/8,6/8,composto,0,13.83,27,52,9,maior,2
7023,Essen Folksong Collection,"""Der Kreuzzug""",6/8,6/8,composto,2,11.67,24,52,7,menor,3
7024,Essen Folksong Collection,"""Der Kuckuck""",6/8,6/8,composto,2,13.5,27,60,7,maior,4
7025,Essen Folksong Collection,"""Der Raecher""",6/8,6/8,composto,2,9.5,19,53,7,menor,0
7026,Essen Folksong Collection,"""Der Raeuber""",6/8,6/8,composto,2,10,20,44,4,maior,1
7027,Essen Folksong Collection,"""Der Schaefersohn""",6/8,6/8,composto,2,10,20,43,7,menor,2
7028,Essen Folksong Collection,"""Der Traum""",6/8,6/8,composto,2,7.5,15,30,7,menor,3
7029,Essen Folksong Collection,"""Der Zauberer""",6/8,6/8,composto,2,10,20,50,4,menor,4
7030,Essen Folksong Collection,"""Der gespenstische Reiter""",6/8,6/8,composto,2,7.5,15,33,5,menor,0
7031,Essen Folksong Collection,"""Der wandernde Schneider""",6/8,6/8,composto,2,15.67,32,64,10,maior,1
7032,Essen Folksong Collection,"""Die Ammen - Uhr""",6/8,6/8,composto,2,8,16,36,9,maior,2
7033,Essen Folksong Collection,"""Die Betrogene""",6/8,6/8,composto,2,14.5,29,76,5,maior,3
7034,Essen Folksong Collection,"""Die Braut im Kloster""",6/8,6/8,composto,2,8,16,53,2,maior,4
7035,Essen Folksong Collection,"""Die Kindesmoerderin""",6/8,6/8,composto,2,7.5,15,30,7,menor,0
7036,Essen Folksong Collection,"""Die Rache""",6/8,6/8,composto,2,15.5,31,63,2,menor,1
7037,Essen Folksong Collection,"""Die Schlaue""",6/8,6/8,composto,0,11.83,23,56,5,maior,2
7038,Essen Folksong Collection,"""Die Schneider""",6/8,6/8,composto,2,18,36,79,0,maior,3
7039,Essen Folksong Collection,"""Die Schoepfung""",6/8,6/8,composto,2,16,32,59,5,maior,4
7040,Essen Folksong Collection,"""Die Sittarder Schlacht""",6/8,6/8,composto,2,10,20,46,0,maior,0
7041,Essen Folksong Collection,"""Die Treue""",6/8,6/8,composto,2,8,16,35,0,maior,1
7042,Essen Folksong Collection,"""Die Ursache""",6/8,6/8,composto,2,12,24,71,7,maior,2
7043,Essen Folksong Collection,"""Die Versuchung""",6/8,6/8,composto,2,9.5,19,39,7,maior,3
7044,Essen Folksong Collection,"""Die Wahl""",6/8,6/8,composto,2,9.5,19,51,5,maior,4
7045,Essen Folksong Collection,"""Die geraubte Koenigstochter""",6/8,6/8,composto,2,10,20,48,7,maior,0
7046,Essen Folksong Collection,"""Die hohe Blume""",6/8,6/8,composto,2,8,16,41,8,maior,1
7047,Essen Folksong Collection,"""Die verzauberte Nachtigall""",6/8,6/8,composto,0,11.83,23,42,2,menor,2
7048,Essen Folksong Collection,"""Fein's Trudchen""",6/8,6/8,composto,2,10,20,43,5,maior,3
7049,Essen Folksong Collection,"""Gottesgericht""",6/8,6/8,composto,2,9.67,20,44,7,menor,4
7050,Essen Folksong Collection,"""Graf Wattenwill """,6/8,6/8,composto,2,10,20,46,0,menor,0
7051,Essen Folksong Collection,"""Gute Lehre""",6/8,6/8,composto,2,9.5,19,40,7,menor,1
7052,Essen Folksong Collection,"""Heimweg von der Lese""",6/8,6/8,composto,2,15.5,31,55,5,maior,2
7053,Essen Folksong Collection,"""Jaegerleben""",6/8,6/8,composto,2,12,24,66,9,maior,3
7054,Essen Folksong Collection,"""Jagdglueck""",6/8,6/8,composto,2,18,36,68,2,maior,4
7055,Essen Folksong Collection,"""Jagdglueck""",6/8,6/8,composto,2,8,16,46,7,maior,0
7056,Essen Folksong Collection,"""Kleiner feiner Almanach""",6/8,6/8,composto,2,11.67,24,53,0,maior,1
7057,Essen Folksong Collection,"""Kriegers Abschied""",6/8,6/8,composto,2,11.5,23,49,11,maior,2
7058,Essen Folksong Collection,"""Kuhreigen""",6/8,6/8,composto,0,10,20,47,5,maior,3
7059,Essen Folksong Collection,"""Liebesplauderei""",6/8,6/8,composto,2,8.83,18,41,7,maior,4
7060,Essen Folksong Collection,"""Lockere Wirthschaft""",6/8,6/8,composto,2,10.5,21,49,9,menor,0
7061,Essen Folksong Collection,"""Mailied""",6/8,6/8,composto,2,12,24,67,7,maior,1
7062,Essen Folksong Collection,"""Mariahilf""",6/8,6/8,composto,2,14.67,30,65,7,maior,2
7063,Essen Folksong Collection,"""Nimm dich in Acht""",6/8,6/8,composto,2,12.67,26,41,9,menor,3
7064,Essen Folksong Collection,"""Nonnenlied""",6/8,6/8,composto,2,9.67,20,39,9,maior,4
7065,Essen Folksong Collection,"""Nonnenlied. """,6/8,6/8,composto,2,11.67,24,59,7,maior,0
7066,Essen Folksong Collection,"""Pfaffenschlich""",6/8,6/8,composto,2,8,16,41,2,menor,1
7067,Essen Folksong Collection,"""Ringelreigen""",6/8,6/8,composto,2,13.5,27,48,5,maior,2
7068,Essen Folksong Collection,"""Ritt ins Feenland """,6/8,6/8,composto,2,8.67,18,38,7,menor,3
7069,Essen Folksong Collection,"""Schlummerlied""",6/8,6/8,composto,0,11.33,22,52,7,maior,4
7070,Essen Folksong Collection,"""Vergebliche Hoffnung""",6/8,6/8,composto,2,8,16,49,5,maior,0
7071,Essen Folksong Collection,"""Weihnachten""",6/8,6/8,composto,2,10.5,21,52,7,maior,1
7072,Essen Folksong Collection,"""Zwei Frauen""",6/8,6/8,composto,2,9.5,19,40,4,menor,2
7073,Essen Folksong Collection,"'T Lidd vun de Mlleren (1-6), S. 15",6/8,6/8,composto,2,10,20,49,2,maior,3
7074,Essen Folksong Collection,"A Busserl is a schnuckrig Ding (2-51), S. 138",6/8,6/8,composto,2,11.67,24,44,5,maior,4
7075,Essen Folksong Collection,"A Dirndel geht um Holz in Wald,",6/8,6/8,composto,2,7.5,15,28,9,menor,0
7076,Essen Folksong Collection,ACH EDLER GRAF VON LUETZELBURG,6/8,6/8,composto,2,10,20,48,9,menor,1
7077,Essen Folksong Collection,ACH GOTT WIE WEH THUT SCHEIDEN,6/8,6/8,composto,2,13.83,28,51,7,maior,2
7078,Essen Folksong Collection,ACH GOTT WIE WEH THUT SCHEIDEN,6/8,6/8,composto,2,13.67,28,51,4,menor,3
7079,Essen Folksong Collection,ACH GOTTES SEGEN UEBER DIR,6/8,6/8,composto,2,7.83,16,30,9,menor,4
7080,Essen Folksong Collection,ACH MAEDCHEN NUR EINEN BLICK,6/8,6/8,composto,2,7.83,16,35,7,maior,0
7081,Essen Folksong Collection,ACH PREUSSE WAS HAST DU GEFANGEN AN,6/8,6/8,composto,2,15.67,32,74,7,maior,1
7082,Essen Folksong Collection,ACH SCHOENSTER SCHATZ VERZEIH ES MIR,6/8,6/8,composto,2,12,24,52,3,maior,2
7083,Essen Folksong Collection,ACH SCHOENSTES KAROLINCHEN,6/8,6/8,composto,2,9.83,20,33,7,maior,3
7084,Essen Folksong Collection,ACH WEM EIN RECHTES GEDENKEN BLUEHT,6/8,6/8,composto,0,16,32,63,7,maior,4
7085,Essen Folksong Collection,ACH WENN ICK DOCH EIST MAL,6/8,6/8,composto,2,12,24,72,7,maior,0
7086,Essen Folksong Collection,ACH WENNS NUR DER KOENIG AUCH WUESST,6/8,6/8,composto,2,7.67,16,33,7,maior,1
7087,Essen Folksong Collection,ALLEMAL KANN MAN NIT LUSTIG SEYN,6/8,6/8,composto,0,11.33,22,58,9,maior,2
7088,Essen Folksong Collection,ALLES WAS WIR LIEBEN LEBE,6/8,6/8,composto,6,18,36,74,9,maior,3
7089,Essen Folksong Collection,ALS D JUDEN DEN HERRN,6/8,6/8,composto,2,7.67,16,37,7,maior,4
7090,Essen Folksong Collection,ALS DE GROOTE KLOKKE LUYD,6/8,6/8,composto,6,7.83,15,33,7,maior,0
7091,Essen Folksong Collection,ALS DIE JUDN DEN HERRN CHRISTUM GEFANGN GENOMMN GEHABT,6/8,6/8,composto,2,7.5,15,39,5,maior,1
7092,Essen Folksong Collection,ALS ICH EIN JUENGLING WAR,6/8,6/8,composto,0,19.5,39,53,2,maior,2
7093,Essen Folksong Collection,AM URAL DA BIN ICH GEBOREN,6/8,6/8,composto,2,12,24,52,10,maior,3
7094,Essen Folksong Collection,AN DEN RHEIN AN DEN RHEIN,6/8,6/8,composto,2,7.83,16,37,2,maior,4
7095,Essen Folksong Collection,AN EINEM FLUSS DER RAUSCHEND SCHOSS,6/8,6/8,composto,2,7.67,16,33,5,maior,0
7096,Essen Folksong Collection,AN EINEM FLUSS DER RAUSCHEND SCHOSS,6/8,6/8,composto,2,7.67,16,34,0,maior,1
7097,Essen Folksong Collection,AUF AUF IHR LIEBEN LEUTE,6/8,6/8,composto,2,7.67,16,28,9,maior,2
7098,Essen Folksong Collection,AUF AUF SCHAETZLE STEH AUF,6/8,6/8,composto,0,5.83,11,26,7,maior,3
7099,Essen Folksong Collection,"AUF IHR BRUEDER ALLEZUMAL, FAHRET KANONEN WOHL VOR DEN WALL",6/8,6/8,composto,0,16,32,75,5,maior,4
7100,Essen Folksong Collection,AUS IHREM SCHLAF ERWACHET,6/8,6/8,composto,2,17.83,36,71,6,menor,0
7101,Essen Folksong Collection,"Abgelehnte Teilnahme (75), S. 211",6/8,6/8,composto,2,11.83,24,56,7,maior,1
7102,Essen Folksong Collection,Abgewiesener Knabe,6/8,6/8,composto,2,7.83,16,37,5,menor,2
7103,Essen Folksong Collection,"Abschied im Korbe (105), S. 256f",6/8,6/8,composto,2,17.67,36,70,9,maior,3
7104,Essen Folksong Collection,"An saol meallta, S. 107",6/8,6/8,composto,2,22,44,117,7,maior,4
7105,Essen Folksong Collection,"An sealbhán, S. 34",6/8,6/8,composto,0,22,44,111,10,maior,0
7106,Essen Folksong Collection,"Arme Magd (4-25), S. 36",6/8,6/8,composto,2,11.67,24,48,5,maior,1
7107,Essen Folksong Collection,"Auf Freiersfáen (258), S. 553",6/8,6/8,composto,0,10,20,38,9,menor,2
7108,Essen Folksong Collection,"Auf Hirten, auf erwacht ... (4-7), S. 9",6/8,6/8,composto,2,17,34,73,9,maior,3
7109,Essen Folksong Collection,"Aéire cinn bó rúin, S. 36",6/8,6/8,composto,2,16.67,34,69,8,maior,4
7110,Essen Folksong Collection,BAEURIN DU SOLLST HEIMEGEHN,6/8,6/8,composto,0,17.83,35,91,0,maior,0
7111,Essen Folksong Collection,BEI DER STILLEN MONDESHELLE,6/8,6/8,composto,0,16,32,60,3,maior,1
7112,Essen Folksong Collection,BEMOOSTER BURSCHE ZIEH ICH AUS,6/8,6/8,composto,2,12.5,25,62,7,maior,2
7113,Essen Folksong Collection,BESCHATTET VON DER PAPPEL WEIDE,6/8,6/8,composto,2,12,24,49,5,maior,3
7114,Essen Folksong Collection,BIN ICH GLEICH A GEBIRGISCHES MADEL,6/8,6/8,composto,2,9.83,20,43,0,maior,4
7115,Essen Folksong Collection,BLUEHE LIEBES VEILCHEN DAS ICH SELBST ERZOG,6/8,6/8,composto,0,15.5,31,59,7,maior,0
7116,Essen Folksong Collection,BRUEDER AUF DIE FREUDE WINCKT UNS,6/8,6/8,composto,0,16,32,64,10,maior,1
7117,Essen Folksong Collection,BUNT SIND SCHON DIE WAELDER,6/8,6/8,composto,0,11.5,23,40,7,menor,2
7118,Essen Folksong Collection,BUNT SIND SCHON DIE WAELDER,6/8,6/8,composto,0,11.5,23,40,9,menor,3
7119,Essen Folksong Collection,"Bauer keen Edelmann (221a), S. 476",6/8,6/8,composto,0,11.33,22,49,7,maior,4
7120,Essen Folksong Collection,"Betrogen (108), S. 262",6/8,6/8,composto,2,7.5,15,29,2,maior,0
7121,Essen Folksong Collection,"Brakken hir Geeá huet den Dekkel geschannt, S. 23",6/8,6/8,composto,0,12,24,50,7,maior,1
7122,Essen Folksong Collection,"Bravo, c' est bon! (276), S. 588",6/8,6/8,composto,0,13.67,27,68,7,maior,2
7123,Essen Folksong Collection,CHRISTINCHEN GIENG IN GARTEN,6/8,6/8,composto,2,8,16,33,5,maior,3
7124,Essen Folksong Collection,CHRISTINCHEN GIENG IN GARTEN,6/8,6/8,composto,2,8,16,30,10,maior,4
7125,Essen Folksong Collection,"Cailín gaelech, S. 54",6/8,6/8,composto,0,16,32,49,5,maior,0
7126,Essen Folksong Collection,"Cearc agus coileach, S. 177",6/8,6/8,composto,2,16,32,97,2,maior,1
7127,Essen Folksong Collection,Chashan naocongcong,6/8,6/8,composto,0,8,16,42,6,menor,2
7128,Essen Folksong Collection,Chouchou zhenjiao lang moxian,6/8,6/8,composto,0,10,20,47,11,menor,3
7129,Essen Folksong Collection,Christinchen (2-27) S. 83,6/8,6/8,composto,2,12,24,51,2,maior,4
7130,Essen Folksong Collection,D REKRUTE SIN BRAVI SOLDATE,6/8,6/8,composto,2,7.83,16,35,5,maior,0
7131,Essen Folksong Collection,"D'Meedche vu Goetzen, S. 32",6/8,6/8,composto,2,11.83,24,42,9,maior,1
7132,Essen Folksong Collection,"D'Meedche vu Gtzen (79), S.217",6/8,6/8,composto,2,11.5,23,47,7,maior,2
7133,Essen Folksong Collection,DA DROBEN AUF DEM BERGE,6/8,6/8,composto,2,4,8,27,7,maior,3
7134,Essen Folksong Collection,DA DROBEN AUF JENEM BERGE,6/8,6/8,composto,2,7.67,16,35,7,maior,4
7135,Essen Folksong Collection,DA DROBEN AUF JENEM BERGE,6/8,6/8,composto,2,7.83,16,38,7,maior,0
7136,Essen Folksong Collection,DA DROBEN AUF JENEM BERGE,6/8,6/8,composto,2,7.83,16,40,7,maior,1
7137,Essen Folksong Collection,DA DROBEN AUF JENEM BERGE,6/8,6/8,composto,2,7.83,16,36,7,maior,2
7138,Essen Folksong Collection,DA DROBEN AUF JENEM BERGE,6/8,6/8,composto,2,7.83,16,35,4,maior,3
7139,Essen Folksong Collection,DA DRUNTEN IM GAERTELEIN,6/8,6/8,composto,2,8,16,40,7,maior,4
7140,Essen Folksong Collection,DA DRUNTEN IM GARTEN,6/8,6/8,composto,2,8,16,41,7,maior,0
7141,Essen Folksong Collection,DA DRUNTEN IN JENEM THALE,6/8,6/8,composto,2,7.67,16,38,7,maior,1
7142,Essen Folksong Collection,DA KOMMT JA DER LIEBLICHE MAI,6/8,6/8,composto,2,13.5,27,60,7,maior,2
7143,Essen Folksong Collection,DA UNTEN IM GARTEN DA IST EIN SO SCHOEN PARADIES,6/8,6/8,composto,2,10.67,22,37,9,menor,3
7144,Essen Folksong Collection,DA UNTEN IN DER MUEHLE                                           0126,6/8,6/8,composto,2,7.83,16,28,2,menor,4
7145,Essen Folksong Collection,DAAR GING EEN PATERTJE,6/8,6/8,composto,2,13.83,28,49,0,maior,0
7146,Essen Folksong Collection,DAS JAGEN DAS IST JA MEIN LEBEN,6/8,6/8,composto,2,12,24,70,7,maior,1
7147,Essen Folksong Collection,DAS LAUB FAELLT VON DEN BAEUMEN,6/8,6/8,composto,2,7.67,16,31,4,menor,2
7148,Essen Folksong Collection,DAS LAUB FAELLT VON DEN BAEUMEN,6/8,6/8,composto,2,9.5,19,39,5,maior,3
7149,Essen Folksong Collection,DAS LEBEN GLEICHET DER BLUMEN,6/8,6/8,composto,2,11.5,23,57,9,maior,4
7150,Essen Folksong Collection,DAS MAEDLEIN WILL EIN'N FREIER HAB'N,6/8,6/8,composto,2,6,12,21,11,menor,0
7151,Essen Folksong Collection,DAS MAEGDLEIN WILL EIN FREIER HABN,6/8,6/8,composto,2,6,12,32,5,maior,1
7152,Essen Folksong Collection,DAS MAEGDLEIN WOLLT EIN FREIER HABN,6/8,6/8,composto,2,6,12,32,5,maior,2
7153,Essen Folksong Collection,DAS WASSER RAUSCHT DAS WASSER SCHWOLL,6/8,6/8,composto,2,15.67,32,57,5,maior,3
7154,Essen Folksong Collection,DEM KAISER SEI MEIN ERSTES LIED,6/8,6/8,composto,2,17.67,36,67,2,maior,4
7155,Essen Folksong Collection,DEM TURNER WARD DAS SCHOENSTE ZIEL,6/8,6/8,composto,2,15.67,32,56,10,maior,0
7156,Essen Folksong Collection,DER BERGMANN IST EIN EDEL GEZIER,6/8,6/8,composto,2,18.67,38,79,7,maior,1
7157,Essen Folksong Collection,DER HIMMEL IST SO TRUEBE,6/8,6/8,composto,2,7.67,16,33,7,maior,2
7158,Essen Folksong Collection,DER JAEGERSMANN TRAT INS HUETTCHEN SEIN,6/8,6/8,composto,2,17.83,36,75,4,menor,3
7159,Essen Folksong Collection,DER KAISER UND DER KOENIG,6/8,6/8,composto,2,7.67,16,27,7,maior,4
7160,Essen Folksong Collection,DER KUCKUK AUF DEM ZAUNE SASS,6/8,6/8,composto,2,9.5,19,42,9,maior,0
7161,Essen Folksong Collection,DER LENZ IST ANGEKOMMEN,6/8,6/8,composto,2,11.5,23,47,10,maior,1
7162,Essen Folksong Collection,DER LIEBSTE BUHLE,6/8,6/8,composto,2,15.67,32,59,7,maior,2
7163,Essen Folksong Collection,DER MAI IST AUF DEM WEGE,6/8,6/8,composto,2,7.83,16,28,3,maior,3
7164,Essen Folksong Collection,DER MENSCH HAT NICHTS SO EIGEN,6/8,6/8,composto,2,16,32,52,7,maior,4
7165,Essen Folksong Collection,DER MORGEN TAGT HINAUS ZUR JAGD,6/8,6/8,composto,2,24.67,50,92,3,maior,0
7166,Essen Folksong Collection,DER WINTER HAT MIT KALTER HAND,6/8,6/8,composto,2,12,24,62,7,maior,1
7167,Essen Folksong Collection,DER WINTER IST NUN BALD VORBEI,6/8,6/8,composto,2,9.5,19,42,10,maior,2
7168,Essen Folksong Collection,DES ABENDS WENN ICH FRUEH AUFSTEH,6/8,6/8,composto,2,5.5,11,23,4,menor,3
7169,Essen Folksong Collection,DES LEBENS BLUME BLUEHET SCHON,6/8,6/8,composto,2,16.83,34,67,10,maior,4
7170,Essen Folksong Collection,DIE GASSEN SEIN SO ENGE,6/8,6/8,composto,2,8,16,37,7,maior,0
7171,Essen Folksong Collection,DIE HEILGEN DREI KOENIG,6/8,6/8,composto,2,4,8,21,7,maior,1
7172,Essen Folksong Collection,DIE MAEDCHEN IN DEUTSCHLAND SIND BLUEHEND,6/8,6/8,composto,2,13.67,28,69,5,maior,2
7173,Essen Folksong Collection,DIE MEIERSCHE BRUECKE,6/8,6/8,composto,2,12.5,25,57,2,maior,3
7174,Essen Folksong Collection,DIE ROSEN UND DIE NELKEN,6/8,6/8,composto,2,9.83,20,34,7,maior,4
7175,Essen Folksong Collection,DIE SONNE SANK IM WESTEN,6/8,6/8,composto,2,11.67,24,44,0,maior,0
7176,Essen Folksong Collection,DIE WELT TUT IHRE AUGEN ZU,6/8,6/8,composto,2,15.67,32,59,0,maior,1
7177,Essen Folksong Collection,DIR FOLGEN MEINE TRAENEN,6/8,6/8,composto,2,19.67,40,73,5,maior,2
7178,Essen Folksong Collection,DORT DRUNTEN IM GARTEN DA IST EIN SCHOENES PARADIES,6/8,6/8,composto,2,10,20,40,7,maior,3
7179,Essen Folksong Collection,DORT SINKET DIE SONNE IM WESTEN,6/8,6/8,composto,2,7.83,16,36,2,maior,4
7180,Essen Folksong Collection,DU BACH MIT SILBERNEN WELLEN,6/8,6/8,composto,2,7.67,16,35,9,menor,0
7181,Essen Folksong Collection,"DU HERZGELIEBTER MEIN, KOMM DU ZU MIR HEUT ABEND",6/8,6/8,composto,2,11.67,24,46,2,menor,1
7182,Essen Folksong Collection,DUNKEL UMHUELLET DIE FLUR,6/8,6/8,composto,0,7.33,14,30,7,maior,2
7183,Essen Folksong Collection,DURCH FELD UND BUCHENHALLEN,6/8,6/8,composto,2,11.83,24,43,9,maior,3
7184,Essen Folksong Collection,Das Bauerntoechterlein,6/8,6/8,composto,8,6,12,31,2,menor,4
7185,Essen Folksong Collection,Das Bauerntoechterlein,6/8,6/8,composto,8,6,12,32,7,menor,0
7186,Essen Folksong Collection,Das Bauerntoechterlein,6/8,6/8,composto,8,6,12,31,4,menor,1
7187,Essen Folksong Collection,Das Bauerntoechterlein,6/8,6/8,composto,8,6,12,30,7,maior,2
7188,Essen Folksong Collection,Das Bauerntoechterlein,6/8,6/8,composto,6,7.33,14,40,7,maior,3
7189,Essen Folksong Collection,Das Maedchen und der Faehnrich,6/8,6/8,composto,2,8,16,38,7,maior,4
7190,Essen Folksong Collection,Das Maedchen und der Faehnrich,6/8,6/8,composto,2,8,16,38,7,maior,0
7191,Essen Folksong Collection,Das Maedchen und der Faehnrich,6/8,6/8,composto,2,12,24,50,7,maior,1
7192,Essen Folksong Collection,Das Schwabentoechterlein,6/8,6/8,composto,2,12,24,48,4,menor,2
7193,Essen Folksong Collection,Das Schwabentoechterlein,6/8,6/8,composto,2,7.83,16,32,7,maior,3
7194,Essen Folksong Collection,Das weinholende Maedchen,6/8,6/8,composto,2,7.67,16,33,7,menor,4
7195,Essen Folksong Collection,"De Malbrough (131b), S. 299f",6/8,6/8,composto,2,9.5,19,39,7,maior,0
7196,Essen Folksong Collection,"Dem Jger seine Lust (235), S. 507",6/8,6/8,composto,0,19.67,39,87,7,maior,1
7197,Essen Folksong Collection,"Den ich nicht gerne hab (4-80), S. 102",6/8,6/8,composto,6,7.83,15,44,10,maior,2
7198,Essen Folksong Collection,"Der Bauer ins Holz (38), S. 127f",6/8,6/8,composto,2,9.83,20,45,7,maior,3
7199,Essen Folksong Collection,"Der Birnbaum (262), S. 559f",6/8,6/8,composto,0,6.5,13,30,7,maior,4
7200,Essen Folksong Collection,"Der Deserteur (148), S. 327",6/8,6/8,composto,2,10.67,22,55,2,maior,0
7201,Essen Folksong Collection,"Der Freier auf dem Bengel (4-68), S. 87",6/8,6/8,composto,2,16,32,85,3,maior,1
7202,Essen Folksong Collection,Der Gluecksjaeger,6/8,6/8,composto,2,8,16,40,7,maior,2
7203,Essen Folksong Collection,Der Gluecksjaeger,6/8,6/8,composto,2,7.67,16,43,7,maior,3
7204,Essen Folksong Collection,"Der Honef di wor gor klin, gor klin,",6/8,6/8,composto,2,7.83,16,38,2,maior,4
7205,Essen Folksong Collection,Der Jaeger auf koeniglicher Heide,6/8,6/8,composto,2,7.83,16,36,2,maior,0
7206,Essen Folksong Collection,Der Jaeger im Tannenholz,6/8,6/8,composto,2,7.5,15,31,0,maior,1
7207,Essen Folksong Collection,Der Jaeger im Tannenholz,6/8,6/8,composto,2,7.67,16,29,2,maior,2
7208,Essen Folksong Collection,Der Jaeger im Tannenholz,6/8,6/8,composto,2,11.67,24,48,0,maior,3
7209,Essen Folksong Collection,"Der Jger und sein Lieb (3-46), S. 121f",6/8,6/8,composto,2,17,34,78,0,maior,4
7210,Essen Folksong Collection,"Der Kuckuck war ein reicher Mann (Band 1), S. 241",6/8,6/8,composto,2,11,22,42,5,maior,0
7211,Essen Folksong Collection,Der Lindenschmied,6/8,6/8,composto,2,11,22,51,7,menor,1
7212,Essen Folksong Collection,"Der Lindenschmied (Band 1), S. 96",6/8,6/8,composto,2,11,22,51,7,menor,2
7213,Essen Folksong Collection,Der Maedchenmoerder (Halewijn - Ulinger),6/8,6/8,composto,2,12,24,66,7,maior,3
7214,Essen Folksong Collection,Der Maedchenmoerder (Halewijn - Ulinger),6/8,6/8,composto,2,6,12,24,5,maior,4
7215,Essen Folksong Collection,Der Maedchenmoerder (Halewijn - Ulinger),6/8,6/8,composto,2,9,18,41,9,menor,0
7216,Essen Folksong Collection,Der Maedchenmoerder (Halewijn - Ulinger),6/8,6/8,composto,6,6.83,13,24,9,menor,1
7217,Essen Folksong Collection,Der Maedchenmoerder (Halewijn - Ulinger),6/8,6/8,composto,8,10.67,22,39,0,maior,2
7218,Essen Folksong Collection,Der Maedchenmoerder (Halewijn - Ulinger),6/8,6/8,composto,0,5.83,11,26,7,maior,3
7219,Essen Folksong Collection,Der Maedchenmoerder (Halewijn - Ulinger),6/8,6/8,composto,2,8,16,38,7,maior,4
7220,Essen Folksong Collection,Der Maedchenmoerder (Halewijn - Ulinger),6/8,6/8,composto,2,8,16,39,2,maior,0
7221,Essen Folksong Collection,Der Maedchenmoerder (Halewijn - Ulinger),6/8,6/8,composto,2,8,16,41,7,maior,1
7222,Essen Folksong Collection,Der Maedchenmoerder (Halewijn - Ulinger),6/8,6/8,composto,2,11.83,24,58,7,maior,2
7223,Essen Folksong Collection,Der Maedchenmoerder (Halewijn - Ulinger),6/8,6/8,composto,2,12,24,64,7,maior,3
7224,Essen Folksong Collection,Der Maedchenmoerder (Halewijn - Ulinger),6/8,6/8,composto,2,8.5,17,39,7,maior,4
7225,Essen Folksong Collection,Der Maedchenmoerder (Halewijn - Ulinger),6/8,6/8,composto,2,8,16,43,7,maior,0
7226,Essen Folksong Collection,Der Maler der Blumen,6/8,6/8,composto,2,8,16,40,5,maior,1
7227,Essen Folksong Collection,Der Morgenstern (2-80) S. 237,6/8,6/8,composto,2,7.83,16,37,7,menor,2
7228,Essen Folksong Collection,Der Muskatbaum,6/8,6/8,composto,2,8,16,35,2,maior,3
7229,Essen Folksong Collection,"Der Mutter Rat (14b), S. 64",6/8,6/8,composto,2,11.5,23,42,10,maior,4
7230,Essen Folksong Collection,Der Nebenbuhler (Jan Willem en Betje),6/8,6/8,composto,2,8.67,18,42,7,menor,0
7231,Essen Folksong Collection,Der Nebenbuhler (Jan Willem en Betje),6/8,6/8,composto,2,6.83,14,34,7,maior,1
7232,Essen Folksong Collection,Der Nebenbuhler (Jan Willem en Betje),6/8,6/8,composto,2,8,16,34,7,maior,2
7233,Essen Folksong Collection,"Der Postillon (2-45), S. 123f",6/8,6/8,composto,2,18,36,72,7,maior,3
7234,Essen Folksong Collection,"Der Reiter im Quartier (143), S. 319",6/8,6/8,composto,2,15.5,31,57,7,maior,4
7235,Essen Folksong Collection,Der Scheintod,6/8,6/8,composto,2,8,16,29,2,menor,0
7236,Essen Folksong Collection,"Der Schuster und das Mdchen (180a), S. 394",6/8,6/8,composto,2,15.67,32,60,7,maior,1
7237,Essen Folksong Collection,"Der Schuster und das Mdchen (180b), S.395f",6/8,6/8,composto,2,9.67,20,37,7,maior,2
7238,Essen Folksong Collection,Der Spielmannssohn,6/8,6/8,composto,2,8.5,17,43,5,menor,3
7239,Essen Folksong Collection,Der Spielmannssohn,6/8,6/8,composto,2,8,16,41,5,maior,4
7240,Essen Folksong Collection,Der Spielmannssohn,6/8,6/8,composto,2,10,20,52,5,maior,0
7241,Essen Folksong Collection,Der Spielmannssohn,6/8,6/8,composto,2,8,16,38,7,menor,1
7242,Essen Folksong Collection,Der Spielmannssohn,6/8,6/8,composto,2,9,18,47,10,maior,2
7243,Essen Folksong Collection,Der Spielmannssohn,6/8,6/8,composto,2,12,24,62,10,maior,3
7244,Essen Folksong Collection,Der Tod als Erloeser,6/8,6/8,composto,2,7.67,16,28,0,maior,4
7245,Essen Folksong Collection,Der Tod als Erloeser,6/8,6/8,composto,2,7.67,16,29,7,maior,0
7246,Essen Folksong Collection,Der Vorwirt,6/8,6/8,composto,2,8,16,36,7,maior,1
7247,Essen Folksong Collection,"Der Wildschtz (231), S. 497",6/8,6/8,composto,2,16,32,75,7,maior,2
7248,Essen Folksong Collection,"Der Wolf und die Gans (48b), S.155",6/8,6/8,composto,2,10,20,50,7,maior,3
7249,Essen Folksong Collection,"Der Zimmergeselle (32), S. 117",6/8,6/8,composto,2,7.5,15,36,7,maior,4
7250,Essen Folksong Collection,Der betruegerische Freier,6/8,6/8,composto,2,12,24,47,9,maior,0
7251,Essen Folksong Collection,Der eifersuechtige Knabe,6/8,6/8,composto,2,9,18,33,7,maior,1
7252,Essen Folksong Collection,Der geraechte Bruder,6/8,6/8,composto,2,8,16,45,7,maior,2
7253,Essen Folksong Collection,Der grausame Bruder,6/8,6/8,composto,2,12,24,61,2,maior,3
7254,Essen Folksong Collection,Der grausame Bruder,6/8,6/8,composto,2,8,16,47,5,maior,4
7255,Essen Folksong Collection,Der grausame Bruder,6/8,6/8,composto,2,7,14,28,7,menor,0
7256,Essen Folksong Collection,Der grausame Bruder,6/8,6/8,composto,2,6,12,36,7,maior,1
7257,Essen Folksong Collection,Der heimkehrende Braeutigam,6/8,6/8,composto,2,9.83,20,45,10,maior,2
7258,Essen Folksong Collection,Der heimkehrende Braeutigam,6/8,6/8,composto,2,9.67,20,46,7,maior,3
7259,Essen Folksong Collection,Der heimkehrende Braeutigam,6/8,6/8,composto,2,9.67,20,47,7,maior,4
7260,Essen Folksong Collection,Der heimkehrende Braeutigam,6/8,6/8,composto,2,12,24,55,7,maior,0
7261,Essen Folksong Collection,Der heimkehrende Braeutigam,6/8,6/8,composto,2,7.67,16,43,7,maior,1
7262,Essen Folksong Collection,Der heimkehrende Braeutigam,6/8,6/8,composto,2,7.67,16,32,7,maior,2
7263,Essen Folksong Collection,Der heimkehrende Soldat,6/8,6/8,composto,2,16.5,33,70,7,maior,3
7264,Essen Folksong Collection,Der heimkehrende Soldat,6/8,6/8,composto,2,13.67,28,63,7,maior,4
7265,Essen Folksong Collection,Der heimkehrende Soldat,6/8,6/8,composto,2,11.33,23,55,7,maior,0
7266,Essen Folksong Collection,Der heimkehrende Soldat,6/8,6/8,composto,2,12.83,26,58,7,maior,1
7267,Essen Folksong Collection,Der heimkehrende Soldat,6/8,6/8,composto,2,8.83,18,37,7,maior,2
7268,Essen Folksong Collection,Der heimkehrende Soldat,6/8,6/8,composto,2,18.67,38,90,7,maior,3
7269,Essen Folksong Collection,Der heimkehrende Soldat,6/8,6/8,composto,2,11.67,24,57,7,maior,4
7270,Essen Folksong Collection,Der junge Held,6/8,6/8,composto,2,15.67,32,62,2,maior,0
7271,Essen Folksong Collection,"Der junge Husare (31), S. 115f",6/8,6/8,composto,2,15.83,32,70,2,menor,1
7272,Essen Folksong Collection,"Der junge Markgraf (4-16), S. 23",6/8,6/8,composto,2,7.67,16,43,5,maior,2
7273,Essen Folksong Collection,"Der kleine Husar (2-40), S. 108",6/8,6/8,composto,2,11.67,24,58,5,maior,3
7274,Essen Folksong Collection,Der schwatzhafte Junggeselle,6/8,6/8,composto,2,16,32,60,7,maior,4
7275,Essen Folksong Collection,Der verkleidete Markgrafensohn,6/8,6/8,composto,2,8,16,42,7,maior,0
7276,Essen Folksong Collection,Der verkleidete Reiter,6/8,6/8,composto,2,10,20,41,7,menor,1
7277,Essen Folksong Collection,"Der verschmhte Jger (232a), S.500",6/8,6/8,composto,2,11.5,23,48,7,maior,2
7278,Essen Folksong Collection,"Des Burschen Tracht (204a), S.445",6/8,6/8,composto,0,8.5,17,38,7,maior,3
7279,Essen Folksong Collection,"Des Soldaten Heimkehr (52), S.166",6/8,6/8,composto,2,10.67,22,49,7,maior,4
7280,Essen Folksong Collection,Die Brombeerpflueckerin,6/8,6/8,composto,2,9.67,20,43,7,maior,0
7281,Essen Folksong Collection,Die Brombeerpflueckerin,6/8,6/8,composto,2,15.5,31,69,7,maior,1
7282,Essen Folksong Collection,Die Brombeerpflueckerin,6/8,6/8,composto,2,11.5,23,48,2,maior,2
7283,Essen Folksong Collection,Die Geburt im Grabe,6/8,6/8,composto,2,7.67,16,33,5,maior,3
7284,Essen Folksong Collection,Die Hauptmannstochter,6/8,6/8,composto,2,11.67,24,57,5,maior,4
7285,Essen Folksong Collection,Die Hauptmannstochter,6/8,6/8,composto,2,7.67,16,34,7,maior,0
7286,Essen Folksong Collection,"Die Heufahrt (1-7), S. 18",6/8,6/8,composto,2,18.67,38,88,7,maior,1
7287,Essen Folksong Collection,Die Jdin und der Schreiber (22a),6/8,6/8,composto,0,11.67,23,45,2,maior,2
7288,Essen Folksong Collection,Die Koenigskinder,6/8,6/8,composto,2,8,16,38,7,maior,3
7289,Essen Folksong Collection,Die Koenigskinder,6/8,6/8,composto,2,7.5,15,35,7,menor,4
7290,Essen Folksong Collection,Die Koenigskinder,6/8,6/8,composto,2,7.67,16,34,7,menor,0
7291,Essen Folksong Collection,Die Koenigskinder,6/8,6/8,composto,2,7.67,16,37,7,menor,1
7292,Essen Folksong Collection,Die Koenigstochter,6/8,6/8,composto,2,7.67,16,40,4,menor,2
7293,Essen Folksong Collection,"Die Ktt, die Lies, die Mau / Nachtgesang (5-60), S. 99",6/8,6/8,composto,2,10,20,40,5,maior,3
7294,Essen Folksong Collection,Die Knigskinder (16a),6/8,6/8,composto,2,11.83,24,55,9,menor,4
7295,Essen Folksong Collection,Die Knigskinder (16a),6/8,6/8,composto,2,11.67,24,53,7,maior,0
7296,Essen Folksong Collection,"Die Lindenwirtin (2-59), S. 156f",6/8,6/8,composto,0,13.83,27,53,5,maior,1
7297,Essen Folksong Collection,Die Mordeltern,6/8,6/8,composto,0,7.83,15,34,0,maior,2
7298,Essen Folksong Collection,Die Mordeltern,6/8,6/8,composto,2,7.83,16,39,7,maior,3
7299,Essen Folksong Collection,Die Mordeltern,6/8,6/8,composto,2,7.83,16,42,7,maior,4
7300,Essen Folksong Collection,"Die Mordwirtin (Band 1), S. 109",6/8,6/8,composto,2,8,16,32,2,maior,0
7301,Essen Folksong Collection,"Die Nonne (18a), S. 76f",6/8,6/8,composto,2,11.5,23,54,7,maior,1
7302,Essen Folksong Collection,Die Rabenmutter,6/8,6/8,composto,2,4,8,18,7,maior,2
7303,Essen Folksong Collection,Die Rabenmutter,6/8,6/8,composto,2,4,8,21,7,maior,3
7304,Essen Folksong Collection,Die Rheinbraut,6/8,6/8,composto,2,8,16,36,7,maior,4
7305,Essen Folksong Collection,Die Rheinbraut,6/8,6/8,composto,2,12,24,50,0,maior,0
7306,Essen Folksong Collection,Die Rheinbraut,6/8,6/8,composto,2,12,24,46,9,maior,1
7307,Essen Folksong Collection,Die Rheinbraut,6/8,6/8,composto,2,12,24,55,10,maior,2
7308,Essen Folksong Collection,Die Rheinbraut,6/8,6/8,composto,2,8,16,36,7,maior,3
7309,Essen Folksong Collection,"Die Rheinbraut (1a), S. 27",6/8,6/8,composto,2,12,24,52,0,maior,4
7310,Essen Folksong Collection,Die Schlangenkoechin,6/8,6/8,composto,0,10,20,31,2,maior,0
7311,Essen Folksong Collection,Die Schlangenkoechin,6/8,6/8,composto,2,8,16,33,2,menor,1
7312,Essen Folksong Collection,Die Schlangenkoechin,6/8,6/8,composto,0,7.83,15,31,2,menor,2
7313,Essen Folksong Collection,Die Schlangenkoechin,6/8,6/8,composto,2,10.83,22,29,7,menor,3
7314,Essen Folksong Collection,Die Schlangenkoechin,6/8,6/8,composto,2,14.5,29,55,7,menor,4
7315,Essen Folksong Collection,Die Schlangenkoechin,6/8,6/8,composto,2,8,16,31,7,maior,0
7316,Essen Folksong Collection,Die Schlangenkoechin,6/8,6/8,composto,2,8,16,45,7,maior,1
7317,Essen Folksong Collection,"Die Schneidergeiá (253), S. 540",6/8,6/8,composto,2,23.67,48,97,7,maior,2
7318,Essen Folksong Collection,"Die Schferin und der Kuckuck (1-47), S. 118",6/8,6/8,composto,2,15.5,31,61,7,maior,3
7319,Essen Folksong Collection,Die Todesbraut,6/8,6/8,composto,8,4,8,22,7,maior,4
7320,Essen Folksong Collection,Die Todesbraut,6/8,6/8,composto,8,4,8,22,7,maior,0
7321,Essen Folksong Collection,Die Todesbraut,6/8,6/8,composto,8,6,12,36,7,maior,1
7322,Essen Folksong Collection,Die Todesbraut,6/8,6/8,composto,2,8,16,33,7,maior,2
7323,Essen Folksong Collection,Die Unbestechliche,6/8,6/8,composto,2,5.5,11,24,4,menor,3
7324,Essen Folksong Collection,Die Unbestechliche,6/8,6/8,composto,2,6,12,30,7,maior,4
7325,Essen Folksong Collection,Die beiden Waisenkinder,6/8,6/8,composto,2,11.67,24,49,5,maior,0
7326,Essen Folksong Collection,Die beiden Waisenkinder,6/8,6/8,composto,2,11.67,24,51,7,maior,1
7327,Essen Folksong Collection,Die beiden Waisenkinder,6/8,6/8,composto,2,7.67,16,33,7,maior,2
7328,Essen Folksong Collection,Die beiden Waisenkinder,6/8,6/8,composto,2,11.5,23,46,7,maior,3
7329,Essen Folksong Collection,Die beiden Waisenkinder,6/8,6/8,composto,2,11.5,23,51,7,maior,4
7330,Essen Folksong Collection,Die dienende Schwester,6/8,6/8,composto,2,4,8,17,0,maior,0
7331,Essen Folksong Collection,Die dienende Schwester,6/8,6/8,composto,2,6,12,30,5,maior,1
7332,Essen Folksong Collection,Die dienende Schwester,6/8,6/8,composto,2,6,12,26,0,maior,2
7333,Essen Folksong Collection,Die dienende Schwester,6/8,6/8,composto,2,8,16,40,0,maior,3
7334,Essen Folksong Collection,Die dienende Schwester,6/8,6/8,composto,2,8,16,36,5,maior,4
7335,Essen Folksong Collection,Die drei Hexen,6/8,6/8,composto,2,9,18,33,5,maior,0
7336,Essen Folksong Collection,Die drei Hexen,6/8,6/8,composto,0,6,12,26,2,menor,1
7337,Essen Folksong Collection,Die drei angeworbenen Maedchen,6/8,6/8,composto,2,12,24,51,5,maior,2
7338,Essen Folksong Collection,Die elfjaehrige Markgraefin,6/8,6/8,composto,8,8,16,45,0,maior,3
7339,Essen Folksong Collection,Die elfjaehrige Markgraefin,6/8,6/8,composto,2,4,8,18,5,maior,4
7340,Essen Folksong Collection,"Die glckliche Nonne (15), S. 69",6/8,6/8,composto,2,19.5,39,84,0,maior,0
7341,Essen Folksong Collection,"Die himmlischen Freuden (296), S.611f",6/8,6/8,composto,2,11.67,24,45,7,maior,1
7342,Essen Folksong Collection,Die schoene Magdalena,6/8,6/8,composto,4,13.83,28,57,2,maior,2
7343,Essen Folksong Collection,Die schoene Magdalena,6/8,6/8,composto,4,9.67,19,58,7,menor,3
7344,Essen Folksong Collection,Die schoene Magdalena,6/8,6/8,composto,2,8.67,18,49,7,menor,4
7345,Essen Folksong Collection,Die schoene Magdalena,6/8,6/8,composto,2,13.67,28,57,7,maior,0
7346,Essen Folksong Collection,Die schoene Magdalena,6/8,6/8,composto,2,17.5,35,88,7,maior,1
7347,Essen Folksong Collection,Die schoene Magdalena,6/8,6/8,composto,2,8.67,18,44,7,maior,2
7348,Essen Folksong Collection,"Die stumme Orgelpfeife (274), S. 585",6/8,6/8,composto,2,7.5,15,37,2,maior,3
7349,Essen Folksong Collection,Die verkaufte Muellerin,6/8,6/8,composto,2,8,16,38,7,menor,4
7350,Essen Folksong Collection,Die wiedergefundene Schwester (Suedeli - Ballade),6/8,6/8,composto,6,5.83,11,31,7,maior,0
7351,Essen Folksong Collection,"Drei Schwestern vor der Himmelstr (61a), S. 187f",6/8,6/8,composto,2,8,16,41,2,maior,1
7352,Essen Folksong Collection,"Drei Schwestern vor der Himmelstr (61b), S. 189",6/8,6/8,composto,2,8,16,35,0,maior,2
7353,Essen Folksong Collection,Drei Seidenweber (2-52) S. 165,6/8,6/8,composto,2,11,22,54,7,maior,3
7354,Essen Folksong Collection,"Drohende Bitte (98), S. 247f",6/8,6/8,composto,2,11.83,24,51,2,maior,4
7355,Essen Folksong Collection,"Druimín, S. 81",6/8,6/8,composto,2,6,12,33,9,menor,0
7356,Essen Folksong Collection,"Dá bhfaghainn mo Rogha de thriúr aca, S. 29",6/8,6/8,composto,2,8,16,35,9,maior,1
7357,Essen Folksong Collection,ECK FACH MUINEN HEREN VAN FALKENSTEUN,6/8,6/8,composto,2,9,18,41,5,maior,2
7358,Essen Folksong Collection,EI WAS BIN ICH FUER A LUSTIGER BUB,6/8,6/8,composto,0,8.83,17,43,5,maior,3
7359,Essen Folksong Collection,EIN DOERFCHEN NICHT WEIT ISTS VON HIER,6/8,6/8,composto,2,11.67,24,39,7,maior,4
7360,Essen Folksong Collection,EIN HERZ DAS SICH MIT SORGEN QUAELT,6/8,6/8,composto,2,16,32,72,2,maior,0
7361,Essen Folksong Collection,EIN JAEGER  ZOG ZU WALDE,6/8,6/8,composto,2,15.5,31,60,2,maior,1
7362,Essen Folksong Collection,EIN JUNGES LAEMMCHEN WEISS WIE SCHNEE,6/8,6/8,composto,2,7.83,16,31,7,maior,2
7363,Essen Folksong Collection,EIN LEBEN WIE IM PARADIES,6/8,6/8,composto,2,17.67,36,72,2,maior,3
7364,Essen Folksong Collection,EIN MAEKEN VON ACHTEIN JAHREN,6/8,6/8,composto,2,7.83,16,37,4,menor,4
7365,Essen Folksong Collection,EIN NIEDLICHES MAEDCHEN EIN JUNGES BLUT,6/8,6/8,composto,2,15.67,32,71,5,maior,0
7366,Essen Folksong Collection,EIN POSTKNECHT IST EIN ARMER WICHT,6/8,6/8,composto,2,16,32,62,7,maior,1
7367,Essen Folksong Collection,EIN SCHAEFER WOL UEBER DIE BRUECKE ZOG,6/8,6/8,composto,2,9,18,47,7,maior,2
7368,Essen Folksong Collection,EIN SCHAEFERMAEDCHEN WEIDETE,6/8,6/8,composto,2,15.5,31,61,7,maior,3
7369,Essen Folksong Collection,EIN SCHIFFLEIN ZIEHET LEISE,6/8,6/8,composto,2,10.67,22,38,10,maior,4
7370,Essen Folksong Collection,EINSAM BIN ICH NICHT ALLEINE,6/8,6/8,composto,0,9.83,19,53,2,maior,0
7371,Essen Folksong Collection,EINST GIENG ICH IM TANNENWALD HER,6/8,6/8,composto,2,7.5,15,33,0,maior,1
7372,Essen Folksong Collection,EINST HAT MIR MEIN LEIBARZT GEBOTEN,6/8,6/8,composto,2,9.5,19,46,0,maior,2
7373,Essen Folksong Collection,EINSTMALS SASS ICH VOR MEINER HUETTE,6/8,6/8,composto,6,17.83,35,87,7,maior,3
7374,Essen Folksong Collection,ES BLIES EIN JAEGER WOHL IN SEIN HORN,6/8,6/8,composto,2,9,18,41,2,maior,4
7375,Essen Folksong Collection,ES BLIES EIN JAEGER WOL IN SEIN HORN,6/8,6/8,composto,2,19.5,39,75,4,maior,0
7376,Essen Folksong Collection,ES DUNKELT IN DEM WALDE,6/8,6/8,composto,2,7.67,16,35,10,maior,1
7377,Essen Folksong Collection,ES DUNKELT VOR DEM WALDE,6/8,6/8,composto,2,7.67,16,35,10,maior,2
7378,Essen Folksong Collection,ES FIEL EIN REIF IN FRUEHLINGSNACHT,6/8,6/8,composto,2,8,16,39,7,menor,3
7379,Essen Folksong Collection,ES FIEL EIN REIF IN FRUEHLINGSNACHT,6/8,6/8,composto,2,8,16,40,7,menor,4
7380,Essen Folksong Collection,ES FREIT EIN HERR SO REICHE,6/8,6/8,composto,2,8,16,36,7,maior,0
7381,Essen Folksong Collection,ES FUHR EIN BAUER INS HOLZ,6/8,6/8,composto,2,9.67,20,41,7,maior,1
7382,Essen Folksong Collection,ES FUHR EIN SCHIFFLEIN WOL UEBER DEN RHEIN,6/8,6/8,composto,2,4,8,24,7,maior,2
7383,Essen Folksong Collection,ES GIEBT ZWEI VOEGEL,6/8,6/8,composto,2,9.5,19,45,7,maior,3
7384,Essen Folksong Collection,ES GIENG EIN MAEDCHEN GRAS SCHNEIDEN,6/8,6/8,composto,2,11.67,24,51,7,maior,4
7385,Essen Folksong Collection,ES GIENG EIN MATROSE WOHL UEBER DEN RHEIN,6/8,6/8,composto,2,7.67,16,38,5,maior,0
7386,Essen Folksong Collection,ES GIENG EIN MATROSE WOL UEBER DEN GRUND,6/8,6/8,composto,2,11.67,24,59,5,maior,1
7387,Essen Folksong Collection,ES GIENG EIN REITER SPAZIEREN,6/8,6/8,composto,2,10,20,44,9,menor,2
7388,Essen Folksong Collection,ES GIENG EINMAL BEI MONDENSCHEIN,6/8,6/8,composto,2,15.67,32,57,0,maior,3
7389,Essen Folksong Collection,ES GING EINST EIN VERLIEBTES PAAR,6/8,6/8,composto,2,8,16,33,7,maior,4
7390,Essen Folksong Collection,ES GINGEN DREI JAEGER WOHL AUF DIE BIRSCH,6/8,6/8,composto,2,7.83,16,39,2,maior,0
7391,Essen Folksong Collection,ES HATT EIN BAUER EIN SCHOENES WEIB,6/8,6/8,composto,2,23.67,48,106,7,maior,1
7392,Essen Folksong Collection,ES HATT EIN SCHWAB EIN TOECHTERLEIN,6/8,6/8,composto,2,12,24,48,7,maior,2
7393,Essen Folksong Collection,ES HATTEN SICH SIEBN UND SIEBZIG SCHNEIDER,6/8,6/8,composto,2,7.67,16,38,7,maior,3
7394,Essen Folksong Collection,ES HEULT DER STURM ES BRAUST DAS MEER,6/8,6/8,composto,2,18,36,80,9,menor,4
7395,Essen Folksong Collection,ES HUETET EIN SCHAEFER,6/8,6/8,composto,2,12.83,26,51,9,maior,0
7396,Essen Folksong Collection,ES HUETT SICH EIN MAEDEL DIE LAEMMELEIN,6/8,6/8,composto,2,12,24,58,5,maior,1
7397,Essen Folksong Collection,ES IST NICHTS LUSTGER AUF DER WELT,6/8,6/8,composto,2,17.33,35,69,5,maior,2
7398,Essen Folksong Collection,ES IST NICHTS LUSTGERS AUF DER WELT,6/8,6/8,composto,2,15.67,32,56,7,maior,3
7399,Essen Folksong Collection,ES KAMEN DREI SCHNEIDER WOHL AN DEN RHEIN,6/8,6/8,composto,2,11.67,24,54,10,maior,4
7400,Essen Folksong Collection,ES KANN MICH NICHTS SCHOENRES ERFREUEN,6/8,6/8,composto,2,9.67,20,47,7,maior,0
7401,Essen Folksong Collection,ES KANN MICH NICHTS SCHOENRES ERFREUEN,6/8,6/8,composto,2,9.5,19,40,7,maior,1
7402,Essen Folksong Collection,ES KOMMEN DREI HERREN AUS NINIVE,6/8,6/8,composto,2,13.17,27,53,2,maior,2
7403,Essen Folksong Collection,ES LEBE WAS AUF ERDEN STOLZIERT,6/8,6/8,composto,2,11.67,24,44,7,maior,3
7404,Essen Folksong Collection,ES LEBE WAS AUF ERDEN STOLZIERT,6/8,6/8,composto,2,15.5,31,61,7,maior,4
7405,Essen Folksong Collection,ES LEBEN DIE STUDENTEN,6/8,6/8,composto,2,27.5,55,97,7,menor,0
7406,Essen Folksong Collection,ES LEUCHTEN DREI STERN UEBER EIN KOENIGSHAUS,6/8,6/8,composto,2,14,28,69,9,menor,1
7407,Essen Folksong Collection,ES LEUCHTEN DREI STERNE AM HIMMEL,6/8,6/8,composto,2,7.83,16,39,5,maior,2
7408,Essen Folksong Collection,ES MURMELN DIE WELLEN,6/8,6/8,composto,2,15.67,32,48,5,maior,3
7409,Essen Folksong Collection,ES REDEN UND TRAEUMEN DIE MENSCHEN,6/8,6/8,composto,2,12.5,25,57,10,maior,4
7410,Essen Folksong Collection,ES RITT EIN JAEGER WOHLGEMUTH,6/8,6/8,composto,2,8,16,40,7,maior,0
7411,Essen Folksong Collection,ES RITT EIN JAEGERSMANN,6/8,6/8,composto,2,17.67,36,81,4,maior,1
7412,Essen Folksong Collection,ES RITT EIN JAEGERSMANN,6/8,6/8,composto,2,19.83,40,85,4,maior,2
7413,Essen Folksong Collection,ES RITT EIN JAEGERSMANN WOHLGEMUTH,6/8,6/8,composto,2,8,16,39,9,maior,3
7414,Essen Folksong Collection,ES RITT EIN LANDSKNAB UEBER FELD,6/8,6/8,composto,2,7,14,24,5,maior,4
7415,Essen Folksong Collection,ES RITT EIN RAEUBER WOHL UEBER DEN RHEIN,6/8,6/8,composto,2,8,16,42,7,maior,0
7416,Essen Folksong Collection,ES RITT EIN REITER FRISCH WOHLGEMUTH,6/8,6/8,composto,2,6,12,26,5,maior,1
7417,Essen Folksong Collection,ES RITT EIN RITTER WOHL DURCH DAS RIED,6/8,6/8,composto,2,9,18,41,9,menor,2
7418,Essen Folksong Collection,ES RITT EIN RITTER WOHL UEBER FELD,6/8,6/8,composto,2,14,28,66,7,maior,3
7419,Essen Folksong Collection,ES RITT EIN RITTER WOHL UEBERS FELD,6/8,6/8,composto,2,14,28,67,7,maior,4
7420,Essen Folksong Collection,ES RITTEN DREI REITER,6/8,6/8,composto,2,13.67,28,63,7,maior,0
7421,Essen Folksong Collection,ES RITTEN DREI REITER WOL UEBER DEN RHEIN,6/8,6/8,composto,2,8,16,40,7,maior,1
7422,Essen Folksong Collection,ES RITTEN DREI REUTER ZUM THOR HINAUS,6/8,6/8,composto,2,13.67,28,64,7,maior,2
7423,Essen Folksong Collection,ES SASS AUF GRUENER HAIDE,6/8,6/8,composto,2,14,28,55,9,menor,3
7424,Essen Folksong Collection,ES SASS EIN KNAB UND WEINTE SEHR,6/8,6/8,composto,2,17.67,36,59,7,menor,4
7425,Essen Folksong Collection,ES SOLLT EIN SCHAEFER HUETEN GEHN,6/8,6/8,composto,2,10,20,45,4,menor,0
7426,Essen Folksong Collection,ES SOLLT SICH EIN GOLDSCHMIED SCHMIEDEN,6/8,6/8,composto,2,9.67,20,46,7,maior,1
7427,Essen Folksong Collection,ES SPIELTE EIN RITTER MIT EINER MADAM,6/8,6/8,composto,2,8,16,36,3,maior,2
7428,Essen Folksong Collection,ES SPIELTE EIN RITTER MIT EINER MAGD,6/8,6/8,composto,2,5,10,24,10,maior,3
7429,Essen Folksong Collection,ES STEHEN DREI STERNE AM HIMMEL,6/8,6/8,composto,2,9.67,20,48,7,maior,4
7430,Essen Folksong Collection,ES STEHEN DREI STERNE AM HIMMEL,6/8,6/8,composto,2,13,26,65,5,maior,0
7431,Essen Folksong Collection,ES STEHT SICH AUF UNSERER WIESEN,6/8,6/8,composto,2,8.5,17,42,4,menor,1
7432,Essen Folksong Collection,ES TRIEB EIN SCHAEFER DEN BERG HINAN,6/8,6/8,composto,2,8,16,43,0,maior,2
7433,Essen Folksong Collection,ES TRUG EIN JAEGER EIN GRUENEN HUT,6/8,6/8,composto,0,7.67,15,38,0,maior,3
7434,Essen Folksong Collection,ES WAR EIN ARME MUTTER,6/8,6/8,composto,2,7.5,15,26,7,maior,4
7435,Essen Folksong Collection,ES WAR EIN BRAVER JUNG FISCHERGESELL,6/8,6/8,composto,2,7.67,16,38,9,menor,0
7436,Essen Folksong Collection,ES WAR EIN JAEGER DER BLIES INS HORN,6/8,6/8,composto,2,9.5,19,40,10,maior,1
7437,Essen Folksong Collection,ES WAR EIN JUNGES MAEDCHEN VON REIZENDER GESTALT,6/8,6/8,composto,2,14.67,30,66,10,maior,2
7438,Essen Folksong Collection,ES WAR EIN KOENIG IN THULE,6/8,6/8,composto,2,7.67,16,31,7,menor,3
7439,Essen Folksong Collection,ES WAR EIN MAEDCHEN VON ACHTZEHN JAHREN,6/8,6/8,composto,2,7.5,15,38,7,menor,4
7440,Essen Folksong Collection,ES WAR EIN REICHER KAUFMANNSSOHN,6/8,6/8,composto,2,7.67,16,35,7,maior,0
7441,Essen Folksong Collection,ES WAR EIN REICHER KAUFMANNSSOHN,6/8,6/8,composto,2,9.5,19,46,5,maior,1
7442,Essen Folksong Collection,ES WAR EIN ZARTES JUNGFRAEUELEIN,6/8,6/8,composto,2,8,16,38,9,maior,2
7443,Essen Folksong Collection,ES WAR EINE REICHE JUEDIN,6/8,6/8,composto,2,9.67,20,40,2,maior,3
7444,Essen Folksong Collection,ES WAR EINE REICHE JUEDIN,6/8,6/8,composto,2,7.67,16,26,7,maior,4
7445,Essen Folksong Collection,ES WAR EINMAL EIN RITTERSMANN,6/8,6/8,composto,2,8,16,43,10,maior,0
7446,Essen Folksong Collection,ES WAREN ZWEI KOENIGSKINDER,6/8,6/8,composto,2,7.83,16,39,7,maior,1
7447,Essen Folksong Collection,ES WAREN ZWEI KOENIGSKINDER,6/8,6/8,composto,2,7.83,16,38,7,menor,2
7448,Essen Folksong Collection,ES WAREN ZWEI KOENIGSKINDER,6/8,6/8,composto,2,11.67,24,50,7,maior,3
7449,Essen Folksong Collection,ES WAREN ZWEI KOENIGSKINDER,6/8,6/8,composto,2,8,16,38,7,maior,4
7450,Essen Folksong Collection,ES WOHNEN ZWEI SCHWAENE IM SEE,6/8,6/8,composto,2,14,28,63,7,maior,0
7451,Essen Folksong Collection,ES WOLLT EIN HERR AUSREITEN,6/8,6/8,composto,2,8,16,36,3,maior,1
7452,Essen Folksong Collection,ES WOLLT EIN JAEGER JAGEN,6/8,6/8,composto,2,7.67,16,43,5,maior,2
7453,Essen Folksong Collection,ES WOLLT EIN JAEGER JAGEN,6/8,6/8,composto,2,7.67,16,31,2,maior,3
7454,Essen Folksong Collection,ES WOLLT EIN JAEGER JAGEN EIN HIRSCHLEIN ODER EIN REH,6/8,6/8,composto,2,7.67,16,28,7,maior,4
7455,Essen Folksong Collection,"ES WOLLT EIN JAEGER JAGEN, DREI STUENDLEIN VOR DEM TAGEN",6/8,6/8,composto,2,7.67,16,42,7,maior,0
7456,Essen Folksong Collection,ES WOLLT EIN KNAEBLEIN IN DEN WALD,6/8,6/8,composto,2,7.5,15,35,5,maior,1
7457,Essen Folksong Collection,ES WOLLT EIN KOENIG WOHL REISEN,6/8,6/8,composto,2,8,16,33,5,maior,2
7458,Essen Folksong Collection,ES WOLLT EIN MAEDCHEN DIE LAEMMELEIN HUETEN,6/8,6/8,composto,2,13.83,28,56,9,maior,3
7459,Essen Folksong Collection,ES WOLLT EIN MAEDCHEN WASSER HOLN,6/8,6/8,composto,2,8,16,34,5,maior,4
7460,Essen Folksong Collection,ES WOLLTE EIN MAEDCHEN DIE LAEMMLEIN HUETEN,6/8,6/8,composto,2,14.5,29,71,5,maior,0
7461,Essen Folksong Collection,ES WOLLTEN DIE VOEGELCHEN HOCHZEIT MACHN,6/8,6/8,composto,2,17.5,35,80,7,maior,1
7462,Essen Folksong Collection,ES ZIEHN NACH FERNEN LANDEN,6/8,6/8,composto,2,15.83,32,54,0,maior,2
7463,Essen Folksong Collection,ES ZIEHT EIN STILLER ENGEL,6/8,6/8,composto,2,17.83,36,70,7,maior,3
7464,Essen Folksong Collection,ES ZOG EIN REITER WOHL UEBER DEN RHEIN,6/8,6/8,composto,2,9,18,40,7,maior,4
7465,Essen Folksong Collection,ES ZOGEN DREI REITER WOL UEBER DEN RHEIN,6/8,6/8,composto,2,12,24,65,7,maior,0
7466,Essen Folksong Collection,ET LEIT SEK EN BUUR,6/8,6/8,composto,2,12,24,63,5,maior,1
7467,Essen Folksong Collection,Edelmann und Knecht (2-42) S. 135,6/8,6/8,composto,2,9,18,38,7,menor,2
7468,Essen Folksong Collection,"Edelmann und Schferin (7b), S. 43f",6/8,6/8,composto,2,10,20,55,7,maior,3
7469,Essen Folksong Collection,"Ein Mdchen ging am Ufer (5-65), S. 106",6/8,6/8,composto,2,16,32,52,2,maior,4
7470,Essen Folksong Collection,"Einquartierungs-Erlebnis (155a), S. 338",6/8,6/8,composto,2,11.67,24,53,7,maior,0
7471,Essen Folksong Collection,"Eng Hellecht um Dueref (1-17), S. 46f",6/8,6/8,composto,2,19.67,40,77,7,maior,1
7472,Essen Folksong Collection,"Eng ongeheiesch Freiesch (78a), S. 215",6/8,6/8,composto,2,9.83,20,48,7,maior,2
7473,Essen Folksong Collection,"Eng tirgeiesch Freiesch (78b), S. 216",6/8,6/8,composto,2,7.83,16,35,7,maior,3
7474,Essen Folksong Collection,Erloesung vom Galgen,6/8,6/8,composto,2,8,16,36,0,maior,4
7475,Essen Folksong Collection,"Es ging ein Jger auf's Jagen (5-69), S. 112",6/8,6/8,composto,2,8,16,35,10,maior,0
7476,Essen Folksong Collection,"Es ist sich nichts Schneres zu gráen (1-43), S.110",6/8,6/8,composto,2,15.67,32,67,5,maior,1
7477,Essen Folksong Collection,"Es ritten drei Reiter zum Tore hinaus (3-53), S. 140f",6/8,6/8,composto,2,13.83,28,64,5,maior,2
7478,Essen Folksong Collection,"Es sollt sich ein Jger ausjagen (34a), S. 120",6/8,6/8,composto,2,11.83,24,51,7,maior,3
7479,Essen Folksong Collection,"Es trieb sich ein Mdchen (4-21), S. 31",6/8,6/8,composto,2,15,30,61,7,maior,4
7480,Essen Folksong Collection,"Es war einmal ein Reiter (3-66), S. 189",6/8,6/8,composto,2,10,20,41,7,menor,0
7481,Essen Folksong Collection,"Es war einmal ein Zimmergesell (Band 1), S. 127",6/8,6/8,composto,2,8,16,36,5,maior,1
7482,Essen Folksong Collection,Es war einmal eine Jdin (17a),6/8,6/8,composto,2,11.5,23,46,7,maior,2
7483,Essen Folksong Collection,"Es war einmal eine Jdin (17a), S. 73f",6/8,6/8,composto,2,11.5,23,46,7,maior,3
7484,Essen Folksong Collection,"Es war einmal eine Jdin (5-74), S. 119",6/8,6/8,composto,2,8,16,33,5,maior,4
7485,Essen Folksong Collection,"Es wollt ein Jger sich jagen (233a), S. 502",6/8,6/8,composto,2,7.5,15,34,9,menor,0
7486,Essen Folksong Collection,"Es wollten drei Knaben spazieren gehn (5-82), S. 131",6/8,6/8,composto,2,9.5,19,44,2,menor,1
7487,Essen Folksong Collection,"Et war e Medchen zu Gtzen (2-36), S. 94",6/8,6/8,composto,2,13.67,28,55,5,maior,2
7488,Essen Folksong Collection,FLUECHTIGER ALS WIND UND WELLE,6/8,6/8,composto,0,15.83,31,70,9,menor,3
7489,Essen Folksong Collection,FRAENDE NUZT SEN MIR ZESOEMEN,6/8,6/8,composto,0,7.5,15,28,7,maior,4
7490,Essen Folksong Collection,FREUND ICH BIN ZUFRUEDEN GEH ES WIE ES WILL,6/8,6/8,composto,0,15.5,31,50,5,maior,0
7491,Essen Folksong Collection,FREUT EUCH DES LEBENS,6/8,6/8,composto,0,23.5,47,86,5,maior,1
7492,Essen Folksong Collection,FRISCH AUF ZUM FROEHLICHEN JAGEN ES IST NUN AN DER ZEIT,6/8,6/8,composto,2,14.17,29,61,10,maior,2
7493,Essen Folksong Collection,FUESELIER SIND LUSTGE BRUEDER,6/8,6/8,composto,0,15.83,31,62,2,maior,3
7494,Essen Folksong Collection,"Falsche Liebe (8a) Melodie II, S. 48",6/8,6/8,composto,2,19.83,40,86,7,maior,4
7495,Essen Folksong Collection,"Falsche Liebe (8a), Melodie I, S. 47f",6/8,6/8,composto,2,11.83,24,51,7,maior,0
7496,Essen Folksong Collection,Feierabendlied (2-21) S. 157,6/8,6/8,composto,2,10.67,22,44,2,maior,1
7497,Essen Folksong Collection,"Fenstergang (175), S. 385",6/8,6/8,composto,2,12,24,46,2,maior,2
7498,Essen Folksong Collection,Fenstergang (2-74) S. 223,6/8,6/8,composto,2,16.5,33,66,5,maior,3
7499,Essen Folksong Collection,Frau von Weissenburg,6/8,6/8,composto,2,11.67,24,57,4,maior,4
7500,Essen Folksong Collection,GAR FROEHLICH TRET ICH IN DIE WELT,6/8,6/8,composto,2,15.67,32,62,0,maior,0
7501,Essen Folksong Collection,GENIESST DEN REIZ DES LEBENS,6/8,6/8,composto,2,11.5,23,46,5,maior,1
7502,Essen Folksong Collection,GENIESST DEN REIZ DES LEBENS,6/8,6/8,composto,2,11.5,23,50,10,maior,2
7503,Essen Folksong Collection,GROSSER GOTT WIR LOBEN DICH,6/8,6/8,composto,0,12,24,52,7,maior,3
7504,Essen Folksong Collection,GRUEN IST DIE FARBE DER HOFFNUNG,6/8,6/8,composto,2,13.67,28,49,7,maior,4
7505,Essen Folksong Collection,Graf Friedrich,6/8,6/8,composto,2,7.5,15,39,4,menor,0
7506,Essen Folksong Collection,Graf Friedrich,6/8,6/8,composto,2,8,16,43,0,maior,1
7507,Essen Folksong Collection,Graf Friedrich,6/8,6/8,composto,2,11.5,23,56,7,maior,2
7508,Essen Folksong Collection,Graf und Nonne (Die Nonne),6/8,6/8,composto,2,10,20,43,0,menor,3
7509,Essen Folksong Collection,Graf und Nonne (Die Nonne),6/8,6/8,composto,2,11.83,24,51,7,maior,4
7510,Essen Folksong Collection,Graf und Nonne (Die Nonne),6/8,6/8,composto,2,7.83,16,28,5,maior,0
7511,Essen Folksong Collection,Graf und Nonne (Die Nonne),6/8,6/8,composto,2,15.83,32,70,10,maior,1
7512,Essen Folksong Collection,Graf und Nonne (Die Nonne),6/8,6/8,composto,2,7.5,15,33,0,menor,2
7513,Essen Folksong Collection,Graf und Nonne (Die Nonne),6/8,6/8,composto,2,12,24,44,7,maior,3
7514,Essen Folksong Collection,Graf und Nonne (Die Nonne),6/8,6/8,composto,2,11.67,24,59,7,maior,4
7515,Essen Folksong Collection,Graf und Nonne (Die Nonne),6/8,6/8,composto,2,7.67,16,31,2,menor,0
7516,Essen Folksong Collection,Graf und Nonne (Die Nonne),6/8,6/8,composto,2,11.67,24,41,7,maior,1
7517,Essen Folksong Collection,Graf und Nonne (Die Nonne),6/8,6/8,composto,2,11.5,23,44,7,maior,2
7518,Essen Folksong Collection,Graf und Nonne (Die Nonne),6/8,6/8,composto,2,11.5,23,45,7,maior,3
7519,Essen Folksong Collection,Graf und Nonne (Die Nonne),6/8,6/8,composto,2,7.67,16,30,5,maior,4
7520,Essen Folksong Collection,Graf und Nonne (Die Nonne),6/8,6/8,composto,2,7.67,16,29,3,maior,0
7521,Essen Folksong Collection,Graf und Nonne (Die Nonne),6/8,6/8,composto,2,11.5,23,46,7,maior,1
7522,Essen Folksong Collection,Graf und Nonne (Die Nonne),6/8,6/8,composto,2,11.67,24,55,1,menor,2
7523,Essen Folksong Collection,Graf und Nonne (Die Nonne),6/8,6/8,composto,2,7.67,16,33,7,maior,3
7524,Essen Folksong Collection,Graf und Nonne (Die Nonne),6/8,6/8,composto,2,7.67,16,27,7,menor,4
7525,Essen Folksong Collection,Graf und Nonne (Die Nonne),6/8,6/8,composto,0,11.5,23,47,4,menor,0
7526,Essen Folksong Collection,Graf und Nonne (Die Nonne),6/8,6/8,composto,2,10,20,42,7,menor,1
7527,Essen Folksong Collection,Graf und Nonne (Die Nonne),6/8,6/8,composto,0,7.5,15,26,7,menor,2
7528,Essen Folksong Collection,Graf und Nonne (Die Nonne),6/8,6/8,composto,2,7.83,16,28,7,menor,3
7529,Essen Folksong Collection,Graf und Nonne (Die Nonne),6/8,6/8,composto,2,7.83,16,29,7,menor,4
7530,Essen Folksong Collection,Graf und Nonne (Die Nonne),6/8,6/8,composto,2,9.67,20,34,7,menor,0
7531,Essen Folksong Collection,Graf und Nonne (Die Nonne),6/8,6/8,composto,2,11.5,23,46,7,maior,1
7532,Essen Folksong Collection,Graf und Nonne (Die Nonne),6/8,6/8,composto,2,9.67,20,43,7,maior,2
7533,Essen Folksong Collection,Graf und Nonne (Die Nonne),6/8,6/8,composto,2,7.5,15,36,7,maior,3
7534,Essen Folksong Collection,Graf und Nonne (Die Nonne),6/8,6/8,composto,2,11.67,24,52,7,maior,4
7535,Essen Folksong Collection,Graf und Nonne (Die Nonne),6/8,6/8,composto,2,7.67,16,36,7,maior,0
7536,Essen Folksong Collection,Graserin und Reiter,6/8,6/8,composto,2,9.67,20,39,7,maior,1
7537,Essen Folksong Collection,Graserin und Reiter,6/8,6/8,composto,2,15.67,32,54,7,menor,2
7538,Essen Folksong Collection,Graserin und Reiter,6/8,6/8,composto,2,7.67,16,32,7,menor,3
7539,Essen Folksong Collection,HAT EINS GESCHLAGEN,6/8,6/8,composto,2,9.5,19,41,0,maior,4
7540,Essen Folksong Collection,HAT EINS GESCHLAGEN KOMMT IMMER NOCH NICHT,6/8,6/8,composto,2,9.5,19,41,7,menor,0
7541,Essen Folksong Collection,HE HE FERNDIN,6/8,6/8,composto,2,6.67,14,30,9,menor,1
7542,Essen Folksong Collection,HEI WAS BIN I A LUSTIGER BUA,6/8,6/8,composto,0,9,18,39,5,maior,2
7543,Essen Folksong Collection,HERAUS HERAUS DIE KLINGEN LASST ROSS UND KLEPPER SPRINGEN,6/8,6/8,composto,2,18.33,37,66,5,maior,3
7544,Essen Folksong Collection,HERZ MIS HERZ WARUM SO TRURIG,6/8,6/8,composto,0,8,16,32,7,maior,4
7545,Essen Folksong Collection,HEUT SCHEIDEN WIR AUS EUREM KREISE,6/8,6/8,composto,2,12,24,65,0,maior,0
7546,Essen Folksong Collection,HIER SITZ ICH AUF ROSEN MIT VEILCHEN BEKRAENZT,6/8,6/8,composto,2,11,22,64,9,maior,1
7547,Essen Folksong Collection,HIER UNTER DIESEM BAEUMELEIN,6/8,6/8,composto,2,11.67,24,40,5,maior,2
7548,Essen Folksong Collection,HINAUS HINAUS INS FREIE,6/8,6/8,composto,2,8.67,18,33,5,maior,3
7549,Essen Folksong Collection,HINWEG MIT DEN SORGEN,6/8,6/8,composto,2,15.67,32,46,0,maior,4
7550,Essen Folksong Collection,HOCH SOLL EWIG LEBEN,6/8,6/8,composto,0,8.33,16,31,10,maior,0
7551,Essen Folksong Collection,HOERT DIE LERCHE SIE SINGT,6/8,6/8,composto,0,11.83,23,47,2,maior,1
7552,Essen Folksong Collection,HOORT TOE GY ARM' EN RYKE,6/8,6/8,composto,2,16,32,58,2,menor,2
7553,Essen Folksong Collection,HOPP MARJAENCHE,6/8,6/8,composto,0,7.83,15,37,4,menor,3
7554,Essen Folksong Collection,"Hans Wolf und die Gans (48a), S. 153",6/8,6/8,composto,2,9.83,20,49,7,maior,4
7555,Essen Folksong Collection,Herr von Falkenstein,6/8,6/8,composto,2,8.83,18,41,5,maior,0
7556,Essen Folksong Collection,How Can I Be Sad on my Wedding Day,6/8,6/8,composto,2,16,32,91,11,menor,1
7557,Essen Folksong Collection,"Hubertuslied (302), S. 624f",6/8,6/8,composto,2,12.83,26,56,7,maior,2
7558,Essen Folksong Collection,"Hbsch und fein, aber allein (128), S. 293",6/8,6/8,composto,2,7.5,15,28,4,menor,3
7559,Essen Folksong Collection,I HOB ENK A HAEUSERL AM ROAN,6/8,6/8,composto,2,9.5,19,44,7,maior,4
7560,Essen Folksong Collection,I WOASS A KLOANS HAEUSERL,6/8,6/8,composto,2,15.67,32,76,7,maior,0
7561,Essen Folksong Collection,ICH BIN DER HERRLICHE SOMMERGLANZ,6/8,6/8,composto,2,12,24,56,7,maior,1
7562,Essen Folksong Collection,ICH BIN EIN FRANZOSE MESDAMES,6/8,6/8,composto,2,9.67,20,44,0,maior,2
7563,Essen Folksong Collection,ICH BIN JA EIN DEUTSCHER,6/8,6/8,composto,2,9.67,20,45,7,maior,3
7564,Essen Folksong Collection,ICH BIN KUCKUK UND BLEIB KUCKUK,6/8,6/8,composto,2,16,32,70,7,maior,4
7565,Essen Folksong Collection,ICH BIN VERGNUEGT IM SIEGESTON VERKUEND ES MEIN GEDICHT,6/8,6/8,composto,2,12,24,53,3,maior,0
7566,Essen Folksong Collection,ICH GEH AUF DIE KIRCHMESS,6/8,6/8,composto,2,11.33,23,57,7,maior,1
7567,Essen Folksong Collection,ICH GING DURCH EINEN GRASGRUENEN WALD,6/8,6/8,composto,2,10,20,48,7,maior,2
7568,Essen Folksong Collection,ICH GING WOHL BEI DER NACHT,6/8,6/8,composto,2,13.5,27,51,9,menor,3
7569,Essen Folksong Collection,ICH HAB DIE NACHT GETRAEUMET,6/8,6/8,composto,2,7.67,16,31,4,menor,4
7570,Essen Folksong Collection,ICH HAB MEIN SACH AUF NICHTS GESTELLT,6/8,6/8,composto,2,11.5,23,48,7,maior,0
7571,Essen Folksong Collection,ICH HAB' DIE NACHT GETRAEUMET,6/8,6/8,composto,2,7.5,15,30,7,menor,1
7572,Essen Folksong Collection,ICH HABE DEN FRUEHLING GESEHEN,6/8,6/8,composto,2,11.67,24,53,5,maior,2
7573,Essen Folksong Collection,ICH HABE DEN FRUEHLING GESEHEN,6/8,6/8,composto,2,11.67,24,55,7,menor,3
7574,Essen Folksong Collection,ICH HABE MIR EINES ERWAEHLET,6/8,6/8,composto,2,11.67,24,65,5,maior,4
7575,Essen Folksong Collection,ICH HABE MIR EINES ERWAEHLT,6/8,6/8,composto,2,7.67,16,39,5,maior,0
7576,Essen Folksong Collection,ICH HAETT EMAL EN FREIER,6/8,6/8,composto,2,4.67,10,20,7,maior,1
7577,Essen Folksong Collection,ICH HOERT EIN SICHLEIN RAUSCHEN,6/8,6/8,composto,2,7.83,16,37,5,maior,2
7578,Essen Folksong Collection,ICH KAM VOM WALDE,6/8,6/8,composto,2,9.5,19,46,4,maior,3
7579,Essen Folksong Collection,ICH LEBE ALS LANDMANN ZUFRIEDEN,6/8,6/8,composto,2,11.67,24,54,10,maior,4
7580,Essen Folksong Collection,ICH SAH IM GARTEN HOLD UND SCHOEN,6/8,6/8,composto,2,9,18,42,4,maior,0
7581,Essen Folksong Collection,ICH SCHIESS DEN HIRSCH IM GRUENEN FORST,6/8,6/8,composto,2,19.83,40,74,2,menor,1
7582,Essen Folksong Collection,ICH SINGE MEIN ABENDLIEDCHEN,6/8,6/8,composto,2,12,24,50,7,maior,2
7583,Essen Folksong Collection,ICH STAND AUF HOHEN BERGEN,6/8,6/8,composto,2,7.67,16,35,9,maior,3
7584,Essen Folksong Collection,ICH STEH AUF EINEM HOHEN BERG,6/8,6/8,composto,2,9.83,20,43,2,menor,4
7585,Essen Folksong Collection,ICH STEH AUF EINEM HOHEN BERG,6/8,6/8,composto,2,10,20,43,0,menor,0
7586,Essen Folksong Collection,ICH UND MEIN FLAESCHCHEN,6/8,6/8,composto,0,19.83,39,93,5,maior,1
7587,Essen Folksong Collection,ICH WAERE WOHL FROEHLICH,6/8,6/8,composto,2,9.83,20,50,7,maior,2
7588,Essen Folksong Collection,ICH WAR ERST SECHZEHN SOMMER ALT,6/8,6/8,composto,2,5.83,12,26,10,maior,3
7589,Essen Folksong Collection,ICH WAR ERST SECHZEHN SOMMER ALT,6/8,6/8,composto,2,7.83,16,35,10,maior,4
7590,Essen Folksong Collection,ICH WAR WOHL RECHT EIN SPRINGINSFELD,6/8,6/8,composto,2,7.83,16,40,10,maior,0
7591,Essen Folksong Collection,ICH WEISS EIN JAEGER,6/8,6/8,composto,2,9.83,20,41,10,maior,1
7592,Essen Folksong Collection,ICH WEISS EINE EWIGE SPINNERIN,6/8,6/8,composto,2,15.67,32,70,7,maior,2
7593,Essen Folksong Collection,ICH WEISS EINN JAEGER,6/8,6/8,composto,2,10,20,44,10,maior,3
7594,Essen Folksong Collection,ICH WEISS NICHT WAS SOLL ES BEDEUTEN,6/8,6/8,composto,2,15.83,32,65,0,maior,4
7595,Essen Folksong Collection,ICH WEISS NICHT WAS SOLL ES BEDEUTEN,6/8,6/8,composto,2,15.83,32,65,2,maior,0
7596,Essen Folksong Collection,ICH WILL EUCH ERZAEHLEN,6/8,6/8,composto,2,14,28,64,7,maior,1
7597,Essen Folksong Collection,ICH WOLLT EIN STRAEUSSLEIN BINDEN,6/8,6/8,composto,2,7.67,16,31,10,maior,2
7598,Essen Folksong Collection,IHR STAEDTER SUCHT IHR FREUDE,6/8,6/8,composto,2,15.67,32,55,10,maior,3
7599,Essen Folksong Collection,IHR TAEUBCHEN KOMMT ALLE ZU MIR,6/8,6/8,composto,2,14,28,60,4,menor,4
7600,Essen Folksong Collection,IHREN SCHAEFER ZU ERWARTEN,6/8,6/8,composto,0,15.83,31,71,4,maior,0
7601,Essen Folksong Collection,IM ARM DER LIEBE,6/8,6/8,composto,2,13.67,28,57,5,maior,1
7602,Essen Folksong Collection,IM FELDE SCHLEICH ICH STILL UND WILD,6/8,6/8,composto,2,7.83,16,28,3,maior,2
7603,Essen Folksong Collection,IM FRUEHLINGSSCHATTEN,6/8,6/8,composto,2,6.67,14,33,4,maior,3
7604,Essen Folksong Collection,IM KUMME DAHEA VON ESTAREI,6/8,6/8,composto,2,6,12,30,5,maior,4
7605,Essen Folksong Collection,IM MAIEN DIE VOEGELEIN SINGEN,6/8,6/8,composto,2,6,12,30,4,maior,0
7606,Essen Folksong Collection,IM MAIEN IM MAIEN BLUEHN SUESSE BLUEMELEIN,6/8,6/8,composto,2,9.5,19,36,7,maior,1
7607,Essen Folksong Collection,IM MAIEN IM MAIEN ISTS LIEBLICH,6/8,6/8,composto,2,9.83,20,49,3,maior,2
7608,Essen Folksong Collection,IM RHEIN IM SCHOENEN STROME,6/8,6/8,composto,2,8,16,26,5,menor,3
7609,Essen Folksong Collection,IM SACHSENLAND KENN ICH EIN STAEDCHEN,6/8,6/8,composto,2,13.67,28,66,7,maior,4
7610,Essen Folksong Collection,IM SCHATTEN GRUENER BAEUME,6/8,6/8,composto,2,15.67,32,58,7,maior,0
7611,Essen Folksong Collection,IM SCHWARZEN WALLFISCH,6/8,6/8,composto,2,11.83,24,50,7,maior,1
7612,Essen Folksong Collection,IM SOMMER IST GUT WANDERN,6/8,6/8,composto,2,10,20,49,10,maior,2
7613,Essen Folksong Collection,IM WALD UND AUF DER HAIDE,6/8,6/8,composto,2,23.67,48,92,0,maior,3
7614,Essen Folksong Collection,IM WALD UND AUF DER HAIDE,6/8,6/8,composto,2,15.5,31,66,0,maior,4
7615,Essen Folksong Collection,IM WALD UND AUF DER HAIDE,6/8,6/8,composto,2,15.83,32,70,0,maior,0
7616,Essen Folksong Collection,IM WALD UND AUF DER HEIDE,6/8,6/8,composto,2,23.83,48,94,0,maior,1
7617,Essen Folksong Collection,IM WALD UND AUF DER HEIDE,6/8,6/8,composto,2,17.67,36,59,7,maior,2
7618,Essen Folksong Collection,IM WALDE MUSS ICH LEBEN,6/8,6/8,composto,2,9.67,20,40,10,maior,3
7619,Essen Folksong Collection,IM WALDE STEHT EIN TANNENBAUM,6/8,6/8,composto,2,11.83,24,45,5,maior,4
7620,Essen Folksong Collection,IN DEN GARTEN WOLLN WIR GEHN,6/8,6/8,composto,0,11.83,23,49,5,maior,0
7621,Essen Folksong Collection,IN DIESER WOELBUNG DES BUSENS,6/8,6/8,composto,2,8,16,39,4,maior,1
7622,Essen Folksong Collection,IN DON HEMEL IS EENEN DANS,6/8,6/8,composto,6,9.83,19,39,0,maior,2
7623,Essen Folksong Collection,IN EINEM KUEHLEN GRUNDE,6/8,6/8,composto,2,11.83,24,49,5,maior,3
7624,Essen Folksong Collection,IN EINEM KUEHLEN GRUNDE,6/8,6/8,composto,2,11.83,24,48,5,maior,4
7625,Essen Folksong Collection,"IN EINEM KUEHLEN GRUNDE, DA GEHT EIN MUEHLENRAD",6/8,6/8,composto,2,11.83,24,48,10,maior,0
7626,Essen Folksong Collection,IN LAUTERBACH,6/8,6/8,composto,2,19.67,40,92,9,maior,1
7627,Essen Folksong Collection,IN MORGENROT GEKLEIDET,6/8,6/8,composto,2,7.83,16,28,0,maior,2
7628,Essen Folksong Collection,IN MORGENROTH GEKLEIDET,6/8,6/8,composto,2,7.83,16,29,7,menor,3
7629,Essen Folksong Collection,IN SACHSENLAND LAG EINST EIN SCHLOSS,6/8,6/8,composto,2,19.83,40,85,7,maior,4
7630,Essen Folksong Collection,"Ich ging einmal spazieren, s113",6/8,6/8,composto,2,9,18,33,7,maior,0
7631,Essen Folksong Collection,"Im Wald, im Wald, im Wald",6/8,6/8,composto,2,16,32,71,2,maior,1
7632,Essen Folksong Collection,"In einem khlen Grunde (1-12), S. 31",6/8,6/8,composto,2,11.83,24,49,7,maior,2
7633,Essen Folksong Collection,In einer glueckseligen Stund',6/8,6/8,composto,2,11.5,23,52,2,maior,3
7634,Essen Folksong Collection,JA LUSTIG BIN ICH,6/8,6/8,composto,2,11.67,24,48,9,maior,4
7635,Essen Folksong Collection,JETZT KOMMT DIE FROHE STUNDE,6/8,6/8,composto,2,7.83,16,35,10,maior,0
7636,Essen Folksong Collection,JETZT LASST UNS MAL SINGEN,6/8,6/8,composto,2,8,16,41,7,maior,1
7637,Essen Folksong Collection,JETZT REISEN WIR ZUM THOR HINAUS,6/8,6/8,composto,2,8.67,18,36,7,maior,2
7638,Essen Folksong Collection,JOSEPHUS DER ROEMISCHE KAISER,6/8,6/8,composto,2,15.83,32,70,7,maior,3
7639,Essen Folksong Collection,JOSEPHUS DER ROEMISCHE KAISER,6/8,6/8,composto,2,15.67,32,69,7,maior,4
7640,Essen Folksong Collection,Johannistagslied,6/8,6/8,composto,2,21,42,80,7,maior,0
7641,Essen Folksong Collection,Jungfer Doertchen,6/8,6/8,composto,8,6,12,28,7,maior,1
7642,Essen Folksong Collection,Jungfer Doertchen,6/8,6/8,composto,8,6,12,28,7,maior,2
7643,Essen Folksong Collection,Jungfer Doertchen,6/8,6/8,composto,8,12,24,64,9,menor,3
7644,Essen Folksong Collection,Jungfer Doertchen,6/8,6/8,composto,8,6,12,28,7,maior,4
7645,Essen Folksong Collection,Jungfer Doertchen,6/8,6/8,composto,8,6,12,29,7,maior,0
7646,Essen Folksong Collection,Jungfer Doertchen,6/8,6/8,composto,8,8,16,40,7,maior,1
7647,Essen Folksong Collection,Jungfer Doertchen,6/8,6/8,composto,8,12,24,62,7,maior,2
7648,Essen Folksong Collection,Jungfer Doertchen,6/8,6/8,composto,8,12,24,64,7,maior,3
7649,Essen Folksong Collection,Jger und Graserin (2-62) S. 191,6/8,6/8,composto,2,8.83,18,38,7,maior,4
7650,Essen Folksong Collection,"Jger und Graserin (220), S. 475",6/8,6/8,composto,2,8.5,17,37,7,maior,0
7651,Essen Folksong Collection,"Jgerlied (2-23), S. 105",6/8,6/8,composto,2,7.83,16,40,7,menor,1
7652,Essen Folksong Collection,KEIN SCHOENERES FREIERES LEBEN,6/8,6/8,composto,2,17.5,35,79,7,maior,2
7653,Essen Folksong Collection,KLIPFEN FELSEN HOHE BERGE,6/8,6/8,composto,0,15.83,31,71,5,maior,3
7654,Essen Folksong Collection,KOMM FEIN LIEBCHEN KOMM ANS FENSTER,6/8,6/8,composto,0,9.33,18,34,7,maior,4
7655,Essen Folksong Collection,KOMM ICH EINST AUS FREMDEN LANDEN,6/8,6/8,composto,0,16,32,72,7,maior,0
7656,Essen Folksong Collection,KOMM LIEBCHEN KOMM AUFS LAND,6/8,6/8,composto,6,7.83,15,29,10,maior,1
7657,Essen Folksong Collection,KOMM LIEBER MAI UND MACHE,6/8,6/8,composto,2,15.5,31,60,5,maior,2
7658,Essen Folksong Collection,KOMM STILLER ABEND NIEDER AUF UNSRE KLEINE FLUR,6/8,6/8,composto,2,8,16,34,7,maior,3
7659,Essen Folksong Collection,KOMMT LASST UNS AUSSPAZIEREN,6/8,6/8,composto,2,7.67,16,32,10,maior,4
7660,Essen Folksong Collection,KOMMT LASST UNS SPAZIEREN,6/8,6/8,composto,2,7.67,16,29,9,maior,0
7661,Essen Folksong Collection,KOMT HIER AL BIJ EN HOORT,6/8,6/8,composto,2,15.67,32,65,7,maior,1
7662,Essen Folksong Collection,KUMMT A VOGERL GEFLOGEN,6/8,6/8,composto,2,8,16,65,5,maior,2
7663,Essen Folksong Collection,Kaisari nokkur maetur mann,6/8,6/8,composto,0,11.33,22,42,9,menor,3
7664,Essen Folksong Collection,"Kaiser Max von Mexiko (140), S. 314f",6/8,6/8,composto,2,11.5,23,45,7,maior,4
7665,Essen Folksong Collection,"Kein Alter von Liebe frei (279), S. 591",6/8,6/8,composto,2,12,24,51,0,maior,0
7666,Essen Folksong Collection,"Klosterhaá (203), S. 440f",6/8,6/8,composto,2,7.67,16,39,7,maior,1
7667,Essen Folksong Collection,Koenig und Marquise,6/8,6/8,composto,2,14,28,58,4,menor,2
7668,Essen Folksong Collection,Koenig und Marquise,6/8,6/8,composto,8,8,16,36,7,maior,3
7669,Essen Folksong Collection,Koenig und Marquise,6/8,6/8,composto,6,10,20,40,7,maior,4
7670,Essen Folksong Collection,LASS DICH SCHNEIDEN,6/8,6/8,composto,0,7.5,15,28,5,maior,0
7671,Essen Folksong Collection,LASST UNS DAS KINDLEIN WIEGEN,6/8,6/8,composto,2,12,24,58,5,maior,1
7672,Essen Folksong Collection,LAURENTIA LEBE LAURENTIA,6/8,6/8,composto,2,10,20,44,7,maior,2
7673,Essen Folksong Collection,LIEBCHEN LASS DICH KUESSEN,6/8,6/8,composto,0,13.33,26,49,5,maior,3
7674,Essen Folksong Collection,LINCHEN GING EINMAL SPAZIEREN,6/8,6/8,composto,0,7.5,15,36,5,maior,4
7675,Essen Folksong Collection,LUSTIG IST DAS ZIGEUNERLEBEN,6/8,6/8,composto,0,12.5,25,56,5,maior,0
7676,Essen Folksong Collection,"Lachen und Weinen (30), S. 114",6/8,6/8,composto,2,19.83,40,93,5,maior,1
7677,Essen Folksong Collection,"Lebenseile (3-12), S. 33f",6/8,6/8,composto,2,13.67,28,66,7,maior,2
7678,Essen Folksong Collection,"Letzter Wille (301), S. 623",6/8,6/8,composto,0,7.83,15,33,7,maior,3
7679,Essen Folksong Collection,"Lieb und Leid (96a), S. 244",6/8,6/8,composto,2,11.67,24,44,0,maior,4
7680,Essen Folksong Collection,"Liebesleid (3-67), S. 192",6/8,6/8,composto,2,8,16,35,3,maior,0
7681,Essen Folksong Collection,MARIE SASS TRAURIG IM GARTEN,6/8,6/8,composto,2,15.67,32,58,10,maior,1
7682,Essen Folksong Collection,MARLBRUCK ZOG AUS ZUM KRIEGE,6/8,6/8,composto,2,11.67,24,42,7,maior,2
7683,Essen Folksong Collection,MARSCHIEREN WIR IN DAS TUF[ERK1ISCHE LAND,6/8,6/8,composto,2,12,24,57,9,maior,3
7684,Essen Folksong Collection,MEIN HERR MALER,6/8,6/8,composto,0,15.83,31,56,0,maior,4
7685,Essen Folksong Collection,MEIN KNAPPE WIE KOMMST DU,6/8,6/8,composto,2,15.67,32,72,3,maior,0
7686,Essen Folksong Collection,MEIN LIEBCHEN SIEHST DU DAS GAERTLEIN DORT,6/8,6/8,composto,2,11.67,24,51,5,maior,1
7687,Essen Folksong Collection,MEIN SCHATZ HAT MICH VERLASSEN,6/8,6/8,composto,2,11.67,24,51,7,maior,2
7688,Essen Folksong Collection,MEIN SCHATZ ICH HAB ERFAHREN,6/8,6/8,composto,2,9.67,20,38,9,menor,3
7689,Essen Folksong Collection,MF[ERK2 AUF O CHRIST,6/8,6/8,composto,2,13.67,28,51,5,maior,4
7690,Essen Folksong Collection,MICH FLIEHEN ALLE FREUDEN,6/8,6/8,composto,2,19.5,39,69,7,maior,0
7691,Essen Folksong Collection,MIR IST HALT NIE SO WOHL ZU MUTH,6/8,6/8,composto,2,15.67,32,69,0,maior,1
7692,Essen Folksong Collection,MIT DEM PFEIL DEM BOGEN,6/8,6/8,composto,0,15.5,31,58,5,maior,2
7693,Essen Folksong Collection,MIT HOERNERSCHALL UND LUSTGESANG,6/8,6/8,composto,2,11.67,24,44,9,menor,3
7694,Essen Folksong Collection,MIT HOERNERSCHALL UND LUSTGESANG,6/8,6/8,composto,2,11.83,24,46,3,maior,4
7695,Essen Folksong Collection,MIT JAMMERVOLLEN BLICKEN,6/8,6/8,composto,2,11.67,24,51,7,maior,0
7696,Essen Folksong Collection,MIT JAMMERVOLLEN BLICKEN,6/8,6/8,composto,2,19.67,40,81,5,maior,1
7697,Essen Folksong Collection,MIT SANFTEM KUMMER UND SORGEN,6/8,6/8,composto,2,11.83,24,56,9,maior,2
7698,Essen Folksong Collection,MITTEN IM SCHIMMER DER SPIEGELNDEN WELLEN,6/8,6/8,composto,6,11.83,23,63,9,maior,3
7699,Essen Folksong Collection,Maedchen als Stallknecht,6/8,6/8,composto,2,4,8,16,7,maior,4
7700,Essen Folksong Collection,"Maria saá weinend ... (1-51), S. 126f",6/8,6/8,composto,2,23.67,48,82,0,maior,0
7701,Essen Folksong Collection,"Marias Romreise (305), S. 631f",6/8,6/8,composto,2,12.5,25,50,9,menor,1
7702,Essen Folksong Collection,"Mein Lieb ist eine Alpnerin (3-45), S. 118f",6/8,6/8,composto,2,19.67,40,70,7,maior,2
7703,Essen Folksong Collection,Metzger zu Frankfurt (2-37) S. 117,6/8,6/8,composto,2,12,24,58,9,maior,3
7704,Essen Folksong Collection,"Minchen wollt spaziern gehn (Band 1), S. 193",6/8,6/8,composto,0,15.83,31,70,7,menor,4
7705,Essen Folksong Collection,Mis Bueoeli,6/8,6/8,composto,2,7.67,16,37,3,maior,0
7706,Essen Folksong Collection,"Mllerlied (243a), S. 520",6/8,6/8,composto,2,10,20,44,7,maior,1
7707,Essen Folksong Collection,"Mllerliddchen, S. 72",6/8,6/8,composto,2,10,20,48,7,maior,2
7708,Essen Folksong Collection,NAER OOSTLAND WILLEN WIJ,6/8,6/8,composto,2,8.67,18,42,7,menor,3
7709,Essen Folksong Collection,NAMEN NENNEN DICH NICHT,6/8,6/8,composto,0,7.5,15,30,5,maior,4
7710,Essen Folksong Collection,NICHT SCHLIEF DIE MUTTER DIE LANGE NACHT,6/8,6/8,composto,2,7.5,15,37,5,maior,0
7711,Essen Folksong Collection,NINA BUBBAEIAE SCHLOF,6/8,6/8,composto,0,7.83,15,27,5,maior,1
7712,Essen Folksong Collection,NINA S FAHRET A BIERELE D RHIN NA,6/8,6/8,composto,0,8.83,17,37,5,maior,2
7713,Essen Folksong Collection,NU UP JI RUTERS,6/8,6/8,composto,2,10,20,44,7,maior,3
7714,Essen Folksong Collection,NUR LUSTIG IHR BRUEDER,6/8,6/8,composto,2,12,24,67,7,maior,4
7715,Essen Folksong Collection,Nachtigall als Warnerin,6/8,6/8,composto,2,8,16,36,7,maior,0
7716,Essen Folksong Collection,"Nrrchen, sei nicht sprde! (1-36), S. 94",6/8,6/8,composto,0,23.5,47,88,7,maior,1
7717,Essen Folksong Collection,O BARON DU FALSCHES KIND,6/8,6/8,composto,6,15.83,31,72,10,maior,2
7718,Essen Folksong Collection,O DER SCHOENE MAIENMOND,6/8,6/8,composto,0,11.83,23,48,4,maior,3
7719,Essen Folksong Collection,O KLOSTERLEBEN DU EINSAMKEIT,6/8,6/8,composto,2,11.67,24,57,5,maior,4
7720,Essen Folksong Collection,O KOENIGIN LIEB MUTTER MEIN,6/8,6/8,composto,2,8,16,42,2,menor,0
7721,Essen Folksong Collection,"O KOENIGIN, LIEB MUTTER MEIN",6/8,6/8,composto,2,8,16,42,2,menor,1
7722,Essen Folksong Collection,O SAG MIR AN FRAU MUTTER LIEB,6/8,6/8,composto,2,8,16,38,2,menor,2
7723,Essen Folksong Collection,"O SAG MIR AN, FRAU MUTTER LIEB",6/8,6/8,composto,2,8,16,38,2,menor,3
7724,Essen Folksong Collection,O SEHET DOCH WIE FEIN UND HOLD,6/8,6/8,composto,2,12,24,50,2,maior,4
7725,Essen Folksong Collection,ROSA WILLEN WIJ DANSEN,6/8,6/8,composto,0,9.83,19,33,9,menor,0
7726,Essen Folksong Collection,ROSEN PFLUECKE ROSEN BLUEHN,6/8,6/8,composto,0,7.5,15,26,7,maior,1
7727,Essen Folksong Collection,RUFEN NICHT DIE GLOCKENTOENE,6/8,6/8,composto,0,15.33,30,50,3,maior,2
7728,Essen Folksong Collection,Rache im Zweikampf,6/8,6/8,composto,0,9,18,44,0,maior,3
7729,Essen Folksong Collection,Rache im Zweikampf,6/8,6/8,composto,0,10,20,44,0,maior,4
7730,Essen Folksong Collection,Rache im Zweikampf,6/8,6/8,composto,0,9,18,43,0,maior,0
7731,Essen Folksong Collection,Reiter und Hirtenmaedchen,6/8,6/8,composto,2,16.5,33,68,7,maior,1
7732,Essen Folksong Collection,Reiter und Hirtenmaedchen,6/8,6/8,composto,2,19.83,40,93,5,maior,2
7733,Essen Folksong Collection,"Rekruten sind lustige Brder (4-34), S. 47",6/8,6/8,composto,2,7.67,16,42,7,maior,3
7734,Essen Folksong Collection,"Reue der jungen Ehefrau (190), S. 413f",6/8,6/8,composto,2,20,40,85,0,maior,4
7735,Essen Folksong Collection,Richmudis von Adocht,6/8,6/8,composto,2,10,20,51,7,maior,0
7736,Essen Folksong Collection,Ritter und Magd,6/8,6/8,composto,2,8,16,38,5,maior,1
7737,Essen Folksong Collection,Ritter und Magd,6/8,6/8,composto,2,5,10,25,10,maior,2
7738,Essen Folksong Collection,Ritter und Magd,6/8,6/8,composto,8,8,16,39,10,maior,3
7739,Essen Folksong Collection,Ritter und Magd,6/8,6/8,composto,8,12,24,63,5,maior,4
7740,Essen Folksong Collection,Ritter und Magd,6/8,6/8,composto,2,8,16,39,5,maior,0
7741,Essen Folksong Collection,Ritter und Magd,6/8,6/8,composto,2,8,16,30,0,maior,1
7742,Essen Folksong Collection,Ritter und Magd,6/8,6/8,composto,8,8,16,40,5,maior,2
7743,Essen Folksong Collection,Ritter und Magd,6/8,6/8,composto,2,8,16,42,5,maior,3
7744,Essen Folksong Collection,Ritter und Magd,6/8,6/8,composto,2,7.83,16,32,5,maior,4
7745,Essen Folksong Collection,Ritter und Magd,6/8,6/8,composto,2,8,16,39,5,maior,0
7746,Essen Folksong Collection,Ritter und Magd,6/8,6/8,composto,2,10,20,39,7,maior,1
7747,Essen Folksong Collection,Ritter und Magd,6/8,6/8,composto,2,11.83,24,58,7,maior,2
7748,Essen Folksong Collection,Ritter und Magd,6/8,6/8,composto,2,8,16,31,5,maior,3
7749,Essen Folksong Collection,Ritter und Magd,6/8,6/8,composto,2,8,16,32,2,menor,4
7750,Essen Folksong Collection,SA BOER GAET NAER DEN DANS,6/8,6/8,composto,0,9.67,19,32,9,menor,0
7751,Essen Folksong Collection,SAGT MIR O SCHOENSTE SCHAEFRIN MEIN,6/8,6/8,composto,2,14,28,50,0,maior,1
7752,Essen Folksong Collection,SAH EIN KNAB EIN ROESLEIN STEHN,6/8,6/8,composto,0,13.83,27,53,5,maior,2
7753,Essen Folksong Collection,SANKT MICHEL DER HAT SICH GEBAUET,6/8,6/8,composto,2,7.67,16,34,7,menor,3
7754,Essen Folksong Collection,SCHLAF DU KLEINE SEELE,6/8,6/8,composto,0,19.5,39,78,7,maior,4
7755,Essen Folksong Collection,SCHLAF MEIN KINDCHEN SIEBEN STUND,6/8,6/8,composto,0,8,16,37,9,menor,0
7756,Essen Folksong Collection,SCHLAF MEIN KINDELEIN,6/8,6/8,composto,0,15.83,31,86,5,maior,1
7757,Essen Folksong Collection,SCHLAF SUESSER KNABE HOLD UND MILD,6/8,6/8,composto,2,8,16,41,2,menor,2
7758,Essen Folksong Collection,SCHLAFE MEIN PRINZCHEN,6/8,6/8,composto,0,15.5,31,56,5,maior,3
7759,Essen Folksong Collection,SCHLOAP KINDKEN PROFOSS,6/8,6/8,composto,0,9.5,19,44,5,maior,4
7760,Essen Folksong Collection,SCHOEN SUSCHEN KANNT ICH LANGE ZEIT,6/8,6/8,composto,2,15.67,32,65,10,maior,0
7761,Essen Folksong Collection,SCHOENE SILBERBLUETHE,6/8,6/8,composto,0,7.83,15,31,7,maior,1
7762,Essen Folksong Collection,SCHON WIEDER TOENTS VOM SCHACHTE HER,6/8,6/8,composto,2,17.83,36,69,0,maior,2
7763,Essen Folksong Collection,SCHWAENE KOMMEN GEZOGEN,6/8,6/8,composto,0,21.5,43,70,5,maior,3
7764,Essen Folksong Collection,SEHT DEN HIMMEL WIE HEITER,6/8,6/8,composto,0,11.83,23,44,7,maior,4
7765,Essen Folksong Collection,SEHT WIE DIE SONNE DORT SINKET (SUESSER DIE GLOCKE NIE KLINGET),6/8,6/8,composto,0,15.5,31,65,5,maior,0
7766,Essen Folksong Collection,SIE GING ZUM SONNTAGSTANZE,6/8,6/8,composto,2,11.67,24,53,7,menor,1
7767,Essen Folksong Collection,SIE LEGTEN IHN AUF EINEN TISCH,6/8,6/8,composto,2,9.5,19,45,7,menor,2
7768,Essen Folksong Collection,SO GEHT ES IN SCHNUETZELPUTZ HAEUSEL,6/8,6/8,composto,2,12.67,26,62,2,maior,3
7769,Essen Folksong Collection,SO GEHT ES IN SCHNUETZELPUTZ HAEUSEL,6/8,6/8,composto,2,13,26,63,5,maior,4
7770,Essen Folksong Collection,SOLDAT KAM AUS DEM KRIEGE,6/8,6/8,composto,2,13.67,28,57,7,maior,0
7771,Essen Folksong Collection,SOLDATENMUTH SIEGT UEBERALL,6/8,6/8,composto,2,19.67,40,77,5,maior,1
7772,Essen Folksong Collection,SOLDATISCHES LEBEN,6/8,6/8,composto,2,11.67,24,60,7,maior,2
7773,Essen Folksong Collection,SONNE MIT EILENDEM FLUEGEL,6/8,6/8,composto,0,15.83,31,64,3,maior,3
7774,Essen Folksong Collection,STILLE NACHT HEILIGE NACHT,6/8,6/8,composto,0,11.83,23,48,0,maior,4
7775,Essen Folksong Collection,STOSST AN LEIPZIG SOLL LEBEN,6/8,6/8,composto,2,18,36,78,7,maior,0
7776,Essen Folksong Collection,"Schlemmerlied (211), S. 461",6/8,6/8,composto,2,7.83,16,36,7,maior,1
7777,Essen Folksong Collection,"Schloof, Kindele, schloof (5-94), S. 149",6/8,6/8,composto,0,10,20,36,3,maior,2
7778,Essen Folksong Collection,Schloss in Oesterreich,6/8,6/8,composto,2,7.5,15,36,5,maior,3
7779,Essen Folksong Collection,Schon wieder toent vom Schachte her,6/8,6/8,composto,2,17.83,36,69,2,maior,4
7780,Essen Folksong Collection,"Schne Magdalena (4-26), S. 37",6/8,6/8,composto,4,9.67,19,58,7,menor,0
7781,Essen Folksong Collection,"Seiwerlein (5), S. 37",6/8,6/8,composto,2,8.67,18,43,5,maior,1
7782,Essen Folksong Collection,"Sichlein rauschen (Band 1), S. 195",6/8,6/8,composto,2,7.67,16,32,4,menor,2
7783,Essen Folksong Collection,Sleepie Bodie,6/8,6/8,composto,2,16,32,83,5,maior,3
7784,Essen Folksong Collection,"Soldaten kommen aus dem Krieg (Band 1), S. 153",6/8,6/8,composto,2,15.83,32,68,7,maior,4
7785,Essen Folksong Collection,"St. Hubert (303), S.626",6/8,6/8,composto,2,12,24,48,7,maior,0
7786,Essen Folksong Collection,"Stiewel muá sterben! (284), S. 599",6/8,6/8,composto,0,7.67,15,46,0,maior,1
7787,Essen Folksong Collection,THOMS SASS AM HALLENDEN SEE,6/8,6/8,composto,2,9.67,20,38,0,menor,2
7788,Essen Folksong Collection,TREULIEB IST NIMMER WEIT,6/8,6/8,composto,2,12,24,52,3,maior,3
7789,Essen Folksong Collection,TYROLER LASST UNS STREITEN,6/8,6/8,composto,2,19.67,40,79,2,maior,4
7790,Essen Folksong Collection,The Brisk Young Lady,6/8,6/8,composto,2,16,32,87,7,menor,0
7791,Essen Folksong Collection,Todlen Hame,6/8,6/8,composto,2,16,32,91,6,menor,1
7792,Essen Folksong Collection,"Trinklied zum Verlobungsfest, S. 72",6/8,6/8,composto,2,9.83,20,49,7,maior,2
7793,Essen Folksong Collection,UFM BERGN DA GIEHT DAR WIND,6/8,6/8,composto,2,18.17,37,88,7,maior,3
7794,Essen Folksong Collection,UM DEINETWEGEN BIN ICH HIER,6/8,6/8,composto,2,24,48,124,7,maior,4
7795,Essen Folksong Collection,UND ALS EINMAL WAR GEKOMMEN,6/8,6/8,composto,2,15.67,32,66,7,menor,0
7796,Essen Folksong Collection,UND SO FINDEN WIR UNS WIEDER,6/8,6/8,composto,6,7.83,15,37,5,maior,1
7797,Essen Folksong Collection,UND WER IM JANUAR GEBOREN IST,6/8,6/8,composto,2,10.83,22,50,7,maior,2
7798,Essen Folksong Collection,VATER NOAH WEINERFINDER,6/8,6/8,composto,0,11.83,23,55,0,maior,3
7799,Essen Folksong Collection,VERGANGEN IST DER LICHTE TAG,6/8,6/8,composto,2,8,16,35,0,menor,4
7800,Essen Folksong Collection,VERNEHMET IHR FREUNDE WAS WIR EUCH F[ERK2LAERN,6/8,6/8,composto,2,15.67,32,72,5,maior,0
7801,Essen Folksong Collection,VIEL TAUSEND STERNE,6/8,6/8,composto,2,31.83,64,120,0,maior,1
7802,Essen Folksong Collection,VIVAT ES LEB EIN INFANTRIE,6/8,6/8,composto,2,11.83,24,57,7,maior,2
7803,Essen Folksong Collection,VOEGLEIN EINSAM IN DEM BAUER,6/8,6/8,composto,0,8,16,34,7,menor,3
7804,Essen Folksong Collection,VON ALLEN DEN MAEDCHEN,6/8,6/8,composto,2,15.83,32,81,2,maior,4
7805,Essen Folksong Collection,VOR MEINES HERZLIEBCHENS FENSTER,6/8,6/8,composto,2,8.83,18,41,7,maior,0
7806,Essen Folksong Collection,"Verhngnisvoller Irrtum (234), S.505",6/8,6/8,composto,2,23.5,47,92,0,maior,1
7807,Essen Folksong Collection,Verschlafener Jaeger,6/8,6/8,composto,2,16,32,67,10,maior,2
7808,Essen Folksong Collection,Verschlafener Jaeger,6/8,6/8,composto,2,7.67,16,34,9,maior,3
7809,Essen Folksong Collection,Verschlafener Jaeger,6/8,6/8,composto,2,7.67,16,41,7,maior,4
7810,Essen Folksong Collection,Verschlafener Jaeger,6/8,6/8,composto,2,10,20,43,7,maior,0
7811,Essen Folksong Collection,Verschlafener Jaeger,6/8,6/8,composto,2,7.5,15,39,7,maior,1
7812,Essen Folksong Collection,Verschlafener Jaeger,6/8,6/8,composto,2,23.83,48,94,0,maior,2
7813,Essen Folksong Collection,Verschlafener Jaeger,6/8,6/8,composto,2,11.5,23,51,0,maior,3
7814,Essen Folksong Collection,Verschlafener Jaeger,6/8,6/8,composto,2,8,16,38,0,maior,4
7815,Essen Folksong Collection,Verschlafener Jaeger,6/8,6/8,composto,2,11.83,24,44,7,menor,0
7816,Essen Folksong Collection,WACH AUF MEIN HORT VERNIMM MEIN WORT,6/8,6/8,composto,2,13,26,49,7,maior,1
7817,Essen Folksong Collection,WALDVOEGELEIN WO SINGST DU,6/8,6/8,composto,0,11.83,23,44,4,maior,2
7818,Essen Folksong Collection,WAR EINST EIN JUNG ZIMMER GESELL,6/8,6/8,composto,2,11.67,24,56,5,maior,3
7819,Essen Folksong Collection,WAR EINST EIN JUNG ZIMMERGESELL,6/8,6/8,composto,2,11.83,24,50,5,maior,4
7820,Essen Folksong Collection,WAS GLAENZT DORT VOM WALDE IM SONNENSCHEIN,6/8,6/8,composto,2,26,52,87,10,maior,0
7821,Essen Folksong Collection,WAS GLEICHET UNS TURNERN,6/8,6/8,composto,2,12,24,69,7,maior,1
7822,Essen Folksong Collection,WAS HELFEN MIR TAUSEND DUKATEN,6/8,6/8,composto,2,15.67,32,73,5,maior,2
7823,Essen Folksong Collection,WAS HOERT MAN DENN NEUES VOM KRIEGEN,6/8,6/8,composto,2,15.67,32,70,7,maior,3
7824,Essen Folksong Collection,WAS IST DES LEBENS HOECHSTE LUST,6/8,6/8,composto,2,15.83,32,68,5,maior,4
7825,Essen Folksong Collection,WAS KLINGET UND SINGET,6/8,6/8,composto,2,7.83,16,35,0,maior,0
7826,Essen Folksong Collection,WAS KLINGET UND SINGET DIE STRASSEN HERAUF,6/8,6/8,composto,2,9.83,20,46,5,maior,1
7827,Essen Folksong Collection,WAS SIND DIE GASSEN SO ENGE,6/8,6/8,composto,2,8,16,39,0,maior,2
7828,Essen Folksong Collection,WE SALL DAT MUEHLKEN MAHLEN,6/8,6/8,composto,2,9,18,33,5,maior,3
7829,Essen Folksong Collection,WELEKOMEN KEREMISVOLK,6/8,6/8,composto,0,7.83,15,32,7,maior,4
7830,Essen Folksong Collection,WENN ALLE BAECHLEIN FLIESSEN,6/8,6/8,composto,2,9.67,20,37,7,maior,0
7831,Essen Folksong Collection,WENN ICH GANZ ERMUEDET BIN,6/8,6/8,composto,0,11.83,23,43,7,maior,1
7832,Essen Folksong Collection,WENN MAN MIR EIN MAEDCHEN NENNT,6/8,6/8,composto,0,12,24,51,7,maior,2
7833,Essen Folksong Collection,WER LIEBEN WILL MUSS LEIDEN,6/8,6/8,composto,2,7.5,15,28,9,menor,3
7834,Essen Folksong Collection,WER RECHT IN FREUDEN WANDERN WILL,6/8,6/8,composto,2,16.83,34,62,10,maior,4
7835,Essen Folksong Collection,WER REIT'T SO SPAET DURCH NACHT UND WIND,6/8,6/8,composto,2,7.83,16,43,4,maior,0
7836,Essen Folksong Collection,WER WOLLTE SICH MIT GRILLEN PLAGEN,6/8,6/8,composto,2,8,16,44,5,maior,1
7837,Essen Folksong Collection,WIE EDEL IST DAS BERGMANNSLEBEN,6/8,6/8,composto,2,13,26,66,7,maior,2
7838,Essen Folksong Collection,WIE HERRLICH ISTS IM WALD,6/8,6/8,composto,2,15.83,32,55,9,maior,3
7839,Essen Folksong Collection,WIE HOCH IST DOCH DER HIMMEL,6/8,6/8,composto,2,8,16,38,3,maior,4
7840,Essen Folksong Collection,WIE IST DER ABEND SO TRAULICH,6/8,6/8,composto,2,7.83,16,36,5,maior,0
7841,Essen Folksong Collection,WIE IST DOCH DIE ERDE SO SCHOEN,6/8,6/8,composto,2,11.83,24,52,9,menor,1
7842,Essen Folksong Collection,WIE KOENNTE DENN HEUTE DIE WELT NOCH BESTEHEN,6/8,6/8,composto,2,9.83,20,38,5,maior,2
7843,Essen Folksong Collection,WIE KOMMTS DASS DU SO TRAURIG BIST,6/8,6/8,composto,2,16,32,56,0,menor,3
7844,Essen Folksong Collection,WIE LIEBLICH ISTS HIENIEDEN,6/8,6/8,composto,2,7.67,16,28,7,maior,4
7845,Essen Folksong Collection,WIE LIEBLICH SCHALLT IM GRUENEN WALD,6/8,6/8,composto,2,9.83,20,37,7,maior,0
7846,Essen Folksong Collection,WIE SCHEINEN DIE STERNLEIN SO HELL,6/8,6/8,composto,2,9.83,20,40,7,maior,1
7847,Essen Folksong Collection,WIE WIR SO FEST ZUSAMMEN STEHN,6/8,6/8,composto,2,35.67,72,139,0,maior,2
7848,Essen Folksong Collection,WIE WIRD MIR SO BANG,6/8,6/8,composto,2,17.83,36,75,2,maior,3
7849,Essen Folksong Collection,WIE WOHL IST MIR IM DUNKELN,6/8,6/8,composto,2,16,32,64,8,maior,4
7850,Essen Folksong Collection,WILL NUN SCHLAFEN GEHEN,6/8,6/8,composto,0,7.33,14,26,4,maior,0
7851,Essen Folksong Collection,WILLKOMMEN LIEBER MAI,6/8,6/8,composto,2,8,16,37,0,maior,1
7852,Essen Folksong Collection,WILLKOMMEN LIEBER MONDENSCHEIN,6/8,6/8,composto,2,7.83,16,33,7,maior,2
7853,Essen Folksong Collection,WILLKOMMEN SCHOENER JUENGLING,6/8,6/8,composto,2,7.67,16,30,10,maior,3
7854,Essen Folksong Collection,WIR GNIESSEN DIE HIMMLISCHEN FREUDEN,6/8,6/8,composto,2,15.67,32,80,9,maior,4
7855,Essen Folksong Collection,WO BLUEHEN DIE BLUMEN SO SCHOEN,6/8,6/8,composto,2,14,28,64,5,maior,0
7856,Essen Folksong Collection,WO GEHST DU HIN DU STOLZE,6/8,6/8,composto,2,15.67,32,58,2,maior,1
7857,Essen Folksong Collection,WOHLAUF IHR LIEBEN LEUTE,6/8,6/8,composto,2,7.67,16,26,0,maior,2
7858,Essen Folksong Collection,WOHLAUF IHR LIEBEN LEUTE,6/8,6/8,composto,2,7.67,16,26,0,maior,3
7859,Essen Folksong Collection,WONNE SCHWEBET LAECHELT UEBERALL,6/8,6/8,composto,0,9.33,18,40,5,maior,4
7860,Essen Folksong Collection,Waise und Stiefmutter,6/8,6/8,composto,2,11.67,24,36,9,maior,0
7861,Essen Folksong Collection,Waise und Stiefmutter,6/8,6/8,composto,2,7.67,16,27,7,maior,1
7862,Essen Folksong Collection,Waise und Stiefmutter,6/8,6/8,composto,2,8,16,24,7,maior,2
7863,Essen Folksong Collection,Waise und Stiefmutter,6/8,6/8,composto,2,7.5,15,29,4,menor,3
7864,Essen Folksong Collection,Waise und Stiefmutter,6/8,6/8,composto,2,12,24,44,4,menor,4
7865,Essen Folksong Collection,Waise und Stiefmutter,6/8,6/8,composto,2,7.67,16,25,7,maior,0
7866,Essen Folksong Collection,Waise und Stiefmutter,6/8,6/8,composto,2,7.5,15,28,7,maior,1
7867,Essen Folksong Collection,Waise und Stiefmutter,6/8,6/8,composto,2,7.5,15,32,7,maior,2
7868,Essen Folksong Collection,"Waldvgelein (63a), S. 192",6/8,6/8,composto,2,11.5,23,52,7,maior,3
7869,Essen Folksong Collection,"Waldvgelein (63b), S. 194",6/8,6/8,composto,2,9.5,19,43,7,maior,4
7870,Essen Folksong Collection,"Was hrt man denn Neues vom Krieg (151), S. 332",6/8,6/8,composto,2,19.67,40,89,5,maior,0
7871,Essen Folksong Collection,Was schleicht dort im naechtlichen Walde,6/8,6/8,composto,2,12,24,47,0,maior,1
7872,Essen Folksong Collection,"Wasser und Wein (208), S. 393",6/8,6/8,composto,2,8,16,39,5,maior,2
7873,Essen Folksong Collection,"Wie einst an jenem Tag (5-53), S. 88",6/8,6/8,composto,2,11.67,24,44,6,menor,3
7874,Essen Folksong Collection,"Wie schoen ist das laendliche Leben,",6/8,6/8,composto,2,15.67,32,74,10,maior,4
7875,Essen Folksong Collection,Wiedersehen an der Bahre,6/8,6/8,composto,2,12,24,49,5,maior,0
7876,Essen Folksong Collection,Winterrosen,6/8,6/8,composto,2,8,16,34,7,maior,1
7877,Essen Folksong Collection,Winterrosen,6/8,6/8,composto,0,8.33,16,34,7,maior,2
7878,Essen Folksong Collection,ZU COBLENZ AUF DER BRUECKE,6/8,6/8,composto,2,7.67,16,31,5,maior,3
7879,Essen Folksong Collection,ZU DES LEBENS FREUDEN SCHUF UNS DIE NATUR,6/8,6/8,composto,0,15.5,31,53,7,maior,4
7880,Essen Folksong Collection,ZU DES LEBENS FREUDEN SCHUF UNS DIE NATUR,6/8,6/8,composto,0,19.5,39,60,7,maior,0
7881,Essen Folksong Collection,ZU FRANKFURT AN DER ODER,6/8,6/8,composto,2,13.67,28,57,3,maior,1
7882,Essen Folksong Collection,ZU KINDELSBERG AUF DEM HOHEN SCHLOSS,6/8,6/8,composto,2,10,20,49,10,maior,2
7883,Essen Folksong Collection,Die Mordeltern,9/8,9/8,composto,2,8,24,34,7,maior,3
7884,Essen Folksong Collection,"Fy, Let Us A' to the Bridal",9/8,9/8,composto,2,12,36,100,11,menor,4
7885,Essen Folksong Collection,"Leanbh an chlamhráin, S. 26",9/8,9/8,composto,2,8,24,79,2,maior,0
7886,Essen Folksong Collection,Schoen Adelheid,9/8,9/8,composto,2,11.11,34,59,10,maior,1
7887,Essen Folksong Collection,"The Mountain Streams, S. 76",9/8,9/8,composto,8,16,48,119,9,menor,2
7888,O'Neill's Music of Ireland (1850),A Ha'Penny for a Cotton Ball,2/2,4/4,simples,4,12,48,87,4,menor,3
7889,O'Neill's Music of Ireland (1850),Annie O'Neill,2/2,4/4,simples,4,16,64,122,7,maior,4
7890,O'Neill's Music of Ireland (1850),Are You Willing?,2/2,4/4,simples,0,16,64,123,9,maior,0
7891,O'Neill's Music of Ireland (1850),BONAPARTE'S DEFEAT,2/2,4/4,simples,4,15.88,63,119,4,maior,1
7892,O'Neill's Music of Ireland (1850),Banks of the Ilen,2/2,4/4,simples,4,16,64,115,2,maior,2
7893,O'Neill's Music of Ireland (1850),Bantry Bay,2/2,4/4,simples,4,16,64,109,7,maior,3
7894,O'Neill's Music of Ireland (1850),Beamish's Goat,2/2,4/4,simples,4,16,64,116,4,menor,4
7895,O'Neill's Music of Ireland (1850),Big Pat's Reel,2/2,4/4,simples,4,16,64,112,4,menor,0
7896,O'Neill's Music of Ireland (1850),Bonaparte's Advance,2/2,4/4,simples,4,20,80,141,9,maior,1
7897,O'Neill's Music of Ireland (1850),Bonaparte's Defeat,2/2,4/4,simples,4,16,64,119,4,maior,2
7898,O'Neill's Music of Ireland (1850),Chief O'Neill's Favorite,2/2,4/4,simples,4,16,64,120,2,maior,3
7899,O'Neill's Music of Ireland (1850),Chief O'Neill's Hornpipe.,2/2,4/4,simples,4,16,64,120,2,maior,4
7900,O'Neill's Music of Ireland (1850),Col McBain,2/2,4/4,simples,4,16,64,122,4,menor,0
7901,O'Neill's Music of Ireland (1850),Colonel Hopkins,2/2,4/4,simples,4,12.75,51,90,4,menor,1
7902,O'Neill's Music of Ireland (1850),Come to the Dance,2/2,4/4,simples,4,16,64,122,7,maior,2
7903,O'Neill's Music of Ireland (1850),Comely Jane Downing,2/2,4/4,simples,0,16,64,116,7,maior,3
7904,O'Neill's Music of Ireland (1850),Considine's Grove,2/2,4/4,simples,2,12,48,96,2,menor,4
7905,O'Neill's Music of Ireland (1850),Corney is Coming,2/2,4/4,simples,0,16,64,124,2,maior,0
7906,O'Neill's Music of Ireland (1850),Cronin's Favorite,2/2,4/4,simples,4,32,128,245,4,menor,1
7907,O'Neill's Music of Ireland (1850),Dandy Denny Cronin,2/2,4/4,simples,0,16,64,99,2,maior,2
7908,O'Neill's Music of Ireland (1850),Dillon Brown,2/2,4/4,simples,0,12,48,91,7,maior,3
7909,O'Neill's Music of Ireland (1850),Drowsy Maggie,2/2,4/4,simples,0,16,64,116,9,menor,4
7910,O'Neill's Music of Ireland (1850),Duffy the Dancer,2/2,4/4,simples,2,16,64,123,9,maior,0
7911,O'Neill's Music of Ireland (1850),Durang's Hornpipe,2/2,4/4,simples,4,16,64,119,2,maior,1
7912,O'Neill's Music of Ireland (1850),Everybody's Fancy,2/2,4/4,simples,4,16,64,105,7,maior,2
7913,O'Neill's Music of Ireland (1850),Fair Haired Mary,2/2,4/4,simples,0,16,64,115,2,menor,3
7914,O'Neill's Music of Ireland (1850),Galway Bay,2/2,4/4,simples,4,16,64,119,7,menor,4
7915,O'Neill's Music of Ireland (1850),Girls Will You Take Him?,2/2,4/4,simples,0,16,64,118,2,maior,0
7916,O'Neill's Music of Ireland (1850),Green Garters,2/2,4/4,simples,0,16,64,119,2,maior,1
7917,O'Neill's Music of Ireland (1850),HIGGINS' BEST,2/2,4/4,simples,0,15.75,63,115,9,maior,2
7918,O'Neill's Music of Ireland (1850),HUMPHREY'S HORNPIPE,2/2,4/4,simples,0,16,64,117,9,maior,3
7919,O'Neill's Music of Ireland (1850),Higgins' Best,2/2,4/4,simples,0,15.75,63,115,9,maior,4
7920,O'Neill's Music of Ireland (1850),Hull's Victory,2/2,4/4,simples,4,16,64,104,2,maior,0
7921,O'Neill's Music of Ireland (1850),Humphrey's Hornpipe,2/2,4/4,simples,0,16,64,117,9,maior,1
7922,O'Neill's Music of Ireland (1850),I'm Ready Now,2/2,4/4,simples,4,13,52,93,2,maior,2
7923,O'Neill's Music of Ireland (1850),Jenny Picking Cockles,2/2,4/4,simples,0,16,64,114,2,maior,3
7924,O'Neill's Music of Ireland (1850),Jerry Daly's Hornpipe,2/2,4/4,simples,4,16,64,109,6,menor,4
7925,O'Neill's Music of Ireland (1850),Jerry Hayes,2/2,4/4,simples,4,12,48,90,2,maior,0
7926,O'Neill's Music of Ireland (1850),Jimmy's Return,2/2,4/4,simples,2,16,64,125,11,menor,1
7927,O'Neill's Music of Ireland (1850),Kate Kelly's Fancy,2/2,4/4,simples,4,16.25,65,117,7,maior,2
7928,O'Neill's Music of Ireland (1850),Keeper Hill,2/2,4/4,simples,0,16,64,125,9,maior,3
7929,O'Neill's Music of Ireland (1850),Kiss the Bride,2/2,4/4,simples,4,13,52,101,4,menor,4
7930,O'Neill's Music of Ireland (1850),Kit O'Mahony's Hornpipe,2/2,4/4,simples,4,16,64,110,7,maior,0
7931,O'Neill's Music of Ireland (1850),Kitty's Wedding,2/2,4/4,simples,4,16,64,118,2,maior,1
7932,O'Neill's Music of Ireland (1850),Lady Forbes,2/2,4/4,simples,0,16,64,126,2,maior,2
7933,O'Neill's Music of Ireland (1850),Larry Lavin's Choice,2/2,4/4,simples,4,16.25,65,121,2,maior,3
7934,O'Neill's Music of Ireland (1850),Leather Buttons,2/2,4/4,simples,0,16,64,115,2,maior,4
7935,O'Neill's Music of Ireland (1850),Little Katey Kearney,2/2,4/4,simples,4,12,48,92,9,maior,0
7936,O'Neill's Music of Ireland (1850),Liverpool hornpipe,2/2,4/4,simples,4,24,96,175,2,maior,1
7937,O'Neill's Music of Ireland (1850),Lord McDonald,2/2,4/4,simples,2,16,64,124,7,maior,2
7938,O'Neill's Music of Ireland (1850),Lough Allen,2/2,4/4,simples,4,12,48,90,9,maior,3
7939,O'Neill's Music of Ireland (1850),MITCHELL'S HORNPIPE,2/2,4/4,simples,4,16,64,101,2,maior,4
7940,O'Neill's Music of Ireland (1850),MacLean's Favorite,2/2,4/4,simples,4,13.25,53,100,4,menor,0
7941,O'Neill's Music of Ireland (1850),Maude Miller,2/2,4/4,simples,0,16,64,122,2,maior,1
7942,O'Neill's Music of Ireland (1850),Mickey By The Fireside,2/2,4/4,simples,0,16,64,117,2,maior,2
7943,O'Neill's Music of Ireland (1850),Miss Johnson,2/2,4/4,simples,4,16.25,65,126,7,maior,3
7944,O'Neill's Music of Ireland (1850),Miss McLeod's Reel,2/2,4/4,simples,4,16,64,110,4,menor,4
7945,O'Neill's Music of Ireland (1850),Miss Patterson,2/2,4/4,simples,0,14,56,101,2,maior,0
7946,O'Neill's Music of Ireland (1850),Miss Thornton's Reel,2/2,4/4,simples,4,16,64,120,7,maior,1
7947,O'Neill's Music of Ireland (1850),Mitchell's Hornpipe,2/2,4/4,simples,4,16,64,101,11,menor,2
7948,O'Neill's Music of Ireland (1850),Mollie McCarthy,2/2,4/4,simples,0,12,48,90,2,maior,3
7949,O'Neill's Music of Ireland (1850),Molly Malone,2/2,4/4,simples,2,16,64,124,7,maior,4
7950,O'Neill's Music of Ireland (1850),Molly Put the Kettle On,2/2,4/4,simples,0,16,64,112,9,menor,0
7951,O'Neill's Music of Ireland (1850),More Luck to Us,2/2,4/4,simples,4,16,64,114,2,maior,1
7952,O'Neill's Music of Ireland (1850),More Power to your Elbow,2/2,4/4,simples,4,16,64,122,7,maior,2
7953,O'Neill's Music of Ireland (1850),Murtough Mulloy,2/2,4/4,simples,0,12.88,51,101,2,maior,3
7954,O'Neill's Music of Ireland (1850),My Honey in the House,2/2,4/4,simples,0,16,64,116,2,maior,4
7955,O'Neill's Music of Ireland (1850),My Love is in America,2/2,4/4,simples,0,16,64,125,2,maior,0
7956,O'Neill's Music of Ireland (1850),My Sweetheart Jane,2/2,4/4,simples,0,16,64,123,7,maior,1
7957,O'Neill's Music of Ireland (1850),NELSON'S VICTORY,2/2,4/4,simples,0,15.75,63,114,7,maior,2
7958,O'Neill's Music of Ireland (1850),Nellie O'Donovan,2/2,4/4,simples,0,16,64,122,7,maior,3
7959,O'Neill's Music of Ireland (1850),Nelson's Victory,2/2,4/4,simples,0,15.75,63,114,7,maior,4
7960,O'Neill's Music of Ireland (1850),Nora O'Neill,2/2,4/4,simples,0,16,64,119,0,maior,0
7961,O'Neill's Music of Ireland (1850),O'Dweyer's Reel,2/2,4/4,simples,2,16.13,65,116,2,maior,1
7962,O'Neill's Music of Ireland (1850),O'Fenlon's Hornpipe,2/2,4/4,simples,4,16,64,111,10,maior,2
7963,O'Neill's Music of Ireland (1850),O'Gallagher's Hornpipe,2/2,4/4,simples,4,16,64,119,7,maior,3
7964,O'Neill's Music of Ireland (1850),ONE OF THE BOYS,2/2,4/4,simples,4,16,64,113,10,maior,4
7965,O'Neill's Music of Ireland (1850),On The River Bank,2/2,4/4,simples,0,16,64,120,2,maior,0
7966,O'Neill's Music of Ireland (1850),One Of The Boys,2/2,4/4,simples,4,16,64,113,10,maior,1
7967,O'Neill's Music of Ireland (1850),Our Highland Cousins,2/2,4/4,simples,2,12,48,89,2,maior,2
7968,O'Neill's Music of Ireland (1850),Over the Bridge to Peggy,2/2,4/4,simples,4,16.25,65,119,2,maior,3
7969,O'Neill's Music of Ireland (1850),Robin Redbreast,2/2,4/4,simples,4,16,64,122,9,maior,4
7970,O'Neill's Music of Ireland (1850),Rolling Down the Hill,2/2,4/4,simples,0,16,64,120,0,maior,0
7971,O'Neill's Music of Ireland (1850),Rolling on the Ryegrass,2/2,4/4,simples,4,24.25,97,178,2,maior,1
7972,O'Neill's Music of Ireland (1850),Scotch Mary,2/2,4/4,simples,4,16,64,117,9,menor,2
7973,O'Neill's Music of Ireland (1850),Sergt. Early's Dream,2/2,4/4,simples,4,16,64,125,9,maior,3
7974,O'Neill's Music of Ireland (1850),Sheehan's Reel,2/2,4/4,simples,2,16.25,65,121,7,maior,4
7975,O'Neill's Music of Ireland (1850),Sleepy Maggie,2/2,4/4,simples,0,20,80,154,11,menor,0
7976,O'Neill's Music of Ireland (1850),Sweet Biddy of Ballyvourney,2/2,4/4,simples,0,12,48,85,7,maior,1
7977,O'Neill's Music of Ireland (1850),THE BELLES OF CLONALLAN,2/2,4/4,simples,0,15.75,63,109,2,maior,2
7978,O'Neill's Music of Ireland (1850),The Ace and Deuce of Pipering,2/2,4/4,simples,4,24,96,150,7,maior,3
7979,O'Neill's Music of Ireland (1850),The Bank of Ireland,2/2,4/4,simples,4,13.25,53,100,2,maior,4
7980,O'Neill's Music of Ireland (1850),The Banks of the Ilen,2/2,4/4,simples,4,15.88,63,115,2,maior,0
7981,O'Neill's Music of Ireland (1850),The Bantry Lasses,2/2,4/4,simples,0,11.88,47,90,7,maior,1
7982,O'Neill's Music of Ireland (1850),The Belfast Hornpipe,2/2,4/4,simples,4,16.75,67,113,7,maior,2
7983,O'Neill's Music of Ireland (1850),The Belfast Lasses,2/2,4/4,simples,0,13,52,94,7,maior,3
7984,O'Neill's Music of Ireland (1850),The Belles Of Clonallan,2/2,4/4,simples,0,15.75,63,109,2,maior,4
7985,O'Neill's Music of Ireland (1850),The Black Eyed Sailor,2/2,4/4,simples,0,16,64,119,7,maior,0
7986,O'Neill's Music of Ireland (1850),The Black Haired Lass,2/2,4/4,simples,4,16,64,120,11,menor,1
7987,O'Neill's Music of Ireland (1850),The Boys of Galway,2/2,4/4,simples,2,16,64,128,9,menor,2
7988,O'Neill's Music of Ireland (1850),The Boys of Portaferry,2/2,4/4,simples,4,16,64,116,7,maior,3
7989,O'Neill's Music of Ireland (1850),The Butcher's Apron,2/2,4/4,simples,0,16,64,117,2,maior,4
7990,O'Neill's Music of Ireland (1850),The Cashmere Shawl,2/2,4/4,simples,4,12,48,87,0,maior,0
7991,O'Neill's Music of Ireland (1850),The Comely Maiden,2/2,4/4,simples,0,16,64,122,2,maior,1
7992,O'Neill's Music of Ireland (1850),The Day We Paid the Rent,2/2,4/4,simples,4,13,52,100,7,maior,2
7993,O'Neill's Music of Ireland (1850),The Devil's Dream.,2/2,4/4,simples,2,12,48,180,9,maior,3
7994,O'Neill's Music of Ireland (1850),The Devils Dream,2/2,4/4,simples,4,24,96,180,9,maior,4
7995,O'Neill's Music of Ireland (1850),The Fair Maidens,2/2,4/4,simples,4,16,64,119,7,maior,0
7996,O'Neill's Music of Ireland (1850),The Fearless Boys,2/2,4/4,simples,4,16,64,102,7,maior,1
7997,O'Neill's Music of Ireland (1850),The Fiddlers' Contest,2/2,4/4,simples,4,16,64,121,9,maior,2
7998,O'Neill's Music of Ireland (1850),The Field of Oats,2/2,4/4,simples,4,14.25,57,101,4,menor,3
7999,O'Neill's Music of Ireland (1850),The Five Leaved Clover,2/2,4/4,simples,4,16.25,65,126,9,maior,4
8000,O'Neill's Music of Ireland (1850),The Flowing Bowl,2/2,4/4,simples,4,12,48,80,2,maior,0
8001,O'Neill's Music of Ireland (1850),The Full of the Bag,2/2,4/4,simples,4,24,96,185,4,menor,1
8002,O'Neill's Music of Ireland (1850),The Galbally Lasses,2/2,4/4,simples,4,24.25,97,191,2,maior,2
8003,O'Neill's Music of Ireland (1850),The Garden of Daisies,2/2,4/4,simples,4,26,104,186,2,maior,3
8004,O'Neill's Music of Ireland (1850),The Girl Who Broke My Heart,2/2,4/4,simples,4,16,64,116,7,menor,4
8005,O'Neill's Music of Ireland (1850),The Goldfinch,2/2,4/4,simples,4,16,64,111,9,maior,0
8006,O'Neill's Music of Ireland (1850),The Gooseberry Bush,2/2,4/4,simples,4,24,96,176,2,maior,1
8007,O'Neill's Music of Ireland (1850),The Green Fields of America,2/2,4/4,simples,0,15.75,63,114,4,menor,2
8008,O'Neill's Music of Ireland (1850),The Green Flag,2/2,4/4,simples,4,16,64,117,7,maior,3
8009,O'Neill's Music of Ireland (1850),The Green Island,2/2,4/4,simples,4,16,64,118,2,maior,4
8010,O'Neill's Music of Ireland (1850),The Green Linnet,2/2,4/4,simples,0,4,16,30,6,menor,0
8011,O'Neill's Music of Ireland (1850),The Happy Days of Youth,2/2,4/4,simples,0,12,48,89,2,maior,1
8012,O'Neill's Music of Ireland (1850),The High Cauled Cap,2/2,4/4,simples,4,16,64,87,5,maior,2
8013,O'Neill's Music of Ireland (1850),The Hornless Cow,2/2,4/4,simples,0,16,64,120,2,maior,3
8014,O'Neill's Music of Ireland (1850),The Humors Of Schull,2/2,4/4,simples,0,15.75,63,114,9,menor,4
8015,O'Neill's Music of Ireland (1850),The Humors of Westport,2/2,4/4,simples,0,16,64,124,5,maior,0
8016,O'Neill's Music of Ireland (1850),The Hunt,2/2,4/4,simples,4,20,80,129,7,maior,1
8017,O'Neill's Music of Ireland (1850),The Irish Music Club,2/2,4/4,simples,4,16,64,123,2,maior,2
8018,O'Neill's Music of Ireland (1850),The Ivy Leaf,2/2,4/4,simples,0,13,52,99,9,maior,3
8019,O'Neill's Music of Ireland (1850),The Jolly Journeyman,2/2,4/4,simples,0,12,48,87,4,menor,4
8020,O'Neill's Music of Ireland (1850),The Jolly Seven,2/2,4/4,simples,0,16,64,121,9,menor,0
8021,O'Neill's Music of Ireland (1850),The Jug of Punch,2/2,4/4,simples,0,16,64,114,2,menor,1
8022,O'Neill's Music of Ireland (1850),The Ladies Of Leinster,2/2,4/4,simples,4,16,64,118,7,maior,2
8023,O'Neill's Music of Ireland (1850),The Ladies' Pantalettes,2/2,4/4,simples,0,16,64,112,7,maior,3
8024,O'Neill's Music of Ireland (1850),The Limerick Lasses,2/2,4/4,simples,0,24,96,183,11,menor,4
8025,O'Neill's Music of Ireland (1850),The Linen Cap,2/2,4/4,simples,2,16,64,125,9,maior,0
8026,O'Neill's Music of Ireland (1850),The Liverpool Hornpipe.,2/2,4/4,simples,2,12,48,175,2,maior,1
8027,O'Neill's Music of Ireland (1850),The Magpie's Nest,2/2,4/4,simples,0,13,52,90,2,maior,2
8028,O'Neill's Music of Ireland (1850),The Maid That Dare Not Tell,2/2,4/4,simples,2,12,48,90,2,maior,3
8029,O'Neill's Music of Ireland (1850),The Maids Of Mitchellstown,2/2,4/4,simples,0,16,64,118,2,maior,4
8030,O'Neill's Music of Ireland (1850),The Man Of The House,2/2,4/4,simples,2,12,48,93,4,menor,0
8031,O'Neill's Music of Ireland (1850),The Man with the Money,2/2,4/4,simples,2,16,64,123,2,maior,1
8032,O'Neill's Music of Ireland (1850),The Maple Tree,2/2,4/4,simples,4,16,64,123,9,maior,2
8033,O'Neill's Music of Ireland (1850),The Merry Blacksmith,2/2,4/4,simples,4,16,64,115,2,maior,3
8034,O'Neill's Music of Ireland (1850),The Merry Gardener,2/2,4/4,simples,4,16,64,116,5,maior,4
8035,O'Neill's Music of Ireland (1850),The Merry Soldier,2/2,4/4,simples,4,16,64,114,7,maior,0
8036,O'Neill's Music of Ireland (1850),The Messenger,2/2,4/4,simples,4,13.25,53,98,4,menor,1
8037,O'Neill's Music of Ireland (1850),The Miller's Maid,2/2,4/4,simples,2,12,48,92,2,maior,2
8038,O'Neill's Music of Ireland (1850),The Mills are Grinding,2/2,4/4,simples,0,15.88,63,117,7,maior,3
8039,O'Neill's Music of Ireland (1850),The Morning Star,2/2,4/4,simples,4,12.25,49,86,4,menor,4
8040,O'Neill's Music of Ireland (1850),The Mountain Lark,2/2,4/4,simples,0,15.88,63,116,11,menor,0
8041,O'Neill's Music of Ireland (1850),The New Potatoes,2/2,4/4,simples,0,12,48,91,2,maior,1
8042,O'Neill's Music of Ireland (1850),The New Road,2/2,4/4,simples,0,16,64,123,2,maior,2
8043,O'Neill's Music of Ireland (1850),The Night We Made The Match,2/2,4/4,simples,4,16,64,120,9,maior,3
8044,O'Neill's Music of Ireland (1850),The Old Grey Gander,2/2,4/4,simples,0,13,52,89,9,menor,4
8045,O'Neill's Music of Ireland (1850),The Peeler's Jacket,2/2,4/4,simples,0,16,64,117,7,maior,0
8046,O'Neill's Music of Ireland (1850),The Plaid Mantle,2/2,4/4,simples,4,16,64,125,2,maior,1
8047,O'Neill's Music of Ireland (1850),The Rambler's Rest,2/2,4/4,simples,2,12,48,93,2,maior,2
8048,O'Neill's Music of Ireland (1850),The Reel of Mullinavat,2/2,4/4,simples,4,12,48,91,4,menor,3
8049,O'Neill's Music of Ireland (1850),The Rocks Of Cashel,2/2,4/4,simples,0,16,64,153,7,maior,4
8050,O'Neill's Music of Ireland (1850),The Rose in the Garden,2/2,4/4,simples,4,16,64,117,9,maior,0
8051,O'Neill's Music of Ireland (1850),The Roving Bachelor,2/2,4/4,simples,4,16.25,65,115,4,menor,1
8052,O'Neill's Music of Ireland (1850),The Sailor' Hornpipe,2/2,4/4,simples,4,16,64,112,2,maior,2
8053,O'Neill's Music of Ireland (1850),The Sailor's Cravat,2/2,4/4,simples,0,16,64,118,2,maior,3
8054,O'Neill's Music of Ireland (1850),The Sailor's Hornpipe,2/2,4/4,simples,4,16,64,112,2,maior,4
8055,O'Neill's Music of Ireland (1850),The Scolding Wife,2/2,4/4,simples,0,16,64,120,2,maior,0
8056,O'Neill's Music of Ireland (1850),The Seamen's Club,2/2,4/4,simples,4,16,64,118,7,maior,1
8057,O'Neill's Music of Ireland (1850),The Second Wedding,2/2,4/4,simples,4,16.25,65,124,4,menor,2
8058,O'Neill's Music of Ireland (1850),The Snow on the Hills,2/2,4/4,simples,0,16,64,124,7,maior,3
8059,O'Neill's Music of Ireland (1850),The Soldier's Joy,2/2,4/4,simples,4,16,64,112,2,maior,4
8060,O'Neill's Music of Ireland (1850),The Sporting Boys,2/2,4/4,simples,4,16,64,117,7,maior,0
8061,O'Neill's Music of Ireland (1850),The Star of Kilkenny,2/2,4/4,simples,2,16,64,121,4,menor,1
8062,O'Neill's Music of Ireland (1850),The Star of Munster,2/2,4/4,simples,4,16.25,65,120,4,menor,2
8063,O'Neill's Music of Ireland (1850),The Strawberry Blossom,2/2,4/4,simples,0,12,48,82,2,maior,3
8064,O'Neill's Music of Ireland (1850),The Tullamore Piper,2/2,4/4,simples,4,16,64,109,2,maior,4
8065,O'Neill's Music of Ireland (1850),The Wind that Shakes the Barley,2/2,4/4,simples,2,16,64,113,2,maior,0
8066,O'Neill's Music of Ireland (1850),The Youngest Daughter,2/2,4/4,simples,0,12,48,91,11,menor,1
8067,O'Neill's Music of Ireland (1850),Tie the Bonnet,2/2,4/4,simples,0,12,48,90,6,menor,2
8068,O'Neill's Music of Ireland (1850),Toss the Feathers,2/2,4/4,simples,0,13,52,95,2,maior,3
8069,O'Neill's Music of Ireland (1850),Touch Me If You Dare,2/2,4/4,simples,4,12,48,89,9,menor,4
8070,O'Neill's Music of Ireland (1850),Welcome Home,2/2,4/4,simples,4,16,64,119,2,maior,0
8071,O'Neill's Music of Ireland (1850),A Bright Evening,2/4,2/4,simples,2,12,24,56,4,menor,1
8072,O'Neill's Music of Ireland (1850),A Stranger From Limerick,2/4,2/4,simples,2,16,32,118,7,maior,2
8073,O'Neill's Music of Ireland (1850),AN IRISH LULLABY,2/4,2/4,simples,2,15.75,32,66,7,maior,3
8074,O'Neill's Music of Ireland (1850),Always Welcome,2/4,2/4,simples,2,24,48,177,9,maior,4
8075,O'Neill's Music of Ireland (1850),As I Roved Out One Morning,2/4,2/4,simples,2,16,32,75,7,maior,0
8076,O'Neill's Music of Ireland (1850),Autumn Woods,2/4,2/4,simples,2,16,32,121,7,maior,1
8077,O'Neill's Music of Ireland (1850),BLOW THE CANDLE OUT,2/4,2/4,simples,2,16,32,67,4,menor,2
8078,O'Neill's Music of Ireland (1850),Ballincollig in the Morning,2/4,2/4,simples,2,15,30,96,7,maior,3
8079,O'Neill's Music of Ireland (1850),Bandon Bridge.,2/4,2/4,simples,2,16,32,85,9,menor,4
8080,O'Neill's Music of Ireland (1850),Bandon Bridge.,2/4,2/4,simples,2,15.75,32,77,2,maior,0
8081,O'Neill's Music of Ireland (1850),Blind Mary,2/4,2/4,simples,2,16,32,62,2,maior,1
8082,O'Neill's Music of Ireland (1850),COONEY'S HORNPIPE,2/4,2/4,simples,2,16,32,120,4,menor,2
8083,O'Neill's Music of Ireland (1850),Cooney's Hornpipe,2/4,2/4,simples,2,16,32,120,4,menor,3
8084,O'Neill's Music of Ireland (1850),Fair Ellen.,2/4,2/4,simples,4,30.75,61,107,0,maior,4
8085,O'Neill's Music of Ireland (1850),Farewell To Whiskey,2/4,2/4,simples,2,15.75,32,87,7,maior,0
8086,O'Neill's Music of Ireland (1850),Finnegan's Wake,2/4,2/4,simples,2,16,32,76,0,maior,1
8087,O'Neill's Music of Ireland (1850),Freedom For Ireland,2/4,2/4,simples,0,23.38,46,104,9,maior,2
8088,O'Neill's Music of Ireland (1850),GILLESPIE'S HORNPIPE,2/4,2/4,simples,2,16,32,120,9,maior,3
8089,O'Neill's Music of Ireland (1850),Gillespie's Hornpipe,2/4,2/4,simples,2,16,32,120,9,maior,4
8090,O'Neill's Music of Ireland (1850),Gilmore's Hornpipe,2/4,2/4,simples,2,15.88,32,112,7,maior,0
8091,O'Neill's Music of Ireland (1850),Jim Boulton's Fancy,2/4,2/4,simples,2,16,32,118,9,maior,1
8092,O'Neill's Music of Ireland (1850),Johnny Cope,2/4,2/4,simples,1,16,32,84,9,maior,2
8093,O'Neill's Music of Ireland (1850),Johnny Doyle,2/4,2/4,simples,4,16,32,58,9,menor,3
8094,O'Neill's Music of Ireland (1850),Leather away with the Wattle,2/4,2/4,simples,4,16.5,33,72,2,maior,4
8095,O'Neill's Music of Ireland (1850),Murray's Hornpipe,2/4,2/4,simples,2,18,36,119,2,maior,0
8096,O'Neill's Music of Ireland (1850),O'Carolan's Concerto,2/4,2/4,simples,3,32,64,221,2,maior,1
8097,O'Neill's Music of Ireland (1850),O'Carolan's Concerto,2/4,2/4,simples,3,32,64,221,2,maior,2
8098,O'Neill's Music of Ireland (1850),Of in the Stilly Night,2/4,2/4,simples,2,16,32,56,2,maior,3
8099,O'Neill's Music of Ireland (1850),Peas Upon aTrencher,2/4,2/4,simples,2,15.75,32,56,7,maior,4
8100,O'Neill's Music of Ireland (1850),Planxty Madam Maxwell,2/4,2/4,simples,0,22.75,45,107,2,maior,0
8101,O'Neill's Music of Ireland (1850),Planxty Maguire,2/4,2/4,simples,2,23.5,47,118,7,maior,1
8102,O'Neill's Music of Ireland (1850),Planxty Nancy McDermott,2/4,2/4,simples,0,23.75,47,124,7,menor,2
8103,O'Neill's Music of Ireland (1850),Planxty Sir Festus Burke,2/4,2/4,simples,0,43.5,87,242,2,maior,3
8104,O'Neill's Music of Ireland (1850),Princess Royal,2/4,2/4,simples,2,18.88,38,107,7,menor,4
8105,O'Neill's Music of Ireland (1850),Roseland Hill,2/4,2/4,simples,0,16,32,110,4,menor,0
8106,O'Neill's Music of Ireland (1850),Sailor Jack.,2/4,2/4,simples,2,15.75,32,58,7,maior,1
8107,O'Neill's Music of Ireland (1850),Sit Down beside Me,2/4,2/4,simples,0,15.75,31,64,7,maior,2
8108,O'Neill's Music of Ireland (1850),St Patrick Was a Gentleman.,2/4,2/4,simples,2,23.88,48,90,9,maior,3
8109,O'Neill's Music of Ireland (1850),Sweet Killaloe,2/4,2/4,simples,2,24,48,105,2,maior,4
8110,O'Neill's Music of Ireland (1850),THE CUCKOO'S NEST,2/4,2/4,simples,2,16,32,105,4,menor,0
8111,O'Neill's Music of Ireland (1850),THE CUCKOO'S NEST,2/4,2/4,simples,2,24,48,175,7,maior,1
8112,O'Neill's Music of Ireland (1850),THE FAIRIES' HORNPIPE,2/4,2/4,simples,2,16,32,113,7,maior,2
8113,O'Neill's Music of Ireland (1850),THE HUNTER'S HORNPIPE,2/4,2/4,simples,2,16,32,110,7,maior,3
8114,O'Neill's Music of Ireland (1850),THE MAN FROM NEWRY,2/4,2/4,simples,2,16,32,113,7,maior,4
8115,O'Neill's Music of Ireland (1850),THE QUEEN OF MAY,2/4,2/4,simples,2,16,32,121,7,maior,0
8116,O'Neill's Music of Ireland (1850),THE REDHAIRED BOY,2/4,2/4,simples,2,16,32,115,9,maior,1
8117,O'Neill's Music of Ireland (1850),THE WINSOME WIDOW,2/4,2/4,simples,2,16,32,64,0,maior,2
8118,O'Neill's Music of Ireland (1850),The Black Haired Girl,2/4,2/4,simples,2,15.75,32,71,7,maior,3
8119,O'Neill's Music of Ireland (1850),The Blackbird,2/4,2/4,simples,2,23,46,137,2,maior,4
8120,O'Neill's Music of Ireland (1850),The Bold Deserter,2/4,2/4,simples,2,20.25,41,125,2,maior,0
8121,O'Neill's Music of Ireland (1850),The Boys of Bluehill,2/4,2/4,simples,2,16,32,102,2,maior,1
8122,O'Neill's Music of Ireland (1850),The Crossroads Dance,2/4,2/4,simples,4,17,34,98,4,menor,2
8123,O'Neill's Music of Ireland (1850),The Crossroads Dance.,2/4,2/4,simples,2,16.25,33,98,4,menor,3
8124,O'Neill's Music of Ireland (1850),The Cuckoo's Nest,2/4,2/4,simples,2,16,32,105,4,menor,4
8125,O'Neill's Music of Ireland (1850),The Cuckoo's Nest,2/4,2/4,simples,2,24,48,175,7,maior,0
8126,O'Neill's Music of Ireland (1850),The Fair Maid of Cavan.,2/4,2/4,simples,4,19,38,53,2,maior,1
8127,O'Neill's Music of Ireland (1850),The Fairies' Hornpipe,2/4,2/4,simples,2,16,32,113,7,maior,2
8128,O'Neill's Music of Ireland (1850),The First Of May,2/4,2/4,simples,2,16,32,114,6,menor,3
8129,O'Neill's Music of Ireland (1850),The Flowers of Antrim,2/4,2/4,simples,2,16,32,104,7,maior,4
8130,O'Neill's Music of Ireland (1850),The Glasgow Hornpipe,2/4,2/4,simples,2,16.5,33,105,7,maior,0
8131,O'Neill's Music of Ireland (1850),The Goodnatured Man,2/4,2/4,simples,2,16,32,110,7,maior,1
8132,O'Neill's Music of Ireland (1850),The Grassy Turf,2/4,2/4,simples,2,24,48,135,9,maior,2
8133,O'Neill's Music of Ireland (1850),The Green Flag Flying,2/4,2/4,simples,2,15.88,32,90,7,maior,3
8134,O'Neill's Music of Ireland (1850),The Handy Man,2/4,2/4,simples,2,16,32,103,10,maior,4
8135,O'Neill's Music of Ireland (1850),The Hunter's Hornpipe,2/4,2/4,simples,2,16,32,110,7,maior,0
8136,O'Neill's Music of Ireland (1850),The Lakeside Road,2/4,2/4,simples,2,16,32,116,7,maior,1
8137,O'Neill's Music of Ireland (1850),The Lodge Road,2/4,2/4,simples,2,20.25,41,120,2,maior,2
8138,O'Neill's Music of Ireland (1850),The Lough Carra Fisherman,2/4,2/4,simples,2,32,64,130,9,maior,3
8139,O'Neill's Music of Ireland (1850),The Man From Newry,2/4,2/4,simples,2,16,32,113,7,maior,4
8140,O'Neill's Music of Ireland (1850),The Midnight Dance,2/4,2/4,simples,2,16,32,116,2,maior,0
8141,O'Neill's Music of Ireland (1850),The Mountain Top,2/4,2/4,simples,2,16,32,119,10,maior,1
8142,O'Neill's Music of Ireland (1850),The Mowing of the Hay,2/4,2/4,simples,2,16,32,85,4,menor,2
8143,O'Neill's Music of Ireland (1850),The Peacemaker,2/4,2/4,simples,2,16,32,110,7,maior,3
8144,O'Neill's Music of Ireland (1850),The Peevish Child,2/4,2/4,simples,0,16,32,74,7,menor,4
8145,O'Neill's Music of Ireland (1850),The Pleasures of Home,2/4,2/4,simples,2,16,32,113,7,menor,0
8146,O'Neill's Music of Ireland (1850),The Post Office,2/4,2/4,simples,2,16,32,116,4,menor,1
8147,O'Neill's Music of Ireland (1850),The Queen Of May,2/4,2/4,simples,2,16,32,121,7,maior,2
8148,O'Neill's Music of Ireland (1850),The Rakes Of Mallow,2/4,2/4,simples,0,31.75,63,188,7,maior,3
8149,O'Neill's Music of Ireland (1850),The Rambling Laborer,2/4,2/4,simples,2,16,32,73,4,menor,4
8150,O'Neill's Music of Ireland (1850),The Redhaired Boy,2/4,2/4,simples,2,16,32,115,9,maior,0
8151,O'Neill's Music of Ireland (1850),The Return From Fingal,2/4,2/4,simples,0,15.75,31,79,2,maior,1
8152,O'Neill's Music of Ireland (1850),The Same Old Story,2/4,2/4,simples,2,16,32,117,7,maior,2
8153,O'Neill's Music of Ireland (1850),The Scholar,2/4,2/4,simples,2,17.75,36,139,2,maior,3
8154,O'Neill's Music of Ireland (1850),The Star Hornpipe,2/4,2/4,simples,2,16,32,106,2,maior,4
8155,O'Neill's Music of Ireland (1850),The Tall Slender Maiden.,2/4,2/4,simples,2,16,32,66,2,maior,0
8156,O'Neill's Music of Ireland (1850),The Trumpet Hornpipe,2/4,2/4,simples,2,16,32,111,7,maior,1
8157,O'Neill's Music of Ireland (1850),The Twilight Star,2/4,2/4,simples,2,16,32,109,7,maior,2
8158,O'Neill's Music of Ireland (1850),The Yellow Garron,2/4,2/4,simples,0,16,32,68,2,maior,3
8159,O'Neill's Music of Ireland (1850),WANDERING WILLIE,2/4,2/4,simples,2,16,32,108,7,maior,4
8160,O'Neill's Music of Ireland (1850),Wandering Willy,2/4,2/4,simples,2,16,32,108,7,maior,0
8161,O'Neill's Music of Ireland (1850),Woods' Lamentation,2/4,2/4,simples,2,20,40,131,7,maior,1
8162,O'Neill's Music of Ireland (1850),A Mother's Lamentation,3/4,3/4,simples,0,17.67,53,80,2,maior,2
8163,O'Neill's Music of Ireland (1850),A Place In Thy Memory,3/4,3/4,simples,4,23.33,70,76,4,menor,3
8164,O'Neill's Music of Ireland (1850),A Stranger in Cork,3/4,3/4,simples,4,16,48,46,7,maior,4
8165,O'Neill's Music of Ireland (1850),Achil Air,3/4,3/4,simples,6,11,33,56,2,maior,0
8166,O'Neill's Music of Ireland (1850),Bally Patrick,3/4,3/4,simples,4,31,93,107,7,maior,1
8167,O'Neill's Music of Ireland (1850),Bantry Lasses,3/4,3/4,simples,4,32,96,94,7,maior,2
8168,O'Neill's Music of Ireland (1850),Beauty in Tears,3/4,3/4,simples,4,24,72,92,2,maior,3
8169,O'Neill's Music of Ireland (1850),Beside a Silvery Stream,3/4,3/4,simples,6,32,96,100,2,maior,4
8170,O'Neill's Music of Ireland (1850),CATHERINE TYRRELL,3/4,3/4,simples,4,31.5,94,126,11,menor,0
8171,O'Neill's Music of Ireland (1850),CATHERINE TYRRELL,3/4,3/4,simples,4,32,96,101,4,menor,1
8172,O'Neill's Music of Ireland (1850),Castle Hyde,3/4,3/4,simples,6,15.92,48,74,4,menor,2
8173,O'Neill's Music of Ireland (1850),Catherine Nowlan,3/4,3/4,simples,4,16,48,63,11,menor,3
8174,O'Neill's Music of Ireland (1850),Celia O'Gara,3/4,3/4,simples,4,24,72,80,7,maior,4
8175,O'Neill's Music of Ireland (1850),Charles O'Reilly,3/4,3/4,simples,4,16,48,80,7,maior,0
8176,O'Neill's Music of Ireland (1850),DERMOT,3/4,3/4,simples,0,15.33,46,48,5,maior,1
8177,O'Neill's Music of Ireland (1850),Daniel O'Daly,3/4,3/4,simples,2,15.83,48,58,2,maior,2
8178,O'Neill's Music of Ireland (1850),Death and the Sinner,3/4,3/4,simples,4,24,72,94,2,menor,3
8179,O'Neill's Music of Ireland (1850),Dermot O'Dowd,3/4,3/4,simples,4,15.67,47,64,4,menor,4
8180,O'Neill's Music of Ireland (1850),Eileen Aroon,3/4,3/4,simples,4,16,48,60,2,maior,0
8181,O'Neill's Music of Ireland (1850),Eileen Aroon,3/4,3/4,simples,0,15.33,46,51,7,menor,1
8182,O'Neill's Music of Ireland (1850),FILL THE GLASS,3/4,3/4,simples,0,32,96,72,0,maior,2
8183,O'Neill's Music of Ireland (1850),FORGET NOT THE ANGELS,3/4,3/4,simples,4,15.83,47,72,4,menor,3
8184,O'Neill's Music of Ireland (1850),Fill the Bumper Fair,3/4,3/4,simples,0,12,36,71,7,maior,4
8185,O'Neill's Music of Ireland (1850),Have You Seen My Valentine?,3/4,3/4,simples,0,15,45,55,4,menor,0
8186,O'Neill's Music of Ireland (1850),How Paddy Was Fooled,3/4,3/4,simples,4,32,96,98,7,maior,1
8187,O'Neill's Music of Ireland (1850),I Love Thee No More,3/4,3/4,simples,4,25.67,77,94,7,maior,2
8188,O'Neill's Music of Ireland (1850),I Love You My Darling,3/4,3/4,simples,4,16,48,67,2,menor,3
8189,O'Neill's Music of Ireland (1850),I Wish That I Could Go With You,3/4,3/4,simples,4,32,96,63,2,maior,4
8190,O'Neill's Music of Ireland (1850),I'M WEARY OF LIFE,3/4,3/4,simples,4,19.67,59,70,7,maior,0
8191,O'Neill's Music of Ireland (1850),I'll Be a Good Boy,3/4,3/4,simples,4,15.33,46,67,2,maior,1
8192,O'Neill's Music of Ireland (1850),I'll Make my Love a Breast of Glass,3/4,3/4,simples,6,16,48,75,7,maior,2
8193,O'Neill's Music of Ireland (1850),I'm Sadly Thinking,3/4,3/4,simples,6,16,48,81,5,maior,3
8194,O'Neill's Music of Ireland (1850),Isabella Burke,3/4,3/4,simples,0,15.67,47,59,10,maior,4
8195,O'Neill's Music of Ireland (1850),JOHN WHITE,3/4,3/4,simples,4,16,48,63,9,maior,0
8196,O'Neill's Music of Ireland (1850),James O'Brien,3/4,3/4,simples,4,32,96,80,4,menor,1
8197,O'Neill's Music of Ireland (1850),Kate Kearnel,3/4,3/4,simples,4,31.83,95,89,7,maior,2
8198,O'Neill's Music of Ireland (1850),Kitty Nowlan,3/4,3/4,simples,4,16,48,69,2,menor,3
8199,O'Neill's Music of Ireland (1850),LOUGH SHEELING,3/4,3/4,simples,4,15.83,47,64,4,menor,4
8200,O'Neill's Music of Ireland (1850),MY HEART IS YOUR SLAVE,3/4,3/4,simples,6,15.5,47,81,7,maior,0
8201,O'Neill's Music of Ireland (1850),My Darling I Am Fond of You,3/4,3/4,simples,4,40,120,53,2,maior,1
8202,O'Neill's Music of Ireland (1850),My Heart is Sore.,3/4,3/4,simples,4,16,48,73,7,maior,2
8203,O'Neill's Music of Ireland (1850),My Love Will Ne'er Forsake Me,3/4,3/4,simples,4,16,48,72,2,maior,3
8204,O'Neill's Music of Ireland (1850),Nancy My Pride,3/4,3/4,simples,4,23.83,71,95,7,maior,4
8205,O'Neill's Music of Ireland (1850),O White Maive,3/4,3/4,simples,4,15.33,46,63,7,menor,0
8206,O'Neill's Music of Ireland (1850),ONE WIFE IS ENOUGH FOR ME,3/4,3/4,simples,4,32,96,75,9,menor,1
8207,O'Neill's Music of Ireland (1850),On a Cold Winter's Day.,3/4,3/4,simples,4,16,48,52,7,menor,2
8208,O'Neill's Music of Ireland (1850),On the Mountain Side,3/4,3/4,simples,4,16,48,60,2,maior,3
8209,O'Neill's Music of Ireland (1850),Once I Was Happy,3/4,3/4,simples,4,16,48,58,7,maior,4
8210,O'Neill's Music of Ireland (1850),Peggy Bawn,3/4,3/4,simples,4,15,45,73,11,menor,0
8211,O'Neill's Music of Ireland (1850),Pulse of my Heart.,3/4,3/4,simples,4,32,96,118,2,menor,1
8212,O'Neill's Music of Ireland (1850),SHE'S A DEAR MAID TO ME,3/4,3/4,simples,4,15.33,46,69,2,menor,2
8213,O'Neill's Music of Ireland (1850),Sweet Molly Malone,3/4,3/4,simples,4,16,48,46,7,maior,3
8214,O'Neill's Music of Ireland (1850),THE GIRL FROM LOWER IRELAND,3/4,3/4,simples,4,19,57,78,2,maior,4
8215,O'Neill's Music of Ireland (1850),THE MAID OF BANBRIDGE,3/4,3/4,simples,4,16,48,55,7,maior,0
8216,O'Neill's Music of Ireland (1850),THE REJECTED LOVER,3/4,3/4,simples,2,6.83,21,31,7,maior,1
8217,O'Neill's Music of Ireland (1850),THE ROAD TO HOLLYHILL,3/4,3/4,simples,6,16,48,92,2,maior,2
8218,O'Neill's Music of Ireland (1850),THE ROMANTIC KERRYMAN,3/4,3/4,simples,4,32,96,90,2,maior,3
8219,O'Neill's Music of Ireland (1850),THE STREAMS OF BUNCLODY,3/4,3/4,simples,4,32,96,127,7,maior,4
8220,O'Neill's Music of Ireland (1850),Take Back the Virgin Page.,3/4,3/4,simples,0,15.33,46,50,5,maior,0
8221,O'Neill's Music of Ireland (1850),The Alewoman,3/4,3/4,simples,4,16,48,78,4,menor,1
8222,O'Neill's Music of Ireland (1850),The Banks of the Suir,3/4,3/4,simples,4,24,72,87,4,menor,2
8223,O'Neill's Music of Ireland (1850),The Banquet,3/4,3/4,simples,4,32,96,98,7,maior,3
8224,O'Neill's Music of Ireland (1850),The Bashful Lover,3/4,3/4,simples,4,20,60,84,7,maior,4
8225,O'Neill's Music of Ireland (1850),The Bashful Lover.,3/4,3/4,simples,4,20,60,84,7,maior,0
8226,O'Neill's Music of Ireland (1850),The Bride of Malahide,3/4,3/4,simples,4,23.67,71,101,4,menor,1
8227,O'Neill's Music of Ireland (1850),The Charming Fair Maid,3/4,3/4,simples,0,17.33,52,58,11,menor,2
8228,O'Neill's Music of Ireland (1850),The Croppy Tailor,3/4,3/4,simples,4,30,90,75,9,maior,3
8229,O'Neill's Music of Ireland (1850),The Emblem of Faith,3/4,3/4,simples,0,16,48,64,2,maior,4
8230,O'Neill's Music of Ireland (1850),The Emerald Isle.,3/4,3/4,simples,0,33.67,101,120,5,maior,0
8231,O'Neill's Music of Ireland (1850),The Fair Maid of Kinsale.,3/4,3/4,simples,8,15.83,47,92,7,maior,1
8232,O'Neill's Music of Ireland (1850),The Fairies' Well,3/4,3/4,simples,4,31,93,90,7,maior,2
8233,O'Neill's Music of Ireland (1850),The Fairy Boy,3/4,3/4,simples,4,16,48,68,9,maior,3
8234,O'Neill's Music of Ireland (1850),The Faithful Brown Cow.,3/4,3/4,simples,4,32,96,105,7,maior,4
8235,O'Neill's Music of Ireland (1850),The Fenian Stronghold,3/4,3/4,simples,4,16,48,58,10,maior,0
8236,O'Neill's Music of Ireland (1850),The Forlorn Lover,3/4,3/4,simples,4,23.33,70,82,7,maior,1
8237,O'Neill's Music of Ireland (1850),The Grave of Wolfe Tone,3/4,3/4,simples,4,16,48,50,5,maior,2
8238,O'Neill's Music of Ireland (1850),The Green Woods of Truigha,3/4,3/4,simples,2,15.5,47,84,7,maior,3
8239,O'Neill's Music of Ireland (1850),The Groves of Blarney,3/4,3/4,simples,4,16,48,66,7,maior,4
8240,O'Neill's Music of Ireland (1850),The Humors of the Joyce Country,3/4,3/4,simples,4,24,72,97,7,maior,0
8241,O'Neill's Music of Ireland (1850),The Jolly Beggarman,3/4,3/4,simples,4,32,96,84,2,maior,1
8242,O'Neill's Music of Ireland (1850),The Jug and It Full,3/4,3/4,simples,4,24,72,101,2,maior,2
8243,O'Neill's Music of Ireland (1850),The Maid of Castle Bar,3/4,3/4,simples,4,16,48,73,3,maior,3
8244,O'Neill's Music of Ireland (1850),The Maid of Lismore,3/4,3/4,simples,0,8,24,44,4,menor,4
8245,O'Neill's Music of Ireland (1850),The Mantle So Green,3/4,3/4,simples,4,15.67,47,52,0,maior,0
8246,O'Neill's Music of Ireland (1850),The New Apron,3/4,3/4,simples,4,32,96,133,7,maior,1
8247,O'Neill's Music of Ireland (1850),The Old Cloak,3/4,3/4,simples,2,15.5,47,64,7,menor,2
8248,O'Neill's Music of Ireland (1850),The Old Plaid Shawl,3/4,3/4,simples,6,14,42,76,4,menor,3
8249,O'Neill's Music of Ireland (1850),The Young Black Cow,3/4,3/4,simples,4,24.33,73,93,2,menor,4
8250,O'Neill's Music of Ireland (1850),The Young Lady,3/4,3/4,simples,6,16,48,82,7,maior,0
8251,O'Neill's Music of Ireland (1850),The Young Man's Dream,3/4,3/4,simples,4,11.5,34,64,4,menor,1
8252,O'Neill's Music of Ireland (1850),Thy Fair Bosom,3/4,3/4,simples,4,15.33,46,78,7,maior,2
8253,O'Neill's Music of Ireland (1850),Tyrone Castle,3/4,3/4,simples,4,16,48,60,0,maior,3
8254,O'Neill's Music of Ireland (1850),Where Are You Going Love?,3/4,3/4,simples,6,16,48,99,7,maior,4
8255,O'Neill's Music of Ireland (1850),White Bread and Butter,3/4,3/4,simples,4,32,96,84,9,maior,0
8256,O'Neill's Music of Ireland (1850),Within This Village Dwells a Maid,3/4,3/4,simples,4,16,48,67,7,maior,1
8257,O'Neill's Music of Ireland (1850),You Never Saw Rosey,3/4,3/4,simples,4,16,48,62,7,maior,2
8258,O'Neill's Music of Ireland (1850),Young Bridget,3/4,3/4,simples,4,23,69,105,4,menor,3
8259,O'Neill's Music of Ireland (1850),Young Terence Mac Donough,3/4,3/4,simples,4,32,96,113,7,menor,4
8260,O'Neill's Music of Ireland (1850),Young Terence McDonough,3/4,3/4,simples,4,32,96,113,7,menor,0
8261,O'Neill's Music of Ireland (1850),Charles Mac Hugh,3/8,3/8,composto,2,30.67,31,120,7,menor,1
8262,O'Neill's Music of Ireland (1850),Molly My Dear,3/8,3/8,composto,2,19.33,20,55,7,maior,2
8263,O'Neill's Music of Ireland (1850),One Bottle More,3/8,3/8,composto,2,24,24,86,7,maior,3
8264,O'Neill's Music of Ireland (1850),The Bard of Armagh,3/8,3/8,composto,2,24,24,76,2,maior,4
8265,O'Neill's Music of Ireland (1850),AS THROUGH THE WOODS I ROAMED,4/4,4/4,simples,4,16,64,78,2,menor,0
8266,O'Neill's Music of Ireland (1850),Abigail Judge,4/4,4/4,simples,4,15.75,63,75,7,menor,1
8267,O'Neill's Music of Ireland (1850),Arrah My Dear Eveleen!,4/4,4/4,simples,0,15.75,63,86,9,menor,2
8268,O'Neill's Music of Ireland (1850),Biddy I'm Not Jesting,4/4,4/4,simples,4,16,64,105,7,maior,3
8269,O'Neill's Music of Ireland (1850),Bonaparte Crossing The Rhine,4/4,4/4,simples,4,16,64,126,9,menor,4
8270,O'Neill's Music of Ireland (1850),Burn's Farewell,4/4,4/4,simples,4,16,64,82,0,maior,0
8271,O'Neill's Music of Ireland (1850),Buttercups and Daisies,4/4,4/4,simples,4,16,64,94,7,menor,1
8272,O'Neill's Music of Ireland (1850),By the Brookside,4/4,4/4,simples,2,19.94,80,126,0,maior,2
8273,O'Neill's Music of Ireland (1850),CHRISTMAS EVE,4/4,4/4,simples,4,16,64,89,7,maior,3
8274,O'Neill's Music of Ireland (1850),Curly Locks,4/4,4/4,simples,4,16,64,108,4,menor,4
8275,O'Neill's Music of Ireland (1850),Curse the Laws That Gave Me Cause,4/4,4/4,simples,4,15.5,62,85,9,menor,0
8276,O'Neill's Music of Ireland (1850),Eveleen's Bower,4/4,4/4,simples,2,15.88,64,106,9,maior,1
8277,O'Neill's Music of Ireland (1850),Father Quinn,4/4,4/4,simples,2,10.25,41,60,7,maior,2
8278,O'Neill's Music of Ireland (1850),Frost and Snow,4/4,4/4,simples,4,16,64,114,9,menor,3
8279,O'Neill's Music of Ireland (1850),George Gubbins Delight,4/4,4/4,simples,2,12.13,49,92,9,menor,4
8280,O'Neill's Music of Ireland (1850),Grace O'Malley,4/4,4/4,simples,4,16,64,86,7,menor,0
8281,O'Neill's Music of Ireland (1850),Gramachree Molly,4/4,4/4,simples,2,7,28,51,7,maior,1
8282,O'Neill's Music of Ireland (1850),Her Blushing Cheek.,4/4,4/4,simples,2,7.88,32,61,9,maior,2
8283,O'Neill's Music of Ireland (1850),Hick's Hornpipe,4/4,4/4,simples,4,16,64,120,7,maior,3
8284,O'Neill's Music of Ireland (1850),I Met Her in the Garden,4/4,4/4,simples,4,8,32,55,7,maior,4
8285,O'Neill's Music of Ireland (1850),I Pressed Her to my Breast.,4/4,4/4,simples,2,15.88,64,110,2,maior,0
8286,O'Neill's Music of Ireland (1850),I Wont Be A Nun,4/4,4/4,simples,4,24,96,182,7,maior,1
8287,O'Neill's Music of Ireland (1850),If the Sea Were Ink.,4/4,4/4,simples,4,11.75,47,73,4,menor,2
8288,O'Neill's Music of Ireland (1850),It is Sickly I Am.,4/4,4/4,simples,4,15.75,63,95,7,maior,3
8289,O'Neill's Music of Ireland (1850),Julia's Wedding,4/4,4/4,simples,4,16,64,125,4,menor,4
8290,O'Neill's Music of Ireland (1850),Lament for Sarsfield,4/4,4/4,simples,4,16,64,107,7,maior,0
8291,O'Neill's Music of Ireland (1850),Little Mary Cullinan,4/4,4/4,simples,2,8,32,63,2,maior,1
8292,O'Neill's Music of Ireland (1850),Logan Water.,4/4,4/4,simples,4,16,64,95,7,menor,2
8293,O'Neill's Music of Ireland (1850),Lord Mayo,4/4,4/4,simples,4,12,48,88,2,menor,3
8294,O'Neill's Music of Ireland (1850),Lord Send the French without Delay,4/4,4/4,simples,4,16,64,95,2,maior,4
8295,O'Neill's Music of Ireland (1850),MY OWN SWEETHEART,4/4,4/4,simples,4,16,64,105,2,menor,0
8296,O'Neill's Music of Ireland (1850),Mary O'Sullivan,4/4,4/4,simples,2,16,64,93,7,maior,1
8297,O'Neill's Music of Ireland (1850),Miss Hamilton,4/4,4/4,simples,0,16,64,117,7,maior,2
8298,O'Neill's Music of Ireland (1850),My Heart Is Breaking,4/4,4/4,simples,4,16,64,79,2,maior,3
8299,O'Neill's Music of Ireland (1850),My Pretty Mary,4/4,4/4,simples,2,15.38,62,99,7,maior,4
8300,O'Neill's Music of Ireland (1850),Nancy's Branching Tresses,4/4,4/4,simples,4,7.88,31,52,2,menor,0
8301,O'Neill's Music of Ireland (1850),O Arranmore Loved Arranmore,4/4,4/4,simples,2,8,32,57,2,menor,1
8302,O'Neill's Music of Ireland (1850),O'Carolan's Devotion,4/4,4/4,simples,0,29.75,119,138,2,menor,2
8303,O'Neill's Music of Ireland (1850),O'Carolan's Farewell,4/4,4/4,simples,0,20.13,80,127,2,menor,3
8304,O'Neill's Music of Ireland (1850),O'Carolan's Farewell to Music,4/4,4/4,simples,4,16,64,95,9,menor,4
8305,O'Neill's Music of Ireland (1850),O'Connor's Fancy,4/4,4/4,simples,4,16,64,113,2,maior,0
8306,O'Neill's Music of Ireland (1850),O'Donnell Aboo,4/4,4/4,simples,2,15.75,63,102,2,maior,1
8307,O'Neill's Music of Ireland (1850),Oh! The Shamrock,4/4,4/4,simples,2,12.13,49,89,7,maior,2
8308,O'Neill's Music of Ireland (1850),On Lough Neagh's Banks,4/4,4/4,simples,4,16,64,110,0,maior,3
8309,O'Neill's Music of Ireland (1850),On a Bank of Flowers,4/4,4/4,simples,4,16,64,81,2,maior,4
8310,O'Neill's Music of Ireland (1850),Planxty Charles Coote,4/4,4/4,simples,4,16,64,101,0,maior,0
8311,O'Neill's Music of Ireland (1850),Planxty Edmond Dodwell,4/4,4/4,simples,0,15.75,63,117,9,menor,1
8312,O'Neill's Music of Ireland (1850),Planxty George Brabazon,4/4,4/4,simples,4,16,64,102,7,maior,2
8313,O'Neill's Music of Ireland (1850),Planxty Kitty O'Brien,4/4,4/4,simples,0,23.75,95,116,7,maior,3
8314,O'Neill's Music of Ireland (1850),Planxty Madam Crofton,4/4,4/4,simples,0,27.75,111,177,4,menor,4
8315,O'Neill's Music of Ireland (1850),Planxty Sudley,4/4,4/4,simples,4,31.75,127,133,2,maior,0
8316,O'Neill's Music of Ireland (1850),Rosey Let Me In,4/4,4/4,simples,4,16,64,94,7,maior,1
8317,O'Neill's Music of Ireland (1850),Shady Groves,4/4,4/4,simples,4,13.25,53,88,7,maior,2
8318,O'Neill's Music of Ireland (1850),Sit Around the Cheerful Hearth,4/4,4/4,simples,4,7.75,31,63,2,menor,3
8319,O'Neill's Music of Ireland (1850),TAKE HENCE THE BOWL,4/4,4/4,simples,0,15.25,61,68,7,maior,4
8320,O'Neill's Music of Ireland (1850),THE BAY OF BISCAY O,4/4,4/4,simples,2,7.63,31,64,2,maior,0
8321,O'Neill's Music of Ireland (1850),THE BOLD DRAGON,4/4,4/4,simples,4,11.5,46,81,2,maior,1
8322,O'Neill's Music of Ireland (1850),THE FOX'S SLEEP,4/4,4/4,simples,2,15.25,61,89,2,maior,2
8323,O'Neill's Music of Ireland (1850),THE LOVER'S DISCOURSE,4/4,4/4,simples,4,10,40,58,9,menor,3
8324,O'Neill's Music of Ireland (1850),THE MOUNTAINS OF KERRY,4/4,4/4,simples,0,15.75,63,104,7,maior,4
8325,O'Neill's Music of Ireland (1850),THE POOR OLD WOMAN,4/4,4/4,simples,4,8,32,50,5,maior,0
8326,O'Neill's Music of Ireland (1850),THE POOR OLD WOMAN,4/4,4/4,simples,4,7.75,31,51,5,maior,1
8327,O'Neill's Music of Ireland (1850),THE ROCKY MOORLAND,4/4,4/4,simples,4,15.5,62,75,7,menor,2
8328,O'Neill's Music of Ireland (1850),THE THREADBARE COAT,4/4,4/4,simples,4,15.75,63,97,2,maior,3
8329,O'Neill's Music of Ireland (1850),THE WEARY MAID,4/4,4/4,simples,2,8,32,58,4,menor,4
8330,O'Neill's Music of Ireland (1850),THOU ART GONE FAR AWAY,4/4,4/4,simples,4,15.75,63,90,2,maior,0
8331,O'Neill's Music of Ireland (1850),Tell Me Dear Eveleen,4/4,4/4,simples,0,16,64,81,9,menor,1
8332,O'Neill's Music of Ireland (1850),The Angel's Whisper.,4/4,4/4,simples,4,7.94,31,55,0,maior,2
8333,O'Neill's Music of Ireland (1850),The Banks of Claudy,4/4,4/4,simples,4,16,64,83,2,menor,3
8334,O'Neill's Music of Ireland (1850),The Battle Eve,4/4,4/4,simples,4,17.5,70,58,10,maior,4
8335,O'Neill's Music of Ireland (1850),The Bird Alone,4/4,4/4,simples,4,16,64,96,9,menor,0
8336,O'Neill's Music of Ireland (1850),The Blood-Red Rose,4/4,4/4,simples,4,16,64,107,2,menor,1
8337,O'Neill's Music of Ireland (1850),The Blue Eyed Maid,4/4,4/4,simples,4,8,32,54,4,menor,2
8338,O'Neill's Music of Ireland (1850),The Bold Deserter,4/4,4/4,simples,4,16,64,86,2,maior,3
8339,O'Neill's Music of Ireland (1850),The Boyne Water,4/4,4/4,simples,4,16,64,96,9,menor,4
8340,O'Neill's Music of Ireland (1850),The Boys from Kerry,4/4,4/4,simples,4,15.88,63,76,7,maior,0
8341,O'Neill's Music of Ireland (1850),The Boys of Glanlough,4/4,4/4,simples,2,15.88,64,123,7,menor,1
8342,O'Neill's Music of Ireland (1850),The Bush on the Hill,4/4,4/4,simples,2,15.88,64,106,7,maior,2
8343,O'Neill's Music of Ireland (1850),The Dark Girl Dressed in Blue,4/4,4/4,simples,2,8,32,65,2,maior,3
8344,O'Neill's Music of Ireland (1850),The Dawning of the Day,4/4,4/4,simples,2,15.88,64,107,7,maior,4
8345,O'Neill's Music of Ireland (1850),The Fair Hills of Eire O!,4/4,4/4,simples,4,10.25,41,75,4,menor,0
8346,O'Neill's Music of Ireland (1850),The Field Marshal,4/4,4/4,simples,4,16,64,122,2,maior,1
8347,O'Neill's Music of Ireland (1850),The Generous Woman,4/4,4/4,simples,4,15.5,62,68,2,maior,2
8348,O'Neill's Music of Ireland (1850),The Girl I Love,4/4,4/4,simples,4,16,64,106,2,maior,3
8349,O'Neill's Music of Ireland (1850),The Humors of Ballyconnell,4/4,4/4,simples,4,16,64,113,9,maior,4
8350,O'Neill's Music of Ireland (1850),The Job of Journey Work,4/4,4/4,simples,4,22,88,142,2,maior,0
8351,O'Neill's Music of Ireland (1850),The Jolly Plowman,4/4,4/4,simples,2,11.88,48,87,9,maior,1
8352,O'Neill's Music of Ireland (1850),The Joys of Summer,4/4,4/4,simples,4,16,64,55,7,menor,2
8353,O'Neill's Music of Ireland (1850),The Lamentation of Owen Roe O'Neill,4/4,4/4,simples,0,15.75,63,97,7,menor,3
8354,O'Neill's Music of Ireland (1850),The Light In the Window,4/4,4/4,simples,4,16,64,120,7,maior,4
8355,O'Neill's Music of Ireland (1850),The Little Harvest Rose,4/4,4/4,simples,4,15.75,63,116,5,maior,0
8356,O'Neill's Music of Ireland (1850),The Maid Without Dower.,4/4,4/4,simples,4,12,48,65,4,menor,1
8357,O'Neill's Music of Ireland (1850),The Maid of Templemore,4/4,4/4,simples,4,16,64,84,0,maior,2
8358,O'Neill's Music of Ireland (1850),The Merry Merchant,4/4,4/4,simples,4,16,64,120,2,maior,3
8359,O'Neill's Music of Ireland (1850),The Miller's Maid,4/4,4/4,simples,4,15.5,62,93,7,maior,4
8360,O'Neill's Music of Ireland (1850),The Morning of Life,4/4,4/4,simples,4,15.38,61,107,2,maior,0
8361,O'Neill's Music of Ireland (1850),The Mountains of Kerry,4/4,4/4,simples,0,15.75,63,104,7,maior,1
8362,O'Neill's Music of Ireland (1850),The Mountains of Pomeroy,4/4,4/4,simples,4,22.75,91,109,7,maior,2
8363,O'Neill's Music of Ireland (1850),The Old Vest and Cravat,4/4,4/4,simples,4,16,64,109,2,maior,3
8364,O'Neill's Music of Ireland (1850),The Pearl of the White Breast,4/4,4/4,simples,4,8,32,47,5,maior,4
8365,O'Neill's Music of Ireland (1850),The Praises of Limerick,4/4,4/4,simples,4,16,64,87,7,menor,0
8366,O'Neill's Music of Ireland (1850),The Prettiest Girl of All,4/4,4/4,simples,4,16,64,113,7,maior,1
8367,O'Neill's Music of Ireland (1850),The Reconciliation,4/4,4/4,simples,0,15.5,62,115,9,maior,2
8368,O'Neill's Music of Ireland (1850),The Red Fox,4/4,4/4,simples,4,15.75,63,84,7,maior,3
8369,O'Neill's Music of Ireland (1850),The Shepherd,4/4,4/4,simples,4,16,64,102,4,menor,4
8370,O'Neill's Music of Ireland (1850),The Sixpence,4/4,4/4,simples,4,8,32,44,7,maior,0
8371,O'Neill's Music of Ireland (1850),The Streamlet,4/4,4/4,simples,4,7.5,30,49,2,maior,1
8372,O'Neill's Music of Ireland (1850),The Strolling Mason,4/4,4/4,simples,4,15.5,62,90,7,maior,2
8373,O'Neill's Music of Ireland (1850),The Traveller,4/4,4/4,simples,4,16,64,91,0,maior,3
8374,O'Neill's Music of Ireland (1850),The Wearing of the Green,4/4,4/4,simples,4,11.5,46,86,7,maior,4
8375,O'Neill's Music of Ireland (1850),The White Cockade,4/4,4/4,simples,4,15.88,63,107,7,maior,0
8376,O'Neill's Music of Ireland (1850),The Winter is Past,4/4,4/4,simples,2,11.88,48,71,2,maior,1
8377,O'Neill's Music of Ireland (1850),The Young Woman's Lament,4/4,4/4,simples,4,8,32,45,2,menor,2
8378,O'Neill's Music of Ireland (1850),This is Not My Sweetheart.,4/4,4/4,simples,2,12,48,94,0,maior,3
8379,O'Neill's Music of Ireland (1850),Tomorrow Morning,4/4,4/4,simples,4,16,64,108,2,maior,4
8380,O'Neill's Music of Ireland (1850),When I Crossed the Valley,4/4,4/4,simples,4,16,64,103,5,maior,0
8381,O'Neill's Music of Ireland (1850),Where's the Slave so Lowly,4/4,4/4,simples,4,15.75,63,84,7,maior,1
8382,O'Neill's Music of Ireland (1850),Winnifred,4/4,4/4,simples,4,16,64,100,0,maior,2
8383,O'Neill's Music of Ireland (1850),Within This Village Dwells a Maid,4/4,4/4,simples,4,15.5,62,72,4,menor,3
8384,O'Neill's Music of Ireland (1850),You Need Not Fear,4/4,4/4,simples,2,15.63,63,80,7,maior,4
8385,O'Neill's Music of Ireland (1850),You'll Not Deceive Me Again,4/4,4/4,simples,4,16,64,108,4,menor,0
8386,O'Neill's Music of Ireland (1850),Young Catherine,4/4,4/4,simples,4,15.88,63,96,9,menor,1
8387,O'Neill's Music of Ireland (1850),Young William Plunkett,4/4,4/4,simples,2,14.75,59,103,4,menor,2
8388,O'Neill's Music of Ireland (1850),A Draught of Ale.,6/8,6/8,composto,2,16,32,88,7,maior,3
8389,O'Neill's Music of Ireland (1850),A Lullagy,6/8,6/8,composto,0,15.83,31,83,2,maior,4
8390,O'Neill's Music of Ireland (1850),A Merry Christmas,6/8,6/8,composto,2,16,32,95,7,maior,0
8391,O'Neill's Music of Ireland (1850),A Night at the Fair.,6/8,6/8,composto,2,16,32,89,4,menor,1
8392,O'Neill's Music of Ireland (1850),A Trip to the Cottage.,6/8,6/8,composto,2,16,32,93,7,maior,2
8393,O'Neill's Music of Ireland (1850),A Visit To Ireland,6/8,6/8,composto,2,16,32,93,7,maior,3
8394,O'Neill's Music of Ireland (1850),A Visit to Ireland,6/8,6/8,composto,2,16,32,93,7,maior,4
8395,O'Neill's Music of Ireland (1850),ARABY'S DAUGHTER,6/8,6/8,composto,2,15.83,32,91,2,maior,0
8396,O'Neill's Music of Ireland (1850),Ah! Sure Such A Pair,6/8,6/8,composto,2,16.17,33,88,7,maior,1
8397,O'Neill's Music of Ireland (1850),All Alive,6/8,6/8,composto,2,16,32,95,7,menor,2
8398,O'Neill's Music of Ireland (1850),All Covered With Moss.,6/8,6/8,composto,0,21,42,112,7,maior,3
8399,O'Neill's Music of Ireland (1850),Allistrum's March,6/8,6/8,composto,2,32,64,186,11,menor,4
8400,O'Neill's Music of Ireland (1850),Apples in Winter,6/8,6/8,composto,2,16,32,96,11,menor,0
8401,O'Neill's Music of Ireland (1850),Around The World For Sport,6/8,6/8,composto,0,15.83,31,63,4,menor,1
8402,O'Neill's Music of Ireland (1850),Ask My Father.,6/8,6/8,composto,6,16,32,73,2,maior,2
8403,O'Neill's Music of Ireland (1850),Ballahaboy Fair.,6/8,6/8,composto,2,16,32,85,2,maior,3
8404,O'Neill's Music of Ireland (1850),Ballyhooley,6/8,6/8,composto,0,15.67,31,88,7,maior,4
8405,O'Neill's Music of Ireland (1850),Banish Misfortune.,6/8,6/8,composto,2,27.83,56,160,2,maior,0
8406,O'Neill's Music of Ireland (1850),Barney O'Neill,6/8,6/8,composto,2,16,32,86,2,maior,1
8407,O'Neill's Music of Ireland (1850),Basket of Turf,6/8,6/8,composto,2,16,32,92,4,menor,2
8408,O'Neill's Music of Ireland (1850),Be Easy You Rogue!,6/8,6/8,composto,2,31.92,64,178,2,maior,3
8409,O'Neill's Music of Ireland (1850),Beautiful Mary McKeon,6/8,6/8,composto,2,16,32,100,9,maior,4
8410,O'Neill's Music of Ireland (1850),Before I Was Married,6/8,6/8,composto,2,16,32,88,2,maior,0
8411,O'Neill's Music of Ireland (1850),Behind the Bush in the Garden,6/8,6/8,composto,2,19.83,40,85,9,menor,1
8412,O'Neill's Music of Ireland (1850),Behind the Haystack,6/8,6/8,composto,2,24,48,137,7,maior,2
8413,O'Neill's Music of Ireland (1850),Beside the White Rocks.,6/8,6/8,composto,2,16,32,81,2,maior,3
8414,O'Neill's Music of Ireland (1850),Bessy Murphy,6/8,6/8,composto,2,16,32,91,2,maior,4
8415,O'Neill's Music of Ireland (1850),Biddy Maloney,6/8,6/8,composto,2,56,112,344,2,maior,0
8416,O'Neill's Music of Ireland (1850),Biddy is my Darling.,6/8,6/8,composto,2,17.83,36,88,7,maior,1
8417,O'Neill's Music of Ireland (1850),Biddy's Wedding,6/8,6/8,composto,0,16,32,89,0,maior,2
8418,O'Neill's Music of Ireland (1850),Billy Barlow,6/8,6/8,composto,2,16,32,91,9,maior,3
8419,O'Neill's Music of Ireland (1850),Black Donald The Piper.,6/8,6/8,composto,0,16,32,90,7,maior,4
8420,O'Neill's Music of Ireland (1850),Black Mathew.,6/8,6/8,composto,2,10,20,56,7,menor,0
8421,O'Neill's Music of Ireland (1850),Blackeyed Biddy,6/8,6/8,composto,2,16,32,85,9,maior,1
8422,O'Neill's Music of Ireland (1850),Blue Bonnet's Jig,6/8,6/8,composto,0,16,32,88,9,maior,2
8423,O'Neill's Music of Ireland (1850),Boiled Goats' Milk,6/8,6/8,composto,2,16,32,94,7,maior,3
8424,O'Neill's Music of Ireland (1850),Bold John O'Leary,6/8,6/8,composto,2,16,32,91,2,maior,4
8425,O'Neill's Music of Ireland (1850),Bolt the Door,6/8,6/8,composto,6,24,48,98,9,menor,0
8426,O'Neill's Music of Ireland (1850),Breeches Mary,6/8,6/8,composto,2,16,32,94,7,maior,1
8427,O'Neill's Music of Ireland (1850),Brian Boru's March,6/8,6/8,composto,2,32,64,176,9,menor,2
8428,O'Neill's Music of Ireland (1850),Bridget McRory.,6/8,6/8,composto,2,16,32,88,4,menor,3
8429,O'Neill's Music of Ireland (1850),Bryan O'Lynn,6/8,6/8,composto,2,16,32,94,9,menor,4
8430,O'Neill's Music of Ireland (1850),Bumper Squire Jones,6/8,6/8,composto,2,16,32,105,2,maior,0
8431,O'Neill's Music of Ireland (1850),Buttermilk Mary,6/8,6/8,composto,2,16,32,95,9,maior,1
8432,O'Neill's Music of Ireland (1850),Captain O'Kane,6/8,6/8,composto,2,16,32,111,4,menor,2
8433,O'Neill's Music of Ireland (1850),Castle Donovan,6/8,6/8,composto,2,16,32,92,7,maior,3
8434,O'Neill's Music of Ireland (1850),Charley the Prayermaster,6/8,6/8,composto,2,15,30,81,4,menor,4
8435,O'Neill's Music of Ireland (1850),Charlie Stewart.,6/8,6/8,composto,2,16,32,95,9,maior,0
8436,O'Neill's Music of Ireland (1850),Child of My Heart,6/8,6/8,composto,2,16.17,33,84,9,menor,1
8437,O'Neill's Music of Ireland (1850),Come In from the Rain,6/8,6/8,composto,2,16,32,68,4,menor,2
8438,O'Neill's Music of Ireland (1850),Come Now Or Stay,6/8,6/8,composto,2,16,32,94,2,maior,3
8439,O'Neill's Music of Ireland (1850),Come To Dinner,6/8,6/8,composto,2,16,32,91,6,menor,4
8440,O'Neill's Music of Ireland (1850),Con Casey's Jig.,6/8,6/8,composto,2,16,32,89,0,maior,0
8441,O'Neill's Music of Ireland (1850),Condon's Frolics,6/8,6/8,composto,2,16,32,90,9,maior,1
8442,O'Neill's Music of Ireland (1850),Connie the Soldier.,6/8,6/8,composto,0,15.83,31,90,2,maior,2
8443,O'Neill's Music of Ireland (1850),Contentment Is Wealth,6/8,6/8,composto,2,24,48,141,9,menor,3
8444,O'Neill's Music of Ireland (1850),Count Not the Hours,6/8,6/8,composto,0,14.83,29,77,7,maior,4
8445,O'Neill's Music of Ireland (1850),Courtney's Favorite.,6/8,6/8,composto,0,18,36,107,4,menor,0
8446,O'Neill's Music of Ireland (1850),Crabs in the Skillet,6/8,6/8,composto,2,26.83,54,131,2,menor,1
8447,O'Neill's Music of Ireland (1850),DENIS DELANEY,6/8,6/8,composto,2,24,48,143,7,maior,2
8448,O'Neill's Music of Ireland (1850),DO YOU MISTRUST ME?,6/8,6/8,composto,0,15.83,31,94,7,menor,3
8449,O'Neill's Music of Ireland (1850),DOCTOR O'NEILL,6/8,6/8,composto,2,40,80,220,2,maior,4
8450,O'Neill's Music of Ireland (1850),Daniel O'Rourke.,6/8,6/8,composto,2,26,52,148,7,maior,0
8451,O'Neill's Music of Ireland (1850),Daniel of the Sun,6/8,6/8,composto,2,24,48,121,11,menor,1
8452,O'Neill's Music of Ireland (1850),Darby the Driver.,6/8,6/8,composto,2,15.83,32,87,9,menor,2
8453,O'Neill's Music of Ireland (1850),Dark Lough na Gar,6/8,6/8,composto,2,16,32,97,2,maior,3
8454,O'Neill's Music of Ireland (1850),Denis Don't Be Threatening,6/8,6/8,composto,2,16,32,79,2,maior,4
8455,O'Neill's Music of Ireland (1850),Dick Sullivan's Favorite,6/8,6/8,composto,0,24,48,149,7,maior,0
8456,O'Neill's Music of Ireland (1850),Do You Want Anymore?,6/8,6/8,composto,2,16,32,92,2,maior,1
8457,O'Neill's Music of Ireland (1850),Doctor O'Halloran,6/8,6/8,composto,2,16,32,91,2,menor,2
8458,O'Neill's Music of Ireland (1850),Down Among the Ditches,6/8,6/8,composto,2,16,32,82,2,maior,3
8459,O'Neill's Music of Ireland (1850),Drink and Be Merry,6/8,6/8,composto,2,16,32,91,2,maior,4
8460,O'Neill's Music of Ireland (1850),Drive the Cows Home.,6/8,6/8,composto,2,19.83,40,110,4,maior,0
8461,O'Neill's Music of Ireland (1850),Dunmanway Lasses,6/8,6/8,composto,2,16,32,93,4,menor,1
8462,O'Neill's Music of Ireland (1850),EAST AT GLENDART,6/8,6/8,composto,2,16,32,92,2,maior,2
8463,O'Neill's Music of Ireland (1850),Easter Sunday.,6/8,6/8,composto,2,16,32,94,2,maior,3
8464,O'Neill's Music of Ireland (1850),Ellis's Jig,6/8,6/8,composto,2,16,32,73,7,maior,4
8465,O'Neill's Music of Ireland (1850),Farewell Sweet Nora.,6/8,6/8,composto,0,15.83,31,93,7,maior,0
8466,O'Neill's Music of Ireland (1850),Farewell to My Troubles,6/8,6/8,composto,2,16,32,88,2,maior,1
8467,O'Neill's Music of Ireland (1850),Fasten the Leg In Her,6/8,6/8,composto,2,16,32,93,7,maior,2
8468,O'Neill's Music of Ireland (1850),Father Dollard's Favorite,6/8,6/8,composto,0,16,32,93,2,maior,3
8469,O'Neill's Music of Ireland (1850),Father Fielding's Favourite,6/8,6/8,composto,2,16,32,92,7,maior,4
8470,O'Neill's Music of Ireland (1850),Father Jack Walsh,6/8,6/8,composto,2,24,48,133,2,maior,0
8471,O'Neill's Music of Ireland (1850),Father O'Carrol,6/8,6/8,composto,2,16,32,94,7,maior,1
8472,O'Neill's Music of Ireland (1850),Father Tom's Wager,6/8,6/8,composto,2,16,32,96,7,maior,2
8473,O'Neill's Music of Ireland (1850),Felix the Wrestler,6/8,6/8,composto,2,19.83,40,110,9,maior,3
8474,O'Neill's Music of Ireland (1850),Fiddlers' Heaven.,6/8,6/8,composto,2,16,32,95,2,maior,4
8475,O'Neill's Music of Ireland (1850),Finerty's Frolic,6/8,6/8,composto,2,16,32,95,7,maior,0
8476,O'Neill's Music of Ireland (1850),Fishing for Eels,6/8,6/8,composto,0,16,32,93,4,menor,1
8477,O'Neill's Music of Ireland (1850),Fragrant Blossoms.,6/8,6/8,composto,2,15.67,32,69,0,maior,2
8478,O'Neill's Music of Ireland (1850),Friendly Jack,6/8,6/8,composto,0,16,32,66,2,maior,3
8479,O'Neill's Music of Ireland (1850),GUIRY'S FAVORITE,6/8,6/8,composto,2,16,32,93,9,menor,4
8480,O'Neill's Music of Ireland (1850),Galway Tom,6/8,6/8,composto,2,16,32,90,11,menor,0
8481,O'Neill's Music of Ireland (1850),Galway Tom,6/8,6/8,composto,0,42,84,249,11,maior,1
8482,O'Neill's Music of Ireland (1850),Garryowen,6/8,6/8,composto,2,16,32,89,7,maior,2
8483,O'Neill's Music of Ireland (1850),Get Up Early,6/8,6/8,composto,2,19.83,40,84,7,menor,3
8484,O'Neill's Music of Ireland (1850),Get Up Old Woman And Shake Yourself,6/8,6/8,composto,2,16,32,83,7,maior,4
8485,O'Neill's Music of Ireland (1850),Give Me Your Hand,6/8,6/8,composto,2,23,46,150,7,maior,0
8486,O'Neill's Music of Ireland (1850),Going to Donnybrook,6/8,6/8,composto,2,18,36,105,4,menor,1
8487,O'Neill's Music of Ireland (1850),Good Health to Our Friends Far Away,6/8,6/8,composto,2,15.33,31,77,7,maior,2
8488,O'Neill's Music of Ireland (1850),Grandfather's Pet,6/8,6/8,composto,2,16,32,81,2,maior,3
8489,O'Neill's Music of Ireland (1850),Green Sleeves,6/8,6/8,composto,2,16,32,86,4,menor,4
8490,O'Neill's Music of Ireland (1850),HAVE A DRINK ON ME,6/8,6/8,composto,2,16,32,92,7,maior,0
8491,O'Neill's Music of Ireland (1850),HURRAH! FOR OLD ERIN FOR EVER,6/8,6/8,composto,2,22.67,46,103,7,maior,1
8492,O'Neill's Music of Ireland (1850),Handy With the Stick,6/8,6/8,composto,2,16,32,96,4,menor,2
8493,O'Neill's Music of Ireland (1850),Harrington Hall,6/8,6/8,composto,2,16,32,90,2,maior,3
8494,O'Neill's Music of Ireland (1850),Hartigan's Fancy,6/8,6/8,composto,2,16,32,91,7,maior,4
8495,O'Neill's Music of Ireland (1850),Haste to the Wedding,6/8,6/8,composto,2,16,32,85,2,maior,0
8496,O'Neill's Music of Ireland (1850),Heart And Hand,6/8,6/8,composto,2,23.83,48,123,7,maior,1
8497,O'Neill's Music of Ireland (1850),Hide and Go Seek,6/8,6/8,composto,2,16,32,94,4,menor,2
8498,O'Neill's Music of Ireland (1850),Hinchy's Delight,6/8,6/8,composto,2,16,32,89,2,maior,3
8499,O'Neill's Music of Ireland (1850),How Are You Kitty?,6/8,6/8,composto,2,24,48,128,9,maior,4
8500,O'Neill's Music of Ireland (1850),How Is Your Mother?,6/8,6/8,composto,2,16,32,69,2,maior,0
8501,O'Neill's Music of Ireland (1850),How Much Has She Got?,6/8,6/8,composto,2,16,32,88,9,maior,1
8502,O'Neill's Music of Ireland (1850),Huish the Cat.,6/8,6/8,composto,0,16,32,80,2,menor,2
8503,O'Neill's Music of Ireland (1850),I AWOKE FROM MY DREAM,6/8,6/8,composto,2,16,32,76,2,maior,3
8504,O'Neill's Music of Ireland (1850),I Do Not Incline,6/8,6/8,composto,2,15.83,32,92,4,menor,4
8505,O'Neill's Music of Ireland (1850),I Know What You Like,6/8,6/8,composto,2,16,32,96,7,maior,0
8506,O'Neill's Music of Ireland (1850),I Will If I Can,6/8,6/8,composto,2,16,32,88,7,maior,1
8507,O'Neill's Music of Ireland (1850),I'll Neither Spin Nor Weave,6/8,6/8,composto,2,16,32,84,7,maior,2
8508,O'Neill's Music of Ireland (1850),Indeed Then You Wont,6/8,6/8,composto,2,16,32,84,7,maior,3
8509,O'Neill's Music of Ireland (1850),Ireland For Ever!,6/8,6/8,composto,2,15.67,32,93,7,maior,4
8510,O'Neill's Music of Ireland (1850),Is It the Priest You Want?,6/8,6/8,composto,2,16,32,78,4,menor,0
8511,O'Neill's Music of Ireland (1850),Is Not This Pleasant?,6/8,6/8,composto,2,10,20,50,7,maior,1
8512,O'Neill's Music of Ireland (1850),Jack-Of-All-Trades.,6/8,6/8,composto,2,16,32,82,9,maior,2
8513,O'Neill's Music of Ireland (1850),Jackson's Bottle of Brandy,6/8,6/8,composto,0,16,32,92,4,menor,3
8514,O'Neill's Music of Ireland (1850),Jackson's Cravat.,6/8,6/8,composto,2,16,32,91,7,maior,4
8515,O'Neill's Music of Ireland (1850),Jackson's Fancy.,6/8,6/8,composto,0,16,32,92,2,maior,0
8516,O'Neill's Music of Ireland (1850),Jackson's Maid,6/8,6/8,composto,2,16,32,95,7,maior,1
8517,O'Neill's Music of Ireland (1850),Jackson's Morning Brush,6/8,6/8,composto,2,40,80,226,2,maior,2
8518,O'Neill's Music of Ireland (1850),Jackson's Rambles.,6/8,6/8,composto,2,19.83,40,111,2,maior,3
8519,O'Neill's Music of Ireland (1850),Jackson's Rolling Jig.,6/8,6/8,composto,0,16,32,84,7,maior,4
8520,O'Neill's Music of Ireland (1850),Jerry's Beaver Hat,6/8,6/8,composto,2,16,32,90,2,maior,0
8521,O'Neill's Music of Ireland (1850),Jimmy O'Brian's Jig,6/8,6/8,composto,2,24,48,137,7,maior,1
8522,O'Neill's Music of Ireland (1850),John White's Mother.,6/8,6/8,composto,2,16,32,92,2,maior,2
8523,O'Neill's Music of Ireland (1850),Johnny Fill Up the Bowl,6/8,6/8,composto,2,16,32,56,9,menor,3
8524,O'Neill's Music of Ireland (1850),Johnny the Jumper,6/8,6/8,composto,2,16.17,33,95,7,maior,4
8525,O'Neill's Music of Ireland (1850),Joy Be With You.,6/8,6/8,composto,0,16,32,89,2,maior,0
8526,O'Neill's Music of Ireland (1850),Julia McMahon.,6/8,6/8,composto,2,19.83,40,111,7,maior,1
8527,O'Neill's Music of Ireland (1850),KITTY MAGEE,6/8,6/8,composto,2,16,32,67,2,maior,2
8528,O'Neill's Music of Ireland (1850),Katie's Fancy.,6/8,6/8,composto,2,24,48,138,4,menor,3
8529,O'Neill's Music of Ireland (1850),Kelly The Rake,6/8,6/8,composto,0,17.83,35,98,7,menor,4
8530,O'Neill's Music of Ireland (1850),Kelly the Rake,6/8,6/8,composto,0,18,36,98,7,maior,0
8531,O'Neill's Music of Ireland (1850),Kiss Me Darling.,6/8,6/8,composto,0,15.83,31,78,2,maior,1
8532,O'Neill's Music of Ireland (1850),Kiss Me Sweetheart,6/8,6/8,composto,2,16,32,81,7,maior,2
8533,O'Neill's Music of Ireland (1850),Kit O'Mahony's Jig,6/8,6/8,composto,2,32,64,189,7,maior,3
8534,O'Neill's Music of Ireland (1850),Kitty Come Over,6/8,6/8,composto,2,16,32,92,4,menor,4
8535,O'Neill's Music of Ireland (1850),Kitty Quinn,6/8,6/8,composto,2,16,32,82,2,maior,0
8536,O'Neill's Music of Ireland (1850),Kitty of Oulart,6/8,6/8,composto,2,24,48,137,2,maior,1
8537,O'Neill's Music of Ireland (1850),Kitty's Rambles,6/8,6/8,composto,2,32,64,188,2,maior,2
8538,O'Neill's Music of Ireland (1850),Knocknagow,6/8,6/8,composto,2,32,64,187,9,menor,3
8539,O'Neill's Music of Ireland (1850),LONELY I'LL BE LOVE WITHOUT YOU,6/8,6/8,composto,2,16,32,71,7,maior,4
8540,O'Neill's Music of Ireland (1850),Lame Crowley,6/8,6/8,composto,0,16,32,84,4,menor,0
8541,O'Neill's Music of Ireland (1850),Lannigan's Ball,6/8,6/8,composto,0,15.83,31,82,4,menor,1
8542,O'Neill's Music of Ireland (1850),Larry Grogan,6/8,6/8,composto,2,16,32,92,7,maior,2
8543,O'Neill's Music of Ireland (1850),Leap Year,6/8,6/8,composto,2,15.33,31,94,0,maior,3
8544,O'Neill's Music of Ireland (1850),Let Other Men Praise,6/8,6/8,composto,2,16,32,106,9,maior,4
8545,O'Neill's Music of Ireland (1850),Let Us Be Drinking,6/8,6/8,composto,2,16,32,88,7,maior,0
8546,O'Neill's Music of Ireland (1850),Long John's Wedding,6/8,6/8,composto,2,16,32,73,9,maior,1
8547,O'Neill's Music of Ireland (1850),Love's Young Dream.,6/8,6/8,composto,2,20,40,70,4,menor,2
8548,O'Neill's Music of Ireland (1850),MALOWNEY'S WIFE,6/8,6/8,composto,2,24,48,138,2,maior,3
8549,O'Neill's Music of Ireland (1850),Maguire's Kick,6/8,6/8,composto,2,24,48,116,2,maior,4
8550,O'Neill's Music of Ireland (1850),Marry The Piper Girl,6/8,6/8,composto,0,24,48,99,7,maior,0
8551,O'Neill's Music of Ireland (1850),Mary My Bright Pet,6/8,6/8,composto,2,16,32,93,9,menor,1
8552,O'Neill's Music of Ireland (1850),McArdle's Favorite,6/8,6/8,composto,0,15.83,31,92,9,maior,2
8553,O'Neill's Music of Ireland (1850),Miss Bruce,6/8,6/8,composto,2,16,32,93,2,maior,3
8554,O'Neill's Music of Ireland (1850),Miss Casey,6/8,6/8,composto,2,19.83,40,112,9,maior,4
8555,O'Neill's Music of Ireland (1850),Miss Monroe's Jig,6/8,6/8,composto,2,16,32,90,4,menor,0
8556,O'Neill's Music of Ireland (1850),Moll In The Wad,6/8,6/8,composto,2,16,32,82,7,maior,1
8557,O'Neill's Music of Ireland (1850),Moll in the Wad,6/8,6/8,composto,2,16,32,82,7,maior,2
8558,O'Neill's Music of Ireland (1850),Money In Both Pockets,6/8,6/8,composto,2,16,32,87,0,maior,3
8559,O'Neill's Music of Ireland (1850),Money in Both Pockets,6/8,6/8,composto,2,16,32,87,0,maior,4
8560,O'Neill's Music of Ireland (1850),Move Up To Me,6/8,6/8,composto,2,16,32,92,7,maior,0
8561,O'Neill's Music of Ireland (1850),Move Up to Me,6/8,6/8,composto,2,16,32,92,7,maior,1
8562,O'Neill's Music of Ireland (1850),Mr. Grumguffenhoff.,6/8,6/8,composto,2,18.83,38,89,0,maior,2
8563,O'Neill's Music of Ireland (1850),My Bold Trainor O,6/8,6/8,composto,6,16,32,59,2,maior,3
8564,O'Neill's Music of Ireland (1850),My Brother Tom,6/8,6/8,composto,2,20.17,41,116,9,maior,4
8565,O'Neill's Music of Ireland (1850),My Darling Asleep.,6/8,6/8,composto,2,16,32,93,2,maior,0
8566,O'Neill's Music of Ireland (1850),My Fairhaired Darling,6/8,6/8,composto,6,31.83,63,109,0,maior,1
8567,O'Neill's Music of Ireland (1850),My Former Wife,6/8,6/8,composto,2,16,32,90,9,menor,2
8568,O'Neill's Music of Ireland (1850),My Love is a Lady,6/8,6/8,composto,2,16,32,86,7,maior,3
8569,O'Neill's Music of Ireland (1850),Nell Flaherty's Drake.,6/8,6/8,composto,2,16,32,92,7,maior,4
8570,O'Neill's Music of Ireland (1850),New Year's Song,6/8,6/8,composto,2,16,32,58,7,maior,0
8571,O'Neill's Music of Ireland (1850),Nolan the Soldier,6/8,6/8,composto,0,15.83,31,83,2,maior,1
8572,O'Neill's Music of Ireland (1850),Nothing Can Sadden Us,6/8,6/8,composto,2,24,48,136,9,maior,2
8573,O'Neill's Music of Ireland (1850),O For One and Twenty!,6/8,6/8,composto,2,16,32,86,2,menor,3
8574,O'Neill's Music of Ireland (1850),O'Gallagher's Frolics,6/8,6/8,composto,2,16,32,91,2,menor,4
8575,O'Neill's Music of Ireland (1850),O'Reilly's Favorite,6/8,6/8,composto,2,16,32,91,2,maior,0
8576,O'Neill's Music of Ireland (1850),OFF TO THE HUNT,6/8,6/8,composto,2,16,32,92,7,maior,1
8577,O'Neill's Music of Ireland (1850),OPEN THE DOOR SOFTLY,6/8,6/8,composto,0,12,24,60,2,maior,2
8578,O'Neill's Music of Ireland (1850),Off She Goes!,6/8,6/8,composto,0,15.83,31,78,2,maior,3
8579,O'Neill's Music of Ireland (1850),Oh Sheela My Love.,6/8,6/8,composto,2,16,32,85,9,menor,4
8580,O'Neill's Music of Ireland (1850),Old Man Dillon.,6/8,6/8,composto,2,19.83,40,110,9,maior,0
8581,O'Neill's Music of Ireland (1850),Old Nora,6/8,6/8,composto,2,48.17,97,261,7,maior,1
8582,O'Neill's Music of Ireland (1850),Old as the Hills,6/8,6/8,composto,2,16,32,88,9,maior,2
8583,O'Neill's Music of Ireland (1850),One Before We Go,6/8,6/8,composto,2,16,32,94,9,maior,3
8584,O'Neill's Music of Ireland (1850),Our Own Little Isle,6/8,6/8,composto,0,15.83,31,83,4,menor,4
8585,O'Neill's Music of Ireland (1850),Out With the Boys. 1st Setting.,6/8,6/8,composto,2,16,32,80,4,menor,0
8586,O'Neill's Music of Ireland (1850),Out on the Ocean.,6/8,6/8,composto,2,16,32,88,7,maior,1
8587,O'Neill's Music of Ireland (1850),Owen Malone,6/8,6/8,composto,2,15.83,32,92,7,maior,2
8588,O'Neill's Music of Ireland (1850),Paddies Evermore,6/8,6/8,composto,2,23.83,48,86,2,maior,3
8589,O'Neill's Music of Ireland (1850),"Paddy ""Go Easy""",6/8,6/8,composto,2,24,48,134,2,maior,4
8590,O'Neill's Music of Ireland (1850),Paddy Brown,6/8,6/8,composto,2,16,32,67,7,menor,0
8591,O'Neill's Music of Ireland (1850),Paddy Carey,6/8,6/8,composto,0,24,48,121,2,maior,1
8592,O'Neill's Music of Ireland (1850),Paddy From Portlaw.,6/8,6/8,composto,2,16,32,95,2,maior,2
8593,O'Neill's Music of Ireland (1850),Paddy O'Carroll,6/8,6/8,composto,2,16,32,93,2,maior,3
8594,O'Neill's Music of Ireland (1850),Paddy O'Rafferty,6/8,6/8,composto,0,40,80,236,7,maior,4
8595,O'Neill's Music of Ireland (1850),Paddy Whack.,6/8,6/8,composto,2,16,32,93,7,maior,0
8596,O'Neill's Music of Ireland (1850),Paddy in London,6/8,6/8,composto,2,27.92,56,158,2,maior,1
8597,O'Neill's Music of Ireland (1850),Paddy's Resource,6/8,6/8,composto,2,16,32,90,7,maior,2
8598,O'Neill's Music of Ireland (1850),Palm Sunday,6/8,6/8,composto,2,16,32,84,4,menor,3
8599,O'Neill's Music of Ireland (1850),Petticoat Loose,6/8,6/8,composto,2,17,34,98,9,menor,4
8600,O'Neill's Music of Ireland (1850),Philip O'Neill.,6/8,6/8,composto,0,15.67,31,90,7,maior,0
8601,O'Neill's Music of Ireland (1850),Planxty Browne,6/8,6/8,composto,2,24,48,132,4,menor,1
8602,O'Neill's Music of Ireland (1850),Planxty Burke,6/8,6/8,composto,0,23.83,47,137,2,menor,2
8603,O'Neill's Music of Ireland (1850),Planxty Denis O'Conor,6/8,6/8,composto,0,23.83,47,123,10,maior,3
8604,O'Neill's Music of Ireland (1850),Planxty Drew,6/8,6/8,composto,2,16,32,106,7,menor,4
8605,O'Neill's Music of Ireland (1850),Planxty Fanny Powers,6/8,6/8,composto,0,13.83,27,74,9,maior,0
8606,O'Neill's Music of Ireland (1850),Planxty Hugh O'Donnell,6/8,6/8,composto,2,31.67,64,156,0,maior,1
8607,O'Neill's Music of Ireland (1850),Planxty Irwin,6/8,6/8,composto,2,16,32,78,2,maior,2
8608,O'Neill's Music of Ireland (1850),Planxty Johnston,6/8,6/8,composto,0,27.83,55,128,2,maior,3
8609,O'Neill's Music of Ireland (1850),Planxty Lady Athenry,6/8,6/8,composto,0,31.83,63,142,7,maior,4
8610,O'Neill's Music of Ireland (1850),Planxty Mary O'Neill,6/8,6/8,composto,2,24.17,49,139,2,maior,0
8611,O'Neill's Music of Ireland (1850),Planxty Miss Burke,6/8,6/8,composto,0,15.83,31,81,2,maior,1
8612,O'Neill's Music of Ireland (1850),Planxty Mrs. O'Conor,6/8,6/8,composto,0,35.5,71,167,7,maior,2
8613,O'Neill's Music of Ireland (1850),Planxty Nancy Vernon,6/8,6/8,composto,2,19.67,40,88,9,maior,3
8614,O'Neill's Music of Ireland (1850),Planxty O'Carolan,6/8,6/8,composto,2,21.5,43,109,7,maior,4
8615,O'Neill's Music of Ireland (1850),Planxty O'Flynn,6/8,6/8,composto,2,20,40,123,7,maior,0
8616,O'Neill's Music of Ireland (1850),Planxty O'Kelly,6/8,6/8,composto,0,17.83,35,76,4,menor,1
8617,O'Neill's Music of Ireland (1850),Planxty O'Neill,6/8,6/8,composto,0,23.83,47,165,2,maior,2
8618,O'Neill's Music of Ireland (1850),Planxty O'Reilly,6/8,6/8,composto,2,24,48,114,2,maior,3
8619,O'Neill's Music of Ireland (1850),Planxty O'Rourke,6/8,6/8,composto,2,23.5,47,146,7,maior,4
8620,O'Neill's Music of Ireland (1850),Planxty Toby Peyton,6/8,6/8,composto,2,24,48,158,4,menor,0
8621,O'Neill's Music of Ireland (1850),Planxty Toby Peyton,6/8,6/8,composto,2,20,40,111,2,menor,1
8622,O'Neill's Music of Ireland (1850),Planxty Tom Judge,6/8,6/8,composto,2,24,48,159,2,maior,2
8623,O'Neill's Music of Ireland (1850),Pretty Jane.,6/8,6/8,composto,2,16,32,92,6,menor,3
8624,O'Neill's Music of Ireland (1850),Pulse of My Heart,6/8,6/8,composto,0,15.83,31,72,7,menor,4
8625,O'Neill's Music of Ireland (1850),Put on your Clothes,6/8,6/8,composto,2,19.83,40,113,0,maior,0
8626,O'Neill's Music of Ireland (1850),Red Stockings.,6/8,6/8,composto,2,16,32,92,7,maior,1
8627,O'Neill's Music of Ireland (1850),Rocking the Cradle,6/8,6/8,composto,2,12,24,81,2,maior,2
8628,O'Neill's Music of Ireland (1850),Rory O'Moore,6/8,6/8,composto,2,16.83,34,95,4,menor,3
8629,O'Neill's Music of Ireland (1850),Rub the Bag,6/8,6/8,composto,0,22.83,45,128,11,menor,4
8630,O'Neill's Music of Ireland (1850),SADDLE THE PONY,6/8,6/8,composto,2,16.17,33,97,9,maior,0
8631,O'Neill's Music of Ireland (1850),SWEET KATHLEEN MACHREE,6/8,6/8,composto,2,16.67,34,96,0,maior,1
8632,O'Neill's Music of Ireland (1850),Saturday Night,6/8,6/8,composto,2,16,32,94,7,maior,2
8633,O'Neill's Music of Ireland (1850),Scatter the Mud,6/8,6/8,composto,2,16,32,96,4,menor,3
8634,O'Neill's Music of Ireland (1850),Sergt Stack' Favorite,6/8,6/8,composto,2,15.83,32,95,9,maior,4
8635,O'Neill's Music of Ireland (1850),Sergt. Cahill's Favorite,6/8,6/8,composto,0,15.83,31,62,7,maior,0
8636,O'Neill's Music of Ireland (1850),Sergt. Early's Jig,6/8,6/8,composto,2,16,32,88,2,maior,1
8637,O'Neill's Music of Ireland (1850),Shandon Bells,6/8,6/8,composto,2,17,34,91,2,maior,2
8638,O'Neill's Music of Ireland (1850),She's as False as She's Fair,6/8,6/8,composto,2,11.67,24,59,7,menor,3
8639,O'Neill's Music of Ireland (1850),Sheridan of Coolcanig.,6/8,6/8,composto,2,16,32,69,2,maior,4
8640,O'Neill's Music of Ireland (1850),Sir Patrick Bellew's March,6/8,6/8,composto,0,16,32,83,7,maior,0
8641,O'Neill's Music of Ireland (1850),Skipping Through the Daisies.,6/8,6/8,composto,2,15.33,31,64,2,menor,1
8642,O'Neill's Music of Ireland (1850),Slattery's Fancy.,6/8,6/8,composto,2,16,32,85,9,maior,2
8643,O'Neill's Music of Ireland (1850),Smash the Windows,6/8,6/8,composto,2,24,48,119,2,maior,3
8644,O'Neill's Music of Ireland (1850),Snug in the Blanket,6/8,6/8,composto,2,24.17,49,134,2,maior,4
8645,O'Neill's Music of Ireland (1850),St. Patrick's Day,6/8,6/8,composto,2,22,44,125,4,menor,0
8646,O'Neill's Music of Ireland (1850),Stack the Rags,6/8,6/8,composto,2,24,48,90,0,maior,1
8647,O'Neill's Music of Ireland (1850),Stagger the Buck,6/8,6/8,composto,2,16,32,94,0,maior,2
8648,O'Neill's Music of Ireland (1850),Strike the Young Harp,6/8,6/8,composto,0,24,48,140,0,maior,3
8649,O'Neill's Music of Ireland (1850),Strop the Razor,6/8,6/8,composto,2,16.17,33,90,2,maior,4
8650,O'Neill's Music of Ireland (1850),Strop the Razor,6/8,6/8,composto,0,32,64,186,2,maior,0
8651,O'Neill's Music of Ireland (1850),Sweet Biddy Daly,6/8,6/8,composto,2,16,32,92,9,maior,1
8652,O'Neill's Music of Ireland (1850),Sweet Molly,6/8,6/8,composto,2,12,24,78,2,maior,2
8653,O'Neill's Music of Ireland (1850),THE BANKS OF LOUGH FOYLE,6/8,6/8,composto,2,16,32,93,0,maior,3
8654,O'Neill's Music of Ireland (1850),THE DECEPTION,6/8,6/8,composto,2,21.75,44,94,2,maior,4
8655,O'Neill's Music of Ireland (1850),THE EAVES DROPPER,6/8,6/8,composto,2,16,32,92,7,maior,0
8656,O'Neill's Music of Ireland (1850),THE HIGHWAY TO DUBLIN,6/8,6/8,composto,2,16,32,88,6,menor,1
8657,O'Neill's Music of Ireland (1850),THE HUMORS OF BANTRY,6/8,6/8,composto,2,19.83,40,121,4,menor,2
8658,O'Neill's Music of Ireland (1850),THE KING OF THE PIPERS,6/8,6/8,composto,2,40.17,81,252,2,maior,3
8659,O'Neill's Music of Ireland (1850),THE NEW LESSON,6/8,6/8,composto,2,15.67,32,90,2,maior,4
8660,O'Neill's Music of Ireland (1850),THE ONE-LEGGED MAN,6/8,6/8,composto,0,15.83,31,89,2,maior,0
8661,O'Neill's Music of Ireland (1850),THE PIPE ON THE HOB,6/8,6/8,composto,2,24,48,123,9,menor,1
8662,O'Neill's Music of Ireland (1850),THE WALLS OF LISCARROLL,6/8,6/8,composto,2,16,32,91,9,menor,2
8663,O'Neill's Music of Ireland (1850),THE YELLOW LITTLE BOY,6/8,6/8,composto,0,16,32,92,2,maior,3
8664,O'Neill's Music of Ireland (1850),Take It Easy,6/8,6/8,composto,2,24,48,123,4,menor,4
8665,O'Neill's Music of Ireland (1850),Tatter the Road.,6/8,6/8,composto,2,16,32,74,2,maior,0
8666,O'Neill's Music of Ireland (1850),Tell Her I Am,6/8,6/8,composto,2,16,32,93,7,maior,1
8667,O'Neill's Music of Ireland (1850),The Absent Minded Man,6/8,6/8,composto,2,16,32,91,9,maior,2
8668,O'Neill's Music of Ireland (1850),The Active Old Man,6/8,6/8,composto,0,32,64,181,7,maior,3
8669,O'Neill's Music of Ireland (1850),The Angry Peeler,6/8,6/8,composto,0,15.5,31,92,7,maior,4
8670,O'Neill's Music of Ireland (1850),The Antrim Lasses.,6/8,6/8,composto,2,16,32,82,9,maior,0
8671,O'Neill's Music of Ireland (1850),The Apprentice Boy,6/8,6/8,composto,2,16,32,68,9,maior,1
8672,O'Neill's Music of Ireland (1850),The Banks of Lough Gowna,6/8,6/8,composto,0,16,32,82,9,menor,2
8673,O'Neill's Music of Ireland (1850),The Barefoot Boy,6/8,6/8,composto,2,19.83,40,110,7,maior,3
8674,O'Neill's Music of Ireland (1850),The Barndoor Jig.,6/8,6/8,composto,0,15.83,31,88,9,maior,4
8675,O'Neill's Music of Ireland (1850),The Barronstown Races,6/8,6/8,composto,2,32,64,191,7,maior,0
8676,O'Neill's Music of Ireland (1850),The Bashful Maid,6/8,6/8,composto,2,16,32,88,2,maior,1
8677,O'Neill's Music of Ireland (1850),The Basket of Turf,6/8,6/8,composto,2,16,32,92,4,menor,2
8678,O'Neill's Music of Ireland (1850),The Bend of the River.,6/8,6/8,composto,2,14.5,29,94,2,menor,3
8679,O'Neill's Music of Ireland (1850),The Besom in Bloom.,6/8,6/8,composto,2,16,32,87,9,menor,4
8680,O'Neill's Music of Ireland (1850),The Black Haired Darling,6/8,6/8,composto,0,16,32,105,2,maior,0
8681,O'Neill's Music of Ireland (1850),The Black Haired Darling,6/8,6/8,composto,0,15.67,31,87,2,menor,1
8682,O'Neill's Music of Ireland (1850),The Black Rogue.,6/8,6/8,composto,2,16,32,92,4,menor,2
8683,O'Neill's Music of Ireland (1850),The Blackbird And The Hen,6/8,6/8,composto,2,16,32,109,9,maior,3
8684,O'Neill's Music of Ireland (1850),The Blarney Pilgrim,6/8,6/8,composto,0,23.83,47,126,7,maior,4
8685,O'Neill's Music of Ireland (1850),The Blazing Turf Fire.,6/8,6/8,composto,2,16,32,96,2,maior,0
8686,O'Neill's Music of Ireland (1850),The Blooming Meadows. 2nd Setting.,6/8,6/8,composto,2,24,48,127,2,maior,1
8687,O'Neill's Music of Ireland (1850),The Book of Rights.,6/8,6/8,composto,2,16,32,91,2,maior,2
8688,O'Neill's Music of Ireland (1850),The Bow-legged Tailor,6/8,6/8,composto,2,16,32,93,7,maior,3
8689,O'Neill's Music of Ireland (1850),The Boy From the Glens,6/8,6/8,composto,2,16.17,33,94,2,maior,4
8690,O'Neill's Music of Ireland (1850),The Boys of Ballinafad,6/8,6/8,composto,2,16,32,89,9,maior,0
8691,O'Neill's Music of Ireland (1850),The Boys of Ballinamore.,6/8,6/8,composto,3,16.25,33,95,2,maior,1
8692,O'Neill's Music of Ireland (1850),The Boys of Coomanore,6/8,6/8,composto,2,16,32,92,2,maior,2
8693,O'Neill's Music of Ireland (1850),The Boys of the Town,6/8,6/8,composto,2,20,40,116,4,menor,3
8694,O'Neill's Music of Ireland (1850),The Boys of the West,6/8,6/8,composto,2,16,32,91,7,maior,4
8695,O'Neill's Music of Ireland (1850),The Bucks of Westmeath,6/8,6/8,composto,2,24,48,118,7,maior,0
8696,O'Neill's Music of Ireland (1850),The Bunch of Roses,6/8,6/8,composto,2,16,32,82,7,menor,1
8697,O'Neill's Music of Ireland (1850),The Butcher's Cave,6/8,6/8,composto,2,16,32,97,2,maior,2
8698,O'Neill's Music of Ireland (1850),The Butcher's March,6/8,6/8,composto,2,16,32,83,2,maior,3
8699,O'Neill's Music of Ireland (1850),The Cat in the Corner,6/8,6/8,composto,2,16,32,93,2,maior,4
8700,O'Neill's Music of Ireland (1850),The Charming Young Widow,6/8,6/8,composto,2,16,32,92,2,maior,0
8701,O'Neill's Music of Ireland (1850),The Christening,6/8,6/8,composto,2,16,32,84,9,maior,1
8702,O'Neill's Music of Ireland (1850),The Church of Dromore,6/8,6/8,composto,2,16,32,90,4,menor,2
8703,O'Neill's Music of Ireland (1850),The Cliffs of Moher,6/8,6/8,composto,2,16,32,98,7,maior,3
8704,O'Neill's Music of Ireland (1850),The Cock and Hen.,6/8,6/8,composto,2,16,32,90,7,maior,4
8705,O'Neill's Music of Ireland (1850),The Connachman,6/8,6/8,composto,2,16,32,90,7,maior,0
8706,O'Neill's Music of Ireland (1850),The Cook in the Kitchen,6/8,6/8,composto,2,24,48,130,7,maior,1
8707,O'Neill's Music of Ireland (1850),The Cup of Gold,6/8,6/8,composto,6,18,36,72,7,maior,2
8708,O'Neill's Music of Ireland (1850),The Dairy Maid,6/8,6/8,composto,2,16,32,83,5,maior,3
8709,O'Neill's Music of Ireland (1850),The Dairy Maid,6/8,6/8,composto,2,16,32,94,7,maior,4
8710,O'Neill's Music of Ireland (1850),The Dancingmaster,6/8,6/8,composto,2,16,32,88,9,menor,0
8711,O'Neill's Music of Ireland (1850),The Dandy Bonnet.,6/8,6/8,composto,2,16,32,92,9,maior,1
8712,O'Neill's Music of Ireland (1850),The Day After the Fair,6/8,6/8,composto,2,16,32,88,7,menor,2
8713,O'Neill's Music of Ireland (1850),The Dear Little Island,6/8,6/8,composto,2,16.17,33,90,4,menor,3
8714,O'Neill's Music of Ireland (1850),The Devil In Dublin,6/8,6/8,composto,0,15.83,31,77,7,maior,4
8715,O'Neill's Music of Ireland (1850),The Dissipated Youth,6/8,6/8,composto,2,16,32,76,7,maior,0
8716,O'Neill's Music of Ireland (1850),The End Of The Day.,6/8,6/8,composto,2,16.17,33,92,7,maior,1
8717,O'Neill's Music of Ireland (1850),The Fairhaired Boy.,6/8,6/8,composto,0,19.83,39,114,9,menor,2
8718,O'Neill's Music of Ireland (1850),The Fardown Farmer,6/8,6/8,composto,2,16,32,93,7,maior,3
8719,O'Neill's Music of Ireland (1850),The Fat Man's Fancy.,6/8,6/8,composto,2,16,32,89,6,menor,4
8720,O'Neill's Music of Ireland (1850),The Field of Flowers,6/8,6/8,composto,2,16,32,94,5,maior,0
8721,O'Neill's Music of Ireland (1850),The Fisherman's Frolic,6/8,6/8,composto,2,15.83,32,90,2,maior,1
8722,O'Neill's Music of Ireland (1850),The Fisherman's Widow.,6/8,6/8,composto,0,20,40,103,2,maior,2
8723,O'Neill's Music of Ireland (1850),The Flaxdresser,6/8,6/8,composto,2,24,48,143,7,maior,3
8724,O'Neill's Music of Ireland (1850),The Flitch of Bacon,6/8,6/8,composto,0,15.83,31,87,2,maior,4
8725,O'Neill's Music of Ireland (1850),The Flowers in the Valley.,6/8,6/8,composto,2,20,40,129,2,maior,0
8726,O'Neill's Music of Ireland (1850),The Frieze Breeches,6/8,6/8,composto,2,64,128,348,2,maior,1
8727,O'Neill's Music of Ireland (1850),The Gaelic Club,6/8,6/8,composto,2,16,32,93,9,menor,2
8728,O'Neill's Music of Ireland (1850),The Gallowglass,6/8,6/8,composto,2,24,48,139,9,menor,3
8729,O'Neill's Music of Ireland (1850),The Geese in the Bog,6/8,6/8,composto,0,17,34,100,2,maior,4
8730,O'Neill's Music of Ireland (1850),The Girls of Banbridge,6/8,6/8,composto,2,16,32,93,2,maior,0
8731,O'Neill's Music of Ireland (1850),The Glens of Mayo,6/8,6/8,composto,2,16,32,90,4,menor,1
8732,O'Neill's Music of Ireland (1850),The Goat's Song,6/8,6/8,composto,2,19.33,39,112,5,maior,2
8733,O'Neill's Music of Ireland (1850),The Goats' Horns.,6/8,6/8,composto,2,16.17,33,90,2,maior,3
8734,O'Neill's Music of Ireland (1850),The Gobby O,6/8,6/8,composto,2,16,32,81,9,maior,4
8735,O'Neill's Music of Ireland (1850),The Green Meadow,6/8,6/8,composto,2,19.83,40,114,2,maior,0
8736,O'Neill's Music of Ireland (1850),The Grumbling Rustic.,6/8,6/8,composto,2,19.83,40,105,2,maior,1
8737,O'Neill's Music of Ireland (1850),The Gudgeon of Maurice's Car,6/8,6/8,composto,2,16,32,94,7,maior,2
8738,O'Neill's Music of Ireland (1850),The Hag with the Money,6/8,6/8,composto,0,16,32,91,2,maior,3
8739,O'Neill's Music of Ireland (1850),The Hare in the Corn. No. 2.,6/8,6/8,composto,2,24,48,131,2,maior,4
8740,O'Neill's Music of Ireland (1850),The Highlander,6/8,6/8,composto,2,16.17,33,81,4,maior,0
8741,O'Neill's Music of Ireland (1850),The Holly Tree,6/8,6/8,composto,2,16,32,87,7,maior,1
8742,O'Neill's Music of Ireland (1850),The House in the Glen,6/8,6/8,composto,0,16,32,91,2,maior,2
8743,O'Neill's Music of Ireland (1850),The House in the Glen,6/8,6/8,composto,2,16,32,95,2,maior,3
8744,O'Neill's Music of Ireland (1850),The House on the Hill,6/8,6/8,composto,2,24,48,101,7,menor,4
8745,O'Neill's Music of Ireland (1850),The Humors Of Trim.,6/8,6/8,composto,0,16,32,87,2,maior,0
8746,O'Neill's Music of Ireland (1850),The Humors of Ballinafauna,6/8,6/8,composto,2,16,32,79,9,menor,1
8747,O'Neill's Music of Ireland (1850),The Humors of Ballingarry,6/8,6/8,composto,2,16,32,91,7,maior,2
8748,O'Neill's Music of Ireland (1850),The Humors of Bally Castle.,6/8,6/8,composto,2,16,32,92,6,menor,3
8749,O'Neill's Music of Ireland (1850),The Humors of Ballydehob,6/8,6/8,composto,2,16,32,95,7,maior,4
8750,O'Neill's Music of Ireland (1850),The Humors of Bandon.,6/8,6/8,composto,2,16,32,79,7,maior,0
8751,O'Neill's Music of Ireland (1850),The Humors of Cappa.,6/8,6/8,composto,2,16,32,94,2,maior,1
8752,O'Neill's Music of Ireland (1850),The Humors of Castle of Comer.,6/8,6/8,composto,2,16,32,87,4,menor,2
8753,O'Neill's Music of Ireland (1850),The Humors of Castlelyons,6/8,6/8,composto,0,20,40,99,7,maior,3
8754,O'Neill's Music of Ireland (1850),The Humors of Cavan,6/8,6/8,composto,2,16,32,89,9,maior,4
8755,O'Neill's Music of Ireland (1850),The Humors of Cork,6/8,6/8,composto,2,16,32,92,7,maior,0
8756,O'Neill's Music of Ireland (1850),The Humors of Limerick,6/8,6/8,composto,0,16,32,73,7,maior,1
8757,O'Neill's Music of Ireland (1850),The Humors of Mullinafauna,6/8,6/8,composto,2,16,32,87,2,maior,2
8758,O'Neill's Music of Ireland (1850),The Humors of Tralibane.,6/8,6/8,composto,2,16,32,94,9,maior,3
8759,O'Neill's Music of Ireland (1850),The Humors of Whiskey.,6/8,6/8,composto,2,16,32,93,2,maior,4
8760,O'Neill's Music of Ireland (1850),The Humors of Winter.,6/8,6/8,composto,2,16,32,92,4,menor,0
8761,O'Neill's Music of Ireland (1850),The Humours of Drinagh,6/8,6/8,composto,2,32,64,193,2,maior,1
8762,O'Neill's Music of Ireland (1850),The Humours of Passage.,6/8,6/8,composto,2,16,32,86,4,menor,2
8763,O'Neill's Music of Ireland (1850),The Idle Road,6/8,6/8,composto,2,16,32,91,7,maior,3
8764,O'Neill's Music of Ireland (1850),The Irish Exile,6/8,6/8,composto,2,10.33,21,56,4,menor,4
8765,O'Neill's Music of Ireland (1850),The Jolly Corkonian,6/8,6/8,composto,2,16,32,95,9,maior,0
8766,O'Neill's Music of Ireland (1850),The Jolly Joker,6/8,6/8,composto,0,16,32,92,2,maior,1
8767,O'Neill's Music of Ireland (1850),The Jolly Old Man,6/8,6/8,composto,2,19.83,40,102,9,maior,2
8768,O'Neill's Music of Ireland (1850),The Jolly Young Waterman,6/8,6/8,composto,2,16,32,92,2,maior,3
8769,O'Neill's Music of Ireland (1850),The Joy of My Life.,6/8,6/8,composto,2,19.83,40,114,4,menor,4
8770,O'Neill's Music of Ireland (1850),The Keepsake.,6/8,6/8,composto,2,16,32,95,7,maior,0
8771,O'Neill's Music of Ireland (1850),The Kerry Cobbler,6/8,6/8,composto,2,16,32,94,2,maior,1
8772,O'Neill's Music of Ireland (1850),The Kilfinane Jig,6/8,6/8,composto,2,16,32,96,2,maior,2
8773,O'Neill's Music of Ireland (1850),The Kilkenny Girl,6/8,6/8,composto,2,16,32,80,7,maior,3
8774,O'Neill's Music of Ireland (1850),The Kilkenny Jig,6/8,6/8,composto,2,16,32,87,9,menor,4
8775,O'Neill's Music of Ireland (1850),The Killashandra Lasses,6/8,6/8,composto,2,19.83,40,114,4,menor,0
8776,O'Neill's Music of Ireland (1850),The King Of The Rath,6/8,6/8,composto,0,28,56,136,7,menor,1
8777,O'Neill's Music of Ireland (1850),The Kneebuckle.,6/8,6/8,composto,2,16,32,93,2,maior,2
8778,O'Neill's Music of Ireland (1850),The Laccaroo Boys,6/8,6/8,composto,2,16,32,98,4,menor,3
8779,O'Neill's Music of Ireland (1850),The Ladies of Carrick.,6/8,6/8,composto,0,16,32,96,9,maior,4
8780,O'Neill's Music of Ireland (1850),The Lark in the Morning,6/8,6/8,composto,2,15.83,32,91,4,menor,0
8781,O'Neill's Music of Ireland (1850),The Lark in the Morning,6/8,6/8,composto,2,16,32,93,9,menor,1
8782,O'Neill's Music of Ireland (1850),The Limerick Tinker,6/8,6/8,composto,0,24,48,126,4,menor,2
8783,O'Neill's Music of Ireland (1850),The Little Grey Church,6/8,6/8,composto,2,16,32,93,7,maior,3
8784,O'Neill's Music of Ireland (1850),The Little House Under the Hill,6/8,6/8,composto,2,24,48,136,2,maior,4
8785,O'Neill's Music of Ireland (1850),The Lowbacked Car,6/8,6/8,composto,2,22.83,46,89,5,maior,0
8786,O'Neill's Music of Ireland (1850),The Luck Penny,6/8,6/8,composto,2,24,48,142,4,menor,1
8787,O'Neill's Music of Ireland (1850),The Maid at the Well,6/8,6/8,composto,2,16,32,88,7,maior,2
8788,O'Neill's Music of Ireland (1850),The Maid of the Golden Tresses,6/8,6/8,composto,2,16,32,92,2,maior,3
8789,O'Neill's Music of Ireland (1850),The Maid on the Green,6/8,6/8,composto,2,16,32,89,4,menor,4
8790,O'Neill's Music of Ireland (1850),The Man Who Died and Rose Again,6/8,6/8,composto,0,16,32,89,7,maior,0
8791,O'Neill's Music of Ireland (1850),The Market Town,6/8,6/8,composto,2,19.83,40,110,9,maior,1
8792,O'Neill's Music of Ireland (1850),The Martyr's Lament,6/8,6/8,composto,2,16,32,64,4,menor,2
8793,O'Neill's Music of Ireland (1850),The Merry Maiden,6/8,6/8,composto,2,16,32,91,2,maior,3
8794,O'Neill's Music of Ireland (1850),The Merry Old Maid,6/8,6/8,composto,2,16,32,86,4,menor,4
8795,O'Neill's Music of Ireland (1850),The Merry Old Woman. 1st Setting.,6/8,6/8,composto,2,16,32,85,7,maior,0
8796,O'Neill's Music of Ireland (1850),The Merry Old Woman. 2nd Setting.,6/8,6/8,composto,2,19.83,40,112,7,maior,1
8797,O'Neill's Music of Ireland (1850),The Miller of Glanmire.,6/8,6/8,composto,0,15.67,31,86,4,menor,2
8798,O'Neill's Music of Ireland (1850),The Miners of Wicklow,6/8,6/8,composto,0,19.83,39,117,2,maior,3
8799,O'Neill's Music of Ireland (1850),The Monaghan Jig,6/8,6/8,composto,0,24,48,138,4,menor,4
8800,O'Neill's Music of Ireland (1850),The Mooncoin Jig,6/8,6/8,composto,2,24.17,49,148,9,maior,0
8801,O'Neill's Music of Ireland (1850),The Mountain Top,6/8,6/8,composto,2,15.67,32,69,5,maior,1
8802,O'Neill's Music of Ireland (1850),The Mountainy Boy,6/8,6/8,composto,2,16,32,89,2,maior,2
8803,O'Neill's Music of Ireland (1850),The Munster Lass,6/8,6/8,composto,2,16,32,90,5,maior,3
8804,O'Neill's Music of Ireland (1850),The New Cloak.,6/8,6/8,composto,2,16,32,93,2,maior,4
8805,O'Neill's Music of Ireland (1850),The New Pair of Shoes,6/8,6/8,composto,2,16,32,94,4,menor,0
8806,O'Neill's Music of Ireland (1850),The New School,6/8,6/8,composto,0,17,34,77,7,maior,1
8807,O'Neill's Music of Ireland (1850),The Newmarried Couple,6/8,6/8,composto,2,16,32,89,7,maior,2
8808,O'Neill's Music of Ireland (1850),The Night Cap,6/8,6/8,composto,2,16.17,33,91,7,maior,3
8809,O'Neill's Music of Ireland (1850),The Northern Road,6/8,6/8,composto,2,20,40,93,2,maior,4
8810,O'Neill's Music of Ireland (1850),The Old Grey Goose,6/8,6/8,composto,2,48,96,272,4,menor,0
8811,O'Neill's Music of Ireland (1850),The Old Man's Delight,6/8,6/8,composto,2,16,32,89,9,maior,1
8812,O'Neill's Music of Ireland (1850),The Old Woman Lamenting Her Purse.,6/8,6/8,composto,2,16.17,33,95,2,menor,2
8813,O'Neill's Music of Ireland (1850),The Old Woman Tossed Up in a Blanket.,6/8,6/8,composto,2,16,32,86,9,maior,3
8814,O'Neill's Music of Ireland (1850),The One Legged Man.,6/8,6/8,composto,2,16.17,33,91,2,maior,4
8815,O'Neill's Music of Ireland (1850),The Onehorned Cow,6/8,6/8,composto,0,16,32,93,7,maior,0
8816,O'Neill's Music of Ireland (1850),The Orange Rogue,6/8,6/8,composto,2,16.17,33,81,4,menor,1
8817,O'Neill's Music of Ireland (1850),The Penniless Traveller.,6/8,6/8,composto,2,15.83,32,91,0,maior,2
8818,O'Neill's Music of Ireland (1850),The Piper's Picnic,6/8,6/8,composto,2,16,32,97,9,maior,3
8819,O'Neill's Music of Ireland (1850),The Pleasures of Life,6/8,6/8,composto,2,16,32,82,7,maior,4
8820,O'Neill's Music of Ireland (1850),The Priest and His Boots,6/8,6/8,composto,2,16,32,91,2,maior,0
8821,O'Neill's Music of Ireland (1850),The Priest with the Collar,6/8,6/8,composto,2,24,48,129,7,maior,1
8822,O'Neill's Music of Ireland (1850),The Priest's Leap.,6/8,6/8,composto,2,16,32,91,7,maior,2
8823,O'Neill's Music of Ireland (1850),The Races at Carrick,6/8,6/8,composto,2,16,32,86,2,maior,3
8824,O'Neill's Music of Ireland (1850),The Rakes of Clonmel.,6/8,6/8,composto,2,27.83,56,160,9,menor,4
8825,O'Neill's Music of Ireland (1850),The Rakes of Kildare,6/8,6/8,composto,2,16,32,82,2,maior,0
8826,O'Neill's Music of Ireland (1850),The Rambler From Clare,6/8,6/8,composto,2,16,32,96,9,menor,1
8827,O'Neill's Music of Ireland (1850),The Ranting Rake.,6/8,6/8,composto,2,16,32,86,7,maior,2
8828,O'Neill's Music of Ireland (1850),The Redhaired Hag.,6/8,6/8,composto,2,17,34,96,9,maior,3
8829,O'Neill's Music of Ireland (1850),The Rivals,6/8,6/8,composto,2,24,48,143,9,maior,4
8830,O'Neill's Music of Ireland (1850),The Road to Lurgan,6/8,6/8,composto,4,16.17,32,80,7,maior,0
8831,O'Neill's Music of Ireland (1850),The Ruins of Killmallock,6/8,6/8,composto,2,16,32,95,9,maior,1
8832,O'Neill's Music of Ireland (1850),The Runaway Bride.,6/8,6/8,composto,2,15.83,32,94,7,maior,2
8833,O'Neill's Music of Ireland (1850),The Sheep on the Mountains,6/8,6/8,composto,2,32.17,65,137,2,maior,3
8834,O'Neill's Music of Ireland (1850),The Short Grass,6/8,6/8,composto,2,19.83,40,113,0,maior,4
8835,O'Neill's Music of Ireland (1850),The Short Grass,6/8,6/8,composto,2,19.83,40,112,0,maior,0
8836,O'Neill's Music of Ireland (1850),The Silken Vallet,6/8,6/8,composto,2,19.83,40,105,4,menor,1
8837,O'Neill's Music of Ireland (1850),The Sod of Turf.,6/8,6/8,composto,2,16,32,87,2,maior,2
8838,O'Neill's Music of Ireland (1850),The Southern Breeze,6/8,6/8,composto,2,16,32,80,9,maior,3
8839,O'Neill's Music of Ireland (1850),The Spinner's Lilt,6/8,6/8,composto,0,16,32,87,2,maior,4
8840,O'Neill's Music of Ireland (1850),The Sporting Bachelor,6/8,6/8,composto,2,16,32,84,7,maior,0
8841,O'Neill's Music of Ireland (1850),The Spotted Cow,6/8,6/8,composto,0,24,48,136,2,maior,1
8842,O'Neill's Music of Ireland (1850),The Spring Well,6/8,6/8,composto,0,15.83,31,87,4,menor,2
8843,O'Neill's Music of Ireland (1850),The Storyteller,6/8,6/8,composto,2,16,32,95,0,maior,3
8844,O'Neill's Music of Ireland (1850),The Tailor's Thimble,6/8,6/8,composto,2,17.67,36,101,2,maior,4
8845,O'Neill's Music of Ireland (1850),The Templehouse Jig,6/8,6/8,composto,0,19.67,39,92,4,menor,0
8846,O'Neill's Music of Ireland (1850),The Templehouse Jig,6/8,6/8,composto,0,19.67,39,106,4,menor,1
8847,O'Neill's Music of Ireland (1850),The Tenpenny Bit. 1st Setting.,6/8,6/8,composto,2,16,32,90,2,maior,2
8848,O'Neill's Music of Ireland (1850),The Tenpenny Bit. 2nd Setting.,6/8,6/8,composto,2,16,32,88,4,menor,3
8849,O'Neill's Music of Ireland (1850),The Thatcher,6/8,6/8,composto,2,16,32,92,9,maior,4
8850,O'Neill's Music of Ireland (1850),The Thief of Lough Erne,6/8,6/8,composto,2,19.83,40,109,7,maior,0
8851,O'Neill's Music of Ireland (1850),The Three Little Drummers,6/8,6/8,composto,2,24,48,141,2,maior,1
8852,O'Neill's Music of Ireland (1850),The Thrush's Nest,6/8,6/8,composto,0,16,32,101,2,maior,2
8853,O'Neill's Music of Ireland (1850),The Tongs by the Fire,6/8,6/8,composto,2,16,32,94,7,maior,3
8854,O'Neill's Music of Ireland (1850),The Top Of The Hill.,6/8,6/8,composto,0,16,32,83,4,menor,4
8855,O'Neill's Music of Ireland (1850),The Top of Cork Road,6/8,6/8,composto,2,16,32,94,2,maior,0
8856,O'Neill's Music of Ireland (1850),The Twopenny Jig,6/8,6/8,composto,0,21,42,117,5,maior,1
8857,O'Neill's Music of Ireland (1850),The Unfortunate Rake,6/8,6/8,composto,2,16,32,92,4,menor,2
8858,O'Neill's Music of Ireland (1850),The Victor's Return,6/8,6/8,composto,2,16,32,89,2,maior,3
8859,O'Neill's Music of Ireland (1850),The Wheels of the World.,6/8,6/8,composto,2,19.83,40,108,7,maior,4
8860,O'Neill's Music of Ireland (1850),The Whin Blossom,6/8,6/8,composto,2,16,32,87,2,maior,0
8861,O'Neill's Music of Ireland (1850),The White Petticoat.,6/8,6/8,composto,2,16,32,94,4,menor,1
8862,O'Neill's Music of Ireland (1850),The Widow Brady,6/8,6/8,composto,2,16,32,91,2,maior,2
8863,O'Neill's Music of Ireland (1850),The Windy Height,6/8,6/8,composto,2,16,32,74,2,maior,3
8864,O'Neill's Music of Ireland (1850),The Yellow Flail,6/8,6/8,composto,2,24,48,129,7,maior,4
8865,O'Neill's Music of Ireland (1850),The first Night in America,6/8,6/8,composto,2,16,32,94,7,maior,0
8866,O'Neill's Music of Ireland (1850),Thomas Leixlip the Proud,6/8,6/8,composto,2,19.33,39,137,2,maior,1
8867,O'Neill's Music of Ireland (1850),Threshing the Barley,6/8,6/8,composto,2,16,32,93,7,maior,2
8868,O'Neill's Music of Ireland (1850),Tie the Petticoat Tighter.,6/8,6/8,composto,4,20.17,40,104,9,menor,3
8869,O'Neill's Music of Ireland (1850),Tim Hogan's Jig,6/8,6/8,composto,0,24,48,135,9,menor,4
8870,O'Neill's Music of Ireland (1850),Tim The Thatcher,6/8,6/8,composto,2,16,32,82,9,maior,0
8871,O'Neill's Music of Ireland (1850),Tim the Thatcher,6/8,6/8,composto,2,16,32,82,9,maior,1
8872,O'Neill's Music of Ireland (1850),Tip the Cruiskeen,6/8,6/8,composto,0,16,32,82,9,maior,2
8873,O'Neill's Music of Ireland (1850),Tobin's Favorite.,6/8,6/8,composto,2,16,32,98,2,maior,3
8874,O'Neill's Music of Ireland (1850),Tommy Johnson,6/8,6/8,composto,0,15.67,31,70,2,maior,4
8875,O'Neill's Music of Ireland (1850),Tossing on the Waves,6/8,6/8,composto,0,16,32,79,7,maior,0
8876,O'Neill's Music of Ireland (1850),Tralibane Bridge,6/8,6/8,composto,0,23.83,47,114,7,menor,1
8877,O'Neill's Music of Ireland (1850),Trip It Up Stairs,6/8,6/8,composto,0,24,48,122,2,maior,2
8878,O'Neill's Music of Ireland (1850),WHEN SICK IS IT TEA YOU WANT?,6/8,6/8,composto,0,15.83,31,88,2,maior,3
8879,O'Neill's Music of Ireland (1850),Wait Awhile.,6/8,6/8,composto,2,16,32,91,9,maior,4
8880,O'Neill's Music of Ireland (1850),Wallop the Spot,6/8,6/8,composto,0,32,64,171,2,maior,0
8881,O'Neill's Music of Ireland (1850),Was'nt She Fond of Me?,6/8,6/8,composto,2,16.17,33,98,9,menor,1
8882,O'Neill's Music of Ireland (1850),Welcome To Cork,6/8,6/8,composto,2,16,32,91,4,menor,2
8883,O'Neill's Music of Ireland (1850),Welcome to Cork,6/8,6/8,composto,2,16,32,91,4,menor,3
8884,O'Neill's Music of Ireland (1850),What Ails You?,6/8,6/8,composto,2,16,32,74,2,maior,4
8885,O'Neill's Music of Ireland (1850),When Erin First Rose,6/8,6/8,composto,2,16,32,93,7,menor,0
8886,O'Neill's Music of Ireland (1850),When William At Eve.,6/8,6/8,composto,2,16,32,89,0,maior,1
8887,O'Neill's Music of Ireland (1850),When the Cock Crows it is Day.,6/8,6/8,composto,2,16,32,80,0,maior,2
8888,O'Neill's Music of Ireland (1850),When the Cock Crows it it Day.,6/8,6/8,composto,2,16,32,80,7,menor,3
8889,O'Neill's Music of Ireland (1850),Where Are You Going Love?,6/8,6/8,composto,2,16,32,95,7,maior,4
8890,O'Neill's Music of Ireland (1850),While Gazing on the Moonlight,6/8,6/8,composto,2,24,48,90,2,menor,0
8891,O'Neill's Music of Ireland (1850),Whiskey and Water,6/8,6/8,composto,0,20,40,87,4,menor,1
8892,O'Neill's Music of Ireland (1850),Whistle and I'll Wait For You,6/8,6/8,composto,2,9.83,20,62,2,maior,2
8893,O'Neill's Music of Ireland (1850),Will My Love Be True?,6/8,6/8,composto,2,16,32,76,7,maior,3
8894,O'Neill's Music of Ireland (1850),Will You Come Home With Me?,6/8,6/8,composto,2,16,32,90,7,maior,4
8895,O'Neill's Music of Ireland (1850),Will You Come Home With Me?,6/8,6/8,composto,2,16,32,94,4,menor,0
8896,O'Neill's Music of Ireland (1850),Willy Walsh's Jig,6/8,6/8,composto,2,16,32,90,2,maior,1
8897,O'Neill's Music of Ireland (1850),Yellow John,6/8,6/8,composto,2,24,48,122,11,menor,2
8898,O'Neill's Music of Ireland (1850),Yellow John,6/8,6/8,composto,2,16,32,89,2,maior,3
8899,O'Neill's Music of Ireland (1850),You Stole My Heart Away,6/8,6/8,composto,2,16,32,86,7,menor,4
8900,O'Neill's Music of Ireland (1850),You'll Never Be Any Good,6/8,6/8,composto,0,15.67,31,70,2,maior,0
8901,O'Neill's Music of Ireland (1850),Young Francis Mooney,6/8,6/8,composto,2,16,32,89,2,maior,1
8902,O'Neill's Music of Ireland (1850),Young Tim Murphy,6/8,6/8,composto,2,16,32,86,2,maior,2
8903,O'Neill's Music of Ireland (1850),Young Tom Ennis.,6/8,6/8,composto,2,16,32,96,4,menor,3
8904,O'Neill's Music of Ireland (1850),the Black Lettered List,6/8,6/8,composto,2,16,32,96,7,maior,4
8905,O'Neill's Music of Ireland (1850),the Boy of My Heart,6/8,6/8,composto,4,16.17,32,85,7,maior,0
8906,O'Neill's Music of Ireland (1850),the Boys of Carrigallen,6/8,6/8,composto,2,16,32,83,9,menor,1
8907,O'Neill's Music of Ireland (1850),the Fairy Cobbler,6/8,6/8,composto,2,20,40,79,7,menor,2
8908,O'Neill's Music of Ireland (1850),the Fox and His Wife,6/8,6/8,composto,2,9.83,20,49,7,maior,3
8909,O'Neill's Music of Ireland (1850),the Gentle Maiden,6/8,6/8,composto,2,16,32,67,0,maior,4
8910,O'Neill's Music of Ireland (1850),the Maid of Selma,6/8,6/8,composto,0,23.83,47,94,4,menor,0
8911,O'Neill's Music of Ireland (1850),the Man With the Red Cloak,6/8,6/8,composto,0,31.5,63,129,0,maior,1
8912,O'Neill's Music of Ireland (1850),the New Langolee,6/8,6/8,composto,2,16,32,97,7,maior,2
8913,O'Neill's Music of Ireland (1850),the Old Beggarman,6/8,6/8,composto,2,16,32,90,2,maior,3
8914,O'Neill's Music of Ireland (1850),the Old Langolee,6/8,6/8,composto,0,16,32,83,7,maior,4
8915,O'Neill's Music of Ireland (1850),the Peeler and the Goat,6/8,6/8,composto,2,16,32,78,9,menor,0
8916,O'Neill's Music of Ireland (1850),the Smile of Nancy Barlow,6/8,6/8,composto,2,24,48,93,7,menor,1
8917,O'Neill's Music of Ireland (1850),the Wink of Her Eye,6/8,6/8,composto,2,16,32,90,7,maior,2
8918,O'Neill's Music of Ireland (1850),A Blast of Wind,9/8,9/8,composto,0,12,36,90,2,maior,3
8919,O'Neill's Music of Ireland (1850),A Bunch of Haws.,9/8,9/8,composto,0,12,36,108,4,menor,4
8920,O'Neill's Music of Ireland (1850),A Fig for a Kiss.,9/8,9/8,composto,0,11.89,35,88,4,menor,0
8921,O'Neill's Music of Ireland (1850),A Whack at the Whigs.,9/8,9/8,composto,2,8.11,25,60,0,maior,1
8922,O'Neill's Music of Ireland (1850),Another Jig Will Do!,9/8,9/8,composto,0,12,36,71,2,maior,2
8923,O'Neill's Music of Ireland (1850),Baltiorum,9/8,9/8,composto,0,8,24,63,4,menor,3
8924,O'Neill's Music of Ireland (1850),Barney Brallaghan.,9/8,9/8,composto,0,16,48,106,2,maior,4
8925,O'Neill's Music of Ireland (1850),Biddy from Limerick.,9/8,9/8,composto,0,8,24,59,2,maior,0
8926,O'Neill's Music of Ireland (1850),Blind Billy,9/8,9/8,composto,0,12,36,95,2,maior,1
8927,O'Neill's Music of Ireland (1850),Blind Billy,9/8,9/8,composto,0,12,36,95,2,maior,2
8928,O'Neill's Music of Ireland (1850),Come Up Stairs with Me.,9/8,9/8,composto,2,12,36,99,4,menor,3
8929,O'Neill's Music of Ireland (1850),Dever the Dancer.,9/8,9/8,composto,0,12,36,102,2,maior,4
8930,O'Neill's Music of Ireland (1850),Dont Leave Me Alone.,9/8,9/8,composto,0,7.78,23,60,7,maior,0
8931,O'Neill's Music of Ireland (1850),Dress Her Out in Fine Clothes.,9/8,9/8,composto,0,12,36,85,2,maior,1
8932,O'Neill's Music of Ireland (1850),Dublin Streets.,9/8,9/8,composto,0,11.78,35,91,4,menor,2
8933,O'Neill's Music of Ireland (1850),Ellen O'Grady,9/8,9/8,composto,0,12,36,98,9,maior,3
8934,O'Neill's Music of Ireland (1850),Give Us a Drink of Water,9/8,9/8,composto,2,12,36,101,2,maior,4
8935,O'Neill's Music of Ireland (1850),Gurty's Frolics.,9/8,9/8,composto,0,36,108,315,2,maior,0
8936,O'Neill's Music of Ireland (1850),Hardy Man The Fiddler,9/8,9/8,composto,0,12,36,95,2,maior,1
8937,O'Neill's Music of Ireland (1850),Hardy Man the Fiddler,9/8,9/8,composto,0,12,36,95,2,maior,2
8938,O'Neill's Music of Ireland (1850),Here's Good Health to the Piper!,9/8,9/8,composto,0,8,24,63,9,maior,3
8939,O'Neill's Music of Ireland (1850),Hills of Ireland. The,9/8,9/8,composto,0,8,24,64,4,menor,4
8940,O'Neill's Music of Ireland (1850),Humors of Ballymanus,9/8,9/8,composto,0,12,36,99,2,maior,0
8941,O'Neill's Music of Ireland (1850),Hunting the Hare.,9/8,9/8,composto,2,8,24,60,2,maior,1
8942,O'Neill's Music of Ireland (1850),I'm the Boy for Bewitching Them.,9/8,9/8,composto,2,12,36,103,4,menor,2
8943,O'Neill's Music of Ireland (1850),It's a Pity I Can't See My Love,9/8,9/8,composto,2,12,36,86,4,menor,3
8944,O'Neill's Music of Ireland (1850),Jack on the Green.,9/8,9/8,composto,2,8.11,25,63,4,menor,4
8945,O'Neill's Music of Ireland (1850),Jerry Houlihan.,9/8,9/8,composto,0,24,72,195,2,maior,0
8946,O'Neill's Music of Ireland (1850),Johnny O'Shea.,9/8,9/8,composto,2,8,24,71,4,menor,1
8947,O'Neill's Music of Ireland (1850),Light and Airy!,9/8,9/8,composto,0,12,36,78,9,maior,2
8948,O'Neill's Music of Ireland (1850),Magowan's Jig.,9/8,9/8,composto,0,12,36,102,0,maior,3
8949,O'Neill's Music of Ireland (1850),Melancholy Martin.,9/8,9/8,composto,2,8,24,58,6,menor,4
8950,O'Neill's Music of Ireland (1850),"My Mind Will Never Be ""Aisy""",9/8,9/8,composto,2,12,36,96,4,menor,0
8951,O'Neill's Music of Ireland (1850),Paddy Now Wont You Be Easy?,9/8,9/8,composto,0,12,36,102,11,menor,1
8952,O'Neill's Music of Ireland (1850),Paddy O'Snap.,9/8,9/8,composto,0,7.78,23,62,2,maior,2
8953,O'Neill's Music of Ireland (1850),Reaping the Rye.,9/8,9/8,composto,0,11.89,35,92,4,menor,3
8954,O'Neill's Music of Ireland (1850),Riding a Mile. 1st Setting.,9/8,9/8,composto,0,9.78,29,74,6,menor,4
8955,O'Neill's Music of Ireland (1850),Riding a Mile. 2nd Setting.,9/8,9/8,composto,0,8,24,59,7,maior,0
8956,O'Neill's Music of Ireland (1850),Rocky Road to Dublin,9/8,9/8,composto,0,20,60,148,9,maior,1
8957,O'Neill's Music of Ireland (1850),Roudledum,9/8,9/8,composto,0,7.89,23,66,11,menor,2
8958,O'Neill's Music of Ireland (1850),Roudledum,9/8,9/8,composto,0,10,30,87,11,menor,3
8959,O'Neill's Music of Ireland (1850),Silvermore.,9/8,9/8,composto,0,8,24,64,11,menor,4
8960,O'Neill's Music of Ireland (1850),Sir Philip McHugh,9/8,9/8,composto,2,8,24,61,7,maior,0
8961,O'Neill's Music of Ireland (1850),Tea in the Morning,9/8,9/8,composto,0,12,36,88,7,maior,1
8962,O'Neill's Music of Ireland (1850),Tea in the Morning,9/8,9/8,composto,16,11.78,35,88,7,maior,2
8963,O'Neill's Music of Ireland (1850),Terry Hiegh Ho the Grinder. 1st Setting.,9/8,9/8,composto,0,12,36,93,7,maior,3
8964,O'Neill's Music of Ireland (1850),Terry Hiegh Ho the Grinder. 2nd Setting.,9/8,9/8,composto,2,8.11,25,65,7,maior,4
8965,O'Neill's Music of Ireland (1850),The Boys of Ballysadare,9/8,9/8,composto,0,16,48,99,7,maior,0
8966,O'Neill's Music of Ireland (1850),The Crow's Nest.,9/8,9/8,composto,0,12,36,81,2,maior,1
8967,O'Neill's Music of Ireland (1850),The Funny Mistake.,9/8,9/8,composto,2,8,24,64,0,maior,2
8968,O'Neill's Music of Ireland (1850),The Humors of Ballymanus,9/8,9/8,composto,0,12,36,99,2,maior,3
8969,O'Neill's Music of Ireland (1850),The Irish Girl.,9/8,9/8,composto,0,12,36,104,9,maior,4
8970,O'Neill's Music of Ireland (1850),The Kid on the Mountain.,9/8,9/8,composto,0,24,72,207,4,menor,0
8971,O'Neill's Music of Ireland (1850),The Merry Tailor,9/8,9/8,composto,2,9.33,28,67,2,maior,1
8972,O'Neill's Music of Ireland (1850),The Merry Tailor,9/8,9/8,composto,2,9.33,28,70,2,maior,2
8973,O'Neill's Music of Ireland (1850),The Night Before Larry Was Stretched,9/8,9/8,composto,2,9,27,76,7,menor,3
8974,O'Neill's Music of Ireland (1850),The Parson Boasts of Mild Ale,9/8,9/8,composto,0,15.89,47,127,7,menor,4
8975,O'Neill's Music of Ireland (1850),The Road to Athlone.,9/8,9/8,composto,2,8,24,69,2,menor,0
8976,O'Neill's Music of Ireland (1850),The Rocky Road To Dublin,9/8,9/8,composto,0,20,60,148,9,maior,1
8977,O'Neill's Music of Ireland (1850),The Swaggering Jig,9/8,9/8,composto,2,12,36,102,7,maior,2
8978,O'Neill's Music of Ireland (1850),The Wild Colt,9/8,9/8,composto,2,8,24,72,7,maior,3
8979,O'Neill's Music of Ireland (1850),Tipperary Hills.,9/8,9/8,composto,0,8,24,63,2,maior,4
8980,O'Neill's Music of Ireland (1850),To Limerick We Go,9/8,9/8,composto,2,8,24,64,4,menor,0
8981,O'Neill's Music of Ireland (1850),Turlough the Brave,9/8,9/8,composto,2,12,36,101,2,maior,1
8982,O'Neill's Music of Ireland (1850),Up and Down Again.,9/8,9/8,composto,0,8,24,72,4,menor,2
8983,O'Neill's Music of Ireland (1850),Will You Come Down to Limerick?,9/8,9/8,composto,2,21.11,64,180,7,maior,3
8984,O'Neill's Music of Ireland (1850),Will You Come Down to Limerick?,9/8,9/8,composto,0,17,51,135,7,maior,4
8985,O'Neill's Music of Ireland (1850),Will You Come In?,9/8,9/8,composto,0,13,39,88,2,maior,0
8986,O'Neill's Music of Ireland (1850),Yellow Legs,9/8,9/8,composto,0,16,48,138,2,maior,1
8987,O'Neill's Music of Ireland (1850),Dan Rogers' Jig.,12/8,12/8,composto,6,8,32,87,4,menor,2
8988,O'Neill's Music of Ireland (1850),The Beauties of Ireland,12/8,12/8,composto,0,9.08,36,92,2,maior,3
8989,Ryan's Mammoth Collection (1883),"""All the Go"" -- Reel",2/2,4/4,simples,0,16,64,114,4,maior,4
8990,Ryan's Mammoth Collection (1883),"""CHEESE IT!"" -- REEL.",2/2,4/4,simples,2,16.13,65,126,2,maior,0
8991,Ryan's Mammoth Collection (1883),"""On the Road"" -- Clog",2/2,4/4,simples,4,16.25,65,124,9,maior,1
8992,Ryan's Mammoth Collection (1883),"""Swallow"" Sloop of War -- Reel",2/2,4/4,simples,0,16,64,120,2,maior,2
8993,Ryan's Mammoth Collection (1883),ADMIRAL'S -- HORNPIPE,2/2,4/4,simples,4,16,64,118,7,maior,3
8994,Ryan's Mammoth Collection (1883),ALL THE WAY TO GALWAY -- REEL,2/2,4/4,simples,0,16,64,110,4,menor,4
8995,Ryan's Mammoth Collection (1883),ALLY CROAKER'S FAVORITE -- REEL,2/2,4/4,simples,0,16,64,105,2,maior,0
8996,Ryan's Mammoth Collection (1883),All the Rage -- Reel,2/2,4/4,simples,2,8.88,36,59,7,maior,1
8997,Ryan's Mammoth Collection (1883),Around the World -- Reel,2/2,4/4,simples,0,8,32,61,9,menor,2
8998,Ryan's Mammoth Collection (1883),Avalanche (Lancashire) -- Clog,2/2,4/4,simples,0,15.75,63,116,9,maior,3
8999,Ryan's Mammoth Collection (1883),BANJO -- REEL,2/2,4/4,simples,4,8.75,35,56,4,menor,4
9000,Ryan's Mammoth Collection (1883),BELLES OF EDINBORO' -- HIGHLAND FLING,2/2,4/4,simples,4,16,64,109,9,maior,0
9001,Ryan's Mammoth Collection (1883),Because He Was a Bonnie Lad -- Reel,2/2,4/4,simples,2,16,64,142,7,maior,1
9002,Ryan's Mammoth Collection (1883),Bella Union -- Reel,2/2,4/4,simples,4,16,64,111,4,maior,2
9003,Ryan's Mammoth Collection (1883),Belles of Omaha -- Reel,2/2,4/4,simples,0,16.5,66,124,4,menor,3
9004,Ryan's Mammoth Collection (1883),Blackwat:er -- Reel,2/2,4/4,simples,4,16.13,64,121,7,maior,4
9005,Ryan's Mammoth Collection (1883),Bonnie Annie -- Clog,2/2,4/4,simples,4,16,64,121,4,maior,0
9006,Ryan's Mammoth Collection (1883),CLEMENS' -- REEL.,2/2,4/4,simples,0,15.75,63,113,2,menor,1
9007,Ryan's Mammoth Collection (1883),"CLYDE-SIDE LASSIES, -- REEL.",2/2,4/4,simples,0,16.38,65,126,5,maior,2
9008,Ryan's Mammoth Collection (1883),COL. McBAIN'S -- REEL.,2/2,4/4,simples,4,16.25,65,123,7,menor,3
9009,Ryan's Mammoth Collection (1883),COME TO YOUR TAY -- REEL,2/2,4/4,simples,0,16,64,113,2,maior,4
9010,Ryan's Mammoth Collection (1883),Caledonian Laddie -- Hornpipe,2/2,4/4,simples,0,17.38,69,105,11,menor,0
9011,Ryan's Mammoth Collection (1883),Cameron's Favorite (Lancashire) -- Clog,2/2,4/4,simples,4,16,64,113,7,maior,1
9012,Ryan's Mammoth Collection (1883),Centennial -- Hornpipe,2/2,4/4,simples,4,17,68,123,10,maior,2
9013,Ryan's Mammoth Collection (1883),Chandler's -- Hornpipe,2/2,4/4,simples,4,16,64,110,0,maior,3
9014,Ryan's Mammoth Collection (1883),Charming Mollie's -- Reel,2/2,4/4,simples,2,16.13,65,119,7,maior,4
9015,Ryan's Mammoth Collection (1883),Clear the Track -- Hornpipe,2/2,4/4,simples,0,16.63,66,122,10,maior,0
9016,Ryan's Mammoth Collection (1883),Connemara's Pet -- Reel,2/2,4/4,simples,0,16,64,122,9,maior,1
9017,Ryan's Mammoth Collection (1883),Czar of Russia's Favorite -- Hornpipe,2/2,4/4,simples,0,17,68,123,5,maior,2
9018,Ryan's Mammoth Collection (1883),DOMINO -- HIGHLAND FLING,2/2,4/4,simples,4,8,32,54,7,maior,3
9019,Ryan's Mammoth Collection (1883),Dick Carrol's -- Clog,2/2,4/4,simples,4,16.63,66,124,0,menor,4
9020,Ryan's Mammoth Collection (1883),Dominion -- Reel,2/2,4/4,simples,4,16,64,112,0,maior,0
9021,Ryan's Mammoth Collection (1883),Donegall Boys' -- Reel,2/2,4/4,simples,0,16,64,120,4,menor,1
9022,Ryan's Mammoth Collection (1883),Dublin Lasses -- Reel,2/2,4/4,simples,2,16.13,65,115,2,menor,2
9023,Ryan's Mammoth Collection (1883),Empress -- Clog,2/2,4/4,simples,4,16,64,118,2,maior,3
9024,Ryan's Mammoth Collection (1883),Every-Body's -- Hornpipe,2/2,4/4,simples,4,16,64,122,0,maior,4
9025,Ryan's Mammoth Collection (1883),FLOWERS OF LIMERICK -- REEL.,2/2,4/4,simples,4,16,64,115,2,maior,0
9026,Ryan's Mammoth Collection (1883),Fight About the Fireside -- Reel,2/2,4/4,simples,2,16.13,65,127,0,maior,1
9027,Ryan's Mammoth Collection (1883),Fill Up The Bowl -- Reel,2/2,4/4,simples,2,15.75,63,107,4,menor,2
9028,Ryan's Mammoth Collection (1883),Five Leaved Clover -- Reel,2/2,4/4,simples,4,16.25,65,120,9,menor,3
9029,Ryan's Mammoth Collection (1883),Flirtat:ion -- Reel,2/2,4/4,simples,4,16,64,110,7,maior,4
9030,Ryan's Mammoth Collection (1883),Foxie Mary -- Reel,2/2,4/4,simples,2,16,64,116,2,maior,0
9031,Ryan's Mammoth Collection (1883),From Night Till Morn -- Reel,2/2,4/4,simples,0,16,64,114,4,menor,1
9032,Ryan's Mammoth Collection (1883),GOLDEN WREATH -- HORNPIPE,2/2,4/4,simples,4,16,64,121,2,maior,2
9033,Ryan's Mammoth Collection (1883),Harlequin -- Hornpipe,2/2,4/4,simples,0,15.75,63,115,2,maior,3
9034,Ryan's Mammoth Collection (1883),Hippodrome -- Reel,2/2,4/4,simples,4,16,64,124,7,menor,4
9035,Ryan's Mammoth Collection (1883),Hobble the Boutches -- Reel,2/2,4/4,simples,0,16,64,116,0,maior,0
9036,Ryan's Mammoth Collection (1883),JUDY MALEY'S -- REEL,2/2,4/4,simples,4,16,64,103,11,menor,1
9037,Ryan's Mammoth Collection (1883),Jenny Nettle's Fancy -- Reel,2/2,4/4,simples,0,16,64,118,2,maior,2
9038,Ryan's Mammoth Collection (1883),Jenny's Baby -- Reel,2/2,4/4,simples,2,16,64,127,2,maior,3
9039,Ryan's Mammoth Collection (1883),Jimmy Holmes' Favorite -- Reel,2/2,4/4,simples,0,16,64,101,2,maior,4
9040,Ryan's Mammoth Collection (1883),Johnny's Gone to France -- Reel,2/2,4/4,simples,0,16,64,122,7,maior,0
9041,Ryan's Mammoth Collection (1883),Kiss the Bride -- Reel,2/2,4/4,simples,4,16,64,124,7,maior,1
9042,Ryan's Mammoth Collection (1883),Kitty Clover's -- Reel,2/2,4/4,simples,2,16,64,118,2,maior,2
9043,Ryan's Mammoth Collection (1883),Kitty Clyde's -- Reel,2/2,4/4,simples,2,15.88,64,122,7,maior,3
9044,Ryan's Mammoth Collection (1883),LADY GARDNER'S -- REEL,2/2,4/4,simples,2,16.13,65,121,7,maior,4
9045,Ryan's Mammoth Collection (1883),LINCOLN'S -- HORNPIPE,2/2,4/4,simples,4,16,64,114,9,maior,0
9046,Ryan's Mammoth Collection (1883),LORD GORDON'S -- REEL,2/2,4/4,simples,4,16.25,65,119,2,maior,1
9047,Ryan's Mammoth Collection (1883),Ladies' Pandeletts -- Reel,2/2,4/4,simples,0,16,64,113,5,maior,2
9048,Ryan's Mammoth Collection (1883),Lady Forbe's Reel,2/2,4/4,simples,0,16,64,120,2,maior,3
9049,Ryan's Mammoth Collection (1883),Lady Jane Gray's -- Reel,2/2,4/4,simples,0,16,64,120,7,maior,4
9050,Ryan's Mammoth Collection (1883),Lady Montgomery's -- Reel,2/2,4/4,simples,0,16,64,115,2,maior,0
9051,Ryan's Mammoth Collection (1883),Larry O'Niel's -- Clog,2/2,4/4,simples,4,16,64,116,9,maior,1
9052,Ryan's Mammoth Collection (1883),League and Slasher -- Reel,2/2,4/4,simples,4,16,64,117,11,menor,2
9053,Ryan's Mammoth Collection (1883),Let's be Gay,2/2,4/4,simples,0,8,32,53,4,menor,3
9054,Ryan's Mammoth Collection (1883),Little Dukes -- Reel,2/2,4/4,simples,0,8,32,60,7,maior,4
9055,Ryan's Mammoth Collection (1883),Lord Dalhousie's -- Reel,2/2,4/4,simples,2,16,64,126,2,maior,0
9056,Ryan's Mammoth Collection (1883),Lord James Murray's -- Reel,2/2,4/4,simples,2,16,64,130,2,maior,1
9057,Ryan's Mammoth Collection (1883),MARQUIS OF BOWMONT -- REEL.,2/2,4/4,simples,2,16,64,128,10,maior,2
9058,Ryan's Mammoth Collection (1883),MARQUIS OF HUNTLEY'S -- HIGHLAND FLING,2/2,4/4,simples,2,15.94,64,132,2,maior,3
9059,Ryan's Mammoth Collection (1883),MERRY LADS OF AYER -- REEL.,2/2,4/4,simples,2,16.13,65,129,2,maior,4
9060,Ryan's Mammoth Collection (1883),MERRY NIGHT AT TUMBLE BRIG -- REEL.,2/2,4/4,simples,0,16,64,125,4,menor,0
9061,Ryan's Mammoth Collection (1883),MINEAPOLIS -- HORNPIPE,2/2,4/4,simples,4,16,64,124,10,maior,1
9062,Ryan's Mammoth Collection (1883),MISS DALY'S - JIG,2/2,4/4,simples,4,25,100,171,9,menor,2
9063,Ryan's Mammoth Collection (1883),MY BONNIE LADDIE -- HIGHLAND FLING,2/2,4/4,simples,2,16,64,140,7,maior,3
9064,Ryan's Mammoth Collection (1883),MY LOVE IS IN AMERICA -- REEL,2/2,4/4,simples,0,16,64,124,2,maior,4
9065,Ryan's Mammoth Collection (1883),Madame Del Caro's -- Hornpipe,2/2,4/4,simples,0,16,64,130,7,maior,0
9066,Ryan's Mammoth Collection (1883),Maid of Athens -- Reel,2/2,4/4,simples,0,16,64,118,2,maior,1
9067,Ryan's Mammoth Collection (1883),McDonald's -- Reel,2/2,4/4,simples,2,15.88,64,123,7,maior,2
9068,Ryan's Mammoth Collection (1883),Miss Campbell's -- Reel,2/2,4/4,simples,2,16,64,126,0,maior,3
9069,Ryan's Mammoth Collection (1883),Miss Jess. Wat:son's -- Hornpipe,2/2,4/4,simples,2,15.88,64,116,10,maior,4
9070,Ryan's Mammoth Collection (1883),Miss Kelly's -- Reel,2/2,4/4,simples,0,16,64,121,2,maior,0
9071,Ryan's Mammoth Collection (1883),Morton's -- Reel,2/2,4/4,simples,4,15.75,63,110,7,maior,1
9072,Ryan's Mammoth Collection (1883),Mrs. Kinloch's -- Reel,2/2,4/4,simples,2,16,64,121,7,maior,2
9073,Ryan's Mammoth Collection (1883),Muldoon's Favorite -- Reel,2/2,4/4,simples,0,16,64,119,7,maior,3
9074,Ryan's Mammoth Collection (1883),Mullin's Favorite -- Reel,2/2,4/4,simples,4,16,64,116,9,maior,4
9075,Ryan's Mammoth Collection (1883),My Love Is Far Away -- Reel,2/2,4/4,simples,4,16,64,116,9,menor,0
9076,Ryan's Mammoth Collection (1883),NEW LINE -- REEL,2/2,4/4,simples,0,16,64,122,2,maior,1
9077,Ryan's Mammoth Collection (1883),NIMBLE FINGER'S -- REEL.,2/2,4/4,simples,0,16,64,115,0,maior,2
9078,Ryan's Mammoth Collection (1883),News Boys' -- Hornpipe,2/2,4/4,simples,4,16,64,119,5,maior,3
9079,Ryan's Mammoth Collection (1883),North Star -- Hornpipe,2/2,4/4,simples,4,16,64,115,10,maior,4
9080,Ryan's Mammoth Collection (1883),OLD TEMPLE HOUSE -- REEL,2/2,4/4,simples,0,16,64,116,2,maior,0
9081,Ryan's Mammoth Collection (1883),Old Maids of Galway -- Reel,2/2,4/4,simples,0,16,64,101,4,menor,1
9082,Ryan's Mammoth Collection (1883),Olive-Branch -- Hornpipe,2/2,4/4,simples,0,15.75,63,115,9,maior,2
9083,Ryan's Mammoth Collection (1883),PEELER'S JACKET -- REEL,2/2,4/4,simples,4,16,64,124,2,maior,3
9084,Ryan's Mammoth Collection (1883),Paddy on the Turnpike -- Reel,2/2,4/4,simples,4,16,64,119,2,menor,4
9085,Ryan's Mammoth Collection (1883),Pretty Jane's -- Reel,2/2,4/4,simples,0,15.75,63,114,9,maior,0
9086,Ryan's Mammoth Collection (1883),Push About the Jorum -- Strathspey,2/2,4/4,simples,2,16.13,65,127,4,menor,1
9087,Ryan's Mammoth Collection (1883),Queen of Club's -- Reel,2/2,4/4,simples,4,16.25,65,120,7,maior,2
9088,Ryan's Mammoth Collection (1883),Queen's Guards -- Reel,2/2,4/4,simples,2,15.75,63,111,9,maior,3
9089,Ryan's Mammoth Collection (1883),RICKER'S -- HORNPIPE,2/2,4/4,simples,4,16,64,108,2,maior,4
9090,Ryan's Mammoth Collection (1883),ROY'S WIFE -- HIGHLAND FLING,2/2,4/4,simples,0,15.88,63,144,7,maior,0
9091,Ryan's Mammoth Collection (1883),Rat:tle the Bottles -- Reel,2/2,4/4,simples,2,16,64,124,4,menor,1
9092,Ryan's Mammoth Collection (1883),Riley's Favorite,2/2,4/4,simples,4,16,64,111,2,maior,2
9093,Ryan's Mammoth Collection (1883),"SINK HIM, DODDIE -- HIGHLAND FLING",2/2,4/4,simples,0,16,64,121,9,maior,3
9094,Ryan's Mammoth Collection (1883),SMASH THE WINDOWS -- REEL,2/2,4/4,simples,0,8,32,55,7,maior,4
9095,Ryan's Mammoth Collection (1883),STEAMBOAT -- HORNPIPE,2/2,4/4,simples,4,16,64,107,7,maior,0
9096,Ryan's Mammoth Collection (1883),Ships are Sailing -- Reel,2/2,4/4,simples,4,16.25,65,126,4,menor,1
9097,Ryan's Mammoth Collection (1883),Sleepy Maggie -- Reel,2/2,4/4,simples,0,16,64,122,11,menor,2
9098,Ryan's Mammoth Collection (1883),Snow-Flake -- Hornpipe,2/2,4/4,simples,4,16,64,119,9,maior,3
9099,Ryan's Mammoth Collection (1883),THE BLACK-EYED LASSIE -- REEL.,2/2,4/4,simples,2,16,64,128,7,menor,4
9100,Ryan's Mammoth Collection (1883),THE BOSTON BOYS' -- REEL,2/2,4/4,simples,0,16,64,121,0,maior,0
9101,Ryan's Mammoth Collection (1883),THE BOYNE HUNT -- REEL,2/2,4/4,simples,4,16.25,65,126,2,maior,1
9102,Ryan's Mammoth Collection (1883),THE JOLLY SEVEN -- REEL,2/2,4/4,simples,0,16,64,121,9,menor,2
9103,Ryan's Mammoth Collection (1883),THE PRIMROSE LASS -- REEL,2/2,4/4,simples,0,16,64,117,7,maior,3
9104,Ryan's Mammoth Collection (1883),THE RAKISH HIGHLANDER -- REEL,2/2,4/4,simples,0,16,64,118,11,menor,4
9105,Ryan's Mammoth Collection (1883),THE SCOTCH PATRIOT'S -- REEL,2/2,4/4,simples,4,16.88,67,121,2,maior,0
9106,Ryan's Mammoth Collection (1883),TIBBIE INGLIS' FANCY -- FLING,2/2,4/4,simples,0,9,36,66,2,maior,1
9107,Ryan's Mammoth Collection (1883),TIN WEDDING -- HORNPIPE,2/2,4/4,simples,4,16,64,121,0,maior,2
9108,Ryan's Mammoth Collection (1883),TOM AND JERRY -- REEL.,2/2,4/4,simples,4,16,64,121,2,maior,3
9109,Ryan's Mammoth Collection (1883),TULLOCHGORUM -- REEL,2/2,4/4,simples,2,16.13,65,123,7,maior,4
9110,Ryan's Mammoth Collection (1883),The Banks of Enverness -- Reel,2/2,4/4,simples,0,16,64,119,2,maior,0
9111,Ryan's Mammoth Collection (1883),The Countess of Louden's -- Reel,2/2,4/4,simples,2,16,64,122,2,maior,1
9112,Ryan's Mammoth Collection (1883),The Devil Among the Tailors -- Reel,2/2,4/4,simples,2,15.88,64,114,9,maior,2
9113,Ryan's Mammoth Collection (1883),The First of May -- Reel,2/2,4/4,simples,4,16,64,115,2,menor,3
9114,Ryan's Mammoth Collection (1883),The Jolly Tinker's Reel,2/2,4/4,simples,4,18,72,125,7,maior,4
9115,Ryan's Mammoth Collection (1883),The Ladus -- Reel,2/2,4/4,simples,4,16.25,65,117,7,maior,0
9116,Ryan's Mammoth Collection (1883),The Miller's Maid,2/2,4/4,simples,4,16.25,65,111,2,maior,1
9117,Ryan's Mammoth Collection (1883),The Roving Bachelor -- Reel,2/2,4/4,simples,4,16.25,65,112,4,menor,2
9118,Ryan's Mammoth Collection (1883),The Rowan Tree -- Reel,2/2,4/4,simples,2,16.13,65,123,4,menor,3
9119,Ryan's Mammoth Collection (1883),The Tin-Ware Lass -- Reel,2/2,4/4,simples,4,16,64,110,7,maior,4
9120,Ryan's Mammoth Collection (1883),Tulloch -- Reel,2/2,4/4,simples,2,16.13,65,140,9,maior,0
9121,Ryan's Mammoth Collection (1883),Uncle Tom's Best -- Jig,2/2,4/4,simples,2,16.13,65,107,4,menor,1
9122,Ryan's Mammoth Collection (1883),VESTRI'S -- HORNPIPE,2/2,4/4,simples,4,16,64,115,2,maior,2
9123,Ryan's Mammoth Collection (1883),Village Bells -- Hornpipe,2/2,4/4,simples,4,16,64,126,3,maior,3
9124,Ryan's Mammoth Collection (1883),WELCOME HERE AGAIN -- REEL,2/2,4/4,simples,0,9,36,65,2,maior,4
9125,Ryan's Mammoth Collection (1883),WHO MADE YOUR BREECHES? -- REEL,2/2,4/4,simples,0,16,64,114,11,menor,0
9126,Ryan's Mammoth Collection (1883),Wee Bit -- Reel,2/2,4/4,simples,4,16.25,65,115,2,maior,1
9127,Ryan's Mammoth Collection (1883),Weel May the Keel Row -- Reel,2/2,4/4,simples,2,16,64,110,2,maior,2
9128,Ryan's Mammoth Collection (1883),"""All Aboard"" -- Reel",2/4,2/4,simples,2,16,32,108,2,maior,3
9129,Ryan's Mammoth Collection (1883),"""Limber Up"" -- Reel",2/4,2/4,simples,0,16,32,97,7,maior,4
9130,Ryan's Mammoth Collection (1883),"""You Bet"" -- Reel",2/4,2/4,simples,2,15.75,32,111,4,menor,0
9131,Ryan's Mammoth Collection (1883),'NEATH THE MOONLIGHT -- REEL,2/4,2/4,simples,2,10,20,75,6,menor,1
9132,Ryan's Mammoth Collection (1883),7th Regiment -- Reel,2/4,2/4,simples,0,15.75,31,115,9,maior,2
9133,Ryan's Mammoth Collection (1883),AMERICAN RIFLE TEAM -- HORNPIPE,2/4,2/4,simples,0,17.5,35,130,2,maior,3
9134,Ryan's Mammoth Collection (1883),Abitha Muggins' Favorite -- Reel,2/4,2/4,simples,0,16,32,120,4,menor,4
9135,Ryan's Mammoth Collection (1883),After the Hare -- Reel,2/4,2/4,simples,0,16,32,123,9,maior,0
9136,Ryan's Mammoth Collection (1883),Aldridges -- Hornpipe,2/4,2/4,simples,2,16,32,113,9,maior,1
9137,Ryan's Mammoth Collection (1883),American -- Hornpipe,2/4,2/4,simples,2,16,32,119,2,maior,2
9138,Ryan's Mammoth Collection (1883),Atlanta -- Hornpipe,2/4,2/4,simples,2,15.75,32,107,5,maior,3
9139,Ryan's Mammoth Collection (1883),BALL AND PIN -- HORNPIPE,2/4,2/4,simples,0,15.88,31,113,9,maior,4
9140,Ryan's Mammoth Collection (1883),BEAUX OF OAK HILL -- REEL,2/4,2/4,simples,2,16,32,112,2,maior,0
9141,Ryan's Mammoth Collection (1883),BELLES OF TIPPERARY -- REEL,2/4,2/4,simples,0,16,32,108,2,maior,1
9142,Ryan's Mammoth Collection (1883),BLODGETT'S -- REEL,2/4,2/4,simples,2,16.25,33,126,2,maior,2
9143,Ryan's Mammoth Collection (1883),BONANZA -- HORNPIPE,2/4,2/4,simples,2,16,32,117,2,maior,3
9144,Ryan's Mammoth Collection (1883),Babbit's -- Hornpipe,2/4,2/4,simples,2,16,32,118,2,maior,4
9145,Ryan's Mammoth Collection (1883),Balkan -- Hornpipe,2/4,2/4,simples,2,16,32,118,2,maior,0
9146,Ryan's Mammoth Collection (1883),Bamford -- Hornpipe,2/4,2/4,simples,2,16,32,115,10,maior,1
9147,Ryan's Mammoth Collection (1883),Belle of Claremont -- Hornpipe,2/4,2/4,simples,0,15.75,31,109,0,maior,2
9148,Ryan's Mammoth Collection (1883),Belle of the Ball -- Hornpipe,2/4,2/4,simples,0,15.75,31,117,4,menor,3
9149,Ryan's Mammoth Collection (1883),Belles of South Boston -- Hornpipe,2/4,2/4,simples,2,16,32,119,7,maior,4
9150,Ryan's Mammoth Collection (1883),Bells of Lewiston -- Reel,2/4,2/4,simples,0,15.75,31,120,2,maior,0
9151,Ryan's Mammoth Collection (1883),Belvidere -- Hornpipe,2/4,2/4,simples,2,15.75,32,117,7,maior,1
9152,Ryan's Mammoth Collection (1883),Ben Lowry's -- Reel,2/4,2/4,simples,2,16,32,116,7,maior,2
9153,Ryan's Mammoth Collection (1883),Bennet's Favorite -- Reel,2/4,2/4,simples,2,16,32,122,2,maior,3
9154,Ryan's Mammoth Collection (1883),Betty Pringle's Pig -- Reel,2/4,2/4,simples,2,16,32,124,5,maior,4
9155,Ryan's Mammoth Collection (1883),Blackberry Blossom -- Reel,2/4,2/4,simples,0,16,32,111,4,menor,0
9156,Ryan's Mammoth Collection (1883),Blind Norry's -- Reel,2/4,2/4,simples,0,16,32,119,0,maior,1
9157,Ryan's Mammoth Collection (1883),Bluff -- Reel,2/4,2/4,simples,2,16,32,125,5,maior,2
9158,Ryan's Mammoth Collection (1883),Boyle O'Reilly's -- Reel,2/4,2/4,simples,2,16,32,115,4,menor,3
9159,Ryan's Mammoth Collection (1883),Bricklayer's -- Hornpipe,2/4,2/4,simples,2,16,32,120,5,maior,4
9160,Ryan's Mammoth Collection (1883),Buckley's Favorite -- Reel,2/4,2/4,simples,2,16,32,118,4,menor,0
9161,Ryan's Mammoth Collection (1883),Buena Vista -- Hornpipe,2/4,2/4,simples,2,16,32,115,10,maior,1
9162,Ryan's Mammoth Collection (1883),Byrne's Favorite -- Hornpipe,2/4,2/4,simples,2,16,32,122,2,maior,2
9163,Ryan's Mammoth Collection (1883),CALE SMITH'S PASTIME -- REEL,2/4,2/4,simples,2,16,32,115,9,maior,3
9164,Ryan's Mammoth Collection (1883),CASTLE -- HORNPIPE,2/4,2/4,simples,2,24,48,177,9,maior,4
9165,Ryan's Mammoth Collection (1883),CHORUS -- JIG,2/4,2/4,simples,2,32,64,238,7,maior,0
9166,Ryan's Mammoth Collection (1883),COLBERTH'S -- HORNPIPE,2/4,2/4,simples,2,16,32,114,7,maior,1
9167,Ryan's Mammoth Collection (1883),CROTON -- HORNPIPE,2/4,2/4,simples,2,16,32,117,0,maior,2
9168,Ryan's Mammoth Collection (1883),CURT LAWRENCE'S -- HORNPIPE,2/4,2/4,simples,2,16,32,110,4,menor,3
9169,Ryan's Mammoth Collection (1883),California -- Hornpipe,2/4,2/4,simples,2,16,32,113,5,maior,4
9170,Ryan's Mammoth Collection (1883),Calisthenic -- Hornpipe,2/4,2/4,simples,2,17.75,36,121,5,maior,0
9171,Ryan's Mammoth Collection (1883),Cape Cod -- Reel,2/4,2/4,simples,0,16.75,33,113,7,maior,1
9172,Ryan's Mammoth Collection (1883),Charming Kat:y's -- Reel,2/4,2/4,simples,2,16,32,115,9,maior,2
9173,Ryan's Mammoth Collection (1883),Cinncinnat:i -- Hornpipe,2/4,2/4,simples,0,15.75,31,122,2,maior,3
9174,Ryan's Mammoth Collection (1883),College -- Hornpipe,2/4,2/4,simples,2,16,32,105,10,maior,4
9175,Ryan's Mammoth Collection (1883),Congress Park -- Reel,2/4,2/4,simples,2,16,32,112,4,menor,0
9176,Ryan's Mammoth Collection (1883),Constitution -- Hornpipe,2/4,2/4,simples,3,16.13,32,114,5,maior,1
9177,Ryan's Mammoth Collection (1883),Coquette -- Hornpipe,2/4,2/4,simples,2,16,32,120,5,maior,2
9178,Ryan's Mammoth Collection (1883),Corinthian -- Hornpipe,2/4,2/4,simples,2,16,32,120,10,maior,3
9179,Ryan's Mammoth Collection (1883),Cuckoo -- Hornpipe,2/4,2/4,simples,2,16,32,105,2,maior,4
9180,Ryan's Mammoth Collection (1883),Cupid's Frolic -- Hornpipe,2/4,2/4,simples,2,16,32,112,9,maior,0
9181,Ryan's Mammoth Collection (1883),Cupido -- Hornpipe,2/4,2/4,simples,2,16,32,116,5,maior,1
9182,Ryan's Mammoth Collection (1883),DAN BACKUS' FAVORITE -- REEL.,2/4,2/4,simples,2,16.25,33,121,2,menor,2
9183,Ryan's Mammoth Collection (1883),DANISH -- HORNPIPE,2/4,2/4,simples,2,16,32,103,0,maior,3
9184,Ryan's Mammoth Collection (1883),DELAWARE -- HORNPIPE,2/4,2/4,simples,2,16,32,117,7,maior,4
9185,Ryan's Mammoth Collection (1883),DEMOCRATIC RAGE -- HORNPIPE,2/4,2/4,simples,2,16,32,113,10,maior,0
9186,Ryan's Mammoth Collection (1883),DEVIL'S DREAM -- REEL.,2/4,2/4,simples,2,16,32,120,9,maior,1
9187,Ryan's Mammoth Collection (1883),"Daffy, Don't You -- Reel",2/4,2/4,simples,2,16,32,125,10,maior,2
9188,Ryan's Mammoth Collection (1883),De Golyer -- Hornpipe,2/4,2/4,simples,2,16,32,120,5,maior,3
9189,Ryan's Mammoth Collection (1883),Deer-Foot -- Hornpipe,2/4,2/4,simples,2,16,32,120,5,maior,4
9190,Ryan's Mammoth Collection (1883),Democrat:ic -- Hornpipe,2/4,2/4,simples,2,16,32,119,7,menor,0
9191,Ryan's Mammoth Collection (1883),Derby -- Hornpipe,2/4,2/4,simples,2,16,32,123,7,maior,1
9192,Ryan's Mammoth Collection (1883),Devine's -- Hornpipe,2/4,2/4,simples,0,15.75,31,120,2,maior,2
9193,Ryan's Mammoth Collection (1883),Dew-Drop -- Hornpipe,2/4,2/4,simples,2,17,34,126,9,maior,3
9194,Ryan's Mammoth Collection (1883),Dundee -- Hornpipe,2/4,2/4,simples,2,16,32,124,2,maior,4
9195,Ryan's Mammoth Collection (1883),Durang's -- Hornpipe,2/4,2/4,simples,2,16,32,118,2,maior,0
9196,Ryan's Mammoth Collection (1883),Ebb Tide -- Hornpipe,2/4,2/4,simples,2,16,32,118,0,maior,1
9197,Ryan's Mammoth Collection (1883),Eclipse -- Hornpipe,2/4,2/4,simples,2,16,32,115,10,maior,2
9198,Ryan's Mammoth Collection (1883),Electric -- Hornpipe,2/4,2/4,simples,2,16,32,120,9,maior,3
9199,Ryan's Mammoth Collection (1883),Eyes Right,2/4,2/4,simples,2,17,34,127,2,maior,4
9200,Ryan's Mammoth Collection (1883),FAVORITE -- HORNPIPE,2/4,2/4,simples,2,16,32,119,7,maior,0
9201,Ryan's Mammoth Collection (1883),FIFE HUNT -- REEL.,2/4,2/4,simples,2,16,32,124,0,maior,1
9202,Ryan's Mammoth Collection (1883),FISHER'S -- HORNPIPE,2/4,2/4,simples,2,16,32,118,5,maior,2
9203,Ryan's Mammoth Collection (1883),FLORIDA CRACKERS' -- HORNPIPE,2/4,2/4,simples,2,16,32,122,5,maior,3
9204,Ryan's Mammoth Collection (1883),FLOWERS OF ST. PETERSBURG -- REEL,2/4,2/4,simples,2,16,32,119,5,maior,4
9205,Ryan's Mammoth Collection (1883),Flat: Foot -- Reel,2/4,2/4,simples,2,16,32,108,4,menor,0
9206,Ryan's Mammoth Collection (1883),Flowers of Cahirciveen -- Reel,2/4,2/4,simples,2,16,32,124,10,maior,1
9207,Ryan's Mammoth Collection (1883),Foresters -- Hornpipe,2/4,2/4,simples,2,16,32,117,2,maior,2
9208,Ryan's Mammoth Collection (1883),From Shore to Shore -- Reel,2/4,2/4,simples,2,16,32,117,9,maior,3
9209,Ryan's Mammoth Collection (1883),GRAPE-VINE TWISE -- JIG,2/4,2/4,simples,2,16.25,33,108,7,maior,4
9210,Ryan's Mammoth Collection (1883),Gen Longstreet's -- Reel,2/4,2/4,simples,0,15.75,31,112,2,maior,0
9211,Ryan's Mammoth Collection (1883),Gladiat:or -- Reel,2/4,2/4,simples,2,17,34,113,7,maior,1
9212,Ryan's Mammoth Collection (1883),Golden Eagle -- Hornpipe,2/4,2/4,simples,2,16,32,120,7,maior,2
9213,Ryan's Mammoth Collection (1883),Golden Wedding -- Hornpipe,2/4,2/4,simples,0,17.5,35,130,2,maior,3
9214,Ryan's Mammoth Collection (1883),Good For the Tongue -- Hornpipe,2/4,2/4,simples,2,16,32,125,7,menor,4
9215,Ryan's Mammoth Collection (1883),"Good-bye, Sweetheart -- Reel",2/4,2/4,simples,0,16,32,122,0,maior,0
9216,Ryan's Mammoth Collection (1883),Great: Eastern -- Reel,2/4,2/4,simples,2,16,32,122,2,maior,1
9217,Ryan's Mammoth Collection (1883),Green Fields of America -- Reel,2/4,2/4,simples,2,16,32,117,4,menor,2
9218,Ryan's Mammoth Collection (1883),HALF-PENNY -- REEL,2/4,2/4,simples,2,16,32,117,4,menor,3
9219,Ryan's Mammoth Collection (1883),HENRIETTA -- HORNPIPE,2/4,2/4,simples,0,15.75,31,103,5,maior,4
9220,Ryan's Mammoth Collection (1883),HIGHLAND SKIP -- REEL,2/4,2/4,simples,2,16.25,33,120,4,maior,0
9221,Ryan's Mammoth Collection (1883),HULL'S VICTORY -- HORNPIPE,2/4,2/4,simples,2,16,32,106,5,maior,1
9222,Ryan's Mammoth Collection (1883),HUNTSMANS' -- HORNPIPE,2/4,2/4,simples,2,16,32,108,0,maior,2
9223,Ryan's Mammoth Collection (1883),Harrison's Celebrat:ed -- Reel,2/4,2/4,simples,2,16,32,114,9,maior,3
9224,Ryan's Mammoth Collection (1883),Here and There -- Hornpipe,2/4,2/4,simples,2,16,32,122,9,maior,4
9225,Ryan's Mammoth Collection (1883),Highland -- Hornpipe,2/4,2/4,simples,3,16.13,32,125,10,maior,0
9226,Ryan's Mammoth Collection (1883),Hit or Miss -- Reel,2/4,2/4,simples,2,16,32,125,0,maior,1
9227,Ryan's Mammoth Collection (1883),Hopkin's -- Hornpipe,2/4,2/4,simples,2,16,32,121,10,maior,2
9228,Ryan's Mammoth Collection (1883),Hough's Favorite -- Reel,2/4,2/4,simples,2,15.75,32,106,2,maior,3
9229,Ryan's Mammoth Collection (1883),Humours of Boston -- Hornpipe,2/4,2/4,simples,2,16,32,110,10,maior,4
9230,Ryan's Mammoth Collection (1883),INMAN LINE -- REEL,2/4,2/4,simples,2,16,32,103,9,maior,0
9231,Ryan's Mammoth Collection (1883),Indy's Favorite -- Reel,2/4,2/4,simples,0,16.75,33,126,2,maior,1
9232,Ryan's Mammoth Collection (1883),JACK'S ALIVE -- HORNPIPE,2/4,2/4,simples,2,8,16,56,7,maior,2
9233,Ryan's Mammoth Collection (1883),JUNIATA -- HORNPIPE,2/4,2/4,simples,1,15.88,32,106,10,maior,3
9234,Ryan's Mammoth Collection (1883),Jack Smith's Favorite -- Reel,2/4,2/4,simples,2,16,32,115,0,maior,4
9235,Ryan's Mammoth Collection (1883),James Lee's Favorite -- Jig,2/4,2/4,simples,2,16.25,33,107,9,maior,0
9236,Ryan's Mammoth Collection (1883),Jock Tamson's -- Hornpipe,2/4,2/4,simples,2,16,32,109,2,maior,1
9237,Ryan's Mammoth Collection (1883),KEY WEST -- HORNPIPE,2/4,2/4,simples,2,16,32,120,7,maior,2
9238,Ryan's Mammoth Collection (1883),Kiley's -- Reel,2/4,2/4,simples,2,16,32,106,4,maior,3
9239,Ryan's Mammoth Collection (1883),Kilkenny Boy's -- Reel,2/4,2/4,simples,0,16,32,113,11,menor,4
9240,Ryan's Mammoth Collection (1883),"Kiss me, Joe -- Reel",2/4,2/4,simples,2,16,32,125,7,maior,0
9241,Ryan's Mammoth Collection (1883),Kitty in the Lane -- Reel,2/4,2/4,simples,2,16.25,33,120,2,maior,1
9242,Ryan's Mammoth Collection (1883),LAMSON'S -- HORNPIPE,2/4,2/4,simples,2,16,32,119,5,maior,2
9243,Ryan's Mammoth Collection (1883),LEAP YEAR -- REEL,2/4,2/4,simples,2,24,48,184,2,maior,3
9244,Ryan's Mammoth Collection (1883),Lady Edmonton's -- Reel,2/4,2/4,simples,0,16,32,120,10,maior,4
9245,Ryan's Mammoth Collection (1883),Lamp-Lighter's -- Hornpipe,2/4,2/4,simples,2,16,32,114,9,maior,0
9246,Ryan's Mammoth Collection (1883),Land League,2/4,2/4,simples,2,16,32,110,7,maior,1
9247,Ryan's Mammoth Collection (1883),Lardners' -- Reel,2/4,2/4,simples,2,16,32,117,4,maior,2
9248,Ryan's Mammoth Collection (1883),Lavinder Girl,2/4,2/4,simples,2,15.75,32,118,4,menor,3
9249,Ryan's Mammoth Collection (1883),Levantine's Barrel -- Reel,2/4,2/4,simples,2,16,32,109,2,maior,4
9250,Ryan's Mammoth Collection (1883),Limerick Lasses -- Reel,2/4,2/4,simples,0,24,48,181,11,menor,0
9251,Ryan's Mammoth Collection (1883),Liverpool -- Hornpipe,2/4,2/4,simples,2,16,32,120,2,maior,1
9252,Ryan's Mammoth Collection (1883),Lord Moira's -- Hornpipe,2/4,2/4,simples,0,23.75,47,174,5,maior,2
9253,Ryan's Mammoth Collection (1883),MAGGIE PICKING COCKELS -- REEL,2/4,2/4,simples,2,16.25,33,119,2,maior,3
9254,Ryan's Mammoth Collection (1883),MAGIC SLIPPER -- REEL.,2/4,2/4,simples,2,15.88,32,125,4,menor,4
9255,Ryan's Mammoth Collection (1883),MAID MARIAN -- HORNPIPE,2/4,2/4,simples,2,16,32,115,2,maior,0
9256,Ryan's Mammoth Collection (1883),MANHATTAN -- HORNPIPE,2/4,2/4,simples,2,16,32,117,10,maior,1
9257,Ryan's Mammoth Collection (1883),MISS JOHNSON'S -- HORNPIPE,2/4,2/4,simples,2,16,32,108,7,maior,2
9258,Ryan's Mammoth Collection (1883),MISS JOHNSON'S -- REEL,2/4,2/4,simples,2,16.25,33,126,7,maior,3
9259,Ryan's Mammoth Collection (1883),MOLLY BAWN'S -- REEL,2/4,2/4,simples,2,16.25,33,114,2,menor,4
9260,Ryan's Mammoth Collection (1883),MOUNTAIN -- REEL,2/4,2/4,simples,0,16,32,116,2,maior,0
9261,Ryan's Mammoth Collection (1883),Magnolia -- Reel,2/4,2/4,simples,2,16,32,112,4,menor,1
9262,Ryan's Mammoth Collection (1883),Mardi Gras -- Reel,2/4,2/4,simples,0,16,32,83,9,maior,2
9263,Ryan's Mammoth Collection (1883),Margery's Favorite -- Reel,2/4,2/4,simples,0,15.75,31,100,2,menor,3
9264,Ryan's Mammoth Collection (1883),Massasoit -- Hornpipe,2/4,2/4,simples,2,16,32,124,2,maior,4
9265,Ryan's Mammoth Collection (1883),McGuffum's -- Reel,2/4,2/4,simples,2,16.5,33,123,7,maior,0
9266,Ryan's Mammoth Collection (1883),Miss Barker's -- Hornpipe,2/4,2/4,simples,2,16,32,107,5,maior,1
9267,Ryan's Mammoth Collection (1883),Miss Gay's -- Reel,2/4,2/4,simples,2,15.75,32,108,4,menor,2
9268,Ryan's Mammoth Collection (1883),Miss Horgan's -- Reel,2/4,2/4,simples,1,16,32,128,0,maior,3
9269,Ryan's Mammoth Collection (1883),Miss McCloud's -- Reel,2/4,2/4,simples,2,16,32,108,7,maior,4
9270,Ryan's Mammoth Collection (1883),Miss Mountan -- Hornpipe,2/4,2/4,simples,2,16,32,120,5,maior,0
9271,Ryan's Mammoth Collection (1883),Molly McGuire's -- Reel,2/4,2/4,simples,2,16.25,33,120,4,maior,1
9272,Ryan's Mammoth Collection (1883),Monogram -- Hornpipe,2/4,2/4,simples,2,16,32,120,7,maior,2
9273,Ryan's Mammoth Collection (1883),MorningFair -- Hornpipe,2/4,2/4,simples,2,16,32,114,2,maior,3
9274,Ryan's Mammoth Collection (1883),Myopia -- Hornpipe,2/4,2/4,simples,2,16,32,118,2,maior,4
9275,Ryan's Mammoth Collection (1883),NAGLE'S LAST -- JIG,2/4,2/4,simples,0,15.75,31,108,2,maior,0
9276,Ryan's Mammoth Collection (1883),NAPOLEON -- HORNPIPE,2/4,2/4,simples,2,16,32,116,10,maior,1
9277,Ryan's Mammoth Collection (1883),NEW BOSTON SICILLIAN CIRCLE.,2/4,2/4,simples,0,23.75,47,96,0,maior,2
9278,Ryan's Mammoth Collection (1883),Nat:ional -- Hornpipe,2/4,2/4,simples,2,16,32,121,9,maior,3
9279,Ryan's Mammoth Collection (1883),Nat:ional Lancers' -- Hornpipe,2/4,2/4,simples,2,16,32,126,7,maior,4
9280,Ryan's Mammoth Collection (1883),Ned Kendall's Favorite -- Reel,2/4,2/4,simples,2,16,32,103,2,maior,0
9281,Ryan's Mammoth Collection (1883),Nelson's Victory -- Hornpipe,2/4,2/4,simples,0,15.75,31,112,7,maior,1
9282,Ryan's Mammoth Collection (1883),New Century -- Hornpipe,2/4,2/4,simples,2,16,32,110,2,maior,2
9283,Ryan's Mammoth Collection (1883),New Wedding -- Reel,2/4,2/4,simples,2,16.25,33,119,4,menor,3
9284,Ryan's Mammoth Collection (1883),OLD JOE SIFE'S -- REEL.,2/4,2/4,simples,2,16,32,116,9,maior,4
9285,Ryan's Mammoth Collection (1883),OLD SPORT -- REEL,2/4,2/4,simples,2,16,32,114,9,maior,0
9286,Ryan's Mammoth Collection (1883),OLD ZIP COON -- REEL,2/4,2/4,simples,2,16,32,107,9,maior,1
9287,Ryan's Mammoth Collection (1883),OLD ZIP COON -- REEL,2/4,2/4,simples,2,16,32,107,7,maior,2
9288,Ryan's Mammoth Collection (1883),Old Granite Stat:e -- Reel,2/4,2/4,simples,2,16,32,110,6,menor,3
9289,Ryan's Mammoth Collection (1883),Oyster River -- Hornpipe,2/4,2/4,simples,2,16,32,92,4,menor,4
9290,Ryan's Mammoth Collection (1883),PADDY ON THE RAILROAD -- REEL,2/4,2/4,simples,2,16,32,116,2,maior,0
9291,Ryan's Mammoth Collection (1883),PARASOTT -- HORNPIPE,2/4,2/4,simples,0,15.75,31,113,0,maior,1
9292,Ryan's Mammoth Collection (1883),PETRONELLA,2/4,2/4,simples,2,16,32,95,7,maior,2
9293,Ryan's Mammoth Collection (1883),PICNIC -- REEL.,2/4,2/4,simples,0,15.75,31,117,9,maior,3
9294,Ryan's Mammoth Collection (1883),PRESIDENT GARFIELD'S -- HORNPIPE,2/4,2/4,simples,2,16,32,122,10,maior,4
9295,Ryan's Mammoth Collection (1883),PRESIDENT GRANT'S -- HORNPIPE,2/4,2/4,simples,2,16,32,118,10,maior,0
9296,Ryan's Mammoth Collection (1883),PRIMA DONNA -- HORNPIPE,2/4,2/4,simples,2,16,32,108,2,maior,1
9297,Ryan's Mammoth Collection (1883),Parry's -- Hornpipe,2/4,2/4,simples,2,16,32,110,10,maior,2
9298,Ryan's Mammoth Collection (1883),Passaic -- Hornpipe,2/4,2/4,simples,2,16,32,119,9,maior,3
9299,Ryan's Mammoth Collection (1883),Portsmouth -- Hornpipe,2/4,2/4,simples,2,16,32,113,6,menor,4
9300,Ryan's Mammoth Collection (1883),Prince Alberts -- Hornpipe,2/4,2/4,simples,2,16,32,112,0,maior,0
9301,Ryan's Mammoth Collection (1883),Prince Regent's -- Hornpipe,2/4,2/4,simples,0,15.75,31,113,7,maior,1
9302,Ryan's Mammoth Collection (1883),Pull Down Your Vest -- Reel,2/4,2/4,simples,2,16.25,33,115,2,maior,2
9303,Ryan's Mammoth Collection (1883),Pushee's -- Hornpipe,2/4,2/4,simples,2,16,32,107,10,maior,3
9304,Ryan's Mammoth Collection (1883),Queenie's Own -- Reel,2/4,2/4,simples,2,16,32,118,7,maior,4
9305,Ryan's Mammoth Collection (1883),Quindaro -- hornpipe,2/4,2/4,simples,2,16,32,104,7,maior,0
9306,Ryan's Mammoth Collection (1883),RECREATION -- REEL.,2/4,2/4,simples,0,15.75,31,106,7,maior,1
9307,Ryan's Mammoth Collection (1883),ROY'S WIFE OF ALDIVALLOCH.,2/4,2/4,simples,2,16.25,33,72,4,menor,2
9308,Ryan's Mammoth Collection (1883),Racketty Jack's -- Reel,2/4,2/4,simples,0,15.75,31,120,7,maior,3
9309,Ryan's Mammoth Collection (1883),Randall's -- Hornpipe,2/4,2/4,simples,2,16,32,123,10,maior,4
9310,Ryan's Mammoth Collection (1883),Re-union -- Reel,2/4,2/4,simples,2,16.25,33,115,0,maior,0
9311,Ryan's Mammoth Collection (1883),Rising Sun -- Reel,2/4,2/4,simples,0,25.5,51,93,2,maior,1
9312,Ryan's Mammoth Collection (1883),Rose of the Valley -- Reel,2/4,2/4,simples,2,16,32,124,9,maior,2
9313,Ryan's Mammoth Collection (1883),Rose-Bud - Reel,2/4,2/4,simples,2,16,32,119,10,maior,3
9314,Ryan's Mammoth Collection (1883),SARATOGA -- HORNPIPE,2/4,2/4,simples,2,16,32,122,2,menor,4
9315,Ryan's Mammoth Collection (1883),SILVER STAR -- HORNPIPE,2/4,2/4,simples,2,16,32,109,7,maior,0
9316,Ryan's Mammoth Collection (1883),SOLDIERS' JOY.,2/4,2/4,simples,2,16,32,111,2,maior,1
9317,Ryan's Mammoth Collection (1883),STATEN ISLAND -- HORNPIPE,2/4,2/4,simples,4,16.25,32,98,2,maior,2
9318,Ryan's Mammoth Collection (1883),Salem -- Hornpipe,2/4,2/4,simples,2,16,32,118,7,maior,3
9319,Ryan's Mammoth Collection (1883),San Souci -- Hornpipe,2/4,2/4,simples,2,16,32,121,10,maior,4
9320,Ryan's Mammoth Collection (1883),Sarat:oga -- Reel,2/4,2/4,simples,2,16,32,109,9,maior,0
9321,Ryan's Mammoth Collection (1883),Sentinel -- Hornpipe,2/4,2/4,simples,2,16,32,121,2,maior,1
9322,Ryan's Mammoth Collection (1883),Shaw's -- Reel,2/4,2/4,simples,2,16,32,122,7,maior,2
9323,Ryan's Mammoth Collection (1883),Shippen Street Land-Lady's -- Reel,2/4,2/4,simples,2,16,32,111,7,maior,3
9324,Ryan's Mammoth Collection (1883),Smith's -- Hornpipe,2/4,2/4,simples,2,16,32,118,10,maior,4
9325,Ryan's Mammoth Collection (1883),Smith's -- Reel,2/4,2/4,simples,2,16,32,118,2,maior,0
9326,Ryan's Mammoth Collection (1883),Smith's Delight -- Reel,2/4,2/4,simples,2,16,32,118,2,maior,1
9327,Ryan's Mammoth Collection (1883),Spirvins' Fancy,2/4,2/4,simples,2,16,32,119,7,menor,2
9328,Ryan's Mammoth Collection (1883),Spit-Fire -- Reel,2/4,2/4,simples,2,16,32,118,10,maior,3
9329,Ryan's Mammoth Collection (1883),St Clair's -- Hornpipe,2/4,2/4,simples,2,16,32,118,2,maior,4
9330,Ryan's Mammoth Collection (1883),Sukey Bids Me -- Reel,2/4,2/4,simples,0,15.75,31,99,0,maior,0
9331,Ryan's Mammoth Collection (1883),Sumner's -- Hornpipe,2/4,2/4,simples,2,16,32,120,2,maior,1
9332,Ryan's Mammoth Collection (1883),Syntha -- Reel,2/4,2/4,simples,2,16,32,114,2,maior,2
9333,Ryan's Mammoth Collection (1883),T:Beebe's -- Hornpipe,2/4,2/4,simples,2,16,32,119,10,maior,3
9334,Ryan's Mammoth Collection (1883),TEXARKANA -- HORNPIPE,2/4,2/4,simples,2,16,32,116,2,maior,4
9335,Ryan's Mammoth Collection (1883),"THE ""GOOD GIRL""",2/4,2/4,simples,2,16.75,34,116,2,maior,0
9336,Ryan's Mammoth Collection (1883),THE BUTCHER BOY -- JIG,2/4,2/4,simples,1,15.88,32,104,2,maior,1
9337,Ryan's Mammoth Collection (1883),THE FAIRY DANCE -- REEL,2/4,2/4,simples,2,16,32,101,2,maior,2
9338,Ryan's Mammoth Collection (1883),THE GIRL I LEFT BEHIND ME,2/4,2/4,simples,2,16,32,74,4,menor,3
9339,Ryan's Mammoth Collection (1883),THE RIVAL -- REEL.,2/4,2/4,simples,2,16,32,117,7,maior,4
9340,Ryan's Mammoth Collection (1883),THUNDER -- HORNPIPE,2/4,2/4,simples,0,15.75,31,110,3,maior,0
9341,Ryan's Mammoth Collection (1883),TWIN KATY'S -- REEL,2/4,2/4,simples,2,16.25,33,116,7,maior,1
9342,Ryan's Mammoth Collection (1883),Telephone -- Reel,2/4,2/4,simples,2,15.88,32,103,7,menor,2
9343,Ryan's Mammoth Collection (1883),Tete-a-Tete -- Hornpipe,2/4,2/4,simples,0,16,32,119,7,maior,3
9344,Ryan's Mammoth Collection (1883),The Boston -- Reel,2/4,2/4,simples,2,16,32,119,5,maior,4
9345,Ryan's Mammoth Collection (1883),The Broken Sixpence -- Reel,2/4,2/4,simples,0,16,32,118,7,maior,0
9346,Ryan's Mammoth Collection (1883),The Green Flag is Flying -- Reel,2/4,2/4,simples,2,16,32,101,7,maior,1
9347,Ryan's Mammoth Collection (1883),The Head-Light -- Reel,2/4,2/4,simples,2,16,32,121,2,maior,2
9348,Ryan's Mammoth Collection (1883),The Irishman's Love -- Reel,2/4,2/4,simples,0,16,32,113,7,maior,3
9349,Ryan's Mammoth Collection (1883),The Keel Row -- Reel,2/4,2/4,simples,2,15.75,32,104,7,maior,4
9350,Ryan's Mammoth Collection (1883),The Maid of Argyle's -- Reel,2/4,2/4,simples,0,16,32,119,7,maior,0
9351,Ryan's Mammoth Collection (1883),The Northern Light -- Reel,2/4,2/4,simples,2,16,32,102,7,maior,1
9352,Ryan's Mammoth Collection (1883),The Piper's Lass -- Reel,2/4,2/4,simples,2,16.25,33,115,2,maior,2
9353,Ryan's Mammoth Collection (1883),The Smuggler's -- Reel,2/4,2/4,simples,2,16.75,34,118,9,maior,3
9354,Ryan's Mammoth Collection (1883),The Wind Up -- Reel,2/4,2/4,simples,0,15.75,31,97,2,menor,4
9355,Ryan's Mammoth Collection (1883),The Yorkshire Bite -- Reel,2/4,2/4,simples,0,16,32,109,7,maior,0
9356,Ryan's Mammoth Collection (1883),Tom Brigg's -- Jig,2/4,2/4,simples,2,16.25,33,89,2,maior,1
9357,Ryan's Mammoth Collection (1883),Tom Deering's Rambles -- Reel,2/4,2/4,simples,0,15.63,31,105,7,maior,2
9358,Ryan's Mammoth Collection (1883),Tornado -- Reel,2/4,2/4,simples,2,15.75,32,107,6,menor,3
9359,Ryan's Mammoth Collection (1883),Trafalgar -- Hornpipe,2/4,2/4,simples,0,15.75,31,114,9,maior,4
9360,Ryan's Mammoth Collection (1883),Union -- Hornpipe,2/4,2/4,simples,2,15,30,109,7,maior,0
9361,Ryan's Mammoth Collection (1883),Village -- Hornpipe,2/4,2/4,simples,2,15,30,100,2,maior,1
9362,Ryan's Mammoth Collection (1883),Vintons -- Hornpipe,2/4,2/4,simples,2,16,32,111,10,maior,2
9363,Ryan's Mammoth Collection (1883),WADE HAMPTON'S -- HORNPIPE,2/4,2/4,simples,3,16.13,32,125,10,maior,3
9364,Ryan's Mammoth Collection (1883),"WALK AROUND. -- ""BRUDDER BONES.""",2/4,2/4,simples,0,25.75,51,106,7,menor,4
9365,Ryan's Mammoth Collection (1883),"WALK AROUND. -- ""CARVE DAT POSSUM.""",2/4,2/4,simples,0,28,56,116,4,menor,0
9366,Ryan's Mammoth Collection (1883),"WALK AROUND. -- ""HEY, DADDY.""",2/4,2/4,simples,0,37,74,149,11,menor,1
9367,Ryan's Mammoth Collection (1883),WALK AROUND. -- CARRY THE NEWS TO MARY.,2/4,2/4,simples,0,28,56,123,6,menor,2
9368,Ryan's Mammoth Collection (1883),WALK AROUND. -- GWINE TO DE SHOW.,2/4,2/4,simples,6,19.75,40,105,6,menor,3
9369,Ryan's Mammoth Collection (1883),WALKER STREET -- REEL.,2/4,2/4,simples,1,15.88,32,120,7,maior,4
9370,Ryan's Mammoth Collection (1883),WHIDDON'S FAVORITE -- REEL,2/4,2/4,simples,2,16,32,124,9,maior,0
9371,Ryan's Mammoth Collection (1883),WITCH OF THE WAVE -- REEL,2/4,2/4,simples,2,16,32,124,2,maior,1
9372,Ryan's Mammoth Collection (1883),Wide Awake -- Reel,2/4,2/4,simples,2,16,32,120,9,maior,2
9373,Ryan's Mammoth Collection (1883),Willott's -- Hornpipe,2/4,2/4,simples,2,16,32,118,9,maior,3
9374,Ryan's Mammoth Collection (1883),Wind That: Shakes the Barley -- Reel,2/4,2/4,simples,0,16,32,102,2,maior,4
9375,Ryan's Mammoth Collection (1883),YOUNG AMERICA -- HORNPIPE,2/4,2/4,simples,2,16,32,78,9,maior,0
9376,Ryan's Mammoth Collection (1883),YPSILANTI -- HORNPIPE,2/4,2/4,simples,2,16,32,122,10,maior,1
9377,Ryan's Mammoth Collection (1883),Yacht Club -- Reel,2/4,2/4,simples,2,16,32,107,7,maior,2
9378,Ryan's Mammoth Collection (1883),"A'WILLIE, WE HAVE MISS'D YOU -- STRATHSPEY",4/4,4/4,simples,2,16,64,136,7,maior,3
9379,Ryan's Mammoth Collection (1883),ALISTAIR MACLALASTAIR -- STRATHSPEY,4/4,4/4,simples,2,16.13,65,129,7,menor,4
9380,Ryan's Mammoth Collection (1883),BELLES OF CAMPBELLTOWN -- STRATHSPEY,4/4,4/4,simples,2,16,64,130,2,maior,0
9381,Ryan's Mammoth Collection (1883),BONNIEST LASS IN AYER -- STRATHSPEY,4/4,4/4,simples,0,15.88,63,120,2,maior,1
9382,Ryan's Mammoth Collection (1883),CALEDONIAN CLUB -- STRATHSPEY,4/4,4/4,simples,2,7.88,32,66,2,maior,2
9383,Ryan's Mammoth Collection (1883),CALEDONIAN HUNT -- STRATHSPEY,4/4,4/4,simples,2,16,64,139,2,maior,3
9384,Ryan's Mammoth Collection (1883),DUCHESS OF ATHOL'S -- STRATHSPEY,4/4,4/4,simples,0,16,64,120,9,maior,4
9385,Ryan's Mammoth Collection (1883),DUNCAN DAVIDSON -- STRATHSPEY,4/4,4/4,simples,2,16,64,128,2,maior,0
9386,Ryan's Mammoth Collection (1883),GARTHLAND'S -- STRATHSPEY,4/4,4/4,simples,2,16,64,128,7,maior,1
9387,Ryan's Mammoth Collection (1883),I'M O'ER YOUNG TO MARRY YET -- STRATHSPEY,4/4,4/4,simples,2,16,64,132,2,maior,2
9388,Ryan's Mammoth Collection (1883),JARNOVICHES' -- STRATHSPEY,4/4,4/4,simples,14,15.75,63,116,7,maior,3
9389,Ryan's Mammoth Collection (1883),LADY LOUDEN'S -- STRATHSPEY,4/4,4/4,simples,2,16,64,128,0,maior,4
9390,Ryan's Mammoth Collection (1883),LADY MARY RAMSAY'S -- STRATHSPEY,4/4,4/4,simples,0,15.88,63,118,11,menor,0
9391,Ryan's Mammoth Collection (1883),LOCH-NA GAR -- STRATHSPEY,4/4,4/4,simples,4,16,64,114,2,maior,1
9392,Ryan's Mammoth Collection (1883),LORD BYRON'S FAVORITE -- STRATHSPEY,4/4,4/4,simples,2,16,64,120,4,menor,2
9393,Ryan's Mammoth Collection (1883),LORD JOHN CAMPBELL'S -- STRATHSPEY,4/4,4/4,simples,1,15.69,63,152,7,maior,3
9394,Ryan's Mammoth Collection (1883),Lady Baird's -- Strathspey,4/4,4/4,simples,2,16,64,128,2,maior,4
9395,Ryan's Mammoth Collection (1883),Laven's Favorite,4/4,4/4,simples,4,16.25,65,120,2,maior,0
9396,Ryan's Mammoth Collection (1883),MAID OF ISLA -- STRATHSPEY,4/4,4/4,simples,2,16,64,126,9,maior,1
9397,Ryan's Mammoth Collection (1883),MARCHIONESS OF HUNTLY'S -- STRATHSPEY,4/4,4/4,simples,0,16,64,138,9,maior,2
9398,Ryan's Mammoth Collection (1883),MARQUIS OF HUNTLY'S -- STRATHSPEY,4/4,4/4,simples,2,16,64,135,7,menor,3
9399,Ryan's Mammoth Collection (1883),MISS DRUMMOND OF PERTH -- STRATHSPEY,4/4,4/4,simples,4,16.13,64,125,9,menor,4
9400,Ryan's Mammoth Collection (1883),MRS. ADYE'S -- STRATHSPEY,4/4,4/4,simples,2,16,64,126,10,maior,0
9401,Ryan's Mammoth Collection (1883),"MY LOVE IS LIKE THE RED, RED ROSE -- STRATHSPEY",4/4,4/4,simples,2,16,64,122,2,maior,1
9402,Ryan's Mammoth Collection (1883),Miss Stuart's -- Strathspey,4/4,4/4,simples,0,16,64,144,7,maior,2
9403,Ryan's Mammoth Collection (1883),NEAL GOW'S WIFE -- STRATHSPEY,4/4,4/4,simples,2,16,64,130,7,menor,3
9404,Ryan's Mammoth Collection (1883),"OE'R THE MOOR, AMONG THE HEATHER -- STRATHSPEY",4/4,4/4,simples,0,16,64,140,7,maior,4
9405,Ryan's Mammoth Collection (1883),OF AW THE AIRTS THE WINDS CAN BLOW -- STRATHSPEY,4/4,4/4,simples,2,16,64,125,2,maior,0
9406,Ryan's Mammoth Collection (1883),SANDY BUCHANAN'S -- STRATHSPEY,4/4,4/4,simples,0,16,64,110,0,maior,1
9407,Ryan's Mammoth Collection (1883),THE BOATIE ROWS -- STRATHSPEY,4/4,4/4,simples,2,16,64,134,7,maior,2
9408,Ryan's Mammoth Collection (1883),THE LASS WITH THE YELLOW COATEE -- STRATHSPEY,4/4,4/4,simples,0,16,64,122,7,maior,3
9409,Ryan's Mammoth Collection (1883),THE NEW BRIG OF GLASGOW -- STRATHSPEY,4/4,4/4,simples,2,16,64,133,7,menor,4
9410,Ryan's Mammoth Collection (1883),UP AND WAUR THEM A' WILLIE -- STRATHSPEY,4/4,4/4,simples,2,16,64,117,9,maior,0
9411,Ryan's Mammoth Collection (1883),WHAT THE DE'IL AILS YOU? -- STRATHSPEY,4/4,4/4,simples,2,16,64,132,9,menor,1
9412,Ryan's Mammoth Collection (1883),"""BULLY FOR YOU"" -- JIG.",6/8,6/8,composto,2,16,32,84,2,maior,2
9413,Ryan's Mammoth Collection (1883),"""IS IT THE PRIEST YOU WANT?"" -- JIG",6/8,6/8,composto,2,16,32,74,4,menor,3
9414,Ryan's Mammoth Collection (1883),"""Indeed! Then You Shant"" -- Jig",6/8,6/8,composto,2,16,32,85,7,maior,4
9415,Ryan's Mammoth Collection (1883),"""PADDY'S THE BOY""- JIG",6/8,6/8,composto,2,16,32,85,7,maior,0
9416,Ryan's Mammoth Collection (1883),"""POP GOES THE WEASEL.""",6/8,6/8,composto,0,15.83,31,53,4,menor,1
9417,Ryan's Mammoth Collection (1883),BANNOCKS' O' BARLEY MEAL- JIG,6/8,6/8,composto,2,16,32,88,2,maior,2
9418,Ryan's Mammoth Collection (1883),BATTLE THE CASH -- JIG,6/8,6/8,composto,2,16,32,74,7,maior,3
9419,Ryan's Mammoth Collection (1883),BELLE OF THE KITCHEN -- JIG,6/8,6/8,composto,0,15.83,31,86,7,maior,4
9420,Ryan's Mammoth Collection (1883),BILLY O'ROURKE'S -- JIG,6/8,6/8,composto,2,16,32,94,4,menor,0
9421,Ryan's Mammoth Collection (1883),BLIVEN'S FAVORITE -- JIG,6/8,6/8,composto,2,16,32,91,7,maior,1
9422,Ryan's Mammoth Collection (1883),BOBBING FOR EELS -- JIG,6/8,6/8,composto,0,17.83,35,98,6,menor,2
9423,Ryan's Mammoth Collection (1883),BOSTON CALEDONIAN CLUB'S -- JIG,6/8,6/8,composto,0,15.83,31,86,7,maior,3
9424,Ryan's Mammoth Collection (1883),BUTTER-MILK AND PRATEES -- JIG,6/8,6/8,composto,4,16,32,96,2,maior,4
9425,Ryan's Mammoth Collection (1883),BUTTER-MILK MARY'S -- JIG.,6/8,6/8,composto,2,16,32,95,9,maior,0
9426,Ryan's Mammoth Collection (1883),Billy Pat:terson's Favorite -- Jig,6/8,6/8,composto,2,16,32,95,4,menor,1
9427,Ryan's Mammoth Collection (1883),Billy the Barber Shaved His Fat:her -- Jig,6/8,6/8,composto,2,16,32,77,7,maior,2
9428,Ryan's Mammoth Collection (1883),Brisk Young Lad's -- Jig,6/8,6/8,composto,2,16,32,84,9,menor,3
9429,Ryan's Mammoth Collection (1883),Bundle and Go -- Jig,6/8,6/8,composto,0,15.67,31,88,4,menor,4
9430,Ryan's Mammoth Collection (1883),CAPTAIN HOLMES' -- JIG,6/8,6/8,composto,2,16,32,94,4,menor,0
9431,Ryan's Mammoth Collection (1883),CASTLE GARDEN -- JIG,6/8,6/8,composto,2,16,32,94,7,maior,1
9432,Ryan's Mammoth Collection (1883),CAT IN THE HOPPER -- JIG,6/8,6/8,composto,0,16,32,82,2,menor,2
9433,Ryan's Mammoth Collection (1883),CATCH CLUB -- JIG,6/8,6/8,composto,2,16,32,95,2,maior,3
9434,Ryan's Mammoth Collection (1883),CATHOLIC BOYS -- JIG,6/8,6/8,composto,0,16,32,91,9,menor,4
9435,Ryan's Mammoth Collection (1883),CHERISH THE LADIES -- JIG,6/8,6/8,composto,2,24.17,49,144,2,maior,0
9436,Ryan's Mammoth Collection (1883),COME UNDER MY DIMITY -- JIG.,6/8,6/8,composto,2,12,24,68,2,maior,1
9437,Ryan's Mammoth Collection (1883),COME UNDER MY PLADDIE -- JIG,6/8,6/8,composto,2,16,32,91,4,menor,2
9438,Ryan's Mammoth Collection (1883),"CROPPIES, LIE DOWN -- JIG",6/8,6/8,composto,4,17.67,35,91,7,maior,3
9439,Ryan's Mammoth Collection (1883),Cat:holic Bill's -- Jig,6/8,6/8,composto,2,16,32,96,7,maior,4
9440,Ryan's Mammoth Collection (1883),Close to the Floor -- Jig,6/8,6/8,composto,2,16,32,95,7,maior,0
9441,Ryan's Mammoth Collection (1883),Come to the Raffle -- Jig,6/8,6/8,composto,2,16,32,94,7,maior,1
9442,Ryan's Mammoth Collection (1883),Connaught-Man's Ramble -- Jig,6/8,6/8,composto,2,16,32,94,2,maior,2
9443,Ryan's Mammoth Collection (1883),Connelly's Ale -- Jig,6/8,6/8,composto,2,16,32,92,4,menor,3
9444,Ryan's Mammoth Collection (1883),Crabs in the Skillet -- Jig,6/8,6/8,composto,0,26.83,53,128,5,maior,4
9445,Ryan's Mammoth Collection (1883),Days of 'Lang Syne -- Jig,6/8,6/8,composto,2,16,32,96,2,maior,0
9446,Ryan's Mammoth Collection (1883),Dusty Bob's -- Jig,6/8,6/8,composto,2,19.83,40,93,4,menor,1
9447,Ryan's Mammoth Collection (1883),ESSENCE OF OLD KENTUCKY.,6/8,6/8,composto,2,30.17,61,103,2,menor,2
9448,Ryan's Mammoth Collection (1883),ESSENCE OF OLD VIRGINNY.,6/8,6/8,composto,2,16.83,34,59,7,maior,3
9449,Ryan's Mammoth Collection (1883),Emon Acnuck -- Jig,6/8,6/8,composto,2,16,32,94,9,menor,4
9450,Ryan's Mammoth Collection (1883),Exile's Lament -- Jig,6/8,6/8,composto,2,15.83,32,93,7,maior,0
9451,Ryan's Mammoth Collection (1883),FAGIN'S HOLIDAY -- JIG,6/8,6/8,composto,0,15.83,31,61,5,maior,1
9452,Ryan's Mammoth Collection (1883),FASTEN THE WIG ON HER -- JIG,6/8,6/8,composto,0,18,36,96,7,maior,2
9453,Ryan's Mammoth Collection (1883),FLAMING O'FLANIGAN'S -- JIG,6/8,6/8,composto,2,16.17,33,93,0,maior,3
9454,Ryan's Mammoth Collection (1883),FROGS' FROLIC -- JIG,6/8,6/8,composto,0,23.83,47,121,4,menor,4
9455,Ryan's Mammoth Collection (1883),"Farewell, Sweet Nora -- Jig",6/8,6/8,composto,0,15.83,31,90,7,maior,0
9456,Ryan's Mammoth Collection (1883),Frazer's -- Jig,6/8,6/8,composto,2,16,32,95,2,maior,1
9457,Ryan's Mammoth Collection (1883),GEESE IN THE BOG -- JIG,6/8,6/8,composto,0,16.83,33,99,2,maior,2
9458,Ryan's Mammoth Collection (1883),GO TO THE DEVIL AND SHAKE YOURSELF -- JIG,6/8,6/8,composto,0,16,32,88,2,maior,3
9459,Ryan's Mammoth Collection (1883),GREEN SLEEVES -- JIG.,6/8,6/8,composto,2,16,32,90,9,menor,4
9460,Ryan's Mammoth Collection (1883),Garry Owen -- Jig,6/8,6/8,composto,2,16,32,86,7,maior,0
9461,Ryan's Mammoth Collection (1883),Golliher's Folic -- Jig,6/8,6/8,composto,2,16,32,92,2,maior,1
9462,Ryan's Mammoth Collection (1883),Good Morrow to Your Night-Cap -- Jig,6/8,6/8,composto,2,16,32,88,2,maior,2
9463,Ryan's Mammoth Collection (1883),HASTE TO THE WEDDING -- JIG,6/8,6/8,composto,2,16,32,91,2,maior,3
9464,Ryan's Mammoth Collection (1883),HIGHWAY TO DUBLIN -- JIG.,6/8,6/8,composto,2,16,32,88,4,menor,4
9465,Ryan's Mammoth Collection (1883),HUMORS OF CASTLE LYON -- JIG,6/8,6/8,composto,0,15.83,31,69,7,maior,0
9466,Ryan's Mammoth Collection (1883),HUMOUR OF GLEN- JIG,6/8,6/8,composto,2,16,32,118,11,menor,1
9467,Ryan's Mammoth Collection (1883),HUNTING THE HARE -- JIG,6/8,6/8,composto,0,16,32,84,11,menor,2
9468,Ryan's Mammoth Collection (1883),"Happy to Meet, Sorry to Part",6/8,6/8,composto,2,16.17,33,90,4,menor,3
9469,Ryan's Mammoth Collection (1883),Hare in the Corn -- Jig,6/8,6/8,composto,2,24,48,131,2,maior,4
9470,Ryan's Mammoth Collection (1883),Harrington's Hall -- Jig,6/8,6/8,composto,2,16,32,90,2,maior,0
9471,Ryan's Mammoth Collection (1883),Hills of Glenurchie -- Jig,6/8,6/8,composto,2,16,32,92,2,maior,1
9472,Ryan's Mammoth Collection (1883),IRISH AMERICAN -- JIG,6/8,6/8,composto,0,15.83,31,92,4,menor,2
9473,Ryan's Mammoth Collection (1883),IRISH SHOW BOY -- JIG,6/8,6/8,composto,2,16,32,92,11,menor,3
9474,Ryan's Mammoth Collection (1883),Irish Wash-Woman -- Jig,6/8,6/8,composto,2,16,32,96,7,maior,4
9475,Ryan's Mammoth Collection (1883),Irishman's Heart to the Ladies -- Jig,6/8,6/8,composto,2,16,32,92,9,maior,0
9476,Ryan's Mammoth Collection (1883),JACKSON'S FANCY -- JIG.,6/8,6/8,composto,0,15.67,31,92,2,maior,1
9477,Ryan's Mammoth Collection (1883),JOE KENNEDY'S -- JIG,6/8,6/8,composto,2,16,32,97,2,maior,2
9478,Ryan's Mammoth Collection (1883),Jackson's Bottle of Brandy -- Jig,6/8,6/8,composto,0,16,32,91,4,menor,3
9479,Ryan's Mammoth Collection (1883),Jackson's Morning Brush -- Jig,6/8,6/8,composto,2,24,48,140,2,maior,4
9480,Ryan's Mammoth Collection (1883),Jackson's Rolling -- JIG,6/8,6/8,composto,0,18,36,96,7,maior,0
9481,Ryan's Mammoth Collection (1883),Judy McFadden's -- Jig,6/8,6/8,composto,2,16,32,84,9,maior,1
9482,Ryan's Mammoth Collection (1883),KILKENNY ROVER'S - JIG,6/8,6/8,composto,2,16,32,95,0,maior,2
9483,Ryan's Mammoth Collection (1883),KITTY OF OULART -- JIG.,6/8,6/8,composto,2,15,30,81,5,maior,3
9484,Ryan's Mammoth Collection (1883),KITTY TIRRELL'S -- JIG.,6/8,6/8,composto,2,16,32,92,10,maior,4
9485,Ryan's Mammoth Collection (1883),Kat:y is Waiting -- Jig,6/8,6/8,composto,2,16,32,92,9,maior,0
9486,Ryan's Mammoth Collection (1883),Kat:y's Rambles -- Jig,6/8,6/8,composto,0,15.67,31,90,2,menor,1
9487,Ryan's Mammoth Collection (1883),Kenmure's on and Awa' -- Jig,6/8,6/8,composto,2,16.83,34,88,7,maior,2
9488,Ryan's Mammoth Collection (1883),LAND LEAGUE -- JIG,6/8,6/8,composto,0,15.83,31,92,11,menor,3
9489,Ryan's Mammoth Collection (1883),LANIGAN'S BALL -- JIG,6/8,6/8,composto,2,16,32,77,4,menor,4
9490,Ryan's Mammoth Collection (1883),LARRY GROGAN'S -- JIG,6/8,6/8,composto,2,16,32,103,7,maior,0
9491,Ryan's Mammoth Collection (1883),LIGHT AND AIRY -- JIG,6/8,6/8,composto,0,24,48,124,7,maior,1
9492,Ryan's Mammoth Collection (1883),"LILLIBULLERO, or PROTESTANT BOYS' -- JIG",6/8,6/8,composto,0,15.83,31,77,9,menor,2
9493,Ryan's Mammoth Collection (1883),LITTLE BROWN JUG - JIG,6/8,6/8,composto,2,16,32,87,11,menor,3
9494,Ryan's Mammoth Collection (1883),LITTLE PEGGY'S -- JIG,6/8,6/8,composto,2,16,32,91,7,maior,4
9495,Ryan's Mammoth Collection (1883),LOONEY McTWOLTER -- JIG.,6/8,6/8,composto,0,16,32,83,7,maior,0
9496,Ryan's Mammoth Collection (1883),Lark in the Morning -- Jig,6/8,6/8,composto,2,16,32,93,4,menor,1
9497,Ryan's Mammoth Collection (1883),Larry O'Gaff -- Jig,6/8,6/8,composto,2,16,32,89,7,maior,2
9498,Ryan's Mammoth Collection (1883),Little House Round the Corner -- Jig,6/8,6/8,composto,2,16,32,95,2,maior,3
9499,Ryan's Mammoth Collection (1883),Little House Under the Hill -- Jig,6/8,6/8,composto,2,16,32,91,7,maior,4
9500,Ryan's Mammoth Collection (1883),Love-Links' -- Jig,6/8,6/8,composto,0,15.83,31,95,9,maior,0
9501,Ryan's Mammoth Collection (1883),MAGGIE BROWN'S FAVORITE -- JIG,6/8,6/8,composto,2,24,48,130,4,menor,1
9502,Ryan's Mammoth Collection (1883),MORGAN RATTLER -- JIG,6/8,6/8,composto,2,16.17,33,86,11,menor,2
9503,Ryan's Mammoth Collection (1883),MOUNT YOUR BAGGAGE -- JIG,6/8,6/8,composto,2,16,32,91,9,menor,3
9504,Ryan's Mammoth Collection (1883),"MY PRETTY, FAIR MAID -- JIG",6/8,6/8,composto,0,16,32,87,7,maior,4
9505,Ryan's Mammoth Collection (1883),MYSTERIES OF KNOCK -- JIG,6/8,6/8,composto,0,16,32,94,9,maior,0
9506,Ryan's Mammoth Collection (1883),Maid of Selma -- Jig,6/8,6/8,composto,0,24,48,94,4,menor,1
9507,Ryan's Mammoth Collection (1883),Maid on the Green -- Jig,6/8,6/8,composto,2,16.17,33,90,4,menor,2
9508,Ryan's Mammoth Collection (1883),Maloney's Fancy -- Jig,6/8,6/8,composto,2,24,48,125,2,maior,3
9509,Ryan's Mammoth Collection (1883),Moll in the Wad -- Jig,6/8,6/8,composto,0,18,36,98,7,menor,4
9510,Ryan's Mammoth Collection (1883),Mrs Hogan's Goose -- jig,6/8,6/8,composto,2,16,32,88,11,menor,0
9511,Ryan's Mammoth Collection (1883),Mrs. Monroe's -- Jig,6/8,6/8,composto,2,16,32,88,4,menor,1
9512,Ryan's Mammoth Collection (1883),NEAPOLITAN THRESHERS' -- JIG,6/8,6/8,composto,2,16,32,86,2,maior,2
9513,Ryan's Mammoth Collection (1883),NIGHT OF THE FAIR -- JIG,6/8,6/8,composto,2,16,32,89,4,menor,3
9514,Ryan's Mammoth Collection (1883),NORA CREINA'S -- JIG,6/8,6/8,composto,0,16,32,77,7,maior,4
9515,Ryan's Mammoth Collection (1883),O'CONNELL'S WELCOME -- JIG,6/8,6/8,composto,0,15.83,31,84,7,maior,0
9516,Ryan's Mammoth Collection (1883),OLD FIGARY O' -- JIG,6/8,6/8,composto,2,16,32,80,2,maior,1
9517,Ryan's Mammoth Collection (1883),ONE BOTTLE MORE -- JIG,6/8,6/8,composto,2,16,32,89,7,maior,2
9518,Ryan's Mammoth Collection (1883),OUR BOYS' -- JIG,6/8,6/8,composto,2,16,32,92,4,menor,3
9519,Ryan's Mammoth Collection (1883),OVER LAND AND SEA -- JIG,6/8,6/8,composto,2,16,32,91,2,maior,4
9520,Ryan's Mammoth Collection (1883),OWNY'S BEST -- JIG,6/8,6/8,composto,2,16,32,96,4,maior,0
9521,Ryan's Mammoth Collection (1883),Off to Donnybrook -- Jig,6/8,6/8,composto,2,18,36,105,4,menor,1
9522,Ryan's Mammoth Collection (1883),Old Walls of Liscarroll -- Jig,6/8,6/8,composto,2,16,32,95,9,maior,2
9523,Ryan's Mammoth Collection (1883),PADDY CAREY'S FORTUNE -- JIG.,6/8,6/8,composto,0,16,32,76,0,maior,3
9524,Ryan's Mammoth Collection (1883),PADDY O'CARROL'S -- JIG,6/8,6/8,composto,2,16,32,95,2,maior,4
9525,Ryan's Mammoth Collection (1883),PADDY'S FAREWELL TO AMERICA -- JIG,6/8,6/8,composto,0,15.83,31,88,4,menor,0
9526,Ryan's Mammoth Collection (1883),PANDEEN O'RAFFERTY -- JIG,6/8,6/8,composto,0,16,32,95,9,maior,1
9527,Ryan's Mammoth Collection (1883),PARNELL AND IRELAND -- JIG,6/8,6/8,composto,2,16,32,92,2,maior,2
9528,Ryan's Mammoth Collection (1883),Paddy O'Rafferty's -- Jig,6/8,6/8,composto,0,24,48,144,7,maior,3
9529,Ryan's Mammoth Collection (1883),Paddy Was up to Ganger -- Jig,6/8,6/8,composto,2,16,32,95,7,maior,4
9530,Ryan's Mammoth Collection (1883),Paddy Whack -- Jig,6/8,6/8,composto,2,16,32,94,9,maior,0
9531,Ryan's Mammoth Collection (1883),Pander Dance -- Jig,6/8,6/8,composto,2,16,32,92,7,maior,1
9532,Ryan's Mammoth Collection (1883),Pat: in His Glory -- Jig,6/8,6/8,composto,2,16,32,84,7,maior,2
9533,Ryan's Mammoth Collection (1883),"Prat:ies are Dug, and the Frost is All Over -- Jig",6/8,6/8,composto,2,24,48,136,2,maior,3
9534,Ryan's Mammoth Collection (1883),Prince Charles' Jig,6/8,6/8,composto,2,16,32,90,9,maior,4
9535,Ryan's Mammoth Collection (1883),Puss in the Corner -- Jig,6/8,6/8,composto,2,16,32,93,2,maior,0
9536,Ryan's Mammoth Collection (1883),RORY O'MORE -- JIG,6/8,6/8,composto,2,16,32,91,6,menor,1
9537,Ryan's Mammoth Collection (1883),ROSE-BUSH -- JIG,6/8,6/8,composto,2,16,32,94,4,menor,2
9538,Ryan's Mammoth Collection (1883),ROUGH DIAMOND -- JIG.,6/8,6/8,composto,0,16,32,83,7,maior,3
9539,Ryan's Mammoth Collection (1883),Rakes of Kildare -- Jig,6/8,6/8,composto,2,16,32,86,2,maior,4
9540,Ryan's Mammoth Collection (1883),Rat:tle the Cash -- Jig,6/8,6/8,composto,2,16,32,74,7,maior,0
9541,Ryan's Mammoth Collection (1883),Riding on a Hand-Car -- Jig,6/8,6/8,composto,2,16,32,92,7,maior,1
9542,Ryan's Mammoth Collection (1883),Rolling off a Log -- Jig,6/8,6/8,composto,4,18,36,94,0,maior,2
9543,Ryan's Mammoth Collection (1883),Rub the Bag -- Jig,6/8,6/8,composto,0,22,44,122,9,menor,3
9544,Ryan's Mammoth Collection (1883),Rustic -- Reel,6/8,6/8,composto,2,16,32,74,2,maior,4
9545,Ryan's Mammoth Collection (1883),SADDLE THE PONY -- JIG,6/8,6/8,composto,2,16,32,92,2,maior,0
9546,Ryan's Mammoth Collection (1883),SHEE LA NA QUIRA -- JIG,6/8,6/8,composto,2,16,32,84,7,maior,1
9547,Ryan's Mammoth Collection (1883),SHERIFF MULDOON'S -- JIG,6/8,6/8,composto,2,16,32,92,7,maior,2
9548,Ryan's Mammoth Collection (1883),SHINS AROUND THE FIRESIDE -- JIG,6/8,6/8,composto,0,16,32,93,2,maior,3
9549,Ryan's Mammoth Collection (1883),SKIVER THE QUILT -- JIG,6/8,6/8,composto,2,16,32,90,2,maior,4
9550,Ryan's Mammoth Collection (1883),SPIRITS OF WHISKY -- JIG,6/8,6/8,composto,2,16,32,95,4,menor,0
9551,Ryan's Mammoth Collection (1883),ST. PATRICK'S DAY IN THE MORNING -- JIG,6/8,6/8,composto,2,16.17,33,90,4,menor,1
9552,Ryan's Mammoth Collection (1883),SUNDAY IS MY WEDDING-DAY -- JIG,6/8,6/8,composto,2,16,32,94,2,maior,2
9553,Ryan's Mammoth Collection (1883),SWALLOW-TAIL -- JIG,6/8,6/8,composto,2,16,32,87,4,menor,3
9554,Ryan's Mammoth Collection (1883),SWIMMING IN THE GUTTER -- JIG,6/8,6/8,composto,0,17.5,35,94,2,menor,4
9555,Ryan's Mammoth Collection (1883),Sam. Hide's -- Jig,6/8,6/8,composto,2,16,32,89,9,maior,0
9556,Ryan's Mammoth Collection (1883),Short Grass,6/8,6/8,composto,2,16,32,92,0,maior,1
9557,Ryan's Mammoth Collection (1883),Sleeping on a Door-Step -- Jig,6/8,6/8,composto,2,17,34,100,4,menor,2
9558,Ryan's Mammoth Collection (1883),Smash the Windows -- Jig,6/8,6/8,composto,2,24,48,114,2,maior,3
9559,Ryan's Mammoth Collection (1883),Strop the Razor -- Jig,6/8,6/8,composto,0,16,32,92,7,maior,4
9560,Ryan's Mammoth Collection (1883),"THE ""BOSS"" -- JIG",6/8,6/8,composto,0,16,32,89,10,maior,0
9561,Ryan's Mammoth Collection (1883),THE BAG OF MEAL,6/8,6/8,composto,2,16,32,83,2,maior,1
9562,Ryan's Mammoth Collection (1883),THE BOTTLE OF BRANDY -- JIG,6/8,6/8,composto,2,16,32,90,7,maior,2
9563,Ryan's Mammoth Collection (1883),THE BROKEN LANTERN -- JIG,6/8,6/8,composto,2,16,32,88,0,maior,3
9564,Ryan's Mammoth Collection (1883),THE BUTCHERS' MARCH -- JIG,6/8,6/8,composto,2,16,32,78,7,maior,4
9565,Ryan's Mammoth Collection (1883),THE DOUBLE HEAD -- JIG,6/8,6/8,composto,2,16,32,91,7,maior,0
9566,Ryan's Mammoth Collection (1883),THE EVICTION -- JIG,6/8,6/8,composto,2,18.17,37,100,4,menor,1
9567,Ryan's Mammoth Collection (1883),THE LIMERICK LASS -- JIG,6/8,6/8,composto,0,16,32,85,4,menor,2
9568,Ryan's Mammoth Collection (1883),THE MARKET GIRL'S -- JIG,6/8,6/8,composto,0,16,32,95,7,maior,3
9569,Ryan's Mammoth Collection (1883),THE OYSTER GIRL'S -- JIG.,6/8,6/8,composto,2,24,48,102,7,maior,4
9570,Ryan's Mammoth Collection (1883),THE PAUSTEEN FAWN -- JIG,6/8,6/8,composto,2,16,32,91,2,maior,0
9571,Ryan's Mammoth Collection (1883),THE PIVOT BRIG -- JIG,6/8,6/8,composto,2,16,32,89,9,maior,1
9572,Ryan's Mammoth Collection (1883),THE PRIEST IN HIS BOOTS -- JIG,6/8,6/8,composto,0,15.83,31,86,7,maior,2
9573,Ryan's Mammoth Collection (1883),THE TEMPEST -- JIG,6/8,6/8,composto,2,16.17,33,89,4,menor,3
9574,Ryan's Mammoth Collection (1883),THE WHIM OF A MOMENT -- JIG.,6/8,6/8,composto,3,16.08,32,95,0,maior,4
9575,Ryan's Mammoth Collection (1883),THREE LITTLE DRUMMERS' -- JIG,6/8,6/8,composto,2,16,32,91,2,maior,0
9576,Ryan's Mammoth Collection (1883),TRIP TO GALWAY -- JIG,6/8,6/8,composto,2,16,32,68,2,menor,1
9577,Ryan's Mammoth Collection (1883),Tat:ter Jack Welch -- Jig,6/8,6/8,composto,2,16,32,89,2,maior,2
9578,Ryan's Mammoth Collection (1883),Teddy Malos' -- Jig,6/8,6/8,composto,4,16.17,32,91,4,menor,3
9579,Ryan's Mammoth Collection (1883),Tell Her I Am -- Jig,6/8,6/8,composto,2,17.67,36,95,7,maior,4
9580,Ryan's Mammoth Collection (1883),The Blooming Meadows -- Jig,6/8,6/8,composto,0,15.83,31,74,7,maior,0
9581,Ryan's Mammoth Collection (1883),The Bridal -- Jig,6/8,6/8,composto,2,16,32,86,4,menor,1
9582,Ryan's Mammoth Collection (1883),The Cow-Boy's -- Jig,6/8,6/8,composto,2,16,32,87,7,maior,2
9583,Ryan's Mammoth Collection (1883),The Custom House -- Jig,6/8,6/8,composto,2,16.17,33,96,2,maior,3
9584,Ryan's Mammoth Collection (1883),The Devil's Own Shot -- Jig,6/8,6/8,composto,0,15.83,31,82,2,maior,4
9585,Ryan's Mammoth Collection (1883),The Diamond -- Jig,6/8,6/8,composto,2,16,32,87,9,menor,0
9586,Ryan's Mammoth Collection (1883),The Gobby O -- Jig (or Jefferson and Liberty),6/8,6/8,composto,2,16,32,75,9,menor,1
9587,Ryan's Mammoth Collection (1883),The Green Forever -- Jig,6/8,6/8,composto,2,16,32,95,7,maior,2
9588,Ryan's Mammoth Collection (1883),The Joys of Wedlock -- Jig,6/8,6/8,composto,2,16,32,89,7,maior,3
9589,Ryan's Mammoth Collection (1883),The Legacy -- Jig,6/8,6/8,composto,2,16,32,78,2,maior,4
9590,Ryan's Mammoth Collection (1883),The Munster Lass -- Jig,6/8,6/8,composto,2,16,32,89,5,maior,0
9591,Ryan's Mammoth Collection (1883),The Rambler from Clare -- Jig,6/8,6/8,composto,2,16,32,96,9,menor,1
9592,Ryan's Mammoth Collection (1883),The Soldier's Cloak -- Jig,6/8,6/8,composto,0,18,36,85,2,maior,2
9593,Ryan's Mammoth Collection (1883),The Sporting Boy's -- Jig,6/8,6/8,composto,2,16,32,82,2,maior,3
9594,Ryan's Mammoth Collection (1883),The Unfortunat:e Rake -- Jig,6/8,6/8,composto,2,16,32,92,4,menor,4
9595,Ryan's Mammoth Collection (1883),The Wink of Her Eye -- Jig,6/8,6/8,composto,2,16,32,90,2,maior,0
9596,Ryan's Mammoth Collection (1883),Tivoli -- Jig,6/8,6/8,composto,2,16,32,96,2,maior,1
9597,Ryan's Mammoth Collection (1883),Top of Cork Road -- Jig,6/8,6/8,composto,2,16,32,94,2,maior,2
9598,Ryan's Mammoth Collection (1883),Trip to the Cottage -- Jig,6/8,6/8,composto,2,16,32,95,7,maior,3
9599,Ryan's Mammoth Collection (1883),Two and Sixpenny Girl The -- Jig,6/8,6/8,composto,2,16,32,88,7,maior,4
9600,Ryan's Mammoth Collection (1883),VAUGHAN's FAVORITE -- JIG.,6/8,6/8,composto,2,16,32,93,7,maior,0
9601,Ryan's Mammoth Collection (1883),Widow Machree,6/8,6/8,composto,0,15.83,31,74,2,maior,1
9602,Ryan's Mammoth Collection (1883),A Drop of Whiskey -- slipjig,9/8,9/8,composto,0,16,48,133,7,maior,2
9603,Ryan's Mammoth Collection (1883),Andrew Carey's -- Slipjig,9/8,9/8,composto,0,8,24,61,2,maior,3
9604,Ryan's Mammoth Collection (1883),BARNEY'S GOAT -- JIG,9/8,9/8,composto,0,16,48,108,7,maior,4
9605,Ryan's Mammoth Collection (1883),Barney Brallagan's -- Jig,9/8,9/8,composto,0,16,48,115,2,maior,0
9606,Ryan's Mammoth Collection (1883),Drink of Brandy -- Slipjig,9/8,9/8,composto,2,16.11,49,111,7,maior,1
9607,Ryan's Mammoth Collection (1883),Drunken Ganger's The -- Jig,9/8,9/8,composto,0,16,48,141,9,maior,2
9608,Ryan's Mammoth Collection (1883),Fox Hunters' -- Jig,9/8,9/8,composto,0,16,48,110,2,maior,3
9609,Ryan's Mammoth Collection (1883),"HEY, CA' THRO' -- JIG",9/8,9/8,composto,0,8,24,53,2,maior,4
9610,Ryan's Mammoth Collection (1883),HOP -- JIG,9/8,9/8,composto,2,16,48,120,2,maior,0
9611,Ryan's Mammoth Collection (1883),HUNT THE FOX -- JIG,9/8,9/8,composto,0,8,24,61,2,maior,1
9612,Ryan's Mammoth Collection (1883),JACK ON THE GREEN -- JIG,9/8,9/8,composto,2,8.11,25,62,4,menor,2
9613,Ryan's Mammoth Collection (1883),LADY CAWDOR'S -- JIG,9/8,9/8,composto,0,8,24,54,2,maior,3
9614,Ryan's Mammoth Collection (1883),LEATHER THE WIG- JIG,9/8,9/8,composto,2,8.11,25,60,0,maior,4
9615,Ryan's Mammoth Collection (1883),LIMERICK -- JIG,9/8,9/8,composto,0,8,24,59,5,maior,0
9616,Ryan's Mammoth Collection (1883),MOLL ROE IN THE MORNING -- JIG,9/8,9/8,composto,2,8,24,67,2,maior,1
9617,Ryan's Mammoth Collection (1883),MOLL ROE'S -- JIG,9/8,9/8,composto,2,8,24,68,7,menor,2
9618,Ryan's Mammoth Collection (1883),Old Mother Goose -- SlipJig,9/8,9/8,composto,0,16,48,118,7,maior,3
9619,Ryan's Mammoth Collection (1883),"PADDY, NOW WONT YOU BE EASY? -- JIG",9/8,9/8,composto,0,16,48,136,11,menor,4
9620,Ryan's Mammoth Collection (1883),POTHOUGE - JIG,9/8,9/8,composto,0,16,48,133,0,maior,0
9621,Ryan's Mammoth Collection (1883),RED STOCKINGS' -- JIG.,9/8,9/8,composto,2,16,48,123,2,maior,1
9622,Ryan's Mammoth Collection (1883),RIDE A MILE -- SLIPJIG,9/8,9/8,composto,0,16,48,110,7,maior,2
9623,Ryan's Mammoth Collection (1883),ROCKY ROAD TO DUBLIN -- JIG.,9/8,9/8,composto,0,8,24,52,2,maior,3
9624,Ryan's Mammoth Collection (1883),Roaring Willie's -- Jig,9/8,9/8,composto,2,16.11,49,139,9,maior,4
9625,Ryan's Mammoth Collection (1883),SHUFFLE AND CUT -- JIG,9/8,9/8,composto,0,24,72,206,2,maior,0
9626,Ryan's Mammoth Collection (1883),SIR ROGER DE COVERLY -- JIG,9/8,9/8,composto,0,16,48,128,4,menor,1
9627,Ryan's Mammoth Collection (1883),SKIN THE PEELER -- JIG,9/8,9/8,composto,2,8.11,25,52,4,menor,2
9628,Ryan's Mammoth Collection (1883),TEA IN THE MORNING -- Jig.,9/8,9/8,composto,0,16,48,116,7,maior,3
9629,Ryan's Mammoth Collection (1883),TEETOTAL -- JIG,9/8,9/8,composto,0,16,48,136,0,maior,4
9630,Ryan's Mammoth Collection (1883),TERRY HEIGH - JIG,9/8,9/8,composto,0,8,24,64,7,maior,0
9631,Ryan's Mammoth Collection (1883),THE COCK AND THE HEN -- JIG,9/8,9/8,composto,0,8,24,65,4,menor,1
9632,Ryan's Mammoth Collection (1883),THE DUBLIN BOY'S -- JIG,9/8,9/8,composto,0,15.89,47,120,4,menor,2
9633,Ryan's Mammoth Collection (1883),THE DUSTY MILLER'S -- JIG,9/8,9/8,composto,0,8,24,47,7,maior,3
9634,Ryan's Mammoth Collection (1883),THE MAID'S COMPLAINT -- JIG,9/8,9/8,composto,0,10,30,70,2,menor,4
9635,Ryan's Mammoth Collection (1883),THE NIGHT OF FUN -- JIG.,9/8,9/8,composto,0,15.78,47,110,4,menor,0
9636,Ryan's Mammoth Collection (1883),THE OLD DUTCH CHURN -- JIG,9/8,9/8,composto,0,16,48,114,7,menor,1
9637,Ryan's Mammoth Collection (1883),THE RAKES OF WESTMEATH -- JIG,9/8,9/8,composto,0,8,24,59,2,maior,2
9638,Ryan's Mammoth Collection (1883),TWO-PENNY POSTMAN'S -- JIG.,9/8,9/8,composto,2,8.11,25,71,9,maior,3
9639,Ryan's Mammoth Collection (1883),The Jolly Pedler's -- SlipJig,9/8,9/8,composto,2,16,48,133,4,menor,4
9640,Ryan's Mammoth Collection (1883),The Time of Day Jig,9/8,9/8,composto,2,16,48,109,7,maior,0
9641,Ryan's Mammoth Collection (1883),Whiskey and Beer,9/8,9/8,composto,0,16,48,102,2,maior,1
9642,Ryan's Mammoth Collection (1883),YELLOW STOCKINGS' -- JIG,9/8,9/8,composto,2,8.11,25,67,11,menor,2
9643,Ryan's Mammoth Collection (1883),Off She Goes -- Jig,12/8,12/8,composto,0,8,32,69,2,maior,3
