compasso,tempo,grau_da_ultima_nota,direcao_anterior,direcao_anterior_por_extenso,intervalo_de_entrada_graus,intervalo_por_extenso,ocorrencias,ocorrencias_do_contexto,P_intervalo_dado_contexto
2/4,2,1,ss,sobe por salto,0,repete,440,1830,0.2404
2/4,2,1,ss,sobe por salto,-2,desce 2,331,1830,0.1809
2/4,2,1,ss,sobe por salto,-3,desce 3,276,1830,0.1508
2/4,2,1,ss,sobe por salto,1,sobe 1,204,1830,0.1115
2/4,2,1,ss,sobe por salto,-1,desce 1,196,1830,0.1071
2/4,2,1,ss,sobe por salto,2,sobe 2,151,1830,0.0825
2/4,2,1,ss,sobe por salto,-5,desce 5,86,1830,0.047
2/4,2,1,ss,sobe por salto,4,sobe 4,39,1830,0.0213
2/4,2,1,ss,sobe por salto,-6,desce 6,36,1830,0.0197
2/4,2,1,ss,sobe por salto,3,sobe 3,28,1830,0.0153
2/4,2,1,ss,sobe por salto,-4,desce 4,21,1830,0.0115
2/4,2,1,ss,sobe por salto,-7,desce 7,16,1830,0.0087
2/4,2,1,ss,sobe por salto,7,sobe 7,3,1830,0.0016
2/4,2,1,ss,sobe por salto,5,sobe 5,2,1830,0.0011
2/4,1,1,r,repete,0,repete,327,1438,0.2274
2/4,1,1,r,repete,1,sobe 1,273,1438,0.1898
2/4,1,1,r,repete,2,sobe 2,216,1438,0.1502
2/4,1,1,r,repete,-1,desce 1,155,1438,0.1078
2/4,1,1,r,repete,4,sobe 4,119,1438,0.0828
2/4,1,1,r,repete,-3,desce 3,105,1438,0.073
2/4,1,1,r,repete,3,sobe 3,72,1438,0.0501
2/4,1,1,r,repete,-2,desce 2,63,1438,0.0438
2/4,1,1,r,repete,7,sobe 7,37,1438,0.0257
2/4,1,1,r,repete,5,sobe 5,33,1438,0.0229
2/4,1,1,r,repete,-5,desce 5,15,1438,0.0104
2/4,1,1,r,repete,9,sobe 9,8,1438,0.0056
2/4,1,1,r,repete,-4,desce 4,6,1438,0.0042
2/4,1,1,r,repete,6,sobe 6,4,1438,0.0028
2/4,1,1,r,repete,-7,desce 7,3,1438,0.0021
2/4,2,2,ss,sobe por salto,-1,desce 1,184,502,0.3665
2/4,2,2,ss,sobe por salto,0,repete,109,502,0.2171
2/4,2,2,ss,sobe por salto,-4,desce 4,49,502,0.0976
2/4,2,2,ss,sobe por salto,2,sobe 2,42,502,0.0837
2/4,2,2,ss,sobe por salto,-2,desce 2,34,502,0.0677
2/4,2,2,ss,sobe por salto,3,sobe 3,34,502,0.0677
2/4,2,2,ss,sobe por salto,1,sobe 1,31,502,0.0618
2/4,2,2,ss,sobe por salto,-3,desce 3,10,502,0.0199
2/4,2,2,ss,sobe por salto,-5,desce 5,4,502,0.008
2/4,2,2,ss,sobe por salto,-8,desce 8,3,502,0.006
2/4,1,2,r,repete,-1,desce 1,397,1289,0.308
2/4,1,2,r,repete,1,sobe 1,387,1289,0.3002
2/4,1,2,r,repete,0,repete,212,1289,0.1645
2/4,1,2,r,repete,3,sobe 3,159,1289,0.1234
2/4,1,2,r,repete,2,sobe 2,53,1289,0.0411
2/4,1,2,r,repete,-4,desce 4,26,1289,0.0202
2/4,1,2,r,repete,-2,desce 2,22,1289,0.0171
2/4,1,2,r,repete,-3,desce 3,12,1289,0.0093
2/4,1,2,r,repete,6,sobe 6,7,1289,0.0054
2/4,1,2,r,repete,4,sobe 4,7,1289,0.0054
2/4,1,2,r,repete,8,sobe 8,4,1289,0.0031
2/4,2,4,sg,sobe por grau,1,sobe 1,454,854,0.5316
2/4,2,4,sg,sobe por grau,-1,desce 1,173,854,0.2026
2/4,2,4,sg,sobe por grau,-2,desce 2,89,854,0.1042
2/4,2,4,sg,sobe por grau,0,repete,68,854,0.0796
2/4,2,4,sg,sobe por grau,-3,desce 3,27,854,0.0316
2/4,2,4,sg,sobe por grau,2,sobe 2,15,854,0.0176
2/4,2,4,sg,sobe por grau,3,sobe 3,7,854,0.0082
2/4,2,4,sg,sobe por grau,-6,desce 6,7,854,0.0082
2/4,2,4,sg,sobe por grau,-4,desce 4,6,854,0.007
2/4,2,4,sg,sobe por grau,4,sobe 4,6,854,0.007
2/4,1,1,ds,desce por salto,1,sobe 1,363,1760,0.2062
2/4,1,1,ds,desce por salto,4,sobe 4,267,1760,0.1517
2/4,1,1,ds,desce por salto,2,sobe 2,238,1760,0.1352
2/4,1,1,ds,desce por salto,0,repete,235,1760,0.1335
2/4,1,1,ds,desce por salto,-1,desce 1,196,1760,0.1114
2/4,1,1,ds,desce por salto,3,sobe 3,183,1760,0.104
2/4,1,1,ds,desce por salto,-3,desce 3,77,1760,0.0437
2/4,1,1,ds,desce por salto,7,sobe 7,62,1760,0.0352
2/4,1,1,ds,desce por salto,5,sobe 5,48,1760,0.0273
2/4,1,1,ds,desce por salto,-2,desce 2,43,1760,0.0244
2/4,1,1,ds,desce por salto,9,sobe 9,17,1760,0.0097
2/4,1,1,ds,desce por salto,6,sobe 6,12,1760,0.0068
2/4,1,1,ds,desce por salto,-4,desce 4,7,1760,0.004
2/4,1,1,ds,desce por salto,8,sobe 8,6,1760,0.0034
2/4,1,1,ds,desce por salto,-5,desce 5,5,1760,0.0028
2/4,2,6,dg,desce por grau,-1,desce 1,430,512,0.8398
2/4,2,6,dg,desce por grau,1,sobe 1,30,512,0.0586
2/4,2,6,dg,desce por grau,0,repete,21,512,0.041
2/4,2,6,dg,desce por grau,2,sobe 2,13,512,0.0254
2/4,2,6,dg,desce por grau,-3,desce 3,4,512,0.0078
2/4,2,6,dg,desce por grau,3,sobe 3,3,512,0.0059
2/4,2,6,dg,desce por grau,-4,desce 4,3,512,0.0059
2/4,2,6,dg,desce por grau,-2,desce 2,2,512,0.0039
2/4,2,6,dg,desce por grau,4,sobe 4,2,512,0.0039
2/4,2,6,dg,desce por grau,5,sobe 5,2,512,0.0039
2/4,1,5,ds,desce por salto,3,sobe 3,657,1956,0.3359
2/4,1,5,ds,desce por salto,0,repete,231,1956,0.1181
2/4,1,5,ds,desce por salto,-1,desce 1,207,1956,0.1058
2/4,1,5,ds,desce por salto,1,sobe 1,186,1956,0.0951
2/4,1,5,ds,desce por salto,5,sobe 5,166,1956,0.0849
2/4,1,5,ds,desce por salto,-2,desce 2,138,1956,0.0706
2/4,1,5,ds,desce por salto,4,sobe 4,93,1956,0.0475
2/4,1,5,ds,desce por salto,2,sobe 2,85,1956,0.0435
2/4,1,5,ds,desce por salto,7,sobe 7,78,1956,0.0399
2/4,1,5,ds,desce por salto,6,sobe 6,70,1956,0.0358
2/4,1,5,ds,desce por salto,-4,desce 4,14,1956,0.0072
2/4,1,5,ds,desce por salto,9,sobe 9,12,1956,0.0061
2/4,1,5,ds,desce por salto,8,sobe 8,9,1956,0.0046
2/4,1,5,ds,desce por salto,-3,desce 3,8,1956,0.0041
2/4,1,5,ds,desce por salto,-5,desce 5,2,1956,0.001
2/4,2,7,ds,desce por salto,1,sobe 1,171,399,0.4286
2/4,2,7,ds,desce por salto,-2,desce 2,99,399,0.2481
2/4,2,7,ds,desce por salto,0,repete,43,399,0.1078
2/4,2,7,ds,desce por salto,-1,desce 1,38,399,0.0952
2/4,2,7,ds,desce por salto,2,sobe 2,28,399,0.0702
2/4,2,7,ds,desce por salto,3,sobe 3,10,399,0.0251
2/4,2,7,ds,desce por salto,4,sobe 4,6,399,0.015
2/4,2,7,ds,desce por salto,5,sobe 5,4,399,0.01
2/4,1,1,sg,sobe por grau,1,sobe 1,259,656,0.3948
2/4,1,1,sg,sobe por grau,2,sobe 2,94,656,0.1433
2/4,1,1,sg,sobe por grau,0,repete,68,656,0.1037
2/4,1,1,sg,sobe por grau,-3,desce 3,65,656,0.0991
2/4,1,1,sg,sobe por grau,-1,desce 1,47,656,0.0716
2/4,1,1,sg,sobe por grau,3,sobe 3,35,656,0.0534
2/4,1,1,sg,sobe por grau,4,sobe 4,29,656,0.0442
2/4,1,1,sg,sobe por grau,-2,desce 2,22,656,0.0335
2/4,1,1,sg,sobe por grau,5,sobe 5,11,656,0.0168
2/4,1,1,sg,sobe por grau,7,sobe 7,6,656,0.0091
2/4,1,1,sg,sobe por grau,-5,desce 5,5,656,0.0076
2/4,1,1,sg,sobe por grau,-7,desce 7,5,656,0.0076
2/4,1,1,sg,sobe por grau,-4,desce 4,4,656,0.0061
2/4,1,1,sg,sobe por grau,-6,desce 6,2,656,0.003
2/4,1,1,sg,sobe por grau,6,sobe 6,2,656,0.003
2/4,2,5,0,—,0,repete,39,126,0.3095
2/4,2,5,0,—,-2,desce 2,38,126,0.3016
2/4,2,5,0,—,-1,desce 1,16,126,0.127
2/4,2,5,0,—,1,sobe 1,13,126,0.1032
2/4,2,5,0,—,3,sobe 3,11,126,0.0873
2/4,2,5,0,—,-3,desce 3,5,126,0.0397
2/4,1,5,r,repete,0,repete,511,2203,0.232
2/4,1,5,r,repete,1,sobe 1,446,2203,0.2025
2/4,1,5,r,repete,3,sobe 3,427,2203,0.1938
2/4,1,5,r,repete,-1,desce 1,238,2203,0.108
2/4,1,5,r,repete,-2,desce 2,192,2203,0.0872
2/4,1,5,r,repete,-4,desce 4,75,2203,0.034
2/4,1,5,r,repete,5,sobe 5,69,2203,0.0313
2/4,1,5,r,repete,-3,desce 3,63,2203,0.0286
2/4,1,5,r,repete,4,sobe 4,53,2203,0.0241
2/4,1,5,r,repete,6,sobe 6,45,2203,0.0204
2/4,1,5,r,repete,2,sobe 2,40,2203,0.0182
2/4,1,5,r,repete,7,sobe 7,25,2203,0.0113
2/4,1,5,r,repete,-6,desce 6,7,2203,0.0032
2/4,1,5,r,repete,-7,desce 7,5,2203,0.0023
2/4,1,5,r,repete,9,sobe 9,3,2203,0.0014
2/4,1,5,r,repete,-5,desce 5,2,2203,0.0009
2/4,2,5,r,repete,0,repete,796,2245,0.3546
2/4,2,5,r,repete,-2,desce 2,426,2245,0.1898
2/4,2,5,r,repete,1,sobe 1,362,2245,0.1612
2/4,2,5,r,repete,-1,desce 1,294,2245,0.131
2/4,2,5,r,repete,3,sobe 3,150,2245,0.0668
2/4,2,5,r,repete,-3,desce 3,73,2245,0.0325
2/4,2,5,r,repete,2,sobe 2,41,2245,0.0183
2/4,2,5,r,repete,-4,desce 4,39,2245,0.0174
2/4,2,5,r,repete,4,sobe 4,18,2245,0.008
2/4,2,5,r,repete,5,sobe 5,17,2245,0.0076
2/4,2,5,r,repete,6,sobe 6,12,2245,0.0053
2/4,2,5,r,repete,-5,desce 5,6,2245,0.0027
2/4,2,5,r,repete,7,sobe 7,4,2245,0.0018
2/4,2,5,r,repete,-6,desce 6,3,2245,0.0013
2/4,2,5,r,repete,-7,desce 7,3,2245,0.0013
2/4,1,4,dg,desce por grau,-1,desce 1,1050,1611,0.6518
2/4,1,4,dg,desce por grau,1,sobe 1,242,1611,0.1502
2/4,1,4,dg,desce por grau,0,repete,108,1611,0.067
2/4,1,4,dg,desce por grau,-2,desce 2,90,1611,0.0559
2/4,1,4,dg,desce por grau,-3,desce 3,27,1611,0.0168
2/4,1,4,dg,desce por grau,2,sobe 2,25,1611,0.0155
2/4,1,4,dg,desce por grau,6,sobe 6,22,1611,0.0137
2/4,1,4,dg,desce por grau,3,sobe 3,17,1611,0.0106
2/4,1,4,dg,desce por grau,4,sobe 4,16,1611,0.0099
2/4,1,4,dg,desce por grau,7,sobe 7,6,1611,0.0037
2/4,1,4,dg,desce por grau,5,sobe 5,3,1611,0.0019
2/4,1,4,dg,desce por grau,8,sobe 8,2,1611,0.0012
2/4,2,1,dg,desce por grau,-1,desce 1,378,1609,0.2349
2/4,2,1,dg,desce por grau,1,sobe 1,355,1609,0.2206
2/4,2,1,dg,desce por grau,0,repete,329,1609,0.2045
2/4,2,1,dg,desce por grau,-2,desce 2,188,1609,0.1168
2/4,2,1,dg,desce por grau,-3,desce 3,132,1609,0.082
2/4,2,1,dg,desce por grau,2,sobe 2,117,1609,0.0727
2/4,2,1,dg,desce por grau,4,sobe 4,64,1609,0.0398
2/4,2,1,dg,desce por grau,3,sobe 3,15,1609,0.0093
2/4,2,1,dg,desce por grau,5,sobe 5,14,1609,0.0087
2/4,2,1,dg,desce por grau,7,sobe 7,8,1609,0.005
2/4,2,1,dg,desce por grau,6,sobe 6,5,1609,0.0031
2/4,2,1,dg,desce por grau,9,sobe 9,2,1609,0.0012
2/4,1,7,dg,desce por grau,1,sobe 1,357,723,0.4938
2/4,1,7,dg,desce por grau,-2,desce 2,117,723,0.1618
2/4,1,7,dg,desce por grau,-1,desce 1,107,723,0.148
2/4,1,7,dg,desce por grau,3,sobe 3,42,723,0.0581
2/4,1,7,dg,desce por grau,0,repete,38,723,0.0526
2/4,1,7,dg,desce por grau,2,sobe 2,30,723,0.0415
2/4,1,7,dg,desce por grau,5,sobe 5,12,723,0.0166
2/4,1,7,dg,desce por grau,4,sobe 4,6,723,0.0083
2/4,1,7,dg,desce por grau,-4,desce 4,4,723,0.0055
2/4,1,7,dg,desce por grau,-3,desce 3,3,723,0.0041
2/4,1,7,dg,desce por grau,-6,desce 6,3,723,0.0041
2/4,1,7,dg,desce por grau,7,sobe 7,3,723,0.0041
2/4,2,5,ds,desce por salto,0,repete,393,1364,0.2881
2/4,2,5,ds,desce por salto,1,sobe 1,189,1364,0.1386
2/4,2,5,ds,desce por salto,3,sobe 3,185,1364,0.1356
2/4,2,5,ds,desce por salto,-2,desce 2,165,1364,0.121
2/4,2,5,ds,desce por salto,-1,desce 1,141,1364,0.1034
2/4,2,5,ds,desce por salto,2,sobe 2,90,1364,0.066
2/4,2,5,ds,desce por salto,5,sobe 5,85,1364,0.0623
2/4,2,5,ds,desce por salto,4,sobe 4,47,1364,0.0345
2/4,2,5,ds,desce por salto,6,sobe 6,28,1364,0.0205
2/4,2,5,ds,desce por salto,7,sobe 7,18,1364,0.0132
2/4,2,5,ds,desce por salto,-3,desce 3,15,1364,0.011
2/4,2,5,ds,desce por salto,-4,desce 4,5,1364,0.0037
2/4,2,5,ds,desce por salto,9,sobe 9,2,1364,0.0015
2/4,2,5,ss,sobe por salto,0,repete,567,2242,0.2529
2/4,2,5,ss,sobe por salto,-2,desce 2,459,2242,0.2047
2/4,2,5,ss,sobe por salto,-1,desce 1,329,2242,0.1467
2/4,2,5,ss,sobe por salto,1,sobe 1,243,2242,0.1084
2/4,2,5,ss,sobe por salto,3,sobe 3,220,2242,0.0981
2/4,2,5,ss,sobe por salto,-4,desce 4,158,2242,0.0705
2/4,2,5,ss,sobe por salto,-3,desce 3,153,2242,0.0682
2/4,2,5,ss,sobe por salto,-7,desce 7,29,2242,0.0129
2/4,2,5,ss,sobe por salto,2,sobe 2,27,2242,0.012
2/4,2,5,ss,sobe por salto,-6,desce 6,20,2242,0.0089
2/4,2,5,ss,sobe por salto,-5,desce 5,19,2242,0.0085
2/4,2,5,ss,sobe por salto,5,sobe 5,10,2242,0.0045
2/4,2,5,ss,sobe por salto,4,sobe 4,4,2242,0.0018
2/4,2,5,ss,sobe por salto,7,sobe 7,2,2242,0.0009
2/4,2,1,sg,sobe por grau,1,sobe 1,225,835,0.2695
2/4,2,1,sg,sobe por grau,0,repete,151,835,0.1808
2/4,2,1,sg,sobe por grau,-3,desce 3,135,835,0.1617
2/4,2,1,sg,sobe por grau,2,sobe 2,99,835,0.1186
2/4,2,1,sg,sobe por grau,-1,desce 1,77,835,0.0922
2/4,2,1,sg,sobe por grau,-2,desce 2,60,835,0.0719
2/4,2,1,sg,sobe por grau,3,sobe 3,22,835,0.0263
2/4,2,1,sg,sobe por grau,4,sobe 4,22,835,0.0263
2/4,2,1,sg,sobe por grau,-7,desce 7,19,835,0.0228
2/4,2,1,sg,sobe por grau,-5,desce 5,12,835,0.0144
2/4,2,1,sg,sobe por grau,5,sobe 5,4,835,0.0048
2/4,2,1,sg,sobe por grau,6,sobe 6,3,835,0.0036
2/4,2,1,sg,sobe por grau,-6,desce 6,3,835,0.0036
2/4,2,1,sg,sobe por grau,7,sobe 7,2,835,0.0024
2/4,2,4,dg,desce por grau,-1,desce 1,792,1556,0.509
2/4,2,4,dg,desce por grau,0,repete,258,1556,0.1658
2/4,2,4,dg,desce por grau,1,sobe 1,245,1556,0.1575
2/4,2,4,dg,desce por grau,-2,desce 2,197,1556,0.1266
2/4,2,4,dg,desce por grau,2,sobe 2,17,1556,0.0109
2/4,2,4,dg,desce por grau,-3,desce 3,17,1556,0.0109
2/4,2,4,dg,desce por grau,3,sobe 3,9,1556,0.0058
2/4,2,4,dg,desce por grau,4,sobe 4,6,1556,0.0039
2/4,2,4,dg,desce por grau,6,sobe 6,4,1556,0.0026
2/4,2,4,dg,desce por grau,5,sobe 5,4,1556,0.0026
2/4,2,4,dg,desce por grau,-5,desce 5,2,1556,0.0013
2/4,2,4,dg,desce por grau,7,sobe 7,2,1556,0.0013
2/4,1,1,dg,desce por grau,-1,desce 1,441,1829,0.2411
2/4,1,1,dg,desce por grau,1,sobe 1,328,1829,0.1793
2/4,1,1,dg,desce por grau,0,repete,277,1829,0.1514
2/4,1,1,dg,desce por grau,2,sobe 2,184,1829,0.1006
2/4,1,1,dg,desce por grau,4,sobe 4,163,1829,0.0891
2/4,1,1,dg,desce por grau,-2,desce 2,148,1829,0.0809
2/4,1,1,dg,desce por grau,3,sobe 3,96,1829,0.0525
2/4,1,1,dg,desce por grau,-3,desce 3,90,1829,0.0492
2/4,1,1,dg,desce por grau,7,sobe 7,41,1829,0.0224
2/4,1,1,dg,desce por grau,5,sobe 5,25,1829,0.0137
2/4,1,1,dg,desce por grau,9,sobe 9,11,1829,0.006
2/4,1,1,dg,desce por grau,-5,desce 5,10,1829,0.0055
2/4,1,1,dg,desce por grau,-7,desce 7,4,1829,0.0022
2/4,1,1,dg,desce por grau,-4,desce 4,3,1829,0.0016
2/4,1,1,dg,desce por grau,-6,desce 6,3,1829,0.0016
2/4,1,1,dg,desce por grau,6,sobe 6,3,1829,0.0016
2/4,1,1,dg,desce por grau,8,sobe 8,2,1829,0.0011
2/4,2,5,dg,desce por grau,0,repete,449,1669,0.269
2/4,2,5,dg,desce por grau,-1,desce 1,419,1669,0.251
2/4,2,5,dg,desce por grau,-2,desce 2,389,1669,0.2331
2/4,2,5,dg,desce por grau,1,sobe 1,239,1669,0.1432
2/4,2,5,dg,desce por grau,3,sobe 3,64,1669,0.0383
2/4,2,5,dg,desce por grau,-3,desce 3,35,1669,0.021
2/4,2,5,dg,desce por grau,-4,desce 4,30,1669,0.018
2/4,2,5,dg,desce por grau,2,sobe 2,17,1669,0.0102
2/4,2,5,dg,desce por grau,5,sobe 5,9,1669,0.0054
2/4,2,5,dg,desce por grau,4,sobe 4,6,1669,0.0036
2/4,2,5,dg,desce por grau,7,sobe 7,5,1669,0.003
2/4,2,5,dg,desce por grau,6,sobe 6,4,1669,0.0024
2/4,1,2,dg,desce por grau,-1,desce 1,1226,2074,0.5911
2/4,1,2,dg,desce por grau,1,sobe 1,357,2074,0.1721
2/4,1,2,dg,desce por grau,0,repete,167,2074,0.0805
2/4,1,2,dg,desce por grau,3,sobe 3,162,2074,0.0781
2/4,1,2,dg,desce por grau,6,sobe 6,36,2074,0.0174
2/4,1,2,dg,desce por grau,2,sobe 2,33,2074,0.0159
2/4,1,2,dg,desce por grau,-4,desce 4,26,2074,0.0125
2/4,1,2,dg,desce por grau,-2,desce 2,24,2074,0.0116
2/4,1,2,dg,desce por grau,4,sobe 4,10,2074,0.0048
2/4,1,2,dg,desce por grau,-3,desce 3,10,2074,0.0048
2/4,1,2,dg,desce por grau,-6,desce 6,5,2074,0.0024
2/4,1,2,dg,desce por grau,5,sobe 5,5,2074,0.0024
2/4,1,2,dg,desce por grau,8,sobe 8,5,2074,0.0024
2/4,1,2,dg,desce por grau,7,sobe 7,3,2074,0.0014
2/4,1,2,dg,desce por grau,-7,desce 7,2,2074,0.001
2/4,1,2,dg,desce por grau,9,sobe 9,2,2074,0.001
2/4,2,3,dg,desce por grau,-1,desce 1,636,1364,0.4663
2/4,2,3,dg,desce por grau,1,sobe 1,225,1364,0.165
2/4,2,3,dg,desce por grau,0,repete,189,1364,0.1386
2/4,2,3,dg,desce por grau,-2,desce 2,170,1364,0.1246
2/4,2,3,dg,desce por grau,2,sobe 2,92,1364,0.0674
2/4,2,3,dg,desce por grau,-5,desce 5,18,1364,0.0132
2/4,2,3,dg,desce por grau,5,sobe 5,12,1364,0.0088
2/4,2,3,dg,desce por grau,-3,desce 3,11,1364,0.0081
2/4,2,3,dg,desce por grau,3,sobe 3,6,1364,0.0044
2/4,2,3,dg,desce por grau,7,sobe 7,2,1364,0.0015
2/4,2,1,ds,desce por salto,0,repete,397,1594,0.2491
2/4,2,1,ds,desce por salto,1,sobe 1,350,1594,0.2196
2/4,2,1,ds,desce por salto,2,sobe 2,245,1594,0.1537
2/4,2,1,ds,desce por salto,-1,desce 1,202,1594,0.1267
2/4,2,1,ds,desce por salto,4,sobe 4,116,1594,0.0728
2/4,2,1,ds,desce por salto,-3,desce 3,103,1594,0.0646
2/4,2,1,ds,desce por salto,3,sobe 3,87,1594,0.0546
2/4,2,1,ds,desce por salto,-2,desce 2,32,1594,0.0201
2/4,2,1,ds,desce por salto,5,sobe 5,31,1594,0.0194
2/4,2,1,ds,desce por salto,7,sobe 7,13,1594,0.0082
2/4,2,1,ds,desce por salto,9,sobe 9,6,1594,0.0038
2/4,2,1,ds,desce por salto,6,sobe 6,6,1594,0.0038
2/4,2,1,ds,desce por salto,-4,desce 4,5,1594,0.0031
2/4,1,7,ds,desce por salto,1,sobe 1,457,668,0.6841
2/4,1,7,ds,desce por salto,2,sobe 2,51,668,0.0763
2/4,1,7,ds,desce por salto,3,sobe 3,49,668,0.0734
2/4,1,7,ds,desce por salto,-1,desce 1,37,668,0.0554
2/4,1,7,ds,desce por salto,-2,desce 2,33,668,0.0494
2/4,1,7,ds,desce por salto,5,sobe 5,24,668,0.0359
2/4,1,7,ds,desce por salto,4,sobe 4,6,668,0.009
2/4,1,7,ds,desce por salto,0,repete,5,668,0.0075
2/4,1,7,ds,desce por salto,9,sobe 9,3,668,0.0045
2/4,1,7,ds,desce por salto,8,sobe 8,2,668,0.003
2/4,2,3,r,repete,0,repete,460,1252,0.3674
2/4,2,3,r,repete,-1,desce 1,348,1252,0.278
2/4,2,3,r,repete,2,sobe 2,170,1252,0.1358
2/4,2,3,r,repete,1,sobe 1,148,1252,0.1182
2/4,2,3,r,repete,-2,desce 2,77,1252,0.0615
2/4,2,3,r,repete,3,sobe 3,17,1252,0.0136
2/4,2,3,r,repete,-3,desce 3,7,1252,0.0056
2/4,2,3,r,repete,-5,desce 5,6,1252,0.0048
2/4,2,3,r,repete,5,sobe 5,5,1252,0.004
2/4,2,3,r,repete,4,sobe 4,5,1252,0.004
2/4,2,3,r,repete,7,sobe 7,3,1252,0.0024
2/4,2,3,r,repete,-4,desce 4,3,1252,0.0024
2/4,2,3,r,repete,6,sobe 6,3,1252,0.0024
2/4,1,3,sg,sobe por grau,1,sobe 1,420,1300,0.3231
2/4,1,3,sg,sobe por grau,-2,desce 2,287,1300,0.2208
2/4,1,3,sg,sobe por grau,2,sobe 2,262,1300,0.2015
2/4,1,3,sg,sobe por grau,-1,desce 1,184,1300,0.1415
2/4,1,3,sg,sobe por grau,0,repete,54,1300,0.0415
2/4,1,3,sg,sobe por grau,-4,desce 4,23,1300,0.0177
2/4,1,3,sg,sobe por grau,3,sobe 3,18,1300,0.0138
2/4,1,3,sg,sobe por grau,-5,desce 5,17,1300,0.0131
2/4,1,3,sg,sobe por grau,5,sobe 5,17,1300,0.0131
2/4,1,3,sg,sobe por grau,-3,desce 3,11,1300,0.0085
2/4,1,3,sg,sobe por grau,7,sobe 7,2,1300,0.0015
2/4,1,3,sg,sobe por grau,4,sobe 4,2,1300,0.0015
2/4,1,3,sg,sobe por grau,-7,desce 7,2,1300,0.0015
2/4,2,4,r,repete,0,repete,235,674,0.3487
2/4,2,4,r,repete,-1,desce 1,135,674,0.2003
2/4,2,4,r,repete,-2,desce 2,128,674,0.1899
2/4,2,4,r,repete,1,sobe 1,119,674,0.1766
2/4,2,4,r,repete,2,sobe 2,31,674,0.046
2/4,2,4,r,repete,-3,desce 3,7,674,0.0104
2/4,2,4,r,repete,4,sobe 4,5,674,0.0074
2/4,2,4,r,repete,-6,desce 6,4,674,0.0059
2/4,2,4,r,repete,-4,desce 4,3,674,0.0045
2/4,2,4,r,repete,3,sobe 3,3,674,0.0045
2/4,2,4,r,repete,6,sobe 6,3,674,0.0045
2/4,1,4,sg,sobe por grau,1,sobe 1,1111,1444,0.7694
2/4,1,4,sg,sobe por grau,-1,desce 1,142,1444,0.0983
2/4,1,4,sg,sobe por grau,0,repete,54,1444,0.0374
2/4,1,4,sg,sobe por grau,-2,desce 2,50,1444,0.0346
2/4,1,4,sg,sobe por grau,-3,desce 3,29,1444,0.0201
2/4,1,4,sg,sobe por grau,2,sobe 2,26,1444,0.018
2/4,1,4,sg,sobe por grau,3,sobe 3,8,1444,0.0055
2/4,1,4,sg,sobe por grau,4,sobe 4,6,1444,0.0042
2/4,1,4,sg,sobe por grau,-6,desce 6,6,1444,0.0042
2/4,1,4,sg,sobe por grau,6,sobe 6,5,1444,0.0035
2/4,1,4,sg,sobe por grau,-4,desce 4,3,1444,0.0021
2/4,1,4,sg,sobe por grau,5,sobe 5,2,1444,0.0014
2/4,1,4,sg,sobe por grau,7,sobe 7,2,1444,0.0014
2/4,2,3,0,—,-1,desce 1,21,55,0.3818
2/4,2,3,0,—,0,repete,15,55,0.2727
2/4,2,3,0,—,2,sobe 2,9,55,0.1636
2/4,2,3,0,—,-2,desce 2,5,55,0.0909
2/4,2,3,0,—,1,sobe 1,3,55,0.0545
2/4,1,2,ss,sobe por salto,-1,desce 1,211,425,0.4965
2/4,1,2,ss,sobe por salto,1,sobe 1,57,425,0.1341
2/4,1,2,ss,sobe por salto,0,repete,52,425,0.1224
2/4,1,2,ss,sobe por salto,-4,desce 4,25,425,0.0588
2/4,1,2,ss,sobe por salto,2,sobe 2,22,425,0.0518
2/4,1,2,ss,sobe por salto,-2,desce 2,16,425,0.0376
2/4,1,2,ss,sobe por salto,3,sobe 3,13,425,0.0306
2/4,1,2,ss,sobe por salto,-3,desce 3,11,425,0.0259
2/4,1,2,ss,sobe por salto,4,sobe 4,7,425,0.0165
2/4,1,2,ss,sobe por salto,-6,desce 6,5,425,0.0118
2/4,1,2,ss,sobe por salto,-5,desce 5,4,425,0.0094
2/4,2,2,sg,sobe por grau,1,sobe 1,782,1480,0.5284
2/4,2,2,sg,sobe por grau,-1,desce 1,315,1480,0.2128
2/4,2,2,sg,sobe por grau,0,repete,101,1480,0.0682
2/4,2,2,sg,sobe por grau,3,sobe 3,82,1480,0.0554
2/4,2,2,sg,sobe por grau,2,sobe 2,71,1480,0.048
2/4,2,2,sg,sobe por grau,-2,desce 2,57,1480,0.0385
2/4,2,2,sg,sobe por grau,-4,desce 4,36,1480,0.0243
2/4,2,2,sg,sobe por grau,-3,desce 3,21,1480,0.0142
2/4,2,2,sg,sobe por grau,-6,desce 6,6,1480,0.0041
2/4,2,2,sg,sobe por grau,4,sobe 4,4,1480,0.0027
2/4,2,2,sg,sobe por grau,-5,desce 5,2,1480,0.0014
2/4,2,2,sg,sobe por grau,6,sobe 6,2,1480,0.0014
2/4,2,3,ss,sobe por salto,-1,desce 1,393,1496,0.2627
2/4,2,3,ss,sobe por salto,2,sobe 2,310,1496,0.2072
2/4,2,3,ss,sobe por salto,-2,desce 2,260,1496,0.1738
2/4,2,3,ss,sobe por salto,0,repete,255,1496,0.1705
2/4,2,3,ss,sobe por salto,1,sobe 1,118,1496,0.0789
2/4,2,3,ss,sobe por salto,-5,desce 5,59,1496,0.0394
2/4,2,3,ss,sobe por salto,-3,desce 3,39,1496,0.0261
2/4,2,3,ss,sobe por salto,-6,desce 6,23,1496,0.0154
2/4,2,3,ss,sobe por salto,-4,desce 4,15,1496,0.01
2/4,2,3,ss,sobe por salto,3,sobe 3,13,1496,0.0087
2/4,2,3,ss,sobe por salto,-8,desce 8,5,1496,0.0033
2/4,2,3,ss,sobe por salto,-7,desce 7,3,1496,0.002
2/4,2,3,ss,sobe por salto,5,sobe 5,2,1496,0.0013
2/4,1,5,ss,sobe por salto,0,repete,575,2337,0.246
2/4,1,5,ss,sobe por salto,-1,desce 1,354,2337,0.1515
2/4,1,5,ss,sobe por salto,-2,desce 2,350,2337,0.1498
2/4,1,5,ss,sobe por salto,1,sobe 1,335,2337,0.1433
2/4,1,5,ss,sobe por salto,3,sobe 3,265,2337,0.1134
2/4,1,5,ss,sobe por salto,-3,desce 3,198,2337,0.0847
2/4,1,5,ss,sobe por salto,-4,desce 4,133,2337,0.0569
2/4,1,5,ss,sobe por salto,-6,desce 6,27,2337,0.0116
2/4,1,5,ss,sobe por salto,-7,desce 7,22,2337,0.0094
2/4,1,5,ss,sobe por salto,2,sobe 2,22,2337,0.0094
2/4,1,5,ss,sobe por salto,5,sobe 5,21,2337,0.009
2/4,1,5,ss,sobe por salto,-5,desce 5,15,2337,0.0064
2/4,1,5,ss,sobe por salto,4,sobe 4,13,2337,0.0056
2/4,1,5,ss,sobe por salto,6,sobe 6,3,2337,0.0013
2/4,1,5,ss,sobe por salto,8,sobe 8,2,2337,0.0009
2/4,1,4,r,repete,-1,desce 1,255,673,0.3789
2/4,1,4,r,repete,1,sobe 1,156,673,0.2318
2/4,1,4,r,repete,0,repete,105,673,0.156
2/4,1,4,r,repete,-2,desce 2,62,673,0.0921
2/4,1,4,r,repete,2,sobe 2,37,673,0.055
2/4,1,4,r,repete,3,sobe 3,13,673,0.0193
2/4,1,4,r,repete,-3,desce 3,11,673,0.0163
2/4,1,4,r,repete,7,sobe 7,11,673,0.0163
2/4,1,4,r,repete,4,sobe 4,7,673,0.0104
2/4,1,4,r,repete,-6,desce 6,5,673,0.0074
2/4,1,4,r,repete,-9,desce 9,4,673,0.0059
2/4,1,4,r,repete,5,sobe 5,2,673,0.003
2/4,1,4,r,repete,6,sobe 6,2,673,0.003
2/4,1,4,r,repete,8,sobe 8,2,673,0.003
2/4,2,2,dg,desce por grau,-1,desce 1,724,1692,0.4279
2/4,2,2,dg,desce por grau,1,sobe 1,386,1692,0.2281
2/4,2,2,dg,desce por grau,0,repete,276,1692,0.1631
2/4,2,2,dg,desce por grau,3,sobe 3,97,1692,0.0573
2/4,2,2,dg,desce por grau,-4,desce 4,63,1692,0.0372
2/4,2,2,dg,desce por grau,2,sobe 2,49,1692,0.029
2/4,2,2,dg,desce por grau,6,sobe 6,40,1692,0.0236
2/4,2,2,dg,desce por grau,-2,desce 2,29,1692,0.0171
2/4,2,2,dg,desce por grau,-3,desce 3,15,1692,0.0089
2/4,2,2,dg,desce por grau,4,sobe 4,7,1692,0.0041
2/4,2,2,dg,desce por grau,5,sobe 5,4,1692,0.0024
2/4,1,4,ss,sobe por salto,-1,desce 1,413,801,0.5156
2/4,1,4,ss,sobe por salto,1,sobe 1,130,801,0.1623
2/4,1,4,ss,sobe por salto,-2,desce 2,82,801,0.1024
2/4,1,4,ss,sobe por salto,0,repete,75,801,0.0936
2/4,1,4,ss,sobe por salto,-3,desce 3,43,801,0.0537
2/4,1,4,ss,sobe por salto,-6,desce 6,30,801,0.0375
2/4,1,4,ss,sobe por salto,2,sobe 2,10,801,0.0125
2/4,1,4,ss,sobe por salto,3,sobe 3,7,801,0.0087
2/4,1,4,ss,sobe por salto,4,sobe 4,4,801,0.005
2/4,1,4,ss,sobe por salto,-4,desce 4,3,801,0.0037
2/4,1,4,ss,sobe por salto,-9,desce 9,2,801,0.0025
2/4,2,1,r,repete,0,repete,681,1795,0.3794
2/4,2,1,r,repete,1,sobe 1,348,1795,0.1939
2/4,2,1,r,repete,2,sobe 2,235,1795,0.1309
2/4,2,1,r,repete,-1,desce 1,176,1795,0.0981
2/4,2,1,r,repete,-3,desce 3,136,1795,0.0758
2/4,2,1,r,repete,-2,desce 2,87,1795,0.0485
2/4,2,1,r,repete,3,sobe 3,53,1795,0.0295
2/4,2,1,r,repete,4,sobe 4,32,1795,0.0178
2/4,2,1,r,repete,-5,desce 5,22,1795,0.0123
2/4,2,1,r,repete,7,sobe 7,11,1795,0.0061
2/4,2,1,r,repete,-4,desce 4,5,1795,0.0028
2/4,2,1,r,repete,5,sobe 5,3,1795,0.0017
2/4,2,1,r,repete,-7,desce 7,2,1795,0.0011
2/4,2,1,r,repete,6,sobe 6,2,1795,0.0011
2/4,2,1,r,repete,-6,desce 6,2,1795,0.0011
2/4,1,3,ss,sobe por salto,-1,desce 1,455,1377,0.3304
2/4,1,3,ss,sobe por salto,2,sobe 2,294,1377,0.2135
2/4,1,3,ss,sobe por salto,1,sobe 1,192,1377,0.1394
2/4,1,3,ss,sobe por salto,-2,desce 2,165,1377,0.1198
2/4,1,3,ss,sobe por salto,0,repete,122,1377,0.0886
2/4,1,3,ss,sobe por salto,-3,desce 3,40,1377,0.029
2/4,1,3,ss,sobe por salto,-5,desce 5,39,1377,0.0283
2/4,1,3,ss,sobe por salto,-6,desce 6,23,1377,0.0167
2/4,1,3,ss,sobe por salto,3,sobe 3,15,1377,0.0109
2/4,1,3,ss,sobe por salto,-7,desce 7,11,1377,0.008
2/4,1,3,ss,sobe por salto,-4,desce 4,10,1377,0.0073
2/4,1,3,ss,sobe por salto,5,sobe 5,5,1377,0.0036
2/4,1,3,ss,sobe por salto,4,sobe 4,4,1377,0.0029
2/4,2,3,sg,sobe por grau,-1,desce 1,462,1504,0.3072
2/4,2,3,sg,sobe por grau,1,sobe 1,344,1504,0.2287
2/4,2,3,sg,sobe por grau,-2,desce 2,237,1504,0.1576
2/4,2,3,sg,sobe por grau,2,sobe 2,222,1504,0.1476
2/4,2,3,sg,sobe por grau,0,repete,153,1504,0.1017
2/4,2,3,sg,sobe por grau,-5,desce 5,30,1504,0.0199
2/4,2,3,sg,sobe por grau,-3,desce 3,25,1504,0.0166
2/4,2,3,sg,sobe por grau,3,sobe 3,9,1504,0.006
2/4,2,3,sg,sobe por grau,-4,desce 4,9,1504,0.006
2/4,2,3,sg,sobe por grau,-7,desce 7,5,1504,0.0033
2/4,2,3,sg,sobe por grau,5,sobe 5,5,1504,0.0033
2/4,2,3,sg,sobe por grau,4,sobe 4,3,1504,0.002
2/4,1,3,dg,desce por grau,-1,desce 1,517,1198,0.4316
2/4,1,3,dg,desce por grau,1,sobe 1,174,1198,0.1452
2/4,1,3,dg,desce por grau,0,repete,148,1198,0.1235
2/4,1,3,dg,desce por grau,2,sobe 2,142,1198,0.1185
2/4,1,3,dg,desce por grau,-2,desce 2,141,1198,0.1177
2/4,1,3,dg,desce por grau,3,sobe 3,28,1198,0.0234
2/4,1,3,dg,desce por grau,5,sobe 5,16,1198,0.0134
2/4,1,3,dg,desce por grau,4,sobe 4,10,1198,0.0083
2/4,1,3,dg,desce por grau,-3,desce 3,6,1198,0.005
2/4,1,3,dg,desce por grau,7,sobe 7,6,1198,0.005
2/4,1,3,dg,desce por grau,-5,desce 5,3,1198,0.0025
2/4,1,3,dg,desce por grau,9,sobe 9,3,1198,0.0025
2/4,1,3,dg,desce por grau,-4,desce 4,2,1198,0.0017
2/4,1,3,dg,desce por grau,8,sobe 8,2,1198,0.0017
2/4,2,3,ds,desce por salto,2,sobe 2,416,1673,0.2487
2/4,2,3,ds,desce por salto,-1,desce 1,390,1673,0.2331
2/4,2,3,ds,desce por salto,-2,desce 2,254,1673,0.1518
2/4,2,3,ds,desce por salto,1,sobe 1,224,1673,0.1339
2/4,2,3,ds,desce por salto,0,repete,222,1673,0.1327
2/4,2,3,ds,desce por salto,5,sobe 5,62,1673,0.0371
2/4,2,3,ds,desce por salto,3,sobe 3,52,1673,0.0311
2/4,2,3,ds,desce por salto,4,sobe 4,14,1673,0.0084
2/4,2,3,ds,desce por salto,7,sobe 7,12,1673,0.0072
2/4,2,3,ds,desce por salto,-5,desce 5,11,1673,0.0066
2/4,2,3,ds,desce por salto,-3,desce 3,8,1673,0.0048
2/4,2,3,ds,desce por salto,6,sobe 6,7,1673,0.0042
2/4,1,3,r,repete,-1,desce 1,325,1181,0.2752
2/4,1,3,r,repete,0,repete,292,1181,0.2472
2/4,1,3,r,repete,2,sobe 2,237,1181,0.2007
2/4,1,3,r,repete,1,sobe 1,192,1181,0.1626
2/4,1,3,r,repete,-2,desce 2,59,1181,0.05
2/4,1,3,r,repete,3,sobe 3,22,1181,0.0186
2/4,1,3,r,repete,5,sobe 5,15,1181,0.0127
2/4,1,3,r,repete,-3,desce 3,8,1181,0.0068
2/4,1,3,r,repete,7,sobe 7,7,1181,0.0059
2/4,1,3,r,repete,-5,desce 5,7,1181,0.0059
2/4,1,3,r,repete,4,sobe 4,6,1181,0.0051
2/4,1,3,r,repete,6,sobe 6,3,1181,0.0025
2/4,1,3,r,repete,-7,desce 7,3,1181,0.0025
2/4,1,3,r,repete,-9,desce 9,3,1181,0.0025
2/4,1,3,r,repete,-4,desce 4,2,1181,0.0017
2/4,1,5,dg,desce por grau,0,repete,349,1713,0.2037
2/4,1,5,dg,desce por grau,3,sobe 3,301,1713,0.1757
2/4,1,5,dg,desce por grau,-1,desce 1,291,1713,0.1699
2/4,1,5,dg,desce por grau,1,sobe 1,229,1713,0.1337
2/4,1,5,dg,desce por grau,-2,desce 2,219,1713,0.1278
2/4,1,5,dg,desce por grau,5,sobe 5,75,1713,0.0438
2/4,1,5,dg,desce por grau,7,sobe 7,74,1713,0.0432
2/4,1,5,dg,desce por grau,4,sobe 4,55,1713,0.0321
2/4,1,5,dg,desce por grau,-3,desce 3,39,1713,0.0228
2/4,1,5,dg,desce por grau,-4,desce 4,31,1713,0.0181
2/4,1,5,dg,desce por grau,2,sobe 2,16,1713,0.0093
2/4,1,5,dg,desce por grau,6,sobe 6,13,1713,0.0076
2/4,1,5,dg,desce por grau,9,sobe 9,11,1713,0.0064
2/4,1,5,dg,desce por grau,8,sobe 8,6,1713,0.0035
2/4,1,5,dg,desce por grau,-6,desce 6,2,1713,0.0012
2/4,1,5,dg,desce por grau,-5,desce 5,2,1713,0.0012
2/4,1,6,dg,desce por grau,-1,desce 1,395,542,0.7288
2/4,1,6,dg,desce por grau,0,repete,78,542,0.1439
2/4,1,6,dg,desce por grau,1,sobe 1,21,542,0.0387
2/4,1,6,dg,desce por grau,2,sobe 2,18,542,0.0332
2/4,1,6,dg,desce por grau,3,sobe 3,7,542,0.0129
2/4,1,6,dg,desce por grau,4,sobe 4,5,542,0.0092
2/4,1,6,dg,desce por grau,-2,desce 2,5,542,0.0092
2/4,1,6,dg,desce por grau,6,sobe 6,5,542,0.0092
2/4,1,6,dg,desce por grau,-4,desce 4,4,542,0.0074
2/4,1,6,dg,desce por grau,-5,desce 5,2,542,0.0037
2/4,1,1,ss,sobe por salto,-3,desce 3,412,1540,0.2675
2/4,1,1,ss,sobe por salto,-2,desce 2,235,1540,0.1526
2/4,1,1,ss,sobe por salto,1,sobe 1,216,1540,0.1403
2/4,1,1,ss,sobe por salto,0,repete,184,1540,0.1195
2/4,1,1,ss,sobe por salto,-1,desce 1,143,1540,0.0929
2/4,1,1,ss,sobe por salto,-5,desce 5,109,1540,0.0708
2/4,1,1,ss,sobe por salto,2,sobe 2,107,1540,0.0695
2/4,1,1,ss,sobe por salto,-4,desce 4,27,1540,0.0175
2/4,1,1,ss,sobe por salto,-6,desce 6,26,1540,0.0169
2/4,1,1,ss,sobe por salto,-7,desce 7,25,1540,0.0162
2/4,1,1,ss,sobe por salto,4,sobe 4,24,1540,0.0156
2/4,1,1,ss,sobe por salto,3,sobe 3,20,1540,0.013
2/4,1,1,ss,sobe por salto,7,sobe 7,6,1540,0.0039
2/4,1,1,ss,sobe por salto,5,sobe 5,4,1540,0.0026
2/4,2,2,ds,desce por salto,-1,desce 1,256,996,0.257
2/4,2,2,ds,desce por salto,0,repete,235,996,0.2359
2/4,2,2,ds,desce por salto,1,sobe 1,209,996,0.2098
2/4,2,2,ds,desce por salto,3,sobe 3,104,996,0.1044
2/4,2,2,ds,desce por salto,2,sobe 2,87,996,0.0873
2/4,2,2,ds,desce por salto,-2,desce 2,52,996,0.0522
2/4,2,2,ds,desce por salto,6,sobe 6,21,996,0.0211
2/4,2,2,ds,desce por salto,4,sobe 4,15,996,0.0151
2/4,2,2,ds,desce por salto,5,sobe 5,10,996,0.01
2/4,2,2,ds,desce por salto,-3,desce 3,4,996,0.004
2/4,2,2,ds,desce por salto,7,sobe 7,2,996,0.002
2/4,1,7,sg,sobe por grau,1,sobe 1,372,430,0.8651
2/4,1,7,sg,sobe por grau,-2,desce 2,19,430,0.0442
2/4,1,7,sg,sobe por grau,2,sobe 2,16,430,0.0372
2/4,1,7,sg,sobe por grau,-1,desce 1,10,430,0.0233
2/4,1,7,sg,sobe por grau,3,sobe 3,7,430,0.0163
2/4,1,7,sg,sobe por grau,0,repete,3,430,0.007
2/4,1,7,sg,sobe por grau,-4,desce 4,2,430,0.0047
2/4,2,4,ss,sobe por salto,-1,desce 1,200,740,0.2703
2/4,2,4,ss,sobe por salto,0,repete,176,740,0.2378
2/4,2,4,ss,sobe por salto,-2,desce 2,115,740,0.1554
2/4,2,4,ss,sobe por salto,1,sobe 1,100,740,0.1351
2/4,2,4,ss,sobe por salto,-4,desce 4,37,740,0.05
2/4,2,4,ss,sobe por salto,-3,desce 3,37,740,0.05
2/4,2,4,ss,sobe por salto,-6,desce 6,27,740,0.0365
2/4,2,4,ss,sobe por salto,2,sobe 2,20,740,0.027
2/4,2,4,ss,sobe por salto,-5,desce 5,15,740,0.0203
2/4,2,4,ss,sobe por salto,3,sobe 3,6,740,0.0081
2/4,2,4,ss,sobe por salto,4,sobe 4,3,740,0.0041
2/4,2,4,ss,sobe por salto,5,sobe 5,2,740,0.0027
2/4,1,2,ds,desce por salto,-1,desce 1,500,1334,0.3748
2/4,1,2,ds,desce por salto,1,sobe 1,342,1334,0.2564
2/4,1,2,ds,desce por salto,3,sobe 3,175,1334,0.1312
2/4,1,2,ds,desce por salto,2,sobe 2,109,1334,0.0817
2/4,1,2,ds,desce por salto,0,repete,88,1334,0.066
2/4,1,2,ds,desce por salto,6,sobe 6,40,1334,0.03
2/4,1,2,ds,desce por salto,-2,desce 2,22,1334,0.0165
2/4,1,2,ds,desce por salto,4,sobe 4,17,1334,0.0127
2/4,1,2,ds,desce por salto,-4,desce 4,15,1334,0.0112
2/4,1,2,ds,desce por salto,-3,desce 3,9,1334,0.0067
2/4,1,2,ds,desce por salto,5,sobe 5,7,1334,0.0052
2/4,1,2,ds,desce por salto,7,sobe 7,5,1334,0.0037
2/4,1,2,ds,desce por salto,9,sobe 9,2,1334,0.0015
2/4,2,6,r,repete,-1,desce 1,153,359,0.4262
2/4,2,6,r,repete,0,repete,91,359,0.2535
2/4,2,6,r,repete,2,sobe 2,45,359,0.1253
2/4,2,6,r,repete,1,sobe 1,33,359,0.0919
2/4,2,6,r,repete,-2,desce 2,14,359,0.039
2/4,2,6,r,repete,3,sobe 3,10,359,0.0279
2/4,2,6,r,repete,-3,desce 3,6,359,0.0167
2/4,2,6,r,repete,-4,desce 4,3,359,0.0084
2/4,1,6,ds,desce por salto,-1,desce 1,701,1169,0.5997
2/4,1,6,ds,desce por salto,2,sobe 2,160,1169,0.1369
2/4,1,6,ds,desce por salto,0,repete,108,1169,0.0924
2/4,1,6,ds,desce por salto,6,sobe 6,59,1169,0.0505
2/4,1,6,ds,desce por salto,3,sobe 3,48,1169,0.0411
2/4,1,6,ds,desce por salto,1,sobe 1,21,1169,0.018
2/4,1,6,ds,desce por salto,-3,desce 3,17,1169,0.0145
2/4,1,6,ds,desce por salto,-2,desce 2,13,1169,0.0111
2/4,1,6,ds,desce por salto,5,sobe 5,11,1169,0.0094
2/4,1,6,ds,desce por salto,4,sobe 4,11,1169,0.0094
2/4,1,6,ds,desce por salto,7,sobe 7,7,1169,0.006
2/4,1,6,ds,desce por salto,-4,desce 4,7,1169,0.006
2/4,1,6,ds,desce por salto,9,sobe 9,6,1169,0.0051
2/4,1,6,ss,sobe por salto,-1,desce 1,324,448,0.7232
2/4,1,6,ss,sobe por salto,0,repete,41,448,0.0915
2/4,1,6,ss,sobe por salto,2,sobe 2,26,448,0.058
2/4,1,6,ss,sobe por salto,-2,desce 2,18,448,0.0402
2/4,1,6,ss,sobe por salto,-5,desce 5,10,448,0.0223
2/4,1,6,ss,sobe por salto,-3,desce 3,7,448,0.0156
2/4,1,6,ss,sobe por salto,-4,desce 4,7,448,0.0156
2/4,1,6,ss,sobe por salto,3,sobe 3,6,448,0.0134
2/4,1,6,ss,sobe por salto,1,sobe 1,4,448,0.0089
2/4,1,6,ss,sobe por salto,-6,desce 6,3,448,0.0067
2/4,1,6,ss,sobe por salto,6,sobe 6,2,448,0.0045
2/4,1,3,0,—,0,repete,11,46,0.2391
2/4,1,3,0,—,2,sobe 2,11,46,0.2391
2/4,1,3,0,—,-1,desce 1,7,46,0.1522
2/4,1,3,0,—,-2,desce 2,5,46,0.1087
2/4,1,3,0,—,-3,desce 3,4,46,0.087
2/4,1,3,0,—,1,sobe 1,4,46,0.087
2/4,1,3,0,—,3,sobe 3,2,46,0.0435
2/4,1,5,0,—,3,sobe 3,529,716,0.7388
2/4,1,5,0,—,0,repete,99,716,0.1383
2/4,1,5,0,—,-2,desce 2,32,716,0.0447
2/4,1,5,0,—,5,sobe 5,25,716,0.0349
2/4,1,5,0,—,1,sobe 1,16,716,0.0223
2/4,1,5,0,—,-1,desce 1,8,716,0.0112
2/4,1,5,0,—,-4,desce 4,3,716,0.0042
2/4,2,6,sg,sobe por grau,-1,desce 1,555,1073,0.5172
2/4,2,6,sg,sobe por grau,2,sobe 2,178,1073,0.1659
2/4,2,6,sg,sobe por grau,1,sobe 1,108,1073,0.1007
2/4,2,6,sg,sobe por grau,0,repete,89,1073,0.0829
2/4,2,6,sg,sobe por grau,-2,desce 2,57,1073,0.0531
2/4,2,6,sg,sobe por grau,-3,desce 3,37,1073,0.0345
2/4,2,6,sg,sobe por grau,-4,desce 4,15,1073,0.014
2/4,2,6,sg,sobe por grau,3,sobe 3,12,1073,0.0112
2/4,2,6,sg,sobe por grau,-5,desce 5,6,1073,0.0056
2/4,2,6,sg,sobe por grau,5,sobe 5,5,1073,0.0047
2/4,2,6,sg,sobe por grau,-7,desce 7,5,1073,0.0047
2/4,2,6,sg,sobe por grau,4,sobe 4,3,1073,0.0028
2/4,2,6,sg,sobe por grau,7,sobe 7,2,1073,0.0019
2/4,2,2,r,repete,0,repete,337,917,0.3675
2/4,2,2,r,repete,-1,desce 1,179,917,0.1952
2/4,2,2,r,repete,1,sobe 1,172,917,0.1876
2/4,2,2,r,repete,3,sobe 3,110,917,0.12
2/4,2,2,r,repete,2,sobe 2,37,917,0.0403
2/4,2,2,r,repete,-2,desce 2,36,917,0.0393
2/4,2,2,r,repete,-4,desce 4,27,917,0.0294
2/4,2,2,r,repete,6,sobe 6,7,917,0.0076
2/4,2,2,r,repete,-3,desce 3,7,917,0.0076
2/4,2,2,r,repete,4,sobe 4,3,917,0.0033
2/4,1,3,ds,desce por salto,-1,desce 1,561,1916,0.2928
2/4,1,3,ds,desce por salto,2,sobe 2,516,1916,0.2693
2/4,1,3,ds,desce por salto,1,sobe 1,306,1916,0.1597
2/4,1,3,ds,desce por salto,-2,desce 2,163,1916,0.0851
2/4,1,3,ds,desce por salto,0,repete,155,1916,0.0809
2/4,1,3,ds,desce por salto,3,sobe 3,97,1916,0.0506
2/4,1,3,ds,desce por salto,5,sobe 5,70,1916,0.0365
2/4,1,3,ds,desce por salto,6,sobe 6,15,1916,0.0078
2/4,1,3,ds,desce por salto,7,sobe 7,11,1916,0.0057
2/4,1,3,ds,desce por salto,4,sobe 4,7,1916,0.0037
2/4,1,3,ds,desce por salto,-3,desce 3,7,1916,0.0037
2/4,1,3,ds,desce por salto,9,sobe 9,3,1916,0.0016
2/4,1,3,ds,desce por salto,8,sobe 8,2,1916,0.001
2/4,1,3,ds,desce por salto,-4,desce 4,2,1916,0.001
2/4,1,7,r,repete,1,sobe 1,98,181,0.5414
2/4,1,7,r,repete,-1,desce 1,16,181,0.0884
2/4,1,7,r,repete,0,repete,16,181,0.0884
2/4,1,7,r,repete,3,sobe 3,15,181,0.0829
2/4,1,7,r,repete,-2,desce 2,13,181,0.0718
2/4,1,7,r,repete,2,sobe 2,8,181,0.0442
2/4,1,7,r,repete,4,sobe 4,6,181,0.0331
2/4,1,7,r,repete,5,sobe 5,6,181,0.0331
2/4,2,5,sg,sobe por grau,-1,desce 1,209,1010,0.2069
2/4,2,5,sg,sobe por grau,0,repete,198,1010,0.196
2/4,2,5,sg,sobe por grau,-2,desce 2,182,1010,0.1802
2/4,2,5,sg,sobe por grau,1,sobe 1,181,1010,0.1792
2/4,2,5,sg,sobe por grau,3,sobe 3,68,1010,0.0673
2/4,2,5,sg,sobe por grau,-3,desce 3,64,1010,0.0634
2/4,2,5,sg,sobe por grau,2,sobe 2,40,1010,0.0396
2/4,2,5,sg,sobe por grau,-4,desce 4,37,1010,0.0366
2/4,2,5,sg,sobe por grau,-7,desce 7,13,1010,0.0129
2/4,2,5,sg,sobe por grau,-5,desce 5,7,1010,0.0069
2/4,2,5,sg,sobe por grau,4,sobe 4,6,1010,0.0059
2/4,2,5,sg,sobe por grau,5,sobe 5,3,1010,0.003
2/4,2,5,sg,sobe por grau,7,sobe 7,2,1010,0.002
2/4,1,7,0,—,3,sobe 3,30,44,0.6818
2/4,1,7,0,—,0,repete,4,44,0.0909
2/4,1,7,0,—,-2,desce 2,3,44,0.0682
2/4,1,7,0,—,5,sobe 5,3,44,0.0682
2/4,1,7,0,—,1,sobe 1,2,44,0.0455
2/4,2,6,ds,desce por salto,-1,desce 1,449,808,0.5557
2/4,2,6,ds,desce por salto,2,sobe 2,153,808,0.1894
2/4,2,6,ds,desce por salto,0,repete,90,808,0.1114
2/4,2,6,ds,desce por salto,3,sobe 3,25,808,0.0309
2/4,2,6,ds,desce por salto,4,sobe 4,24,808,0.0297
2/4,2,6,ds,desce por salto,1,sobe 1,20,808,0.0248
2/4,2,6,ds,desce por salto,6,sobe 6,16,808,0.0198
2/4,2,6,ds,desce por salto,-2,desce 2,15,808,0.0186
2/4,2,6,ds,desce por salto,5,sobe 5,8,808,0.0099
2/4,2,6,ds,desce por salto,-3,desce 3,5,808,0.0062
2/4,2,6,ds,desce por salto,-4,desce 4,3,808,0.0037
2/4,1,2,sg,sobe por grau,1,sobe 1,839,1526,0.5498
2/4,1,2,sg,sobe por grau,-1,desce 1,226,1526,0.1481
2/4,1,2,sg,sobe por grau,3,sobe 3,147,1526,0.0963
2/4,1,2,sg,sobe por grau,0,repete,89,1526,0.0583
2/4,1,2,sg,sobe por grau,2,sobe 2,60,1526,0.0393
2/4,1,2,sg,sobe por grau,-4,desce 4,60,1526,0.0393
2/4,1,2,sg,sobe por grau,-3,desce 3,40,1526,0.0262
2/4,1,2,sg,sobe por grau,-2,desce 2,34,1526,0.0223
2/4,1,2,sg,sobe por grau,6,sobe 6,11,1526,0.0072
2/4,1,2,sg,sobe por grau,4,sobe 4,9,1526,0.0059
2/4,1,2,sg,sobe por grau,-6,desce 6,6,1526,0.0039
2/4,1,2,sg,sobe por grau,-5,desce 5,2,1526,0.0013
2/4,1,6,sg,sobe por grau,-1,desce 1,380,866,0.4388
2/4,1,6,sg,sobe por grau,2,sobe 2,191,866,0.2206
2/4,1,6,sg,sobe por grau,1,sobe 1,89,866,0.1028
2/4,1,6,sg,sobe por grau,0,repete,61,866,0.0704
2/4,1,6,sg,sobe por grau,-3,desce 3,42,866,0.0485
2/4,1,6,sg,sobe por grau,-2,desce 2,33,866,0.0381
2/4,1,6,sg,sobe por grau,-4,desce 4,21,866,0.0242
2/4,1,6,sg,sobe por grau,-5,desce 5,17,866,0.0196
2/4,1,6,sg,sobe por grau,3,sobe 3,12,866,0.0139
2/4,1,6,sg,sobe por grau,6,sobe 6,7,866,0.0081
2/4,1,6,sg,sobe por grau,4,sobe 4,4,866,0.0046
2/4,1,6,sg,sobe por grau,5,sobe 5,4,866,0.0046
2/4,1,6,sg,sobe por grau,-7,desce 7,2,866,0.0023
2/4,2,1,0,—,0,repete,40,117,0.3419
2/4,2,1,0,—,2,sobe 2,25,117,0.2137
2/4,2,1,0,—,1,sobe 1,18,117,0.1538
2/4,2,1,0,—,-1,desce 1,11,117,0.094
2/4,2,1,0,—,-3,desce 3,7,117,0.0598
2/4,2,1,0,—,4,sobe 4,4,117,0.0342
2/4,2,1,0,—,-2,desce 2,4,117,0.0342
2/4,2,1,0,—,3,sobe 3,2,117,0.0171
2/4,2,1,0,—,-5,desce 5,2,117,0.0171
2/4,2,7,dg,desce por grau,1,sobe 1,367,747,0.4913
2/4,2,7,dg,desce por grau,-1,desce 1,176,747,0.2356
2/4,2,7,dg,desce por grau,-2,desce 2,106,747,0.1419
2/4,2,7,dg,desce por grau,0,repete,58,747,0.0776
2/4,2,7,dg,desce por grau,3,sobe 3,13,747,0.0174
2/4,2,7,dg,desce por grau,2,sobe 2,12,747,0.0161
2/4,2,7,dg,desce por grau,-4,desce 4,5,747,0.0067
2/4,2,7,dg,desce por grau,-3,desce 3,5,747,0.0067
2/4,2,7,dg,desce por grau,5,sobe 5,4,747,0.0054
2/4,1,5,sg,sobe por grau,-2,desce 2,227,864,0.2627
2/4,1,5,sg,sobe por grau,0,repete,141,864,0.1632
2/4,1,5,sg,sobe por grau,1,sobe 1,131,864,0.1516
2/4,1,5,sg,sobe por grau,-1,desce 1,128,864,0.1481
2/4,1,5,sg,sobe por grau,3,sobe 3,69,864,0.0799
2/4,1,5,sg,sobe por grau,-4,desce 4,53,864,0.0613
2/4,1,5,sg,sobe por grau,2,sobe 2,44,864,0.0509
2/4,1,5,sg,sobe por grau,-3,desce 3,35,864,0.0405
2/4,1,5,sg,sobe por grau,6,sobe 6,7,864,0.0081
2/4,1,5,sg,sobe por grau,5,sobe 5,6,864,0.0069
2/4,1,5,sg,sobe por grau,7,sobe 7,6,864,0.0069
2/4,1,5,sg,sobe por grau,4,sobe 4,5,864,0.0058
2/4,1,5,sg,sobe por grau,-5,desce 5,5,864,0.0058
2/4,1,5,sg,sobe por grau,-7,desce 7,4,864,0.0046
2/4,2,7,ss,sobe por salto,-2,desce 2,129,402,0.3209
2/4,2,7,ss,sobe por salto,1,sobe 1,87,402,0.2164
2/4,2,7,ss,sobe por salto,0,repete,52,402,0.1294
2/4,2,7,ss,sobe por salto,2,sobe 2,44,402,0.1095
2/4,2,7,ss,sobe por salto,-3,desce 3,28,402,0.0697
2/4,2,7,ss,sobe por salto,-1,desce 1,23,402,0.0572
2/4,2,7,ss,sobe por salto,-5,desce 5,14,402,0.0348
2/4,2,7,ss,sobe por salto,3,sobe 3,12,402,0.0299
2/4,2,7,ss,sobe por salto,-4,desce 4,7,402,0.0174
2/4,2,7,ss,sobe por salto,-6,desce 6,6,402,0.0149
2/4,2,7,r,repete,0,repete,49,138,0.3551
2/4,2,7,r,repete,1,sobe 1,31,138,0.2246
2/4,2,7,r,repete,-1,desce 1,25,138,0.1812
2/4,2,7,r,repete,-2,desce 2,22,138,0.1594
2/4,2,7,r,repete,2,sobe 2,6,138,0.0435
2/4,2,7,r,repete,-3,desce 3,3,138,0.0217
2/4,2,7,r,repete,3,sobe 3,2,138,0.0145
2/4,2,7,sg,sobe por grau,1,sobe 1,183,276,0.663
2/4,2,7,sg,sobe por grau,-1,desce 1,35,276,0.1268
2/4,2,7,sg,sobe por grau,-2,desce 2,29,276,0.1051
2/4,2,7,sg,sobe por grau,2,sobe 2,14,276,0.0507
2/4,2,7,sg,sobe por grau,0,repete,10,276,0.0362
2/4,2,7,sg,sobe por grau,-6,desce 6,2,276,0.0072
2/4,1,4,ds,desce por salto,1,sobe 1,112,309,0.3625
2/4,1,4,ds,desce por salto,-1,desce 1,91,309,0.2945
2/4,1,4,ds,desce por salto,0,repete,32,309,0.1036
2/4,1,4,ds,desce por salto,-2,desce 2,17,309,0.055
2/4,1,4,ds,desce por salto,2,sobe 2,16,309,0.0518
2/4,1,4,ds,desce por salto,3,sobe 3,15,309,0.0485
2/4,1,4,ds,desce por salto,6,sobe 6,9,309,0.0291
2/4,1,4,ds,desce por salto,5,sobe 5,5,309,0.0162
2/4,1,4,ds,desce por salto,4,sobe 4,5,309,0.0162
2/4,1,4,ds,desce por salto,-3,desce 3,3,309,0.0097
2/4,2,6,ss,sobe por salto,-1,desce 1,243,434,0.5599
2/4,2,6,ss,sobe por salto,0,repete,75,434,0.1728
2/4,2,6,ss,sobe por salto,-2,desce 2,30,434,0.0691
2/4,2,6,ss,sobe por salto,-4,desce 4,28,434,0.0645
2/4,2,6,ss,sobe por salto,2,sobe 2,22,434,0.0507
2/4,2,6,ss,sobe por salto,3,sobe 3,9,434,0.0207
2/4,2,6,ss,sobe por salto,-3,desce 3,9,434,0.0207
2/4,2,6,ss,sobe por salto,5,sobe 5,6,434,0.0138
2/4,2,6,ss,sobe por salto,1,sobe 1,6,434,0.0138
2/4,2,6,ss,sobe por salto,-5,desce 5,5,434,0.0115
2/4,1,7,ss,sobe por salto,1,sobe 1,220,464,0.4741
2/4,1,7,ss,sobe por salto,-2,desce 2,73,464,0.1573
2/4,1,7,ss,sobe por salto,-3,desce 3,41,464,0.0884
2/4,1,7,ss,sobe por salto,-1,desce 1,33,464,0.0711
2/4,1,7,ss,sobe por salto,0,repete,24,464,0.0517
2/4,1,7,ss,sobe por salto,2,sobe 2,19,464,0.0409
2/4,1,7,ss,sobe por salto,3,sobe 3,16,464,0.0345
2/4,1,7,ss,sobe por salto,-6,desce 6,10,464,0.0216
2/4,1,7,ss,sobe por salto,-4,desce 4,9,464,0.0194
2/4,1,7,ss,sobe por salto,-5,desce 5,5,464,0.0108
2/4,1,7,ss,sobe por salto,5,sobe 5,5,464,0.0108
2/4,1,7,ss,sobe por salto,4,sobe 4,4,464,0.0086
2/4,1,7,ss,sobe por salto,-7,desce 7,2,464,0.0043
2/4,1,7,ss,sobe por salto,8,sobe 8,2,464,0.0043
2/4,2,4,ds,desce por salto,1,sobe 1,104,368,0.2826
2/4,2,4,ds,desce por salto,-1,desce 1,81,368,0.2201
2/4,2,4,ds,desce por salto,0,repete,69,368,0.1875
2/4,2,4,ds,desce por salto,-2,desce 2,44,368,0.1196
2/4,2,4,ds,desce por salto,4,sobe 4,37,368,0.1005
2/4,2,4,ds,desce por salto,2,sobe 2,18,368,0.0489
2/4,2,4,ds,desce por salto,5,sobe 5,8,368,0.0217
2/4,2,4,ds,desce por salto,3,sobe 3,4,368,0.0109
2/4,2,4,ds,desce por salto,6,sobe 6,3,368,0.0082
2/4,1,6,r,repete,-1,desce 1,293,443,0.6614
2/4,1,6,r,repete,0,repete,41,443,0.0926
2/4,1,6,r,repete,2,sobe 2,33,443,0.0745
2/4,1,6,r,repete,3,sobe 3,18,443,0.0406
2/4,1,6,r,repete,-2,desce 2,18,443,0.0406
2/4,1,6,r,repete,1,sobe 1,15,443,0.0339
2/4,1,6,r,repete,5,sobe 5,9,443,0.0203
2/4,1,6,r,repete,-3,desce 3,6,443,0.0135
2/4,1,6,r,repete,-4,desce 4,5,443,0.0113
2/4,1,1,0,—,0,repete,52,153,0.3399
2/4,1,1,0,—,4,sobe 4,34,153,0.2222
2/4,1,1,0,—,2,sobe 2,26,153,0.1699
2/4,1,1,0,—,3,sobe 3,13,153,0.085
2/4,1,1,0,—,-1,desce 1,11,153,0.0719
2/4,1,1,0,—,-3,desce 3,10,153,0.0654
2/4,1,1,0,—,1,sobe 1,4,153,0.0261
2/4,1,1,0,—,-2,desce 2,3,153,0.0196
2/4,1,4,0,—,-1,desce 1,6,20,0.3
2/4,1,4,0,—,0,repete,6,20,0.3
2/4,1,4,0,—,1,sobe 1,2,20,0.1
2/4,1,2,0,—,3,sobe 3,12,23,0.5217
2/4,1,2,0,—,0,repete,5,23,0.2174
2/4,1,2,0,—,-1,desce 1,2,23,0.087
2/4,1,2,0,—,1,sobe 1,2,23,0.087
2/4,1,2,0,—,2,sobe 2,2,23,0.087
3/4,3,5,0,—,3,sobe 3,44,104,0.4231
3/4,3,5,0,—,0,repete,32,104,0.3077
3/4,3,5,0,—,-2,desce 2,11,104,0.1058
3/4,3,5,0,—,1,sobe 1,10,104,0.0962
3/4,3,5,0,—,5,sobe 5,4,104,0.0385
3/4,3,5,0,—,-1,desce 1,3,104,0.0288
3/4,1,3,ss,sobe por salto,2,sobe 2,322,825,0.3903
3/4,1,3,ss,sobe por salto,-1,desce 1,215,825,0.2606
3/4,1,3,ss,sobe por salto,0,repete,152,825,0.1842
3/4,1,3,ss,sobe por salto,1,sobe 1,51,825,0.0618
3/4,1,3,ss,sobe por salto,-2,desce 2,46,825,0.0558
3/4,1,3,ss,sobe por salto,-5,desce 5,14,825,0.017
3/4,1,3,ss,sobe por salto,3,sobe 3,10,825,0.0121
3/4,1,3,ss,sobe por salto,5,sobe 5,5,825,0.0061
3/4,1,3,ss,sobe por salto,4,sobe 4,2,825,0.0024
3/4,1,3,ss,sobe por salto,-4,desce 4,2,825,0.0024
3/4,1,3,ss,sobe por salto,-7,desce 7,2,825,0.0024
3/4,1,3,ss,sobe por salto,-3,desce 3,2,825,0.0024
3/4,2,5,ss,sobe por salto,0,repete,331,959,0.3452
3/4,2,5,ss,sobe por salto,-1,desce 1,196,959,0.2044
3/4,2,5,ss,sobe por salto,-2,desce 2,131,959,0.1366
3/4,2,5,ss,sobe por salto,1,sobe 1,100,959,0.1043
3/4,2,5,ss,sobe por salto,3,sobe 3,97,959,0.1011
3/4,2,5,ss,sobe por salto,-4,desce 4,29,959,0.0302
3/4,2,5,ss,sobe por salto,-3,desce 3,27,959,0.0282
3/4,2,5,ss,sobe por salto,5,sobe 5,13,959,0.0136
3/4,2,5,ss,sobe por salto,2,sobe 2,10,959,0.0104
3/4,2,5,ss,sobe por salto,-5,desce 5,9,959,0.0094
3/4,2,5,ss,sobe por salto,-7,desce 7,8,959,0.0083
3/4,2,5,ss,sobe por salto,6,sobe 6,5,959,0.0052
3/4,2,5,ss,sobe por salto,-6,desce 6,3,959,0.0031
3/4,3,3,ds,desce por salto,2,sobe 2,188,732,0.2568
3/4,3,3,ds,desce por salto,0,repete,116,732,0.1585
3/4,3,3,ds,desce por salto,1,sobe 1,113,732,0.1544
3/4,3,3,ds,desce por salto,-2,desce 2,108,732,0.1475
3/4,3,3,ds,desce por salto,-1,desce 1,105,732,0.1434
3/4,3,3,ds,desce por salto,3,sobe 3,59,732,0.0806
3/4,3,3,ds,desce por salto,5,sobe 5,27,732,0.0369
3/4,3,3,ds,desce por salto,-5,desce 5,11,732,0.015
3/4,3,3,ds,desce por salto,4,sobe 4,3,732,0.0041
3/4,3,3,ds,desce por salto,6,sobe 6,2,732,0.0027
3/4,1,6,ss,sobe por salto,-1,desce 1,211,308,0.6851
3/4,1,6,ss,sobe por salto,0,repete,68,308,0.2208
3/4,1,6,ss,sobe por salto,-2,desce 2,9,308,0.0292
3/4,1,6,ss,sobe por salto,-3,desce 3,7,308,0.0227
3/4,1,6,ss,sobe por salto,2,sobe 2,5,308,0.0162
3/4,1,6,ss,sobe por salto,-4,desce 4,4,308,0.013
3/4,2,2,ds,desce por salto,-1,desce 1,59,229,0.2576
3/4,2,2,ds,desce por salto,0,repete,50,229,0.2183
3/4,2,2,ds,desce por salto,1,sobe 1,39,229,0.1703
3/4,2,2,ds,desce por salto,2,sobe 2,36,229,0.1572
3/4,2,2,ds,desce por salto,3,sobe 3,29,229,0.1266
3/4,2,2,ds,desce por salto,-2,desce 2,8,229,0.0349
3/4,2,2,ds,desce por salto,5,sobe 5,3,229,0.0131
3/4,2,2,ds,desce por salto,-4,desce 4,3,229,0.0131
3/4,3,4,ss,sobe por salto,-1,desce 1,126,342,0.3684
3/4,3,4,ss,sobe por salto,0,repete,68,342,0.1988
3/4,3,4,ss,sobe por salto,-2,desce 2,46,342,0.1345
3/4,3,4,ss,sobe por salto,2,sobe 2,26,342,0.076
3/4,3,4,ss,sobe por salto,1,sobe 1,26,342,0.076
3/4,3,4,ss,sobe por salto,-4,desce 4,19,342,0.0556
3/4,3,4,ss,sobe por salto,-3,desce 3,16,342,0.0468
3/4,3,4,ss,sobe por salto,3,sobe 3,6,342,0.0175
3/4,3,4,ss,sobe por salto,-5,desce 5,5,342,0.0146
3/4,3,4,ss,sobe por salto,5,sobe 5,2,342,0.0058
3/4,1,1,ds,desce por salto,1,sobe 1,164,632,0.2595
3/4,1,1,ds,desce por salto,0,repete,109,632,0.1725
3/4,1,1,ds,desce por salto,2,sobe 2,93,632,0.1472
3/4,1,1,ds,desce por salto,-1,desce 1,92,632,0.1456
3/4,1,1,ds,desce por salto,4,sobe 4,58,632,0.0918
3/4,1,1,ds,desce por salto,-3,desce 3,31,632,0.0491
3/4,1,1,ds,desce por salto,3,sobe 3,26,632,0.0411
3/4,1,1,ds,desce por salto,5,sobe 5,25,632,0.0396
3/4,1,1,ds,desce por salto,-2,desce 2,21,632,0.0332
3/4,1,1,ds,desce por salto,6,sobe 6,3,632,0.0047
3/4,1,1,ds,desce por salto,9,sobe 9,3,632,0.0047
3/4,1,1,ds,desce por salto,-5,desce 5,2,632,0.0032
3/4,1,1,ds,desce por salto,-6,desce 6,2,632,0.0032
3/4,1,1,ds,desce por salto,-4,desce 4,2,632,0.0032
3/4,2,6,ds,desce por salto,-1,desce 1,46,115,0.4
3/4,2,6,ds,desce por salto,0,repete,28,115,0.2435
3/4,2,6,ds,desce por salto,1,sobe 1,14,115,0.1217
3/4,2,6,ds,desce por salto,5,sobe 5,7,115,0.0609
3/4,2,6,ds,desce por salto,-2,desce 2,6,115,0.0522
3/4,2,6,ds,desce por salto,3,sobe 3,5,115,0.0435
3/4,2,6,ds,desce por salto,7,sobe 7,3,115,0.0261
3/4,2,6,ds,desce por salto,4,sobe 4,3,115,0.0261
3/4,2,6,ds,desce por salto,2,sobe 2,2,115,0.0174
3/4,3,1,sg,sobe por grau,1,sobe 1,117,407,0.2875
3/4,3,1,sg,sobe por grau,0,repete,72,407,0.1769
3/4,3,1,sg,sobe por grau,-3,desce 3,52,407,0.1278
3/4,3,1,sg,sobe por grau,2,sobe 2,49,407,0.1204
3/4,3,1,sg,sobe por grau,-1,desce 1,37,407,0.0909
3/4,3,1,sg,sobe por grau,4,sobe 4,24,407,0.059
3/4,3,1,sg,sobe por grau,-2,desce 2,18,407,0.0442
3/4,3,1,sg,sobe por grau,-5,desce 5,17,407,0.0418
3/4,3,1,sg,sobe por grau,3,sobe 3,5,407,0.0123
3/4,3,1,sg,sobe por grau,-4,desce 4,5,407,0.0123
3/4,3,1,sg,sobe por grau,-7,desce 7,4,407,0.0098
3/4,3,1,sg,sobe por grau,6,sobe 6,2,407,0.0049
3/4,3,1,sg,sobe por grau,5,sobe 5,2,407,0.0049
3/4,3,1,sg,sobe por grau,-9,desce 9,2,407,0.0049
3/4,1,7,ds,desce por salto,1,sobe 1,243,327,0.7431
3/4,1,7,ds,desce por salto,2,sobe 2,35,327,0.107
3/4,1,7,ds,desce por salto,3,sobe 3,15,327,0.0459
3/4,1,7,ds,desce por salto,0,repete,9,327,0.0275
3/4,1,7,ds,desce por salto,-1,desce 1,8,327,0.0245
3/4,1,7,ds,desce por salto,-2,desce 2,7,327,0.0214
3/4,1,7,ds,desce por salto,5,sobe 5,7,327,0.0214
3/4,1,7,ds,desce por salto,4,sobe 4,3,327,0.0092
3/4,2,5,ds,desce por salto,3,sobe 3,70,303,0.231
3/4,2,5,ds,desce por salto,0,repete,69,303,0.2277
3/4,2,5,ds,desce por salto,1,sobe 1,44,303,0.1452
3/4,2,5,ds,desce por salto,-2,desce 2,34,303,0.1122
3/4,2,5,ds,desce por salto,-1,desce 1,27,303,0.0891
3/4,2,5,ds,desce por salto,2,sobe 2,24,303,0.0792
3/4,2,5,ds,desce por salto,5,sobe 5,17,303,0.0561
3/4,2,5,ds,desce por salto,4,sobe 4,10,303,0.033
3/4,2,5,ds,desce por salto,6,sobe 6,6,303,0.0198
3/4,2,5,ds,desce por salto,7,sobe 7,2,303,0.0066
3/4,3,5,r,repete,0,repete,271,1010,0.2683
3/4,3,5,r,repete,-1,desce 1,240,1010,0.2376
3/4,3,5,r,repete,1,sobe 1,187,1010,0.1851
3/4,3,5,r,repete,-2,desce 2,138,1010,0.1366
3/4,3,5,r,repete,3,sobe 3,81,1010,0.0802
3/4,3,5,r,repete,-3,desce 3,25,1010,0.0248
3/4,3,5,r,repete,-4,desce 4,21,1010,0.0208
3/4,3,5,r,repete,2,sobe 2,17,1010,0.0168
3/4,3,5,r,repete,5,sobe 5,14,1010,0.0139
3/4,3,5,r,repete,4,sobe 4,7,1010,0.0069
3/4,3,5,r,repete,6,sobe 6,4,1010,0.004
3/4,3,5,r,repete,-5,desce 5,2,1010,0.002
3/4,3,5,r,repete,8,sobe 8,2,1010,0.002
3/4,2,1,ss,sobe por salto,0,repete,270,739,0.3654
3/4,2,1,ss,sobe por salto,-1,desce 1,123,739,0.1664
3/4,2,1,ss,sobe por salto,2,sobe 2,106,739,0.1434
3/4,2,1,ss,sobe por salto,1,sobe 1,83,739,0.1123
3/4,2,1,ss,sobe por salto,-3,desce 3,81,739,0.1096
3/4,2,1,ss,sobe por salto,-5,desce 5,30,739,0.0406
3/4,2,1,ss,sobe por salto,-2,desce 2,18,739,0.0244
3/4,2,1,ss,sobe por salto,3,sobe 3,8,739,0.0108
3/4,2,1,ss,sobe por salto,-6,desce 6,7,739,0.0095
3/4,2,1,ss,sobe por salto,-7,desce 7,5,739,0.0068
3/4,2,1,ss,sobe por salto,4,sobe 4,5,739,0.0068
3/4,2,1,ss,sobe por salto,-4,desce 4,3,739,0.0041
3/4,3,1,r,repete,0,repete,243,798,0.3045
3/4,3,1,r,repete,1,sobe 1,208,798,0.2607
3/4,3,1,r,repete,2,sobe 2,110,798,0.1378
3/4,3,1,r,repete,-1,desce 1,71,798,0.089
3/4,3,1,r,repete,-3,desce 3,57,798,0.0714
3/4,3,1,r,repete,4,sobe 4,34,798,0.0426
3/4,3,1,r,repete,-2,desce 2,20,798,0.0251
3/4,3,1,r,repete,3,sobe 3,16,798,0.0201
3/4,3,1,r,repete,5,sobe 5,14,798,0.0175
3/4,3,1,r,repete,7,sobe 7,10,798,0.0125
3/4,3,1,r,repete,-5,desce 5,8,798,0.01
3/4,3,1,r,repete,-4,desce 4,4,798,0.005
3/4,3,1,r,repete,6,sobe 6,3,798,0.0038
3/4,1,5,ds,desce por salto,3,sobe 3,227,622,0.365
3/4,1,5,ds,desce por salto,0,repete,113,622,0.1817
3/4,1,5,ds,desce por salto,1,sobe 1,65,622,0.1045
3/4,1,5,ds,desce por salto,5,sobe 5,45,622,0.0723
3/4,1,5,ds,desce por salto,-1,desce 1,44,622,0.0707
3/4,1,5,ds,desce por salto,-2,desce 2,34,622,0.0547
3/4,1,5,ds,desce por salto,4,sobe 4,31,622,0.0498
3/4,1,5,ds,desce por salto,6,sobe 6,27,622,0.0434
3/4,1,5,ds,desce por salto,2,sobe 2,18,622,0.0289
3/4,1,5,ds,desce por salto,7,sobe 7,14,622,0.0225
3/4,1,5,ds,desce por salto,-3,desce 3,2,622,0.0032
3/4,2,3,ds,desce por salto,2,sobe 2,119,425,0.28
3/4,2,3,ds,desce por salto,-2,desce 2,77,425,0.1812
3/4,2,3,ds,desce por salto,0,repete,75,425,0.1765
3/4,2,3,ds,desce por salto,-1,desce 1,62,425,0.1459
3/4,2,3,ds,desce por salto,1,sobe 1,52,425,0.1224
3/4,2,3,ds,desce por salto,3,sobe 3,18,425,0.0424
3/4,2,3,ds,desce por salto,5,sobe 5,14,425,0.0329
3/4,2,3,ds,desce por salto,-5,desce 5,4,425,0.0094
3/4,2,3,ds,desce por salto,9,sobe 9,2,425,0.0047
3/4,3,5,sg,sobe por grau,0,repete,133,610,0.218
3/4,3,5,sg,sobe por grau,-2,desce 2,121,610,0.1984
3/4,3,5,sg,sobe por grau,1,sobe 1,120,610,0.1967
3/4,3,5,sg,sobe por grau,-1,desce 1,107,610,0.1754
3/4,3,5,sg,sobe por grau,3,sobe 3,32,610,0.0525
3/4,3,5,sg,sobe por grau,-3,desce 3,28,610,0.0459
3/4,3,5,sg,sobe por grau,-4,desce 4,24,610,0.0393
3/4,3,5,sg,sobe por grau,2,sobe 2,20,610,0.0328
3/4,3,5,sg,sobe por grau,-7,desce 7,9,610,0.0148
3/4,3,5,sg,sobe por grau,-5,desce 5,7,610,0.0115
3/4,3,5,sg,sobe por grau,5,sobe 5,6,610,0.0098
3/4,3,5,sg,sobe por grau,6,sobe 6,2,610,0.0033
3/4,1,4,ds,desce por salto,1,sobe 1,75,207,0.3623
3/4,1,4,ds,desce por salto,-1,desce 1,59,207,0.285
3/4,1,4,ds,desce por salto,0,repete,38,207,0.1836
3/4,1,4,ds,desce por salto,2,sobe 2,16,207,0.0773
3/4,1,4,ds,desce por salto,-2,desce 2,8,207,0.0386
3/4,1,4,ds,desce por salto,6,sobe 6,3,207,0.0145
3/4,1,4,ds,desce por salto,3,sobe 3,2,207,0.0097
3/4,1,4,ds,desce por salto,4,sobe 4,2,207,0.0097
3/4,2,5,sg,sobe por grau,0,repete,159,634,0.2508
3/4,2,5,sg,sobe por grau,1,sobe 1,117,634,0.1845
3/4,2,5,sg,sobe por grau,-2,desce 2,109,634,0.1719
3/4,2,5,sg,sobe por grau,-1,desce 1,108,634,0.1703
3/4,2,5,sg,sobe por grau,3,sobe 3,39,634,0.0615
3/4,2,5,sg,sobe por grau,2,sobe 2,28,634,0.0442
3/4,2,5,sg,sobe por grau,5,sobe 5,28,634,0.0442
3/4,2,5,sg,sobe por grau,-3,desce 3,20,634,0.0315
3/4,2,5,sg,sobe por grau,-4,desce 4,15,634,0.0237
3/4,2,5,sg,sobe por grau,-7,desce 7,6,634,0.0095
3/4,2,5,sg,sobe por grau,7,sobe 7,3,634,0.0047
3/4,1,4,dg,desce por grau,-1,desce 1,892,1232,0.724
3/4,1,4,dg,desce por grau,1,sobe 1,137,1232,0.1112
3/4,1,4,dg,desce por grau,0,repete,129,1232,0.1047
3/4,1,4,dg,desce por grau,-2,desce 2,44,1232,0.0357
3/4,1,4,dg,desce por grau,2,sobe 2,18,1232,0.0146
3/4,1,4,dg,desce por grau,3,sobe 3,7,1232,0.0057
3/4,1,4,dg,desce por grau,-3,desce 3,3,1232,0.0024
3/4,2,3,dg,desce por grau,-1,desce 1,353,901,0.3918
3/4,2,3,dg,desce por grau,0,repete,196,901,0.2175
3/4,2,3,dg,desce por grau,-2,desce 2,133,901,0.1476
3/4,2,3,dg,desce por grau,2,sobe 2,100,901,0.111
3/4,2,3,dg,desce por grau,1,sobe 1,92,901,0.1021
3/4,2,3,dg,desce por grau,3,sobe 3,8,901,0.0089
3/4,2,3,dg,desce por grau,5,sobe 5,6,901,0.0067
3/4,2,3,dg,desce por grau,-3,desce 3,6,901,0.0067
3/4,2,3,dg,desce por grau,-5,desce 5,5,901,0.0055
3/4,2,3,dg,desce por grau,7,sobe 7,2,901,0.0022
3/4,3,2,dg,desce por grau,-1,desce 1,485,1194,0.4062
3/4,3,2,dg,desce por grau,1,sobe 1,248,1194,0.2077
3/4,3,2,dg,desce por grau,0,repete,166,1194,0.139
3/4,3,2,dg,desce por grau,3,sobe 3,109,1194,0.0913
3/4,3,2,dg,desce por grau,-4,desce 4,55,1194,0.0461
3/4,3,2,dg,desce por grau,2,sobe 2,54,1194,0.0452
3/4,3,2,dg,desce por grau,-2,desce 2,24,1194,0.0201
3/4,3,2,dg,desce por grau,4,sobe 4,23,1194,0.0193
3/4,3,2,dg,desce por grau,-3,desce 3,15,1194,0.0126
3/4,3,2,dg,desce por grau,6,sobe 6,5,1194,0.0042
3/4,3,2,dg,desce por grau,5,sobe 5,4,1194,0.0034
3/4,3,2,dg,desce por grau,-7,desce 7,2,1194,0.0017
3/4,3,2,dg,desce por grau,-5,desce 5,2,1194,0.0017
3/4,3,2,dg,desce por grau,8,sobe 8,2,1194,0.0017
3/4,1,7,dg,desce por grau,1,sobe 1,222,430,0.5163
3/4,1,7,dg,desce por grau,-1,desce 1,90,430,0.2093
3/4,1,7,dg,desce por grau,-2,desce 2,47,430,0.1093
3/4,1,7,dg,desce por grau,0,repete,28,430,0.0651
3/4,1,7,dg,desce por grau,3,sobe 3,16,430,0.0372
3/4,1,7,dg,desce por grau,2,sobe 2,14,430,0.0326
3/4,1,7,dg,desce por grau,5,sobe 5,8,430,0.0186
3/4,1,7,dg,desce por grau,4,sobe 4,4,430,0.0093
3/4,2,6,dg,desce por grau,-1,desce 1,124,194,0.6392
3/4,2,6,dg,desce por grau,0,repete,27,194,0.1392
3/4,2,6,dg,desce por grau,1,sobe 1,20,194,0.1031
3/4,2,6,dg,desce por grau,-2,desce 2,8,194,0.0412
3/4,2,6,dg,desce por grau,2,sobe 2,7,194,0.0361
3/4,2,6,dg,desce por grau,5,sobe 5,3,194,0.0155
3/4,2,6,dg,desce por grau,4,sobe 4,2,194,0.0103
3/4,2,6,dg,desce por grau,-4,desce 4,2,194,0.0103
3/4,3,1,ss,sobe por salto,0,repete,123,523,0.2352
3/4,3,1,ss,sobe por salto,-1,desce 1,99,523,0.1893
3/4,3,1,ss,sobe por salto,-3,desce 3,74,523,0.1415
3/4,3,1,ss,sobe por salto,1,sobe 1,68,523,0.13
3/4,3,1,ss,sobe por salto,2,sobe 2,62,523,0.1185
3/4,3,1,ss,sobe por salto,-2,desce 2,45,523,0.086
3/4,3,1,ss,sobe por salto,-5,desce 5,27,523,0.0516
3/4,3,1,ss,sobe por salto,3,sobe 3,8,523,0.0153
3/4,3,1,ss,sobe por salto,-7,desce 7,7,523,0.0134
3/4,3,1,ss,sobe por salto,4,sobe 4,6,523,0.0115
3/4,3,1,ss,sobe por salto,-4,desce 4,3,523,0.0057
3/4,1,3,sg,sobe por grau,1,sobe 1,371,857,0.4329
3/4,1,3,sg,sobe por grau,-2,desce 2,174,857,0.203
3/4,1,3,sg,sobe por grau,-1,desce 1,146,857,0.1704
3/4,1,3,sg,sobe por grau,2,sobe 2,70,857,0.0817
3/4,1,3,sg,sobe por grau,0,repete,44,857,0.0513
3/4,1,3,sg,sobe por grau,-5,desce 5,22,857,0.0257
3/4,1,3,sg,sobe por grau,-7,desce 7,8,857,0.0093
3/4,1,3,sg,sobe por grau,-4,desce 4,6,857,0.007
3/4,1,3,sg,sobe por grau,-3,desce 3,6,857,0.007
3/4,1,3,sg,sobe por grau,5,sobe 5,3,857,0.0035
3/4,1,3,sg,sobe por grau,3,sobe 3,3,857,0.0035
3/4,2,4,sg,sobe por grau,1,sobe 1,244,660,0.3697
3/4,2,4,sg,sobe por grau,-1,desce 1,157,660,0.2379
3/4,2,4,sg,sobe por grau,0,repete,93,660,0.1409
3/4,2,4,sg,sobe por grau,-2,desce 2,83,660,0.1258
3/4,2,4,sg,sobe por grau,2,sobe 2,42,660,0.0636
3/4,2,4,sg,sobe por grau,-5,desce 5,11,660,0.0167
3/4,2,4,sg,sobe por grau,5,sobe 5,7,660,0.0106
3/4,2,4,sg,sobe por grau,-3,desce 3,7,660,0.0106
3/4,2,4,sg,sobe por grau,-4,desce 4,6,660,0.0091
3/4,2,4,sg,sobe por grau,3,sobe 3,4,660,0.0061
3/4,2,4,sg,sobe por grau,-7,desce 7,2,660,0.003
3/4,2,4,sg,sobe por grau,-6,desce 6,2,660,0.003
3/4,3,6,ss,sobe por salto,-1,desce 1,147,217,0.6774
3/4,3,6,ss,sobe por salto,0,repete,32,217,0.1475
3/4,3,6,ss,sobe por salto,2,sobe 2,12,217,0.0553
3/4,3,6,ss,sobe por salto,-2,desce 2,8,217,0.0369
3/4,3,6,ss,sobe por salto,-4,desce 4,7,217,0.0323
3/4,3,6,ss,sobe por salto,1,sobe 1,4,217,0.0184
3/4,3,6,ss,sobe por salto,-3,desce 3,3,217,0.0138
3/4,3,6,ss,sobe por salto,-5,desce 5,2,217,0.0092
3/4,3,6,ss,sobe por salto,3,sobe 3,2,217,0.0092
3/4,1,2,ds,desce por salto,-1,desce 1,179,514,0.3482
3/4,1,2,ds,desce por salto,1,sobe 1,135,514,0.2626
3/4,1,2,ds,desce por salto,0,repete,77,514,0.1498
3/4,1,2,ds,desce por salto,2,sobe 2,41,514,0.0798
3/4,1,2,ds,desce por salto,3,sobe 3,32,514,0.0623
3/4,1,2,ds,desce por salto,4,sobe 4,17,514,0.0331
3/4,1,2,ds,desce por salto,5,sobe 5,13,514,0.0253
3/4,1,2,ds,desce por salto,-4,desce 4,9,514,0.0175
3/4,1,2,ds,desce por salto,-2,desce 2,5,514,0.0097
3/4,1,2,ds,desce por salto,6,sobe 6,3,514,0.0058
3/4,2,4,ss,sobe por salto,-1,desce 1,105,268,0.3918
3/4,2,4,ss,sobe por salto,0,repete,85,268,0.3172
3/4,2,4,ss,sobe por salto,-2,desce 2,30,268,0.1119
3/4,2,4,ss,sobe por salto,1,sobe 1,22,268,0.0821
3/4,2,4,ss,sobe por salto,2,sobe 2,9,268,0.0336
3/4,2,4,ss,sobe por salto,-4,desce 4,8,268,0.0299
3/4,2,4,ss,sobe por salto,-6,desce 6,5,268,0.0187
3/4,2,4,ss,sobe por salto,-3,desce 3,3,268,0.0112
3/4,1,3,dg,desce por grau,-1,desce 1,474,975,0.4862
3/4,1,3,dg,desce por grau,0,repete,166,975,0.1703
3/4,1,3,dg,desce por grau,1,sobe 1,128,975,0.1313
3/4,1,3,dg,desce por grau,2,sobe 2,100,975,0.1026
3/4,1,3,dg,desce por grau,-2,desce 2,65,975,0.0667
3/4,1,3,dg,desce por grau,5,sobe 5,13,975,0.0133
3/4,1,3,dg,desce por grau,3,sobe 3,12,975,0.0123
3/4,1,3,dg,desce por grau,-3,desce 3,9,975,0.0092
3/4,1,3,dg,desce por grau,7,sobe 7,4,975,0.0041
3/4,1,3,dg,desce por grau,4,sobe 4,2,975,0.0021
3/4,3,2,sg,sobe por grau,1,sobe 1,354,616,0.5747
3/4,3,2,sg,sobe por grau,-1,desce 1,81,616,0.1315
3/4,3,2,sg,sobe por grau,0,repete,58,616,0.0942
3/4,3,2,sg,sobe por grau,-2,desce 2,29,616,0.0471
3/4,3,2,sg,sobe por grau,3,sobe 3,28,616,0.0455
3/4,3,2,sg,sobe por grau,-4,desce 4,27,616,0.0438
3/4,3,2,sg,sobe por grau,2,sobe 2,24,616,0.039
3/4,3,2,sg,sobe por grau,4,sobe 4,6,616,0.0097
3/4,3,2,sg,sobe por grau,5,sobe 5,3,616,0.0049
3/4,3,2,sg,sobe por grau,-8,desce 8,2,616,0.0032
3/4,3,2,sg,sobe por grau,-3,desce 3,2,616,0.0032
3/4,1,2,sg,sobe por grau,1,sobe 1,793,1065,0.7446
3/4,1,2,sg,sobe por grau,-1,desce 1,160,1065,0.1502
3/4,1,2,sg,sobe por grau,0,repete,31,1065,0.0291
3/4,1,2,sg,sobe por grau,2,sobe 2,22,1065,0.0207
3/4,1,2,sg,sobe por grau,3,sobe 3,22,1065,0.0207
3/4,1,2,sg,sobe por grau,-2,desce 2,17,1065,0.016
3/4,1,2,sg,sobe por grau,-4,desce 4,13,1065,0.0122
3/4,1,2,sg,sobe por grau,4,sobe 4,3,1065,0.0028
3/4,1,2,sg,sobe por grau,-3,desce 3,2,1065,0.0019
3/4,2,3,sg,sobe por grau,0,repete,273,866,0.3152
3/4,2,3,sg,sobe por grau,1,sobe 1,178,866,0.2055
3/4,2,3,sg,sobe por grau,-1,desce 1,168,866,0.194
3/4,2,3,sg,sobe por grau,-2,desce 2,114,866,0.1316
3/4,2,3,sg,sobe por grau,2,sobe 2,76,866,0.0878
3/4,2,3,sg,sobe por grau,5,sobe 5,20,866,0.0231
3/4,2,3,sg,sobe por grau,-5,desce 5,18,866,0.0208
3/4,2,3,sg,sobe por grau,-3,desce 3,13,866,0.015
3/4,2,3,sg,sobe por grau,3,sobe 3,5,866,0.0058
3/4,3,3,r,repete,0,repete,268,840,0.319
3/4,3,3,r,repete,-1,desce 1,217,840,0.2583
3/4,3,3,r,repete,1,sobe 1,134,840,0.1595
3/4,3,3,r,repete,2,sobe 2,100,840,0.119
3/4,3,3,r,repete,-2,desce 2,86,840,0.1024
3/4,3,3,r,repete,-5,desce 5,14,840,0.0167
3/4,3,3,r,repete,3,sobe 3,11,840,0.0131
3/4,3,3,r,repete,4,sobe 4,4,840,0.0048
3/4,3,3,r,repete,5,sobe 5,3,840,0.0036
3/4,3,3,r,repete,-3,desce 3,2,840,0.0024
3/4,1,1,dg,desce por grau,-1,desce 1,252,917,0.2748
3/4,1,1,dg,desce por grau,0,repete,209,917,0.2279
3/4,1,1,dg,desce por grau,1,sobe 1,189,917,0.2061
3/4,1,1,dg,desce por grau,2,sobe 2,97,917,0.1058
3/4,1,1,dg,desce por grau,4,sobe 4,65,917,0.0709
3/4,1,1,dg,desce por grau,3,sobe 3,28,917,0.0305
3/4,1,1,dg,desce por grau,-3,desce 3,28,917,0.0305
3/4,1,1,dg,desce por grau,-2,desce 2,26,917,0.0284
3/4,1,1,dg,desce por grau,7,sobe 7,10,917,0.0109
3/4,1,1,dg,desce por grau,5,sobe 5,5,917,0.0055
3/4,1,1,dg,desce por grau,-5,desce 5,4,917,0.0044
3/4,1,1,dg,desce por grau,8,sobe 8,2,917,0.0022
3/4,2,5,dg,desce por grau,-1,desce 1,240,717,0.3347
3/4,2,5,dg,desce por grau,0,repete,196,717,0.2734
3/4,2,5,dg,desce por grau,-2,desce 2,160,717,0.2232
3/4,2,5,dg,desce por grau,1,sobe 1,38,717,0.053
3/4,2,5,dg,desce por grau,3,sobe 3,31,717,0.0432
3/4,2,5,dg,desce por grau,2,sobe 2,14,717,0.0195
3/4,2,5,dg,desce por grau,5,sobe 5,11,717,0.0153
3/4,2,5,dg,desce por grau,-4,desce 4,10,717,0.0139
3/4,2,5,dg,desce por grau,-3,desce 3,10,717,0.0139
3/4,2,5,dg,desce por grau,4,sobe 4,2,717,0.0028
3/4,2,5,dg,desce por grau,7,sobe 7,2,717,0.0028
3/4,3,3,dg,desce por grau,-1,desce 1,553,1158,0.4775
3/4,3,3,dg,desce por grau,1,sobe 1,154,1158,0.133
3/4,3,3,dg,desce por grau,2,sobe 2,146,1158,0.1261
3/4,3,3,dg,desce por grau,0,repete,138,1158,0.1192
3/4,3,3,dg,desce por grau,-2,desce 2,113,1158,0.0976
3/4,3,3,dg,desce por grau,-5,desce 5,16,1158,0.0138
3/4,3,3,dg,desce por grau,3,sobe 3,12,1158,0.0104
3/4,3,3,dg,desce por grau,5,sobe 5,11,1158,0.0095
3/4,3,3,dg,desce por grau,7,sobe 7,5,1158,0.0043
3/4,3,3,dg,desce por grau,-3,desce 3,4,1158,0.0035
3/4,3,3,dg,desce por grau,4,sobe 4,4,1158,0.0035
3/4,1,4,ss,sobe por salto,-1,desce 1,181,360,0.5028
3/4,1,4,ss,sobe por salto,0,repete,84,360,0.2333
3/4,1,4,ss,sobe por salto,1,sobe 1,28,360,0.0778
3/4,1,4,ss,sobe por salto,-2,desce 2,21,360,0.0583
3/4,1,4,ss,sobe por salto,2,sobe 2,21,360,0.0583
3/4,1,4,ss,sobe por salto,-3,desce 3,9,360,0.025
3/4,1,4,ss,sobe por salto,-6,desce 6,5,360,0.0139
3/4,1,4,ss,sobe por salto,-7,desce 7,4,360,0.0111
3/4,1,4,ss,sobe por salto,-4,desce 4,3,360,0.0083
3/4,1,4,ss,sobe por salto,4,sobe 4,3,360,0.0083
3/4,1,2,dg,desce por grau,-1,desce 1,930,1341,0.6935
3/4,1,2,dg,desce por grau,1,sobe 1,192,1341,0.1432
3/4,1,2,dg,desce por grau,0,repete,109,1341,0.0813
3/4,1,2,dg,desce por grau,3,sobe 3,54,1341,0.0403
3/4,1,2,dg,desce por grau,-4,desce 4,16,1341,0.0119
3/4,1,2,dg,desce por grau,2,sobe 2,15,1341,0.0112
3/4,1,2,dg,desce por grau,-2,desce 2,8,1341,0.006
3/4,1,2,dg,desce por grau,4,sobe 4,5,1341,0.0037
3/4,1,2,dg,desce por grau,5,sobe 5,4,1341,0.003
3/4,1,2,dg,desce por grau,-3,desce 3,4,1341,0.003
3/4,1,2,dg,desce por grau,6,sobe 6,3,1341,0.0022
3/4,3,1,ds,desce por salto,0,repete,187,690,0.271
3/4,3,1,ds,desce por salto,2,sobe 2,138,690,0.2
3/4,3,1,ds,desce por salto,1,sobe 1,123,690,0.1783
3/4,3,1,ds,desce por salto,4,sobe 4,72,690,0.1043
3/4,3,1,ds,desce por salto,-3,desce 3,49,690,0.071
3/4,3,1,ds,desce por salto,-1,desce 1,37,690,0.0536
3/4,3,1,ds,desce por salto,3,sobe 3,30,690,0.0435
3/4,3,1,ds,desce por salto,-2,desce 2,18,690,0.0261
3/4,3,1,ds,desce por salto,5,sobe 5,13,690,0.0188
3/4,3,1,ds,desce por salto,7,sobe 7,12,690,0.0174
3/4,3,1,ds,desce por salto,-5,desce 5,6,690,0.0087
3/4,3,1,ds,desce por salto,6,sobe 6,2,690,0.0029
3/4,3,1,ds,desce por salto,9,sobe 9,2,690,0.0029
3/4,1,1,ss,sobe por salto,-1,desce 1,105,403,0.2605
3/4,1,1,ss,sobe por salto,0,repete,78,403,0.1935
3/4,1,1,ss,sobe por salto,-2,desce 2,63,403,0.1563
3/4,1,1,ss,sobe por salto,1,sobe 1,51,403,0.1266
3/4,1,1,ss,sobe por salto,-3,desce 3,41,403,0.1017
3/4,1,1,ss,sobe por salto,2,sobe 2,37,403,0.0918
3/4,1,1,ss,sobe por salto,3,sobe 3,6,403,0.0149
3/4,1,1,ss,sobe por salto,-6,desce 6,5,403,0.0124
3/4,1,1,ss,sobe por salto,-5,desce 5,5,403,0.0124
3/4,1,1,ss,sobe por salto,-4,desce 4,4,403,0.0099
3/4,1,1,ss,sobe por salto,4,sobe 4,4,403,0.0099
3/4,1,1,ss,sobe por salto,5,sobe 5,2,403,0.005
3/4,3,4,dg,desce por grau,-1,desce 1,564,868,0.6498
3/4,3,4,dg,desce por grau,1,sobe 1,90,868,0.1037
3/4,3,4,dg,desce por grau,0,repete,88,868,0.1014
3/4,3,4,dg,desce por grau,-2,desce 2,79,868,0.091
3/4,3,4,dg,desce por grau,2,sobe 2,14,868,0.0161
3/4,3,4,dg,desce por grau,-3,desce 3,10,868,0.0115
3/4,3,4,dg,desce por grau,4,sobe 4,5,868,0.0058
3/4,3,4,dg,desce por grau,-4,desce 4,5,868,0.0058
3/4,3,4,dg,desce por grau,-5,desce 5,5,868,0.0058
3/4,3,4,dg,desce por grau,3,sobe 3,3,868,0.0035
3/4,3,4,dg,desce por grau,-6,desce 6,2,868,0.0023
3/4,3,4,dg,desce por grau,5,sobe 5,2,868,0.0023
3/4,3,1,dg,desce por grau,-1,desce 1,243,1007,0.2413
3/4,3,1,dg,desce por grau,1,sobe 1,209,1007,0.2075
3/4,3,1,dg,desce por grau,0,repete,206,1007,0.2046
3/4,3,1,dg,desce por grau,2,sobe 2,118,1007,0.1172
3/4,3,1,dg,desce por grau,-3,desce 3,72,1007,0.0715
3/4,3,1,dg,desce por grau,4,sobe 4,65,1007,0.0645
3/4,3,1,dg,desce por grau,-2,desce 2,43,1007,0.0427
3/4,3,1,dg,desce por grau,7,sobe 7,16,1007,0.0159
3/4,3,1,dg,desce por grau,3,sobe 3,15,1007,0.0149
3/4,3,1,dg,desce por grau,-4,desce 4,6,1007,0.006
3/4,3,1,dg,desce por grau,5,sobe 5,6,1007,0.006
3/4,3,1,dg,desce por grau,-5,desce 5,4,1007,0.004
3/4,3,1,dg,desce por grau,9,sobe 9,2,1007,0.002
3/4,3,1,dg,desce por grau,-7,desce 7,2,1007,0.002
3/4,1,5,ss,sobe por salto,0,repete,370,1070,0.3458
3/4,1,5,ss,sobe por salto,-1,desce 1,202,1070,0.1888
3/4,1,5,ss,sobe por salto,-2,desce 2,125,1070,0.1168
3/4,1,5,ss,sobe por salto,1,sobe 1,123,1070,0.115
3/4,1,5,ss,sobe por salto,3,sobe 3,86,1070,0.0804
3/4,1,5,ss,sobe por salto,-4,desce 4,57,1070,0.0533
3/4,1,5,ss,sobe por salto,-3,desce 3,56,1070,0.0523
3/4,1,5,ss,sobe por salto,2,sobe 2,17,1070,0.0159
3/4,1,5,ss,sobe por salto,-7,desce 7,12,1070,0.0112
3/4,1,5,ss,sobe por salto,5,sobe 5,11,1070,0.0103
3/4,1,5,ss,sobe por salto,4,sobe 4,4,1070,0.0037
3/4,1,5,ss,sobe por salto,6,sobe 6,3,1070,0.0028
3/4,1,5,ss,sobe por salto,-5,desce 5,3,1070,0.0028
3/4,2,6,sg,sobe por grau,-1,desce 1,191,357,0.535
3/4,2,6,sg,sobe por grau,0,repete,51,357,0.1429
3/4,2,6,sg,sobe por grau,-2,desce 2,35,357,0.098
3/4,2,6,sg,sobe por grau,1,sobe 1,27,357,0.0756
3/4,2,6,sg,sobe por grau,2,sobe 2,25,357,0.07
3/4,2,6,sg,sobe por grau,3,sobe 3,8,357,0.0224
3/4,2,6,sg,sobe por grau,-5,desce 5,7,357,0.0196
3/4,2,6,sg,sobe por grau,-3,desce 3,5,357,0.014
3/4,2,6,sg,sobe por grau,-4,desce 4,3,357,0.0084
3/4,2,6,sg,sobe por grau,5,sobe 5,2,357,0.0056
3/4,2,6,sg,sobe por grau,4,sobe 4,2,357,0.0056
3/4,3,6,r,repete,-1,desce 1,78,204,0.3824
3/4,3,6,r,repete,0,repete,61,204,0.299
3/4,3,6,r,repete,2,sobe 2,25,204,0.1225
3/4,3,6,r,repete,-2,desce 2,13,204,0.0637
3/4,3,6,r,repete,1,sobe 1,8,204,0.0392
3/4,3,6,r,repete,3,sobe 3,8,204,0.0392
3/4,3,6,r,repete,4,sobe 4,4,204,0.0196
3/4,3,6,r,repete,-3,desce 3,4,204,0.0196
3/4,3,6,r,repete,6,sobe 6,2,204,0.0098
3/4,1,1,sg,sobe por grau,1,sobe 1,173,323,0.5356
3/4,1,1,sg,sobe por grau,0,repete,38,323,0.1176
3/4,1,1,sg,sobe por grau,-3,desce 3,31,323,0.096
3/4,1,1,sg,sobe por grau,-1,desce 1,23,323,0.0712
3/4,1,1,sg,sobe por grau,2,sobe 2,20,323,0.0619
3/4,1,1,sg,sobe por grau,-2,desce 2,17,323,0.0526
3/4,1,1,sg,sobe por grau,3,sobe 3,6,323,0.0186
3/4,1,1,sg,sobe por grau,-7,desce 7,6,323,0.0186
3/4,1,1,sg,sobe por grau,4,sobe 4,5,323,0.0155
3/4,1,1,sg,sobe por grau,-5,desce 5,4,323,0.0124
3/4,1,4,sg,sobe por grau,1,sobe 1,708,1001,0.7073
3/4,1,4,sg,sobe por grau,-1,desce 1,130,1001,0.1299
3/4,1,4,sg,sobe por grau,2,sobe 2,59,1001,0.0589
3/4,1,4,sg,sobe por grau,0,repete,47,1001,0.047
3/4,1,4,sg,sobe por grau,-2,desce 2,37,1001,0.037
3/4,1,4,sg,sobe por grau,-3,desce 3,7,1001,0.007
3/4,1,4,sg,sobe por grau,3,sobe 3,6,1001,0.006
3/4,1,4,sg,sobe por grau,-4,desce 4,4,1001,0.004
3/4,1,4,sg,sobe por grau,-5,desce 5,2,1001,0.002
3/4,1,7,sg,sobe por grau,1,sobe 1,223,285,0.7825
3/4,1,7,sg,sobe por grau,-2,desce 2,22,285,0.0772
3/4,1,7,sg,sobe por grau,2,sobe 2,11,285,0.0386
3/4,1,7,sg,sobe por grau,-1,desce 1,9,285,0.0316
3/4,1,7,sg,sobe por grau,0,repete,7,285,0.0246
3/4,1,7,sg,sobe por grau,3,sobe 3,5,285,0.0175
3/4,1,7,sg,sobe por grau,-4,desce 4,2,285,0.007
3/4,1,7,sg,sobe por grau,-3,desce 3,2,285,0.007
3/4,1,7,sg,sobe por grau,5,sobe 5,2,285,0.007
3/4,3,2,ds,desce por salto,3,sobe 3,94,463,0.203
3/4,3,2,ds,desce por salto,0,repete,73,463,0.1577
3/4,3,2,ds,desce por salto,1,sobe 1,71,463,0.1533
3/4,3,2,ds,desce por salto,-1,desce 1,69,463,0.149
3/4,3,2,ds,desce por salto,2,sobe 2,66,463,0.1425
3/4,3,2,ds,desce por salto,-2,desce 2,37,463,0.0799
3/4,3,2,ds,desce por salto,-4,desce 4,22,463,0.0475
3/4,3,2,ds,desce por salto,4,sobe 4,16,463,0.0346
3/4,3,2,ds,desce por salto,5,sobe 5,11,463,0.0238
3/4,3,2,ds,desce por salto,7,sobe 7,2,463,0.0043
3/4,1,2,r,repete,-1,desce 1,146,500,0.292
3/4,1,2,r,repete,1,sobe 1,143,500,0.286
3/4,1,2,r,repete,0,repete,107,500,0.214
3/4,1,2,r,repete,3,sobe 3,42,500,0.084
3/4,1,2,r,repete,2,sobe 2,29,500,0.058
3/4,1,2,r,repete,-4,desce 4,11,500,0.022
3/4,1,2,r,repete,4,sobe 4,7,500,0.014
3/4,1,2,r,repete,-2,desce 2,7,500,0.014
3/4,1,2,r,repete,5,sobe 5,5,500,0.01
3/4,1,2,r,repete,6,sobe 6,2,500,0.004
3/4,3,2,r,repete,0,repete,147,450,0.3267
3/4,3,2,r,repete,1,sobe 1,106,450,0.2356
3/4,3,2,r,repete,-1,desce 1,70,450,0.1556
3/4,3,2,r,repete,3,sobe 3,35,450,0.0778
3/4,3,2,r,repete,-4,desce 4,34,450,0.0756
3/4,3,2,r,repete,2,sobe 2,24,450,0.0533
3/4,3,2,r,repete,-2,desce 2,17,450,0.0378
3/4,3,2,r,repete,4,sobe 4,13,450,0.0289
3/4,3,7,dg,desce por grau,-1,desce 1,154,450,0.3422
3/4,3,7,dg,desce por grau,1,sobe 1,120,450,0.2667
3/4,3,7,dg,desce por grau,-2,desce 2,68,450,0.1511
3/4,3,7,dg,desce por grau,0,repete,36,450,0.08
3/4,3,7,dg,desce por grau,2,sobe 2,24,450,0.0533
3/4,3,7,dg,desce por grau,3,sobe 3,19,450,0.0422
3/4,3,7,dg,desce por grau,5,sobe 5,7,450,0.0156
3/4,3,7,dg,desce por grau,-5,desce 5,6,450,0.0133
3/4,3,7,dg,desce por grau,-3,desce 3,5,450,0.0111
3/4,3,7,dg,desce por grau,6,sobe 6,4,450,0.0089
3/4,3,7,dg,desce por grau,-4,desce 4,3,450,0.0067
3/4,3,7,dg,desce por grau,4,sobe 4,2,450,0.0044
3/4,3,7,dg,desce por grau,7,sobe 7,2,450,0.0044
3/4,1,5,dg,desce por grau,0,repete,275,693,0.3968
3/4,1,5,dg,desce por grau,-1,desce 1,181,693,0.2612
3/4,1,5,dg,desce por grau,-2,desce 2,86,693,0.1241
3/4,1,5,dg,desce por grau,3,sobe 3,46,693,0.0664
3/4,1,5,dg,desce por grau,1,sobe 1,33,693,0.0476
3/4,1,5,dg,desce por grau,-4,desce 4,18,693,0.026
3/4,1,5,dg,desce por grau,4,sobe 4,13,693,0.0188
3/4,1,5,dg,desce por grau,2,sobe 2,13,693,0.0188
3/4,1,5,dg,desce por grau,-3,desce 3,9,693,0.013
3/4,1,5,dg,desce por grau,7,sobe 7,6,693,0.0087
3/4,1,5,dg,desce por grau,5,sobe 5,5,693,0.0072
3/4,1,5,dg,desce por grau,6,sobe 6,4,693,0.0058
3/4,1,5,dg,desce por grau,-5,desce 5,3,693,0.0043
3/4,3,4,sg,sobe por grau,1,sobe 1,233,510,0.4569
3/4,3,4,sg,sobe por grau,-1,desce 1,120,510,0.2353
3/4,3,4,sg,sobe por grau,-2,desce 2,60,510,0.1176
3/4,3,4,sg,sobe por grau,0,repete,50,510,0.098
3/4,3,4,sg,sobe por grau,2,sobe 2,16,510,0.0314
3/4,3,4,sg,sobe por grau,-4,desce 4,13,510,0.0255
3/4,3,4,sg,sobe por grau,-3,desce 3,11,510,0.0216
3/4,3,4,sg,sobe por grau,4,sobe 4,2,510,0.0039
3/4,3,4,sg,sobe por grau,-6,desce 6,2,510,0.0039
3/4,1,3,ds,desce por salto,-1,desce 1,198,660,0.3
3/4,1,3,ds,desce por salto,1,sobe 1,146,660,0.2212
3/4,1,3,ds,desce por salto,2,sobe 2,119,660,0.1803
3/4,1,3,ds,desce por salto,0,repete,74,660,0.1121
3/4,1,3,ds,desce por salto,-2,desce 2,57,660,0.0864
3/4,1,3,ds,desce por salto,3,sobe 3,40,660,0.0606
3/4,1,3,ds,desce por salto,5,sobe 5,19,660,0.0288
3/4,1,3,ds,desce por salto,-4,desce 4,2,660,0.003
3/4,1,3,ds,desce por salto,4,sobe 4,2,660,0.003
3/4,2,1,ds,desce por salto,1,sobe 1,85,362,0.2348
3/4,2,1,ds,desce por salto,2,sobe 2,85,362,0.2348
3/4,2,1,ds,desce por salto,0,repete,73,362,0.2017
3/4,2,1,ds,desce por salto,-1,desce 1,41,362,0.1133
3/4,2,1,ds,desce por salto,3,sobe 3,24,362,0.0663
3/4,2,1,ds,desce por salto,-3,desce 3,19,362,0.0525
3/4,2,1,ds,desce por salto,4,sobe 4,14,362,0.0387
3/4,2,1,ds,desce por salto,-2,desce 2,11,362,0.0304
3/4,2,1,ds,desce por salto,5,sobe 5,9,362,0.0249
3/4,2,2,dg,desce por grau,-1,desce 1,426,951,0.4479
3/4,2,2,dg,desce por grau,0,repete,184,951,0.1935
3/4,2,2,dg,desce por grau,1,sobe 1,140,951,0.1472
3/4,2,2,dg,desce por grau,3,sobe 3,69,951,0.0726
3/4,2,2,dg,desce por grau,2,sobe 2,68,951,0.0715
3/4,2,2,dg,desce por grau,-2,desce 2,28,951,0.0294
3/4,2,2,dg,desce por grau,-4,desce 4,14,951,0.0147
3/4,2,2,dg,desce por grau,5,sobe 5,8,951,0.0084
3/4,2,2,dg,desce por grau,-3,desce 3,7,951,0.0074
3/4,2,2,dg,desce por grau,4,sobe 4,5,951,0.0053
3/4,2,2,dg,desce por grau,6,sobe 6,2,951,0.0021
3/4,1,5,0,—,3,sobe 3,268,399,0.6717
3/4,1,5,0,—,0,repete,77,399,0.193
3/4,1,5,0,—,5,sobe 5,25,399,0.0627
3/4,1,5,0,—,-2,desce 2,14,399,0.0351
3/4,1,5,0,—,1,sobe 1,7,399,0.0175
3/4,1,5,0,—,-4,desce 4,3,399,0.0075
3/4,1,5,0,—,7,sobe 7,3,399,0.0075
3/4,3,3,ss,sobe por salto,-1,desce 1,208,646,0.322
3/4,3,3,ss,sobe por salto,2,sobe 2,134,646,0.2074
3/4,3,3,ss,sobe por salto,0,repete,118,646,0.1827
3/4,3,3,ss,sobe por salto,-2,desce 2,81,646,0.1254
3/4,3,3,ss,sobe por salto,1,sobe 1,77,646,0.1192
3/4,3,3,ss,sobe por salto,3,sobe 3,10,646,0.0155
3/4,3,3,ss,sobe por salto,-3,desce 3,8,646,0.0124
3/4,3,3,ss,sobe por salto,-5,desce 5,7,646,0.0108
3/4,3,3,ss,sobe por salto,-4,desce 4,2,646,0.0031
3/4,2,1,dg,desce por grau,0,repete,168,613,0.2741
3/4,2,1,dg,desce por grau,-1,desce 1,137,613,0.2235
3/4,2,1,dg,desce por grau,1,sobe 1,98,613,0.1599
3/4,2,1,dg,desce por grau,2,sobe 2,71,613,0.1158
3/4,2,1,dg,desce por grau,-3,desce 3,59,613,0.0962
3/4,2,1,dg,desce por grau,-2,desce 2,38,613,0.062
3/4,2,1,dg,desce por grau,4,sobe 4,20,613,0.0326
3/4,2,1,dg,desce por grau,3,sobe 3,9,613,0.0147
3/4,2,1,dg,desce por grau,-5,desce 5,6,613,0.0098
3/4,2,1,dg,desce por grau,5,sobe 5,4,613,0.0065
3/4,2,1,dg,desce por grau,7,sobe 7,3,613,0.0049
3/4,1,6,ds,desce por salto,-1,desce 1,186,282,0.6596
3/4,1,6,ds,desce por salto,0,repete,40,282,0.1418
3/4,1,6,ds,desce por salto,2,sobe 2,31,282,0.1099
3/4,1,6,ds,desce por salto,1,sobe 1,12,282,0.0426
3/4,1,6,ds,desce por salto,3,sobe 3,7,282,0.0248
3/4,1,6,ds,desce por salto,-2,desce 2,2,282,0.0071
3/4,1,6,ds,desce por salto,5,sobe 5,2,282,0.0071
3/4,1,6,sg,sobe por grau,-1,desce 1,230,406,0.5665
3/4,1,6,sg,sobe por grau,1,sobe 1,49,406,0.1207
3/4,1,6,sg,sobe por grau,2,sobe 2,47,406,0.1158
3/4,1,6,sg,sobe por grau,0,repete,42,406,0.1034
3/4,1,6,sg,sobe por grau,-2,desce 2,19,406,0.0468
3/4,1,6,sg,sobe por grau,-3,desce 3,7,406,0.0172
3/4,1,6,sg,sobe por grau,-5,desce 5,6,406,0.0148
3/4,1,6,sg,sobe por grau,3,sobe 3,3,406,0.0074
3/4,1,6,sg,sobe por grau,-4,desce 4,2,406,0.0049
3/4,2,5,r,repete,-1,desce 1,231,691,0.3343
3/4,2,5,r,repete,0,repete,137,691,0.1983
3/4,2,5,r,repete,-2,desce 2,108,691,0.1563
3/4,2,5,r,repete,1,sobe 1,86,691,0.1245
3/4,2,5,r,repete,3,sobe 3,45,691,0.0651
3/4,2,5,r,repete,2,sobe 2,25,691,0.0362
3/4,2,5,r,repete,-3,desce 3,16,691,0.0232
3/4,2,5,r,repete,5,sobe 5,15,691,0.0217
3/4,2,5,r,repete,4,sobe 4,7,691,0.0101
3/4,2,5,r,repete,6,sobe 6,6,691,0.0087
3/4,2,5,r,repete,-4,desce 4,6,691,0.0087
3/4,2,5,r,repete,-7,desce 7,4,691,0.0058
3/4,2,5,r,repete,-5,desce 5,3,691,0.0043
3/4,2,5,r,repete,7,sobe 7,2,691,0.0029
3/4,3,6,sg,sobe por grau,-1,desce 1,232,422,0.5498
3/4,3,6,sg,sobe por grau,1,sobe 1,81,422,0.1919
3/4,3,6,sg,sobe por grau,-2,desce 2,37,422,0.0877
3/4,3,6,sg,sobe por grau,0,repete,36,422,0.0853
3/4,3,6,sg,sobe por grau,2,sobe 2,23,422,0.0545
3/4,3,6,sg,sobe por grau,3,sobe 3,5,422,0.0118
3/4,3,6,sg,sobe por grau,-4,desce 4,3,422,0.0071
3/4,3,6,sg,sobe por grau,-3,desce 3,2,422,0.0047
3/4,3,6,sg,sobe por grau,5,sobe 5,2,422,0.0047
3/4,2,1,r,repete,0,repete,142,460,0.3087
3/4,2,1,r,repete,-1,desce 1,87,460,0.1891
3/4,2,1,r,repete,2,sobe 2,81,460,0.1761
3/4,2,1,r,repete,1,sobe 1,55,460,0.1196
3/4,2,1,r,repete,-3,desce 3,42,460,0.0913
3/4,2,1,r,repete,3,sobe 3,14,460,0.0304
3/4,2,1,r,repete,-2,desce 2,14,460,0.0304
3/4,2,1,r,repete,4,sobe 4,9,460,0.0196
3/4,2,1,r,repete,5,sobe 5,7,460,0.0152
3/4,2,1,r,repete,-5,desce 5,6,460,0.013
3/4,3,5,ss,sobe por salto,-1,desce 1,225,921,0.2443
3/4,3,5,ss,sobe por salto,0,repete,215,921,0.2334
3/4,3,5,ss,sobe por salto,-2,desce 2,191,921,0.2074
3/4,3,5,ss,sobe por salto,1,sobe 1,105,921,0.114
3/4,3,5,ss,sobe por salto,3,sobe 3,90,921,0.0977
3/4,3,5,ss,sobe por salto,-3,desce 3,33,921,0.0358
3/4,3,5,ss,sobe por salto,-4,desce 4,18,921,0.0195
3/4,3,5,ss,sobe por salto,-5,desce 5,14,921,0.0152
3/4,3,5,ss,sobe por salto,2,sobe 2,10,921,0.0109
3/4,3,5,ss,sobe por salto,-7,desce 7,8,921,0.0087
3/4,3,5,ss,sobe por salto,7,sobe 7,4,921,0.0043
3/4,3,5,ss,sobe por salto,6,sobe 6,3,921,0.0033
3/4,3,5,ss,sobe por salto,5,sobe 5,3,921,0.0033
3/4,3,5,ss,sobe por salto,4,sobe 4,2,921,0.0022
3/4,2,5,0,—,0,repete,24,66,0.3636
3/4,2,5,0,—,1,sobe 1,10,66,0.1515
3/4,2,5,0,—,-2,desce 2,10,66,0.1515
3/4,2,5,0,—,3,sobe 3,9,66,0.1364
3/4,2,5,0,—,-1,desce 1,8,66,0.1212
3/4,2,5,0,—,-4,desce 4,3,66,0.0455
3/4,2,1,sg,sobe por grau,1,sobe 1,108,350,0.3086
3/4,2,1,sg,sobe por grau,0,repete,66,350,0.1886
3/4,2,1,sg,sobe por grau,2,sobe 2,55,350,0.1571
3/4,2,1,sg,sobe por grau,-3,desce 3,44,350,0.1257
3/4,2,1,sg,sobe por grau,-1,desce 1,30,350,0.0857
3/4,2,1,sg,sobe por grau,-2,desce 2,22,350,0.0629
3/4,2,1,sg,sobe por grau,-5,desce 5,9,350,0.0257
3/4,2,1,sg,sobe por grau,3,sobe 3,6,350,0.0171
3/4,2,1,sg,sobe por grau,4,sobe 4,5,350,0.0143
3/4,2,1,sg,sobe por grau,-7,desce 7,2,350,0.0057
3/4,2,2,r,repete,-1,desce 1,121,296,0.4088
3/4,2,2,r,repete,0,repete,86,296,0.2905
3/4,2,2,r,repete,1,sobe 1,42,296,0.1419
3/4,2,2,r,repete,3,sobe 3,18,296,0.0608
3/4,2,2,r,repete,2,sobe 2,11,296,0.0372
3/4,2,2,r,repete,-3,desce 3,5,296,0.0169
3/4,2,2,r,repete,4,sobe 4,4,296,0.0135
3/4,2,2,r,repete,-2,desce 2,4,296,0.0135
3/4,2,2,r,repete,-4,desce 4,3,296,0.0101
3/4,2,2,r,repete,6,sobe 6,2,296,0.0068
3/4,2,4,r,repete,-1,desce 1,150,261,0.5747
3/4,2,4,r,repete,0,repete,39,261,0.1494
3/4,2,4,r,repete,-2,desce 2,22,261,0.0843
3/4,2,4,r,repete,1,sobe 1,18,261,0.069
3/4,2,4,r,repete,4,sobe 4,7,261,0.0268
3/4,2,4,r,repete,-4,desce 4,6,261,0.023
3/4,2,4,r,repete,-6,desce 6,6,261,0.023
3/4,2,4,r,repete,2,sobe 2,5,261,0.0192
3/4,2,4,r,repete,3,sobe 3,3,261,0.0115
3/4,2,4,r,repete,-3,desce 3,2,261,0.0077
3/4,3,4,ds,desce por salto,-2,desce 2,28,112,0.25
3/4,3,4,ds,desce por salto,2,sobe 2,22,112,0.1964
3/4,3,4,ds,desce por salto,1,sobe 1,20,112,0.1786
3/4,3,4,ds,desce por salto,0,repete,16,112,0.1429
3/4,3,4,ds,desce por salto,-1,desce 1,7,112,0.0625
3/4,3,4,ds,desce por salto,4,sobe 4,7,112,0.0625
3/4,3,4,ds,desce por salto,5,sobe 5,5,112,0.0446
3/4,3,4,ds,desce por salto,3,sobe 3,4,112,0.0357
3/4,1,4,r,repete,-1,desce 1,142,332,0.4277
3/4,1,4,r,repete,0,repete,79,332,0.238
3/4,1,4,r,repete,1,sobe 1,57,332,0.1717
3/4,1,4,r,repete,-2,desce 2,15,332,0.0452
3/4,1,4,r,repete,2,sobe 2,14,332,0.0422
3/4,1,4,r,repete,-3,desce 3,12,332,0.0361
3/4,1,4,r,repete,3,sobe 3,6,332,0.0181
3/4,1,4,r,repete,4,sobe 4,3,332,0.009
3/4,2,3,r,repete,-1,desce 1,225,519,0.4335
3/4,2,3,r,repete,0,repete,130,519,0.2505
3/4,2,3,r,repete,-2,desce 2,60,519,0.1156
3/4,2,3,r,repete,2,sobe 2,49,519,0.0944
3/4,2,3,r,repete,1,sobe 1,40,519,0.0771
3/4,2,3,r,repete,-3,desce 3,5,519,0.0096
3/4,2,3,r,repete,3,sobe 3,5,519,0.0096
3/4,2,3,r,repete,5,sobe 5,2,519,0.0039
3/4,2,3,r,repete,4,sobe 4,2,519,0.0039
3/4,3,5,ds,desce por salto,0,repete,170,734,0.2316
3/4,3,5,ds,desce por salto,3,sobe 3,140,734,0.1907
3/4,3,5,ds,desce por salto,1,sobe 1,97,734,0.1322
3/4,3,5,ds,desce por salto,-2,desce 2,85,734,0.1158
3/4,3,5,ds,desce por salto,5,sobe 5,73,734,0.0995
3/4,3,5,ds,desce por salto,2,sobe 2,62,734,0.0845
3/4,3,5,ds,desce por salto,-1,desce 1,55,734,0.0749
3/4,3,5,ds,desce por salto,6,sobe 6,13,734,0.0177
3/4,3,5,ds,desce por salto,4,sobe 4,13,734,0.0177
3/4,3,5,ds,desce por salto,7,sobe 7,10,734,0.0136
3/4,3,5,ds,desce por salto,-4,desce 4,8,734,0.0109
3/4,3,5,ds,desce por salto,-3,desce 3,4,734,0.0054
3/4,3,5,ds,desce por salto,8,sobe 8,3,734,0.0041
3/4,1,5,r,repete,0,repete,254,1098,0.2313
3/4,1,5,r,repete,3,sobe 3,225,1098,0.2049
3/4,1,5,r,repete,-1,desce 1,162,1098,0.1475
3/4,1,5,r,repete,1,sobe 1,143,1098,0.1302
3/4,1,5,r,repete,-2,desce 2,135,1098,0.123
3/4,1,5,r,repete,5,sobe 5,46,1098,0.0419
3/4,1,5,r,repete,-4,desce 4,35,1098,0.0319
3/4,1,5,r,repete,6,sobe 6,33,1098,0.0301
3/4,1,5,r,repete,2,sobe 2,27,1098,0.0246
3/4,1,5,r,repete,4,sobe 4,15,1098,0.0137
3/4,1,5,r,repete,-3,desce 3,15,1098,0.0137
3/4,1,5,r,repete,7,sobe 7,3,1098,0.0027
3/4,1,5,r,repete,-5,desce 5,2,1098,0.0018
3/4,3,3,sg,sobe por grau,1,sobe 1,217,656,0.3308
3/4,3,3,sg,sobe por grau,-1,desce 1,153,656,0.2332
3/4,3,3,sg,sobe por grau,0,repete,116,656,0.1768
3/4,3,3,sg,sobe por grau,-2,desce 2,75,656,0.1143
3/4,3,3,sg,sobe por grau,2,sobe 2,60,656,0.0915
3/4,3,3,sg,sobe por grau,-5,desce 5,11,656,0.0168
3/4,3,3,sg,sobe por grau,-3,desce 3,10,656,0.0152
3/4,3,3,sg,sobe por grau,3,sobe 3,5,656,0.0076
3/4,3,3,sg,sobe por grau,4,sobe 4,4,656,0.0061
3/4,3,3,sg,sobe por grau,5,sobe 5,3,656,0.0046
3/4,3,5,dg,desce por grau,-1,desce 1,331,864,0.3831
3/4,3,5,dg,desce por grau,0,repete,208,864,0.2407
3/4,3,5,dg,desce por grau,-2,desce 2,113,864,0.1308
3/4,3,5,dg,desce por grau,1,sobe 1,47,864,0.0544
3/4,3,5,dg,desce por grau,3,sobe 3,45,864,0.0521
3/4,3,5,dg,desce por grau,-4,desce 4,31,864,0.0359
3/4,3,5,dg,desce por grau,-3,desce 3,29,864,0.0336
3/4,3,5,dg,desce por grau,2,sobe 2,16,864,0.0185
3/4,3,5,dg,desce por grau,5,sobe 5,11,864,0.0127
3/4,3,5,dg,desce por grau,7,sobe 7,9,864,0.0104
3/4,3,5,dg,desce por grau,-5,desce 5,7,864,0.0081
3/4,3,5,dg,desce por grau,6,sobe 6,7,864,0.0081
3/4,3,5,dg,desce por grau,4,sobe 4,5,864,0.0058
3/4,3,5,dg,desce por grau,-7,desce 7,5,864,0.0058
3/4,1,5,sg,sobe por grau,-2,desce 2,181,516,0.3508
3/4,1,5,sg,sobe por grau,-1,desce 1,84,516,0.1628
3/4,1,5,sg,sobe por grau,1,sobe 1,82,516,0.1589
3/4,1,5,sg,sobe por grau,0,repete,76,516,0.1473
3/4,1,5,sg,sobe por grau,2,sobe 2,24,516,0.0465
3/4,1,5,sg,sobe por grau,-4,desce 4,23,516,0.0446
3/4,1,5,sg,sobe por grau,-3,desce 3,20,516,0.0388
3/4,1,5,sg,sobe por grau,3,sobe 3,11,516,0.0213
3/4,1,5,sg,sobe por grau,-5,desce 5,6,516,0.0116
3/4,1,5,sg,sobe por grau,-7,desce 7,3,516,0.0058
3/4,1,5,sg,sobe por grau,-6,desce 6,3,516,0.0058
3/4,1,5,sg,sobe por grau,5,sobe 5,2,516,0.0039
3/4,3,7,ds,desce por salto,1,sobe 1,37,180,0.2056
3/4,3,7,ds,desce por salto,-2,desce 2,34,180,0.1889
3/4,3,7,ds,desce por salto,0,repete,33,180,0.1833
3/4,3,7,ds,desce por salto,3,sobe 3,31,180,0.1722
3/4,3,7,ds,desce por salto,2,sobe 2,16,180,0.0889
3/4,3,7,ds,desce por salto,6,sobe 6,9,180,0.05
3/4,3,7,ds,desce por salto,4,sobe 4,7,180,0.0389
3/4,3,7,ds,desce por salto,5,sobe 5,6,180,0.0333
3/4,3,7,ds,desce por salto,-1,desce 1,3,180,0.0167
3/4,3,7,ds,desce por salto,-5,desce 5,2,180,0.0111
3/4,2,7,dg,desce por grau,1,sobe 1,99,381,0.2598
3/4,2,7,dg,desce por grau,-2,desce 2,85,381,0.2231
3/4,2,7,dg,desce por grau,-1,desce 1,84,381,0.2205
3/4,2,7,dg,desce por grau,0,repete,44,381,0.1155
3/4,2,7,dg,desce por grau,2,sobe 2,42,381,0.1102
3/4,2,7,dg,desce por grau,-3,desce 3,12,381,0.0315
3/4,2,7,dg,desce por grau,3,sobe 3,5,381,0.0131
3/4,2,7,dg,desce por grau,6,sobe 6,2,381,0.0052
3/4,2,7,dg,desce por grau,-4,desce 4,2,381,0.0052
3/4,2,7,dg,desce por grau,4,sobe 4,2,381,0.0052
3/4,2,7,dg,desce por grau,5,sobe 5,2,381,0.0052
3/4,2,7,dg,desce por grau,7,sobe 7,2,381,0.0052
3/4,2,7,sg,sobe por grau,1,sobe 1,47,90,0.5222
3/4,2,7,sg,sobe por grau,-1,desce 1,12,90,0.1333
3/4,2,7,sg,sobe por grau,0,repete,10,90,0.1111
3/4,2,7,sg,sobe por grau,-2,desce 2,7,90,0.0778
3/4,2,7,sg,sobe por grau,3,sobe 3,5,90,0.0556
3/4,2,7,sg,sobe por grau,-3,desce 3,4,90,0.0444
3/4,2,7,sg,sobe por grau,2,sobe 2,3,90,0.0333
3/4,3,6,dg,desce por grau,-1,desce 1,151,246,0.6138
3/4,3,6,dg,desce por grau,0,repete,30,246,0.122
3/4,3,6,dg,desce por grau,1,sobe 1,27,246,0.1098
3/4,3,6,dg,desce por grau,-2,desce 2,14,246,0.0569
3/4,3,6,dg,desce por grau,2,sobe 2,8,246,0.0325
3/4,3,6,dg,desce por grau,3,sobe 3,5,246,0.0203
3/4,3,6,dg,desce por grau,-5,desce 5,4,246,0.0163
3/4,3,6,dg,desce por grau,-3,desce 3,3,246,0.0122
3/4,3,6,dg,desce por grau,7,sobe 7,2,246,0.0081
3/4,2,2,sg,sobe por grau,1,sobe 1,198,561,0.3529
3/4,2,2,sg,sobe por grau,-1,desce 1,124,561,0.221
3/4,2,2,sg,sobe por grau,0,repete,93,561,0.1658
3/4,2,2,sg,sobe por grau,2,sobe 2,46,561,0.082
3/4,2,2,sg,sobe por grau,-4,desce 4,46,561,0.082
3/4,2,2,sg,sobe por grau,3,sobe 3,25,561,0.0446
3/4,2,2,sg,sobe por grau,-2,desce 2,15,561,0.0267
3/4,2,2,sg,sobe por grau,-3,desce 3,5,561,0.0089
3/4,2,2,sg,sobe por grau,4,sobe 4,5,561,0.0089
3/4,2,2,sg,sobe por grau,-6,desce 6,2,561,0.0036
3/4,2,1,0,—,0,repete,36,72,0.5
3/4,2,1,0,—,2,sobe 2,22,72,0.3056
3/4,2,1,0,—,1,sobe 1,10,72,0.1389
3/4,2,1,0,—,-3,desce 3,2,72,0.0278
3/4,3,7,ss,sobe por salto,2,sobe 2,37,131,0.2824
3/4,3,7,ss,sobe por salto,-1,desce 1,23,131,0.1756
3/4,3,7,ss,sobe por salto,1,sobe 1,19,131,0.145
3/4,3,7,ss,sobe por salto,0,repete,19,131,0.145
3/4,3,7,ss,sobe por salto,-2,desce 2,19,131,0.145
3/4,3,7,ss,sobe por salto,-3,desce 3,5,131,0.0382
3/4,3,7,ss,sobe por salto,-7,desce 7,2,131,0.0153
3/4,3,7,ss,sobe por salto,-6,desce 6,2,131,0.0153
3/4,3,7,ss,sobe por salto,-5,desce 5,2,131,0.0153
3/4,3,7,ss,sobe por salto,3,sobe 3,2,131,0.0153
3/4,3,6,ds,desce por salto,-1,desce 1,67,171,0.3918
3/4,3,6,ds,desce por salto,3,sobe 3,24,171,0.1404
3/4,3,6,ds,desce por salto,0,repete,21,171,0.1228
3/4,3,6,ds,desce por salto,1,sobe 1,21,171,0.1228
3/4,3,6,ds,desce por salto,2,sobe 2,17,171,0.0994
3/4,3,6,ds,desce por salto,-2,desce 2,15,171,0.0877
3/4,3,6,ds,desce por salto,5,sobe 5,4,171,0.0234
3/4,3,6,ds,desce por salto,-3,desce 3,2,171,0.0117
3/4,2,4,dg,desce por grau,-1,desce 1,369,797,0.463
3/4,2,4,dg,desce por grau,0,repete,182,797,0.2284
3/4,2,4,dg,desce por grau,-2,desce 2,145,797,0.1819
3/4,2,4,dg,desce por grau,1,sobe 1,53,797,0.0665
3/4,2,4,dg,desce por grau,2,sobe 2,22,797,0.0276
3/4,2,4,dg,desce por grau,-3,desce 3,12,797,0.0151
3/4,2,4,dg,desce por grau,5,sobe 5,5,797,0.0063
3/4,2,4,dg,desce por grau,-6,desce 6,4,797,0.005
3/4,2,4,dg,desce por grau,-4,desce 4,2,797,0.0025
3/4,2,4,dg,desce por grau,4,sobe 4,2,797,0.0025
3/4,1,1,r,repete,0,repete,221,675,0.3274
3/4,1,1,r,repete,1,sobe 1,106,675,0.157
3/4,1,1,r,repete,-1,desce 1,91,675,0.1348
3/4,1,1,r,repete,2,sobe 2,81,675,0.12
3/4,1,1,r,repete,4,sobe 4,59,675,0.0874
3/4,1,1,r,repete,3,sobe 3,42,675,0.0622
3/4,1,1,r,repete,5,sobe 5,31,675,0.0459
3/4,1,1,r,repete,-2,desce 2,21,675,0.0311
3/4,1,1,r,repete,-3,desce 3,17,675,0.0252
3/4,1,1,r,repete,6,sobe 6,2,675,0.003
3/4,3,4,r,repete,1,sobe 1,99,379,0.2612
3/4,3,4,r,repete,0,repete,99,379,0.2612
3/4,3,4,r,repete,-1,desce 1,83,379,0.219
3/4,3,4,r,repete,-2,desce 2,68,379,0.1794
3/4,3,4,r,repete,2,sobe 2,16,379,0.0422
3/4,3,4,r,repete,-4,desce 4,4,379,0.0106
3/4,3,4,r,repete,3,sobe 3,3,379,0.0079
3/4,3,4,r,repete,-3,desce 3,3,379,0.0079
3/4,3,4,r,repete,4,sobe 4,3,379,0.0079
3/4,1,7,ss,sobe por salto,1,sobe 1,127,212,0.5991
3/4,1,7,ss,sobe por salto,2,sobe 2,21,212,0.0991
3/4,1,7,ss,sobe por salto,-2,desce 2,16,212,0.0755
3/4,1,7,ss,sobe por salto,-1,desce 1,14,212,0.066
3/4,1,7,ss,sobe por salto,3,sobe 3,10,212,0.0472
3/4,1,7,ss,sobe por salto,0,repete,8,212,0.0377
3/4,1,7,ss,sobe por salto,-6,desce 6,5,212,0.0236
3/4,1,7,ss,sobe por salto,-4,desce 4,3,212,0.0142
3/4,1,7,ss,sobe por salto,-7,desce 7,2,212,0.0094
3/4,1,7,ss,sobe por salto,-3,desce 3,2,212,0.0094
3/4,1,7,ss,sobe por salto,4,sobe 4,2,212,0.0094
3/4,2,7,ds,desce por salto,-2,desce 2,31,103,0.301
3/4,2,7,ds,desce por salto,1,sobe 1,28,103,0.2718
3/4,2,7,ds,desce por salto,2,sobe 2,12,103,0.1165
3/4,2,7,ds,desce por salto,0,repete,9,103,0.0874
3/4,2,7,ds,desce por salto,-1,desce 1,6,103,0.0583
3/4,2,7,ds,desce por salto,3,sobe 3,6,103,0.0583
3/4,2,7,ds,desce por salto,4,sobe 4,4,103,0.0388
3/4,2,7,ds,desce por salto,5,sobe 5,3,103,0.0291
3/4,2,7,ds,desce por salto,6,sobe 6,3,103,0.0291
3/4,2,3,ss,sobe por salto,0,repete,156,569,0.2742
3/4,2,3,ss,sobe por salto,2,sobe 2,143,569,0.2513
3/4,2,3,ss,sobe por salto,-1,desce 1,137,569,0.2408
3/4,2,3,ss,sobe por salto,-2,desce 2,56,569,0.0984
3/4,2,3,ss,sobe por salto,1,sobe 1,52,569,0.0914
3/4,2,3,ss,sobe por salto,-5,desce 5,14,569,0.0246
3/4,2,3,ss,sobe por salto,-3,desce 3,5,569,0.0088
3/4,2,3,ss,sobe por salto,3,sobe 3,3,569,0.0053
3/4,2,3,ss,sobe por salto,5,sobe 5,2,569,0.0035
3/4,3,2,ss,sobe por salto,-1,desce 1,44,177,0.2486
3/4,3,2,ss,sobe por salto,0,repete,32,177,0.1808
3/4,3,2,ss,sobe por salto,1,sobe 1,20,177,0.113
3/4,3,2,ss,sobe por salto,2,sobe 2,20,177,0.113
3/4,3,2,ss,sobe por salto,-2,desce 2,19,177,0.1073
3/4,3,2,ss,sobe por salto,-5,desce 5,16,177,0.0904
3/4,3,2,ss,sobe por salto,3,sobe 3,10,177,0.0565
3/4,3,2,ss,sobe por salto,-4,desce 4,9,177,0.0508
3/4,3,2,ss,sobe por salto,-3,desce 3,3,177,0.0169
3/4,3,2,ss,sobe por salto,4,sobe 4,2,177,0.0113
3/4,3,7,sg,sobe por grau,1,sobe 1,75,122,0.6148
3/4,3,7,sg,sobe por grau,-2,desce 2,11,122,0.0902
3/4,3,7,sg,sobe por grau,0,repete,10,122,0.082
3/4,3,7,sg,sobe por grau,-1,desce 1,9,122,0.0738
3/4,3,7,sg,sobe por grau,2,sobe 2,5,122,0.041
3/4,3,7,sg,sobe por grau,3,sobe 3,5,122,0.041
3/4,3,7,sg,sobe por grau,-4,desce 4,3,122,0.0246
3/4,1,3,r,repete,0,repete,255,720,0.3542
3/4,1,3,r,repete,-1,desce 1,185,720,0.2569
3/4,1,3,r,repete,2,sobe 2,115,720,0.1597
3/4,1,3,r,repete,1,sobe 1,106,720,0.1472
3/4,1,3,r,repete,-2,desce 2,22,720,0.0306
3/4,1,3,r,repete,3,sobe 3,17,720,0.0236
3/4,1,3,r,repete,5,sobe 5,7,720,0.0097
3/4,1,3,r,repete,-4,desce 4,4,720,0.0056
3/4,1,3,r,repete,-3,desce 3,3,720,0.0042
3/4,1,3,r,repete,-5,desce 5,3,720,0.0042
3/4,1,2,ss,sobe por salto,-1,desce 1,86,210,0.4095
3/4,1,2,ss,sobe por salto,0,repete,36,210,0.1714
3/4,1,2,ss,sobe por salto,1,sobe 1,22,210,0.1048
3/4,1,2,ss,sobe por salto,2,sobe 2,19,210,0.0905
3/4,1,2,ss,sobe por salto,-4,desce 4,18,210,0.0857
3/4,1,2,ss,sobe por salto,3,sobe 3,9,210,0.0429
3/4,1,2,ss,sobe por salto,4,sobe 4,7,210,0.0333
3/4,1,2,ss,sobe por salto,-2,desce 2,6,210,0.0286
3/4,1,2,ss,sobe por salto,5,sobe 5,3,210,0.0143
3/4,1,2,ss,sobe por salto,-8,desce 8,2,210,0.0095
3/4,2,4,ds,desce por salto,0,repete,16,69,0.2319
3/4,2,4,ds,desce por salto,1,sobe 1,15,69,0.2174
3/4,2,4,ds,desce por salto,-1,desce 1,14,69,0.2029
3/4,2,4,ds,desce por salto,-2,desce 2,11,69,0.1594
3/4,2,4,ds,desce por salto,5,sobe 5,5,69,0.0725
3/4,2,4,ds,desce por salto,4,sobe 4,3,69,0.0435
3/4,2,4,ds,desce por salto,3,sobe 3,2,69,0.029
3/4,2,4,ds,desce por salto,2,sobe 2,2,69,0.029
3/4,2,2,ss,sobe por salto,-1,desce 1,63,213,0.2958
3/4,2,2,ss,sobe por salto,0,repete,55,213,0.2582
3/4,2,2,ss,sobe por salto,2,sobe 2,28,213,0.1315
3/4,2,2,ss,sobe por salto,3,sobe 3,21,213,0.0986
3/4,2,2,ss,sobe por salto,-4,desce 4,17,213,0.0798
3/4,2,2,ss,sobe por salto,1,sobe 1,15,213,0.0704
3/4,2,2,ss,sobe por salto,-2,desce 2,6,213,0.0282
3/4,2,2,ss,sobe por salto,5,sobe 5,3,213,0.0141
3/4,2,2,ss,sobe por salto,-5,desce 5,2,213,0.0094
3/4,1,6,r,repete,-1,desce 1,126,221,0.5701
3/4,1,6,r,repete,0,repete,56,221,0.2534
3/4,1,6,r,repete,1,sobe 1,14,221,0.0633
3/4,1,6,r,repete,2,sobe 2,13,221,0.0588
3/4,1,6,r,repete,-4,desce 4,3,221,0.0136
3/4,1,6,r,repete,-2,desce 2,3,221,0.0136
3/4,1,6,r,repete,3,sobe 3,3,221,0.0136
3/4,1,6,r,repete,5,sobe 5,3,221,0.0136
3/4,1,6,dg,desce por grau,-1,desce 1,236,336,0.7024
3/4,1,6,dg,desce por grau,0,repete,63,336,0.1875
3/4,1,6,dg,desce por grau,1,sobe 1,16,336,0.0476
3/4,1,6,dg,desce por grau,2,sobe 2,10,336,0.0298
3/4,1,6,dg,desce por grau,-2,desce 2,4,336,0.0119
3/4,1,6,dg,desce por grau,3,sobe 3,2,336,0.006
3/4,1,6,dg,desce por grau,4,sobe 4,2,336,0.006
3/4,1,6,dg,desce por grau,5,sobe 5,2,336,0.006
3/4,2,7,r,repete,1,sobe 1,19,48,0.3958
3/4,2,7,r,repete,0,repete,13,48,0.2708
3/4,2,7,r,repete,-2,desce 2,8,48,0.1667
3/4,2,7,r,repete,-1,desce 1,3,48,0.0625
3/4,2,7,r,repete,5,sobe 5,2,48,0.0417
3/4,2,7,r,repete,2,sobe 2,2,48,0.0417
3/4,2,6,ss,sobe por salto,-1,desce 1,180,313,0.5751
3/4,2,6,ss,sobe por salto,0,repete,95,313,0.3035
3/4,2,6,ss,sobe por salto,-2,desce 2,15,313,0.0479
3/4,2,6,ss,sobe por salto,2,sobe 2,9,313,0.0288
3/4,2,6,ss,sobe por salto,1,sobe 1,5,313,0.016
3/4,2,6,ss,sobe por salto,-4,desce 4,5,313,0.016
3/4,2,6,ss,sobe por salto,-3,desce 3,2,313,0.0064
3/4,2,6,r,repete,-1,desce 1,111,168,0.6607
3/4,2,6,r,repete,0,repete,33,168,0.1964
3/4,2,6,r,repete,2,sobe 2,11,168,0.0655
3/4,2,6,r,repete,-2,desce 2,7,168,0.0417
3/4,2,6,r,repete,-6,desce 6,2,168,0.0119
3/4,2,6,r,repete,1,sobe 1,2,168,0.0119
3/4,1,7,0,—,3,sobe 3,13,23,0.5652
3/4,1,7,0,—,1,sobe 1,5,23,0.2174
3/4,1,7,0,—,-2,desce 2,2,23,0.087
3/4,1,7,r,repete,1,sobe 1,47,115,0.4087
3/4,1,7,r,repete,0,repete,21,115,0.1826
3/4,1,7,r,repete,3,sobe 3,12,115,0.1043
3/4,1,7,r,repete,2,sobe 2,12,115,0.1043
3/4,1,7,r,repete,-2,desce 2,8,115,0.0696
3/4,1,7,r,repete,-1,desce 1,5,115,0.0435
3/4,1,7,r,repete,5,sobe 5,4,115,0.0348
3/4,1,7,r,repete,-4,desce 4,2,115,0.0174
3/4,3,7,r,repete,-1,desce 1,21,87,0.2414
3/4,3,7,r,repete,0,repete,18,87,0.2069
3/4,3,7,r,repete,1,sobe 1,14,87,0.1609
3/4,3,7,r,repete,-2,desce 2,14,87,0.1609
3/4,3,7,r,repete,3,sobe 3,5,87,0.0575
3/4,3,7,r,repete,-4,desce 4,3,87,0.0345
3/4,3,7,r,repete,2,sobe 2,3,87,0.0345
3/4,3,7,r,repete,-3,desce 3,3,87,0.0345
3/4,3,7,r,repete,-5,desce 5,3,87,0.0345
3/4,1,1,0,—,0,repete,84,161,0.5217
3/4,1,1,0,—,2,sobe 2,31,161,0.1925
3/4,1,1,0,—,4,sobe 4,19,161,0.118
3/4,1,1,0,—,3,sobe 3,8,161,0.0497
3/4,1,1,0,—,1,sobe 1,7,161,0.0435
3/4,1,1,0,—,-1,desce 1,6,161,0.0373
3/4,1,1,0,—,-2,desce 2,4,161,0.0248
3/4,1,1,0,—,-3,desce 3,2,161,0.0124
3/4,3,1,0,—,0,repete,34,62,0.5484
3/4,3,1,0,—,2,sobe 2,12,62,0.1935
3/4,3,1,0,—,1,sobe 1,10,62,0.1613
3/4,3,1,0,—,-1,desce 1,5,62,0.0806
3/4,2,7,ss,sobe por salto,2,sobe 2,53,196,0.2704
3/4,2,7,ss,sobe por salto,-1,desce 1,48,196,0.2449
3/4,2,7,ss,sobe por salto,1,sobe 1,29,196,0.148
3/4,2,7,ss,sobe por salto,-2,desce 2,24,196,0.1224
3/4,2,7,ss,sobe por salto,0,repete,12,196,0.0612
3/4,2,7,ss,sobe por salto,-3,desce 3,7,196,0.0357
3/4,2,7,ss,sobe por salto,-5,desce 5,7,196,0.0357
3/4,2,7,ss,sobe por salto,5,sobe 5,4,196,0.0204
3/4,2,7,ss,sobe por salto,4,sobe 4,3,196,0.0153
3/4,2,7,ss,sobe por salto,-6,desce 6,3,196,0.0153
3/4,2,7,ss,sobe por salto,3,sobe 3,3,196,0.0153
3/4,2,7,ss,sobe por salto,-4,desce 4,2,196,0.0102
3/4,2,3,0,—,0,repete,14,25,0.56
3/4,2,3,0,—,-1,desce 1,6,25,0.24
3/4,2,3,0,—,-2,desce 2,2,25,0.08
3/4,2,3,0,—,2,sobe 2,2,25,0.08
3/4,1,3,0,—,0,repete,20,44,0.4545
3/4,1,3,0,—,2,sobe 2,11,44,0.25
3/4,1,3,0,—,-1,desce 1,6,44,0.1364
3/4,1,3,0,—,1,sobe 1,5,44,0.1136
3/4,1,3,0,—,-2,desce 2,2,44,0.0455
4/4,2,2,sg,sobe por grau,1,sobe 1,697,1294,0.5386
4/4,2,2,sg,sobe por grau,-1,desce 1,212,1294,0.1638
4/4,2,2,sg,sobe por grau,0,repete,195,1294,0.1507
4/4,2,2,sg,sobe por grau,-2,desce 2,74,1294,0.0572
4/4,2,2,sg,sobe por grau,-4,desce 4,36,1294,0.0278
4/4,2,2,sg,sobe por grau,3,sobe 3,31,1294,0.024
4/4,2,2,sg,sobe por grau,2,sobe 2,29,1294,0.0224
4/4,2,2,sg,sobe por grau,-3,desce 3,6,1294,0.0046
4/4,2,2,sg,sobe por grau,-7,desce 7,5,1294,0.0039
4/4,2,2,sg,sobe por grau,5,sobe 5,4,1294,0.0031
4/4,2,2,sg,sobe por grau,-5,desce 5,3,1294,0.0023
4/4,2,2,sg,sobe por grau,4,sobe 4,2,1294,0.0015
4/4,3,4,sg,sobe por grau,1,sobe 1,932,1325,0.7034
4/4,3,4,sg,sobe por grau,-1,desce 1,207,1325,0.1562
4/4,3,4,sg,sobe por grau,-2,desce 2,85,1325,0.0642
4/4,3,4,sg,sobe por grau,0,repete,45,1325,0.034
4/4,3,4,sg,sobe por grau,2,sobe 2,26,1325,0.0196
4/4,3,4,sg,sobe por grau,-3,desce 3,11,1325,0.0083
4/4,3,4,sg,sobe por grau,-4,desce 4,6,1325,0.0045
4/4,3,4,sg,sobe por grau,-6,desce 6,5,1325,0.0038
4/4,3,4,sg,sobe por grau,4,sobe 4,2,1325,0.0015
4/4,3,4,sg,sobe por grau,3,sobe 3,2,1325,0.0015
4/4,4,3,ds,desce por salto,2,sobe 2,357,1431,0.2495
4/4,4,3,ds,desce por salto,-2,desce 2,336,1431,0.2348
4/4,4,3,ds,desce por salto,-1,desce 1,225,1431,0.1572
4/4,4,3,ds,desce por salto,0,repete,185,1431,0.1293
4/4,4,3,ds,desce por salto,1,sobe 1,135,1431,0.0943
4/4,4,3,ds,desce por salto,5,sobe 5,82,1431,0.0573
4/4,4,3,ds,desce por salto,3,sobe 3,55,1431,0.0384
4/4,4,3,ds,desce por salto,4,sobe 4,18,1431,0.0126
4/4,4,3,ds,desce por salto,-5,desce 5,17,1431,0.0119
4/4,4,3,ds,desce por salto,7,sobe 7,11,1431,0.0077
4/4,4,3,ds,desce por salto,6,sobe 6,8,1431,0.0056
4/4,1,3,ss,sobe por salto,2,sobe 2,440,1445,0.3045
4/4,1,3,ss,sobe por salto,-1,desce 1,418,1445,0.2893
4/4,1,3,ss,sobe por salto,-2,desce 2,165,1445,0.1142
4/4,1,3,ss,sobe por salto,1,sobe 1,149,1445,0.1031
4/4,1,3,ss,sobe por salto,0,repete,131,1445,0.0907
4/4,1,3,ss,sobe por salto,-5,desce 5,47,1445,0.0325
4/4,1,3,ss,sobe por salto,-3,desce 3,42,1445,0.0291
4/4,1,3,ss,sobe por salto,3,sobe 3,20,1445,0.0138
4/4,1,3,ss,sobe por salto,-4,desce 4,13,1445,0.009
4/4,1,3,ss,sobe por salto,-7,desce 7,9,1445,0.0062
4/4,1,3,ss,sobe por salto,5,sobe 5,4,1445,0.0028
4/4,1,3,ss,sobe por salto,-6,desce 6,4,1445,0.0028
4/4,2,4,ds,desce por salto,1,sobe 1,69,207,0.3333
4/4,2,4,ds,desce por salto,0,repete,40,207,0.1932
4/4,2,4,ds,desce por salto,-2,desce 2,33,207,0.1594
4/4,2,4,ds,desce por salto,-1,desce 1,31,207,0.1498
4/4,2,4,ds,desce por salto,2,sobe 2,12,207,0.058
4/4,2,4,ds,desce por salto,3,sobe 3,7,207,0.0338
4/4,2,4,ds,desce por salto,4,sobe 4,7,207,0.0338
4/4,2,4,ds,desce por salto,5,sobe 5,3,207,0.0145
4/4,2,4,ds,desce por salto,-3,desce 3,2,207,0.0097
4/4,3,4,ss,sobe por salto,-1,desce 1,289,537,0.5382
4/4,3,4,ss,sobe por salto,0,repete,60,537,0.1117
4/4,3,4,ss,sobe por salto,-2,desce 2,56,537,0.1043
4/4,3,4,ss,sobe por salto,-6,desce 6,36,537,0.067
4/4,3,4,ss,sobe por salto,1,sobe 1,31,537,0.0577
4/4,3,4,ss,sobe por salto,-3,desce 3,20,537,0.0372
4/4,3,4,ss,sobe por salto,2,sobe 2,16,537,0.0298
4/4,3,4,ss,sobe por salto,-5,desce 5,9,537,0.0168
4/4,3,4,ss,sobe por salto,-4,desce 4,9,537,0.0168
4/4,3,4,ss,sobe por salto,3,sobe 3,5,537,0.0093
4/4,3,4,ss,sobe por salto,-7,desce 7,3,537,0.0056
4/4,3,4,ss,sobe por salto,4,sobe 4,2,537,0.0037
4/4,1,1,dg,desce por grau,-1,desce 1,474,1646,0.288
4/4,1,1,dg,desce por grau,1,sobe 1,288,1646,0.175
4/4,1,1,dg,desce por grau,0,repete,250,1646,0.1519
4/4,1,1,dg,desce por grau,2,sobe 2,212,1646,0.1288
4/4,1,1,dg,desce por grau,4,sobe 4,107,1646,0.065
4/4,1,1,dg,desce por grau,-2,desce 2,88,1646,0.0535
4/4,1,1,dg,desce por grau,3,sobe 3,77,1646,0.0468
4/4,1,1,dg,desce por grau,-3,desce 3,65,1646,0.0395
4/4,1,1,dg,desce por grau,5,sobe 5,29,1646,0.0176
4/4,1,1,dg,desce por grau,7,sobe 7,24,1646,0.0146
4/4,1,1,dg,desce por grau,9,sobe 9,9,1646,0.0055
4/4,1,1,dg,desce por grau,-5,desce 5,7,1646,0.0043
4/4,1,1,dg,desce por grau,-7,desce 7,5,1646,0.003
4/4,1,1,dg,desce por grau,6,sobe 6,5,1646,0.003
4/4,1,1,dg,desce por grau,-4,desce 4,3,1646,0.0018
4/4,1,1,dg,desce por grau,8,sobe 8,3,1646,0.0018
4/4,2,2,ds,desce por salto,1,sobe 1,146,498,0.2932
4/4,2,2,ds,desce por salto,0,repete,94,498,0.1888
4/4,2,2,ds,desce por salto,-1,desce 1,67,498,0.1345
4/4,2,2,ds,desce por salto,2,sobe 2,50,498,0.1004
4/4,2,2,ds,desce por salto,-2,desce 2,47,498,0.0944
4/4,2,2,ds,desce por salto,3,sobe 3,41,498,0.0823
4/4,2,2,ds,desce por salto,4,sobe 4,18,498,0.0361
4/4,2,2,ds,desce por salto,7,sobe 7,11,498,0.0221
4/4,2,2,ds,desce por salto,5,sobe 5,10,498,0.0201
4/4,2,2,ds,desce por salto,6,sobe 6,7,498,0.0141
4/4,2,2,ds,desce por salto,-3,desce 3,2,498,0.004
4/4,2,2,ds,desce por salto,-4,desce 4,2,498,0.004
4/4,3,7,dg,desce por grau,1,sobe 1,460,916,0.5022
4/4,3,7,dg,desce por grau,-1,desce 1,222,916,0.2424
4/4,3,7,dg,desce por grau,-2,desce 2,144,916,0.1572
4/4,3,7,dg,desce por grau,0,repete,40,916,0.0437
4/4,3,7,dg,desce por grau,2,sobe 2,25,916,0.0273
4/4,3,7,dg,desce por grau,3,sobe 3,13,916,0.0142
4/4,3,7,dg,desce por grau,5,sobe 5,4,916,0.0044
4/4,3,7,dg,desce por grau,4,sobe 4,3,916,0.0033
4/4,3,7,dg,desce por grau,-3,desce 3,3,916,0.0033
4/4,4,1,sg,sobe por grau,1,sobe 1,311,1026,0.3031
4/4,4,1,sg,sobe por grau,0,repete,212,1026,0.2066
4/4,4,1,sg,sobe por grau,-3,desce 3,150,1026,0.1462
4/4,4,1,sg,sobe por grau,-1,desce 1,108,1026,0.1053
4/4,4,1,sg,sobe por grau,2,sobe 2,103,1026,0.1004
4/4,4,1,sg,sobe por grau,-2,desce 2,50,1026,0.0487
4/4,4,1,sg,sobe por grau,4,sobe 4,30,1026,0.0292
4/4,4,1,sg,sobe por grau,-7,desce 7,20,1026,0.0195
4/4,4,1,sg,sobe por grau,3,sobe 3,15,1026,0.0146
4/4,4,1,sg,sobe por grau,-5,desce 5,13,1026,0.0127
4/4,4,1,sg,sobe por grau,-4,desce 4,8,1026,0.0078
4/4,1,1,r,repete,0,repete,255,1145,0.2227
4/4,1,1,r,repete,1,sobe 1,210,1145,0.1834
4/4,1,1,r,repete,2,sobe 2,174,1145,0.152
4/4,1,1,r,repete,-1,desce 1,125,1145,0.1092
4/4,1,1,r,repete,4,sobe 4,86,1145,0.0751
4/4,1,1,r,repete,3,sobe 3,74,1145,0.0646
4/4,1,1,r,repete,5,sobe 5,48,1145,0.0419
4/4,1,1,r,repete,7,sobe 7,46,1145,0.0402
4/4,1,1,r,repete,-2,desce 2,42,1145,0.0367
4/4,1,1,r,repete,-3,desce 3,41,1145,0.0358
4/4,1,1,r,repete,9,sobe 9,17,1145,0.0148
4/4,1,1,r,repete,-5,desce 5,8,1145,0.007
4/4,1,1,r,repete,6,sobe 6,7,1145,0.0061
4/4,1,1,r,repete,-7,desce 7,5,1145,0.0044
4/4,1,1,r,repete,-6,desce 6,4,1145,0.0035
4/4,1,1,r,repete,-4,desce 4,2,1145,0.0017
4/4,2,1,ss,sobe por salto,0,repete,923,2459,0.3754
4/4,2,1,ss,sobe por salto,-3,desce 3,382,2459,0.1553
4/4,2,1,ss,sobe por salto,-1,desce 1,343,2459,0.1395
4/4,2,1,ss,sobe por salto,2,sobe 2,294,2459,0.1196
4/4,2,1,ss,sobe por salto,1,sobe 1,270,2459,0.1098
4/4,2,1,ss,sobe por salto,-5,desce 5,99,2459,0.0403
4/4,2,1,ss,sobe por salto,-2,desce 2,79,2459,0.0321
4/4,2,1,ss,sobe por salto,-7,desce 7,20,2459,0.0081
4/4,2,1,ss,sobe por salto,-4,desce 4,14,2459,0.0057
4/4,2,1,ss,sobe por salto,3,sobe 3,13,2459,0.0053
4/4,2,1,ss,sobe por salto,4,sobe 4,12,2459,0.0049
4/4,2,1,ss,sobe por salto,-6,desce 6,6,2459,0.0024
4/4,2,1,ss,sobe por salto,7,sobe 7,2,2459,0.0008
4/4,3,1,ds,desce por salto,1,sobe 1,385,1677,0.2296
4/4,3,1,ds,desce por salto,0,repete,276,1677,0.1646
4/4,3,1,ds,desce por salto,2,sobe 2,240,1677,0.1431
4/4,3,1,ds,desce por salto,-1,desce 1,208,1677,0.124
4/4,3,1,ds,desce por salto,4,sobe 4,179,1677,0.1067
4/4,3,1,ds,desce por salto,3,sobe 3,138,1677,0.0823
4/4,3,1,ds,desce por salto,-3,desce 3,85,1677,0.0507
4/4,3,1,ds,desce por salto,-2,desce 2,72,1677,0.0429
4/4,3,1,ds,desce por salto,5,sobe 5,60,1677,0.0358
4/4,3,1,ds,desce por salto,7,sobe 7,19,1677,0.0113
4/4,3,1,ds,desce por salto,6,sobe 6,8,1677,0.0048
4/4,3,1,ds,desce por salto,9,sobe 9,5,1677,0.003
4/4,3,1,ds,desce por salto,-7,desce 7,2,1677,0.0012
4/4,4,7,ss,sobe por salto,1,sobe 1,62,241,0.2573
4/4,4,7,ss,sobe por salto,-1,desce 1,44,241,0.1826
4/4,4,7,ss,sobe por salto,-2,desce 2,39,241,0.1618
4/4,4,7,ss,sobe por salto,0,repete,31,241,0.1286
4/4,4,7,ss,sobe por salto,2,sobe 2,23,241,0.0954
4/4,4,7,ss,sobe por salto,-3,desce 3,13,241,0.0539
4/4,4,7,ss,sobe por salto,-5,desce 5,7,241,0.029
4/4,4,7,ss,sobe por salto,-4,desce 4,7,241,0.029
4/4,4,7,ss,sobe por salto,3,sobe 3,6,241,0.0249
4/4,4,7,ss,sobe por salto,-6,desce 6,3,241,0.0124
4/4,4,7,ss,sobe por salto,5,sobe 5,3,241,0.0124
4/4,1,7,ds,desce por salto,1,sobe 1,424,632,0.6709
4/4,1,7,ds,desce por salto,3,sobe 3,58,632,0.0918
4/4,1,7,ds,desce por salto,-2,desce 2,39,632,0.0617
4/4,1,7,ds,desce por salto,2,sobe 2,35,632,0.0554
4/4,1,7,ds,desce por salto,5,sobe 5,23,632,0.0364
4/4,1,7,ds,desce por salto,-1,desce 1,17,632,0.0269
4/4,1,7,ds,desce por salto,0,repete,17,632,0.0269
4/4,1,7,ds,desce por salto,4,sobe 4,7,632,0.0111
4/4,1,7,ds,desce por salto,7,sobe 7,3,632,0.0047
4/4,1,7,ds,desce por salto,6,sobe 6,3,632,0.0047
4/4,1,7,ds,desce por salto,8,sobe 8,2,632,0.0032
4/4,1,7,ds,desce por salto,-3,desce 3,2,632,0.0032
4/4,2,6,ss,sobe por salto,-1,desce 1,232,491,0.4725
4/4,2,6,ss,sobe por salto,0,repete,116,491,0.2363
4/4,2,6,ss,sobe por salto,-2,desce 2,34,491,0.0692
4/4,2,6,ss,sobe por salto,-4,desce 4,34,491,0.0692
4/4,2,6,ss,sobe por salto,-3,desce 3,26,491,0.053
4/4,2,6,ss,sobe por salto,2,sobe 2,17,491,0.0346
4/4,2,6,ss,sobe por salto,1,sobe 1,16,491,0.0326
4/4,2,6,ss,sobe por salto,-5,desce 5,8,491,0.0163
4/4,2,6,ss,sobe por salto,3,sobe 3,3,491,0.0061
4/4,2,6,ss,sobe por salto,-6,desce 6,2,491,0.0041
4/4,3,6,ds,desce por salto,-1,desce 1,349,602,0.5797
4/4,3,6,ds,desce por salto,0,repete,68,602,0.113
4/4,3,6,ds,desce por salto,1,sobe 1,56,602,0.093
4/4,3,6,ds,desce por salto,2,sobe 2,55,602,0.0914
4/4,3,6,ds,desce por salto,3,sobe 3,26,602,0.0432
4/4,3,6,ds,desce por salto,-2,desce 2,22,602,0.0365
4/4,3,6,ds,desce por salto,4,sobe 4,12,602,0.0199
4/4,3,6,ds,desce por salto,5,sobe 5,8,602,0.0133
4/4,3,6,ds,desce por salto,6,sobe 6,5,602,0.0083
4/4,4,5,ss,sobe por salto,0,repete,355,1303,0.2724
4/4,4,5,ss,sobe por salto,-1,desce 1,300,1303,0.2302
4/4,4,5,ss,sobe por salto,-2,desce 2,209,1303,0.1604
4/4,4,5,ss,sobe por salto,3,sobe 3,111,1303,0.0852
4/4,4,5,ss,sobe por salto,1,sobe 1,103,1303,0.079
4/4,4,5,ss,sobe por salto,-4,desce 4,99,1303,0.076
4/4,4,5,ss,sobe por salto,-3,desce 3,46,1303,0.0353
4/4,4,5,ss,sobe por salto,-7,desce 7,29,1303,0.0223
4/4,4,5,ss,sobe por salto,2,sobe 2,19,1303,0.0146
4/4,4,5,ss,sobe por salto,-5,desce 5,19,1303,0.0146
4/4,4,5,ss,sobe por salto,5,sobe 5,5,1303,0.0038
4/4,4,5,ss,sobe por salto,7,sobe 7,3,1303,0.0023
4/4,4,5,ss,sobe por salto,-8,desce 8,2,1303,0.0015
4/4,4,5,ss,sobe por salto,-6,desce 6,2,1303,0.0015
4/4,1,5,ds,desce por salto,3,sobe 3,574,1499,0.3829
4/4,1,5,ds,desce por salto,1,sobe 1,211,1499,0.1408
4/4,1,5,ds,desce por salto,0,repete,141,1499,0.0941
4/4,1,5,ds,desce por salto,5,sobe 5,138,1499,0.0921
4/4,1,5,ds,desce por salto,-1,desce 1,122,1499,0.0814
4/4,1,5,ds,desce por salto,-2,desce 2,86,1499,0.0574
4/4,1,5,ds,desce por salto,4,sobe 4,72,1499,0.048
4/4,1,5,ds,desce por salto,6,sobe 6,48,1499,0.032
4/4,1,5,ds,desce por salto,2,sobe 2,44,1499,0.0294
4/4,1,5,ds,desce por salto,7,sobe 7,41,1499,0.0274
4/4,1,5,ds,desce por salto,-3,desce 3,8,1499,0.0053
4/4,1,5,ds,desce por salto,-4,desce 4,7,1499,0.0047
4/4,1,5,ds,desce por salto,9,sobe 9,5,1499,0.0033
4/4,1,5,ds,desce por salto,8,sobe 8,2,1499,0.0013
4/4,3,7,ss,sobe por salto,1,sobe 1,137,374,0.3663
4/4,3,7,ss,sobe por salto,2,sobe 2,62,374,0.1658
4/4,3,7,ss,sobe por salto,-2,desce 2,41,374,0.1096
4/4,3,7,ss,sobe por salto,-1,desce 1,39,374,0.1043
4/4,3,7,ss,sobe por salto,0,repete,32,374,0.0856
4/4,3,7,ss,sobe por salto,-5,desce 5,17,374,0.0455
4/4,3,7,ss,sobe por salto,3,sobe 3,15,374,0.0401
4/4,3,7,ss,sobe por salto,-3,desce 3,11,374,0.0294
4/4,3,7,ss,sobe por salto,-6,desce 6,10,374,0.0267
4/4,3,7,ss,sobe por salto,-4,desce 4,6,374,0.016
4/4,3,7,ss,sobe por salto,-7,desce 7,3,374,0.008
4/4,4,1,ss,sobe por salto,0,repete,248,1141,0.2174
4/4,4,1,ss,sobe por salto,-1,desce 1,210,1141,0.184
4/4,4,1,ss,sobe por salto,-3,desce 3,194,1141,0.17
4/4,4,1,ss,sobe por salto,1,sobe 1,126,1141,0.1104
4/4,4,1,ss,sobe por salto,2,sobe 2,125,1141,0.1096
4/4,4,1,ss,sobe por salto,-5,desce 5,94,1141,0.0824
4/4,4,1,ss,sobe por salto,-2,desce 2,78,1141,0.0684
4/4,4,1,ss,sobe por salto,-4,desce 4,15,1141,0.0131
4/4,4,1,ss,sobe por salto,3,sobe 3,13,1141,0.0114
4/4,4,1,ss,sobe por salto,-6,desce 6,11,1141,0.0096
4/4,4,1,ss,sobe por salto,-7,desce 7,11,1141,0.0096
4/4,4,1,ss,sobe por salto,5,sobe 5,9,1141,0.0079
4/4,4,1,ss,sobe por salto,4,sobe 4,5,1141,0.0044
4/4,1,2,ss,sobe por salto,-1,desce 1,209,497,0.4205
4/4,1,2,ss,sobe por salto,1,sobe 1,138,497,0.2777
4/4,1,2,ss,sobe por salto,0,repete,54,497,0.1087
4/4,1,2,ss,sobe por salto,-2,desce 2,31,497,0.0624
4/4,1,2,ss,sobe por salto,2,sobe 2,18,497,0.0362
4/4,1,2,ss,sobe por salto,3,sobe 3,15,497,0.0302
4/4,1,2,ss,sobe por salto,-4,desce 4,13,497,0.0262
4/4,1,2,ss,sobe por salto,-3,desce 3,7,497,0.0141
4/4,1,2,ss,sobe por salto,-7,desce 7,4,497,0.008
4/4,1,2,ss,sobe por salto,8,sobe 8,2,497,0.004
4/4,1,2,ss,sobe por salto,-6,desce 6,2,497,0.004
4/4,2,1,dg,desce por grau,0,repete,310,1308,0.237
4/4,2,1,dg,desce por grau,1,sobe 1,305,1308,0.2332
4/4,2,1,dg,desce por grau,-1,desce 1,294,1308,0.2248
4/4,2,1,dg,desce por grau,2,sobe 2,169,1308,0.1292
4/4,2,1,dg,desce por grau,-3,desce 3,69,1308,0.0528
4/4,2,1,dg,desce por grau,-2,desce 2,57,1308,0.0436
4/4,2,1,dg,desce por grau,4,sobe 4,47,1308,0.0359
4/4,2,1,dg,desce por grau,7,sobe 7,27,1308,0.0206
4/4,2,1,dg,desce por grau,5,sobe 5,13,1308,0.0099
4/4,2,1,dg,desce por grau,3,sobe 3,11,1308,0.0084
4/4,2,1,dg,desce por grau,-5,desce 5,3,1308,0.0023
4/4,2,1,dg,desce por grau,-7,desce 7,2,1308,0.0015
4/4,3,6,dg,desce por grau,-1,desce 1,520,656,0.7927
4/4,3,6,dg,desce por grau,0,repete,47,656,0.0716
4/4,3,6,dg,desce por grau,1,sobe 1,38,656,0.0579
4/4,3,6,dg,desce por grau,3,sobe 3,15,656,0.0229
4/4,3,6,dg,desce por grau,2,sobe 2,12,656,0.0183
4/4,3,6,dg,desce por grau,5,sobe 5,8,656,0.0122
4/4,3,6,dg,desce por grau,-3,desce 3,7,656,0.0107
4/4,3,6,dg,desce por grau,-2,desce 2,3,656,0.0046
4/4,3,6,dg,desce por grau,4,sobe 4,2,656,0.003
4/4,4,5,dg,desce por grau,-1,desce 1,535,1684,0.3177
4/4,4,5,dg,desce por grau,0,repete,473,1684,0.2809
4/4,4,5,dg,desce por grau,-2,desce 2,210,1684,0.1247
4/4,4,5,dg,desce por grau,1,sobe 1,151,1684,0.0897
4/4,4,5,dg,desce por grau,3,sobe 3,119,1684,0.0707
4/4,4,5,dg,desce por grau,-4,desce 4,33,1684,0.0196
4/4,4,5,dg,desce por grau,7,sobe 7,27,1684,0.016
4/4,4,5,dg,desce por grau,5,sobe 5,27,1684,0.016
4/4,4,5,dg,desce por grau,4,sobe 4,26,1684,0.0154
4/4,4,5,dg,desce por grau,2,sobe 2,24,1684,0.0143
4/4,4,5,dg,desce por grau,-3,desce 3,23,1684,0.0137
4/4,4,5,dg,desce por grau,-5,desce 5,20,1684,0.0119
4/4,4,5,dg,desce por grau,-7,desce 7,8,1684,0.0048
4/4,4,5,dg,desce por grau,6,sobe 6,8,1684,0.0048
4/4,1,5,r,repete,3,sobe 3,438,1807,0.2424
4/4,1,5,r,repete,0,repete,344,1807,0.1904
4/4,1,5,r,repete,1,sobe 1,317,1807,0.1754
4/4,1,5,r,repete,-1,desce 1,220,1807,0.1217
4/4,1,5,r,repete,-2,desce 2,134,1807,0.0742
4/4,1,5,r,repete,5,sobe 5,94,1807,0.052
4/4,1,5,r,repete,4,sobe 4,61,1807,0.0338
4/4,1,5,r,repete,2,sobe 2,52,1807,0.0288
4/4,1,5,r,repete,-4,desce 4,49,1807,0.0271
4/4,1,5,r,repete,6,sobe 6,46,1807,0.0255
4/4,1,5,r,repete,-3,desce 3,30,1807,0.0166
4/4,1,5,r,repete,7,sobe 7,18,1807,0.01
4/4,1,5,r,repete,-5,desce 5,2,1807,0.0011
4/4,3,6,ss,sobe por salto,-1,desce 1,256,453,0.5651
4/4,3,6,ss,sobe por salto,0,repete,79,453,0.1744
4/4,3,6,ss,sobe por salto,2,sobe 2,27,453,0.0596
4/4,3,6,ss,sobe por salto,-2,desce 2,24,453,0.053
4/4,3,6,ss,sobe por salto,-3,desce 3,15,453,0.0331
4/4,3,6,ss,sobe por salto,-4,desce 4,14,453,0.0309
4/4,3,6,ss,sobe por salto,-5,desce 5,13,453,0.0287
4/4,3,6,ss,sobe por salto,1,sobe 1,8,453,0.0177
4/4,3,6,ss,sobe por salto,-6,desce 6,7,453,0.0155
4/4,3,6,ss,sobe por salto,-7,desce 7,5,453,0.011
4/4,3,6,ss,sobe por salto,-8,desce 8,3,453,0.0066
4/4,3,6,ss,sobe por salto,3,sobe 3,2,453,0.0044
4/4,1,6,ds,desce por salto,-1,desce 1,438,615,0.7122
4/4,1,6,ds,desce por salto,0,repete,51,615,0.0829
4/4,1,6,ds,desce por salto,2,sobe 2,44,615,0.0715
4/4,1,6,ds,desce por salto,1,sobe 1,31,615,0.0504
4/4,1,6,ds,desce por salto,4,sobe 4,13,615,0.0211
4/4,1,6,ds,desce por salto,3,sobe 3,12,615,0.0195
4/4,1,6,ds,desce por salto,6,sobe 6,9,615,0.0146
4/4,1,6,ds,desce por salto,5,sobe 5,6,615,0.0098
4/4,1,6,ds,desce por salto,-3,desce 3,4,615,0.0065
4/4,1,6,ds,desce por salto,9,sobe 9,3,615,0.0049
4/4,1,6,ds,desce por salto,-2,desce 2,2,615,0.0033
4/4,2,3,ds,desce por salto,-1,desce 1,218,1152,0.1892
4/4,2,3,ds,desce por salto,2,sobe 2,214,1152,0.1858
4/4,2,3,ds,desce por salto,1,sobe 1,200,1152,0.1736
4/4,2,3,ds,desce por salto,0,repete,189,1152,0.1641
4/4,2,3,ds,desce por salto,-2,desce 2,188,1152,0.1632
4/4,2,3,ds,desce por salto,5,sobe 5,99,1152,0.0859
4/4,2,3,ds,desce por salto,3,sobe 3,15,1152,0.013
4/4,2,3,ds,desce por salto,4,sobe 4,12,1152,0.0104
4/4,2,3,ds,desce por salto,7,sobe 7,7,1152,0.0061
4/4,2,3,ds,desce por salto,6,sobe 6,5,1152,0.0043
4/4,2,3,ds,desce por salto,-3,desce 3,3,1152,0.0026
4/4,3,5,ss,sobe por salto,-1,desce 1,332,1488,0.2231
4/4,3,5,ss,sobe por salto,0,repete,304,1488,0.2043
4/4,3,5,ss,sobe por salto,-2,desce 2,239,1488,0.1606
4/4,3,5,ss,sobe por salto,1,sobe 1,192,1488,0.129
4/4,3,5,ss,sobe por salto,3,sobe 3,185,1488,0.1243
4/4,3,5,ss,sobe por salto,-4,desce 4,105,1488,0.0706
4/4,3,5,ss,sobe por salto,-3,desce 3,70,1488,0.047
4/4,3,5,ss,sobe por salto,2,sobe 2,42,1488,0.0282
4/4,3,5,ss,sobe por salto,-5,desce 5,5,1488,0.0034
4/4,3,5,ss,sobe por salto,-7,desce 7,5,1488,0.0034
4/4,3,5,ss,sobe por salto,-6,desce 6,4,1488,0.0027
4/4,3,5,ss,sobe por salto,5,sobe 5,4,1488,0.0027
4/4,3,2,ds,desce por salto,1,sobe 1,331,931,0.3555
4/4,3,2,ds,desce por salto,-1,desce 1,199,931,0.2137
4/4,3,2,ds,desce por salto,0,repete,157,931,0.1686
4/4,3,2,ds,desce por salto,3,sobe 3,87,931,0.0934
4/4,3,2,ds,desce por salto,-2,desce 2,59,931,0.0634
4/4,3,2,ds,desce por salto,2,sobe 2,50,931,0.0537
4/4,3,2,ds,desce por salto,4,sobe 4,12,931,0.0129
4/4,3,2,ds,desce por salto,-4,desce 4,11,931,0.0118
4/4,3,2,ds,desce por salto,5,sobe 5,10,931,0.0107
4/4,3,2,ds,desce por salto,6,sobe 6,8,931,0.0086
4/4,3,2,ds,desce por salto,-3,desce 3,4,931,0.0043
4/4,3,2,ds,desce por salto,7,sobe 7,3,931,0.0032
4/4,1,1,ds,desce por salto,1,sobe 1,313,1381,0.2266
4/4,1,1,ds,desce por salto,0,repete,182,1381,0.1318
4/4,1,1,ds,desce por salto,-1,desce 1,170,1381,0.1231
4/4,1,1,ds,desce por salto,2,sobe 2,161,1381,0.1166
4/4,1,1,ds,desce por salto,3,sobe 3,152,1381,0.1101
4/4,1,1,ds,desce por salto,4,sobe 4,146,1381,0.1057
4/4,1,1,ds,desce por salto,-3,desce 3,84,1381,0.0608
4/4,1,1,ds,desce por salto,5,sobe 5,67,1381,0.0485
4/4,1,1,ds,desce por salto,-2,desce 2,58,1381,0.042
4/4,1,1,ds,desce por salto,7,sobe 7,24,1381,0.0174
4/4,1,1,ds,desce por salto,9,sobe 9,9,1381,0.0065
4/4,1,1,ds,desce por salto,6,sobe 6,5,1381,0.0036
4/4,1,1,ds,desce por salto,-4,desce 4,5,1381,0.0036
4/4,1,1,ds,desce por salto,-7,desce 7,2,1381,0.0014
4/4,1,1,ds,desce por salto,-5,desce 5,2,1381,0.0014
4/4,3,7,ds,desce por salto,1,sobe 1,303,520,0.5827
4/4,3,7,ds,desce por salto,-2,desce 2,115,520,0.2212
4/4,3,7,ds,desce por salto,-1,desce 1,29,520,0.0558
4/4,3,7,ds,desce por salto,2,sobe 2,25,520,0.0481
4/4,3,7,ds,desce por salto,0,repete,18,520,0.0346
4/4,3,7,ds,desce por salto,3,sobe 3,12,520,0.0231
4/4,3,7,ds,desce por salto,4,sobe 4,7,520,0.0135
4/4,3,7,ds,desce por salto,5,sobe 5,5,520,0.0096
4/4,3,7,ds,desce por salto,-3,desce 3,2,520,0.0038
4/4,3,7,ds,desce por salto,8,sobe 8,2,520,0.0038
4/4,3,7,ds,desce por salto,7,sobe 7,2,520,0.0038
4/4,1,1,0,—,0,repete,144,331,0.435
4/4,1,1,0,—,2,sobe 2,52,331,0.1571
4/4,1,1,0,—,-3,desce 3,42,331,0.1269
4/4,1,1,0,—,4,sobe 4,42,331,0.1269
4/4,1,1,0,—,3,sobe 3,12,331,0.0363
4/4,1,1,0,—,-2,desce 2,11,331,0.0332
4/4,1,1,0,—,1,sobe 1,9,331,0.0272
4/4,1,1,0,—,-1,desce 1,8,331,0.0242
4/4,1,1,0,—,-7,desce 7,5,331,0.0151
4/4,1,1,0,—,-4,desce 4,3,331,0.0091
4/4,1,1,0,—,7,sobe 7,2,331,0.006
4/4,2,3,ss,sobe por salto,-1,desce 1,371,1273,0.2914
4/4,2,3,ss,sobe por salto,0,repete,280,1273,0.22
4/4,2,3,ss,sobe por salto,2,sobe 2,210,1273,0.165
4/4,2,3,ss,sobe por salto,-2,desce 2,159,1273,0.1249
4/4,2,3,ss,sobe por salto,1,sobe 1,147,1273,0.1155
4/4,2,3,ss,sobe por salto,-3,desce 3,29,1273,0.0228
4/4,2,3,ss,sobe por salto,-4,desce 4,24,1273,0.0189
4/4,2,3,ss,sobe por salto,-5,desce 5,23,1273,0.0181
4/4,2,3,ss,sobe por salto,5,sobe 5,16,1273,0.0126
4/4,2,3,ss,sobe por salto,-6,desce 6,4,1273,0.0031
4/4,2,3,ss,sobe por salto,-7,desce 7,3,1273,0.0024
4/4,2,3,ss,sobe por salto,7,sobe 7,3,1273,0.0024
4/4,4,6,sg,sobe por grau,-1,desce 1,310,851,0.3643
4/4,4,6,sg,sobe por grau,1,sobe 1,190,851,0.2233
4/4,4,6,sg,sobe por grau,0,repete,134,851,0.1575
4/4,4,6,sg,sobe por grau,2,sobe 2,117,851,0.1375
4/4,4,6,sg,sobe por grau,-2,desce 2,54,851,0.0635
4/4,4,6,sg,sobe por grau,-3,desce 3,25,851,0.0294
4/4,4,6,sg,sobe por grau,-4,desce 4,11,851,0.0129
4/4,4,6,sg,sobe por grau,3,sobe 3,4,851,0.0047
4/4,4,6,sg,sobe por grau,7,sobe 7,2,851,0.0024
4/4,1,1,ss,sobe por salto,-1,desce 1,238,1137,0.2093
4/4,1,1,ss,sobe por salto,-3,desce 3,201,1137,0.1768
4/4,1,1,ss,sobe por salto,-2,desce 2,181,1137,0.1592
4/4,1,1,ss,sobe por salto,0,repete,155,1137,0.1363
4/4,1,1,ss,sobe por salto,2,sobe 2,102,1137,0.0897
4/4,1,1,ss,sobe por salto,1,sobe 1,93,1137,0.0818
4/4,1,1,ss,sobe por salto,-5,desce 5,49,1137,0.0431
4/4,1,1,ss,sobe por salto,-7,desce 7,40,1137,0.0352
4/4,1,1,ss,sobe por salto,-6,desce 6,19,1137,0.0167
4/4,1,1,ss,sobe por salto,-4,desce 4,18,1137,0.0158
4/4,1,1,ss,sobe por salto,3,sobe 3,14,1137,0.0123
4/4,1,1,ss,sobe por salto,4,sobe 4,12,1137,0.0106
4/4,1,1,ss,sobe por salto,5,sobe 5,7,1137,0.0062
4/4,1,1,ss,sobe por salto,-9,desce 9,3,1137,0.0026
4/4,1,1,ss,sobe por salto,7,sobe 7,3,1137,0.0026
4/4,1,1,ss,sobe por salto,-8,desce 8,2,1137,0.0018
4/4,3,3,sg,sobe por grau,1,sobe 1,572,1348,0.4243
4/4,3,3,sg,sobe por grau,-1,desce 1,288,1348,0.2136
4/4,3,3,sg,sobe por grau,-2,desce 2,274,1348,0.2033
4/4,3,3,sg,sobe por grau,2,sobe 2,89,1348,0.066
4/4,3,3,sg,sobe por grau,0,repete,62,1348,0.046
4/4,3,3,sg,sobe por grau,-5,desce 5,14,1348,0.0104
4/4,3,3,sg,sobe por grau,5,sobe 5,13,1348,0.0096
4/4,3,3,sg,sobe por grau,3,sobe 3,12,1348,0.0089
4/4,3,3,sg,sobe por grau,-3,desce 3,10,1348,0.0074
4/4,3,3,sg,sobe por grau,-4,desce 4,7,1348,0.0052
4/4,3,3,sg,sobe por grau,-7,desce 7,4,1348,0.003
4/4,1,6,sg,sobe por grau,-1,desce 1,264,682,0.3871
4/4,1,6,sg,sobe por grau,1,sobe 1,189,682,0.2771
4/4,1,6,sg,sobe por grau,2,sobe 2,95,682,0.1393
4/4,1,6,sg,sobe por grau,0,repete,52,682,0.0762
4/4,1,6,sg,sobe por grau,-2,desce 2,38,682,0.0557
4/4,1,6,sg,sobe por grau,-3,desce 3,15,682,0.022
4/4,1,6,sg,sobe por grau,-4,desce 4,10,682,0.0147
4/4,1,6,sg,sobe por grau,-5,desce 5,5,682,0.0073
4/4,1,6,sg,sobe por grau,4,sobe 4,3,682,0.0044
4/4,1,6,sg,sobe por grau,9,sobe 9,2,682,0.0029
4/4,1,6,sg,sobe por grau,5,sobe 5,2,682,0.0029
4/4,1,6,sg,sobe por grau,-8,desce 8,2,682,0.0029
4/4,1,6,sg,sobe por grau,3,sobe 3,2,682,0.0029
4/4,1,6,sg,sobe por grau,-6,desce 6,2,682,0.0029
4/4,2,5,dg,desce por grau,-1,desce 1,432,1243,0.3475
4/4,2,5,dg,desce por grau,0,repete,272,1243,0.2188
4/4,2,5,dg,desce por grau,-2,desce 2,205,1243,0.1649
4/4,2,5,dg,desce por grau,1,sobe 1,142,1243,0.1142
4/4,2,5,dg,desce por grau,3,sobe 3,89,1243,0.0716
4/4,2,5,dg,desce por grau,-3,desce 3,28,1243,0.0225
4/4,2,5,dg,desce por grau,-4,desce 4,23,1243,0.0185
4/4,2,5,dg,desce por grau,2,sobe 2,17,1243,0.0137
4/4,2,5,dg,desce por grau,5,sobe 5,11,1243,0.0088
4/4,2,5,dg,desce por grau,4,sobe 4,9,1243,0.0072
4/4,2,5,dg,desce por grau,-5,desce 5,8,1243,0.0064
4/4,2,5,dg,desce por grau,7,sobe 7,4,1243,0.0032
4/4,2,5,dg,desce por grau,6,sobe 6,3,1243,0.0024
4/4,3,5,dg,desce por grau,-1,desce 1,355,954,0.3721
4/4,3,5,dg,desce por grau,0,repete,201,954,0.2107
4/4,3,5,dg,desce por grau,-2,desce 2,165,954,0.173
4/4,3,5,dg,desce por grau,1,sobe 1,118,954,0.1237
4/4,3,5,dg,desce por grau,3,sobe 3,49,954,0.0514
4/4,3,5,dg,desce por grau,5,sobe 5,16,954,0.0168
4/4,3,5,dg,desce por grau,2,sobe 2,15,954,0.0157
4/4,3,5,dg,desce por grau,-3,desce 3,12,954,0.0126
4/4,3,5,dg,desce por grau,4,sobe 4,8,954,0.0084
4/4,3,5,dg,desce por grau,7,sobe 7,6,954,0.0063
4/4,3,5,dg,desce por grau,-4,desce 4,6,954,0.0063
4/4,3,5,dg,desce por grau,6,sobe 6,2,954,0.0021
4/4,2,4,sg,sobe por grau,1,sobe 1,386,1171,0.3296
4/4,2,4,sg,sobe por grau,-1,desce 1,328,1171,0.2801
4/4,2,4,sg,sobe por grau,0,repete,216,1171,0.1845
4/4,2,4,sg,sobe por grau,-2,desce 2,151,1171,0.1289
4/4,2,4,sg,sobe por grau,2,sobe 2,61,1171,0.0521
4/4,2,4,sg,sobe por grau,-3,desce 3,17,1171,0.0145
4/4,2,4,sg,sobe por grau,7,sobe 7,4,1171,0.0034
4/4,2,4,sg,sobe por grau,-4,desce 4,4,1171,0.0034
4/4,2,4,sg,sobe por grau,5,sobe 5,2,1171,0.0017
4/4,2,4,sg,sobe por grau,4,sobe 4,2,1171,0.0017
4/4,4,2,ds,desce por salto,0,repete,335,966,0.3468
4/4,4,2,ds,desce por salto,-2,desce 2,133,966,0.1377
4/4,4,2,ds,desce por salto,1,sobe 1,122,966,0.1263
4/4,4,2,ds,desce por salto,-1,desce 1,109,966,0.1128
4/4,4,2,ds,desce por salto,3,sobe 3,92,966,0.0952
4/4,4,2,ds,desce por salto,2,sobe 2,77,966,0.0797
4/4,4,2,ds,desce por salto,4,sobe 4,39,966,0.0404
4/4,4,2,ds,desce por salto,5,sobe 5,17,966,0.0176
4/4,4,2,ds,desce por salto,-3,desce 3,12,966,0.0124
4/4,4,2,ds,desce por salto,-4,desce 4,12,966,0.0124
4/4,4,2,ds,desce por salto,6,sobe 6,9,966,0.0093
4/4,4,2,ds,desce por salto,7,sobe 7,6,966,0.0062
4/4,2,6,sg,sobe por grau,-1,desce 1,464,1034,0.4487
4/4,2,6,sg,sobe por grau,2,sobe 2,158,1034,0.1528
4/4,2,6,sg,sobe por grau,1,sobe 1,147,1034,0.1422
4/4,2,6,sg,sobe por grau,0,repete,120,1034,0.1161
4/4,2,6,sg,sobe por grau,-2,desce 2,76,1034,0.0735
4/4,2,6,sg,sobe por grau,-4,desce 4,19,1034,0.0184
4/4,2,6,sg,sobe por grau,3,sobe 3,17,1034,0.0164
4/4,2,6,sg,sobe por grau,-3,desce 3,14,1034,0.0135
4/4,2,6,sg,sobe por grau,5,sobe 5,14,1034,0.0135
4/4,2,6,sg,sobe por grau,-7,desce 7,2,1034,0.0019
4/4,2,6,sg,sobe por grau,7,sobe 7,2,1034,0.0019
4/4,3,3,ds,desce por salto,-1,desce 1,380,1652,0.23
4/4,3,3,ds,desce por salto,1,sobe 1,357,1652,0.2161
4/4,3,3,ds,desce por salto,2,sobe 2,266,1652,0.161
4/4,3,3,ds,desce por salto,-2,desce 2,248,1652,0.1501
4/4,3,3,ds,desce por salto,0,repete,148,1652,0.0896
4/4,3,3,ds,desce por salto,3,sobe 3,99,1652,0.0599
4/4,3,3,ds,desce por salto,5,sobe 5,96,1652,0.0581
4/4,3,3,ds,desce por salto,4,sobe 4,18,1652,0.0109
4/4,3,3,ds,desce por salto,6,sobe 6,15,1652,0.0091
4/4,3,3,ds,desce por salto,-3,desce 3,10,1652,0.0061
4/4,3,3,ds,desce por salto,7,sobe 7,6,1652,0.0036
4/4,3,3,ds,desce por salto,-5,desce 5,5,1652,0.003
4/4,3,3,ds,desce por salto,-4,desce 4,3,1652,0.0018
4/4,4,2,dg,desce por grau,-1,desce 1,827,2338,0.3537
4/4,4,2,dg,desce por grau,0,repete,543,2338,0.2322
4/4,4,2,dg,desce por grau,1,sobe 1,434,2338,0.1856
4/4,4,2,dg,desce por grau,3,sobe 3,220,2338,0.0941
4/4,4,2,dg,desce por grau,2,sobe 2,104,2338,0.0445
4/4,4,2,dg,desce por grau,-4,desce 4,100,2338,0.0428
4/4,4,2,dg,desce por grau,-2,desce 2,51,2338,0.0218
4/4,4,2,dg,desce por grau,4,sobe 4,21,2338,0.009
4/4,4,2,dg,desce por grau,6,sobe 6,9,2338,0.0038
4/4,4,2,dg,desce por grau,7,sobe 7,9,2338,0.0038
4/4,4,2,dg,desce por grau,5,sobe 5,5,2338,0.0021
4/4,4,2,dg,desce por grau,8,sobe 8,5,2338,0.0021
4/4,4,2,dg,desce por grau,-3,desce 3,4,2338,0.0017
4/4,4,2,dg,desce por grau,-6,desce 6,2,2338,0.0009
4/4,2,3,sg,sobe por grau,0,repete,473,1668,0.2836
4/4,2,3,sg,sobe por grau,-1,desce 1,380,1668,0.2278
4/4,2,3,sg,sobe por grau,1,sobe 1,371,1668,0.2224
4/4,2,3,sg,sobe por grau,-2,desce 2,182,1668,0.1091
4/4,2,3,sg,sobe por grau,2,sobe 2,179,1668,0.1073
4/4,2,3,sg,sobe por grau,-3,desce 3,28,1668,0.0168
4/4,2,3,sg,sobe por grau,3,sobe 3,22,1668,0.0132
4/4,2,3,sg,sobe por grau,-5,desce 5,12,1668,0.0072
4/4,2,3,sg,sobe por grau,-4,desce 4,10,1668,0.006
4/4,2,3,sg,sobe por grau,5,sobe 5,6,1668,0.0036
4/4,2,3,sg,sobe por grau,4,sobe 4,2,1668,0.0012
4/4,4,1,r,repete,0,repete,386,1214,0.318
4/4,4,1,r,repete,1,sobe 1,187,1214,0.154
4/4,4,1,r,repete,2,sobe 2,174,1214,0.1433
4/4,4,1,r,repete,-1,desce 1,150,1214,0.1236
4/4,4,1,r,repete,-3,desce 3,100,1214,0.0824
4/4,4,1,r,repete,4,sobe 4,78,1214,0.0643
4/4,4,1,r,repete,-2,desce 2,35,1214,0.0288
4/4,4,1,r,repete,3,sobe 3,30,1214,0.0247
4/4,4,1,r,repete,7,sobe 7,22,1214,0.0181
4/4,4,1,r,repete,5,sobe 5,11,1214,0.0091
4/4,4,1,r,repete,-5,desce 5,10,1214,0.0082
4/4,4,1,r,repete,-7,desce 7,10,1214,0.0082
4/4,4,1,r,repete,6,sobe 6,9,1214,0.0074
4/4,4,1,r,repete,9,sobe 9,7,1214,0.0058
4/4,4,1,r,repete,-4,desce 4,4,1214,0.0033
4/4,1,5,ss,sobe por salto,0,repete,435,2053,0.2119
4/4,1,5,ss,sobe por salto,-1,desce 1,410,2053,0.1997
4/4,1,5,ss,sobe por salto,-2,desce 2,309,2053,0.1505
4/4,1,5,ss,sobe por salto,1,sobe 1,306,2053,0.1491
4/4,1,5,ss,sobe por salto,3,sobe 3,300,2053,0.1461
4/4,1,5,ss,sobe por salto,-3,desce 3,105,2053,0.0511
4/4,1,5,ss,sobe por salto,-4,desce 4,73,2053,0.0356
4/4,1,5,ss,sobe por salto,2,sobe 2,46,2053,0.0224
4/4,1,5,ss,sobe por salto,-7,desce 7,23,2053,0.0112
4/4,1,5,ss,sobe por salto,5,sobe 5,20,2053,0.0097
4/4,1,5,ss,sobe por salto,-6,desce 6,7,2053,0.0034
4/4,1,5,ss,sobe por salto,-5,desce 5,6,2053,0.0029
4/4,1,5,ss,sobe por salto,4,sobe 4,5,2053,0.0024
4/4,1,5,ss,sobe por salto,7,sobe 7,3,2053,0.0015
4/4,1,5,ss,sobe por salto,6,sobe 6,3,2053,0.0015
4/4,4,7,sg,sobe por grau,1,sobe 1,155,293,0.529
4/4,4,7,sg,sobe por grau,-2,desce 2,49,293,0.1672
4/4,4,7,sg,sobe por grau,-1,desce 1,45,293,0.1536
4/4,4,7,sg,sobe por grau,0,repete,22,293,0.0751
4/4,4,7,sg,sobe por grau,-4,desce 4,6,293,0.0205
4/4,4,7,sg,sobe por grau,-3,desce 3,4,293,0.0137
4/4,4,7,sg,sobe por grau,3,sobe 3,4,293,0.0137
4/4,4,7,sg,sobe por grau,5,sobe 5,3,293,0.0102
4/4,4,7,sg,sobe por grau,2,sobe 2,2,293,0.0068
4/4,4,7,sg,sobe por grau,-7,desce 7,2,293,0.0068
4/4,1,1,sg,sobe por grau,1,sobe 1,313,636,0.4921
4/4,1,1,sg,sobe por grau,2,sobe 2,80,636,0.1258
4/4,1,1,sg,sobe por grau,0,repete,53,636,0.0833
4/4,1,1,sg,sobe por grau,-3,desce 3,49,636,0.077
4/4,1,1,sg,sobe por grau,-1,desce 1,44,636,0.0692
4/4,1,1,sg,sobe por grau,-2,desce 2,38,636,0.0597
4/4,1,1,sg,sobe por grau,-5,desce 5,23,636,0.0362
4/4,1,1,sg,sobe por grau,3,sobe 3,13,636,0.0204
4/4,1,1,sg,sobe por grau,-7,desce 7,7,636,0.011
4/4,1,1,sg,sobe por grau,4,sobe 4,6,636,0.0094
4/4,1,1,sg,sobe por grau,-4,desce 4,4,636,0.0063
4/4,1,1,sg,sobe por grau,6,sobe 6,2,636,0.0031
4/4,1,1,sg,sobe por grau,-9,desce 9,2,636,0.0031
4/4,2,1,ds,desce por salto,2,sobe 2,296,1487,0.1991
4/4,2,1,ds,desce por salto,1,sobe 1,289,1487,0.1944
4/4,2,1,ds,desce por salto,0,repete,280,1487,0.1883
4/4,2,1,ds,desce por salto,4,sobe 4,275,1487,0.1849
4/4,2,1,ds,desce por salto,-1,desce 1,88,1487,0.0592
4/4,2,1,ds,desce por salto,-3,desce 3,77,1487,0.0518
4/4,2,1,ds,desce por salto,3,sobe 3,70,1487,0.0471
4/4,2,1,ds,desce por salto,7,sobe 7,41,1487,0.0276
4/4,2,1,ds,desce por salto,5,sobe 5,38,1487,0.0256
4/4,2,1,ds,desce por salto,-2,desce 2,30,1487,0.0202
4/4,2,1,ds,desce por salto,9,sobe 9,2,1487,0.0013
4/4,2,6,ds,desce por salto,-1,desce 1,199,473,0.4207
4/4,2,6,ds,desce por salto,0,repete,88,473,0.186
4/4,2,6,ds,desce por salto,2,sobe 2,50,473,0.1057
4/4,2,6,ds,desce por salto,1,sobe 1,48,473,0.1015
4/4,2,6,ds,desce por salto,-2,desce 2,35,473,0.074
4/4,2,6,ds,desce por salto,3,sobe 3,25,473,0.0529
4/4,2,6,ds,desce por salto,5,sobe 5,16,473,0.0338
4/4,2,6,ds,desce por salto,4,sobe 4,8,473,0.0169
4/4,2,6,ds,desce por salto,-3,desce 3,2,473,0.0042
4/4,3,1,ss,sobe por salto,0,repete,199,1104,0.1803
4/4,3,1,ss,sobe por salto,-2,desce 2,194,1104,0.1757
4/4,3,1,ss,sobe por salto,-3,desce 3,188,1104,0.1703
4/4,3,1,ss,sobe por salto,-1,desce 1,166,1104,0.1504
4/4,3,1,ss,sobe por salto,1,sobe 1,107,1104,0.0969
4/4,3,1,ss,sobe por salto,2,sobe 2,83,1104,0.0752
4/4,3,1,ss,sobe por salto,-5,desce 5,66,1104,0.0598
4/4,3,1,ss,sobe por salto,-6,desce 6,37,1104,0.0335
4/4,3,1,ss,sobe por salto,-4,desce 4,29,1104,0.0263
4/4,3,1,ss,sobe por salto,-7,desce 7,16,1104,0.0145
4/4,3,1,ss,sobe por salto,3,sobe 3,12,1104,0.0109
4/4,3,1,ss,sobe por salto,5,sobe 5,3,1104,0.0027
4/4,3,1,ss,sobe por salto,-9,desce 9,2,1104,0.0018
4/4,1,5,0,—,3,sobe 3,601,885,0.6791
4/4,1,5,0,—,0,repete,131,885,0.148
4/4,1,5,0,—,-2,desce 2,64,885,0.0723
4/4,1,5,0,—,5,sobe 5,30,885,0.0339
4/4,1,5,0,—,-4,desce 4,23,885,0.026
4/4,1,5,0,—,-1,desce 1,12,885,0.0136
4/4,1,5,0,—,1,sobe 1,9,885,0.0102
4/4,1,5,0,—,7,sobe 7,5,885,0.0056
4/4,1,5,0,—,2,sobe 2,4,885,0.0045
4/4,3,1,dg,desce por grau,-1,desce 1,527,1444,0.365
4/4,3,1,dg,desce por grau,1,sobe 1,288,1444,0.1994
4/4,3,1,dg,desce por grau,0,repete,239,1444,0.1655
4/4,3,1,dg,desce por grau,-2,desce 2,95,1444,0.0658
4/4,3,1,dg,desce por grau,2,sobe 2,79,1444,0.0547
4/4,3,1,dg,desce por grau,-3,desce 3,68,1444,0.0471
4/4,3,1,dg,desce por grau,4,sobe 4,62,1444,0.0429
4/4,3,1,dg,desce por grau,3,sobe 3,46,1444,0.0319
4/4,3,1,dg,desce por grau,7,sobe 7,24,1444,0.0166
4/4,3,1,dg,desce por grau,5,sobe 5,9,1444,0.0062
4/4,3,1,dg,desce por grau,9,sobe 9,3,1444,0.0021
4/4,3,1,dg,desce por grau,-7,desce 7,2,1444,0.0014
4/4,3,1,dg,desce por grau,6,sobe 6,2,1444,0.0014
4/4,4,4,sg,sobe por grau,1,sobe 1,539,1246,0.4326
4/4,4,4,sg,sobe por grau,-1,desce 1,242,1246,0.1942
4/4,4,4,sg,sobe por grau,0,repete,205,1246,0.1645
4/4,4,4,sg,sobe por grau,-2,desce 2,146,1246,0.1172
4/4,4,4,sg,sobe por grau,2,sobe 2,45,1246,0.0361
4/4,4,4,sg,sobe por grau,-3,desce 3,36,1246,0.0289
4/4,4,4,sg,sobe por grau,-4,desce 4,9,1246,0.0072
4/4,4,4,sg,sobe por grau,4,sobe 4,6,1246,0.0048
4/4,4,4,sg,sobe por grau,-5,desce 5,6,1246,0.0048
4/4,4,4,sg,sobe por grau,6,sobe 6,5,1246,0.004
4/4,4,4,sg,sobe por grau,-6,desce 6,5,1246,0.004
4/4,4,4,sg,sobe por grau,3,sobe 3,2,1246,0.0016
4/4,1,3,ds,desce por salto,1,sobe 1,350,1354,0.2585
4/4,1,3,ds,desce por salto,-1,desce 1,316,1354,0.2334
4/4,1,3,ds,desce por salto,2,sobe 2,238,1354,0.1758
4/4,1,3,ds,desce por salto,-2,desce 2,153,1354,0.113
4/4,1,3,ds,desce por salto,0,repete,111,1354,0.082
4/4,1,3,ds,desce por salto,3,sobe 3,74,1354,0.0547
4/4,1,3,ds,desce por salto,5,sobe 5,59,1354,0.0436
4/4,1,3,ds,desce por salto,7,sobe 7,22,1354,0.0162
4/4,1,3,ds,desce por salto,4,sobe 4,10,1354,0.0074
4/4,1,3,ds,desce por salto,-5,desce 5,8,1354,0.0059
4/4,1,3,ds,desce por salto,-3,desce 3,3,1354,0.0022
4/4,1,3,ds,desce por salto,-4,desce 4,3,1354,0.0022
4/4,1,3,ds,desce por salto,9,sobe 9,3,1354,0.0022
4/4,1,3,ds,desce por salto,6,sobe 6,2,1354,0.0015
4/4,3,3,dg,desce por grau,-1,desce 1,951,1656,0.5743
4/4,3,3,dg,desce por grau,1,sobe 1,277,1656,0.1673
4/4,3,3,dg,desce por grau,0,repete,150,1656,0.0906
4/4,3,3,dg,desce por grau,-2,desce 2,112,1656,0.0676
4/4,3,3,dg,desce por grau,2,sobe 2,92,1656,0.0556
4/4,3,3,dg,desce por grau,5,sobe 5,28,1656,0.0169
4/4,3,3,dg,desce por grau,3,sobe 3,19,1656,0.0115
4/4,3,3,dg,desce por grau,4,sobe 4,8,1656,0.0048
4/4,3,3,dg,desce por grau,-3,desce 3,5,1656,0.003
4/4,3,3,dg,desce por grau,-5,desce 5,5,1656,0.003
4/4,3,3,dg,desce por grau,7,sobe 7,3,1656,0.0018
4/4,3,3,dg,desce por grau,8,sobe 8,2,1656,0.0012
4/4,1,6,ss,sobe por salto,-1,desce 1,427,600,0.7117
4/4,1,6,ss,sobe por salto,0,repete,93,600,0.155
4/4,1,6,ss,sobe por salto,-5,desce 5,22,600,0.0367
4/4,1,6,ss,sobe por salto,-2,desce 2,17,600,0.0283
4/4,1,6,ss,sobe por salto,2,sobe 2,12,600,0.02
4/4,1,6,ss,sobe por salto,1,sobe 1,12,600,0.02
4/4,1,6,ss,sobe por salto,-3,desce 3,7,600,0.0117
4/4,1,6,ss,sobe por salto,-4,desce 4,4,600,0.0067
4/4,1,6,ss,sobe por salto,-9,desce 9,2,600,0.0033
4/4,1,6,ss,sobe por salto,4,sobe 4,2,600,0.0033
4/4,1,5,sg,sobe por grau,-2,desce 2,290,848,0.342
4/4,1,5,sg,sobe por grau,1,sobe 1,200,848,0.2358
4/4,1,5,sg,sobe por grau,-1,desce 1,128,848,0.1509
4/4,1,5,sg,sobe por grau,0,repete,78,848,0.092
4/4,1,5,sg,sobe por grau,-4,desce 4,38,848,0.0448
4/4,1,5,sg,sobe por grau,2,sobe 2,32,848,0.0377
4/4,1,5,sg,sobe por grau,3,sobe 3,30,848,0.0354
4/4,1,5,sg,sobe por grau,-3,desce 3,21,848,0.0248
4/4,1,5,sg,sobe por grau,-5,desce 5,11,848,0.013
4/4,1,5,sg,sobe por grau,4,sobe 4,6,848,0.0071
4/4,1,5,sg,sobe por grau,-7,desce 7,5,848,0.0059
4/4,1,5,sg,sobe por grau,5,sobe 5,4,848,0.0047
4/4,1,5,sg,sobe por grau,6,sobe 6,4,848,0.0047
4/4,2,7,sg,sobe por grau,1,sobe 1,155,260,0.5962
4/4,2,7,sg,sobe por grau,-1,desce 1,40,260,0.1538
4/4,2,7,sg,sobe por grau,0,repete,25,260,0.0962
4/4,2,7,sg,sobe por grau,-2,desce 2,24,260,0.0923
4/4,2,7,sg,sobe por grau,2,sobe 2,6,260,0.0231
4/4,2,7,sg,sobe por grau,3,sobe 3,5,260,0.0192
4/4,2,7,sg,sobe por grau,-3,desce 3,2,260,0.0077
4/4,3,5,ds,desce por salto,1,sobe 1,241,1217,0.198
4/4,3,5,ds,desce por salto,3,sobe 3,224,1217,0.1841
4/4,3,5,ds,desce por salto,0,repete,206,1217,0.1693
4/4,3,5,ds,desce por salto,-2,desce 2,193,1217,0.1586
4/4,3,5,ds,desce por salto,-1,desce 1,125,1217,0.1027
4/4,3,5,ds,desce por salto,5,sobe 5,81,1217,0.0666
4/4,3,5,ds,desce por salto,2,sobe 2,77,1217,0.0633
4/4,3,5,ds,desce por salto,4,sobe 4,26,1217,0.0214
4/4,3,5,ds,desce por salto,6,sobe 6,17,1217,0.014
4/4,3,5,ds,desce por salto,-3,desce 3,14,1217,0.0115
4/4,3,5,ds,desce por salto,7,sobe 7,12,1217,0.0099
4/4,3,2,sg,sobe por grau,1,sobe 1,1063,1539,0.6907
4/4,3,2,sg,sobe por grau,-1,desce 1,294,1539,0.191
4/4,3,2,sg,sobe por grau,-2,desce 2,62,1539,0.0403
4/4,3,2,sg,sobe por grau,-4,desce 4,40,1539,0.026
4/4,3,2,sg,sobe por grau,0,repete,27,1539,0.0175
4/4,3,2,sg,sobe por grau,2,sobe 2,21,1539,0.0136
4/4,3,2,sg,sobe por grau,3,sobe 3,16,1539,0.0104
4/4,3,2,sg,sobe por grau,-3,desce 3,10,1539,0.0065
4/4,3,2,sg,sobe por grau,6,sobe 6,2,1539,0.0013
4/4,4,1,dg,desce por grau,0,repete,434,1904,0.2279
4/4,4,1,dg,desce por grau,-1,desce 1,379,1904,0.1991
4/4,4,1,dg,desce por grau,1,sobe 1,327,1904,0.1717
4/4,4,1,dg,desce por grau,2,sobe 2,206,1904,0.1082
4/4,4,1,dg,desce por grau,-3,desce 3,163,1904,0.0856
4/4,4,1,dg,desce por grau,-2,desce 2,147,1904,0.0772
4/4,4,1,dg,desce por grau,4,sobe 4,146,1904,0.0767
4/4,4,1,dg,desce por grau,3,sobe 3,42,1904,0.0221
4/4,4,1,dg,desce por grau,7,sobe 7,24,1904,0.0126
4/4,4,1,dg,desce por grau,-5,desce 5,14,1904,0.0074
4/4,4,1,dg,desce por grau,5,sobe 5,7,1904,0.0037
4/4,4,1,dg,desce por grau,-7,desce 7,4,1904,0.0021
4/4,4,1,dg,desce por grau,-4,desce 4,3,1904,0.0016
4/4,4,1,dg,desce por grau,6,sobe 6,3,1904,0.0016
4/4,4,1,dg,desce por grau,9,sobe 9,2,1904,0.0011
4/4,4,1,dg,desce por grau,-6,desce 6,2,1904,0.0011
4/4,1,4,ss,sobe por salto,-1,desce 1,636,852,0.7465
4/4,1,4,ss,sobe por salto,1,sobe 1,86,852,0.1009
4/4,1,4,ss,sobe por salto,0,repete,56,852,0.0657
4/4,1,4,ss,sobe por salto,2,sobe 2,16,852,0.0188
4/4,1,4,ss,sobe por salto,-3,desce 3,14,852,0.0164
4/4,1,4,ss,sobe por salto,-2,desce 2,13,852,0.0153
4/4,1,4,ss,sobe por salto,-6,desce 6,11,852,0.0129
4/4,1,4,ss,sobe por salto,-5,desce 5,5,852,0.0059
4/4,1,4,ss,sobe por salto,-7,desce 7,4,852,0.0047
4/4,1,4,ss,sobe por salto,3,sobe 3,3,852,0.0035
4/4,1,4,ss,sobe por salto,4,sobe 4,3,852,0.0035
4/4,1,4,ss,sobe por salto,-8,desce 8,2,852,0.0023
4/4,1,4,ss,sobe por salto,6,sobe 6,2,852,0.0023
4/4,4,2,r,repete,0,repete,216,759,0.2846
4/4,4,2,r,repete,-1,desce 1,172,759,0.2266
4/4,4,2,r,repete,1,sobe 1,137,759,0.1805
4/4,4,2,r,repete,3,sobe 3,90,759,0.1186
4/4,4,2,r,repete,2,sobe 2,42,759,0.0553
4/4,4,2,r,repete,-4,desce 4,35,759,0.0461
4/4,4,2,r,repete,4,sobe 4,26,759,0.0343
4/4,4,2,r,repete,-2,desce 2,18,759,0.0237
4/4,4,2,r,repete,5,sobe 5,11,759,0.0145
4/4,4,2,r,repete,6,sobe 6,4,759,0.0053
4/4,4,2,r,repete,-3,desce 3,4,759,0.0053
4/4,4,2,r,repete,-6,desce 6,2,759,0.0026
4/4,1,6,dg,desce por grau,-1,desce 1,468,662,0.7069
4/4,1,6,dg,desce por grau,0,repete,124,662,0.1873
4/4,1,6,dg,desce por grau,1,sobe 1,27,662,0.0408
4/4,1,6,dg,desce por grau,2,sobe 2,11,662,0.0166
4/4,1,6,dg,desce por grau,3,sobe 3,10,662,0.0151
4/4,1,6,dg,desce por grau,-2,desce 2,8,662,0.0121
4/4,1,6,dg,desce por grau,-3,desce 3,5,662,0.0076
4/4,1,6,dg,desce por grau,4,sobe 4,3,662,0.0045
4/4,1,6,dg,desce por grau,6,sobe 6,2,662,0.003
4/4,1,6,dg,desce por grau,-4,desce 4,2,662,0.003
4/4,4,3,sg,sobe por grau,1,sobe 1,559,1572,0.3556
4/4,4,3,sg,sobe por grau,-1,desce 1,331,1572,0.2106
4/4,4,3,sg,sobe por grau,0,repete,240,1572,0.1527
4/4,4,3,sg,sobe por grau,-2,desce 2,223,1572,0.1419
4/4,4,3,sg,sobe por grau,2,sobe 2,108,1572,0.0687
4/4,4,3,sg,sobe por grau,-5,desce 5,35,1572,0.0223
4/4,4,3,sg,sobe por grau,-3,desce 3,33,1572,0.021
4/4,4,3,sg,sobe por grau,5,sobe 5,11,1572,0.007
4/4,4,3,sg,sobe por grau,3,sobe 3,10,1572,0.0064
4/4,4,3,sg,sobe por grau,4,sobe 4,6,1572,0.0038
4/4,4,3,sg,sobe por grau,-7,desce 7,4,1572,0.0025
4/4,4,3,sg,sobe por grau,-6,desce 6,4,1572,0.0025
4/4,4,3,sg,sobe por grau,-4,desce 4,4,1572,0.0025
4/4,4,3,sg,sobe por grau,-9,desce 9,3,1572,0.0019
4/4,4,2,sg,sobe por grau,1,sobe 1,454,1168,0.3887
4/4,4,2,sg,sobe por grau,0,repete,241,1168,0.2063
4/4,4,2,sg,sobe por grau,-1,desce 1,164,1168,0.1404
4/4,4,2,sg,sobe por grau,-2,desce 2,80,1168,0.0685
4/4,4,2,sg,sobe por grau,-4,desce 4,75,1168,0.0642
4/4,4,2,sg,sobe por grau,3,sobe 3,66,1168,0.0565
4/4,4,2,sg,sobe por grau,2,sobe 2,53,1168,0.0454
4/4,4,2,sg,sobe por grau,-3,desce 3,18,1168,0.0154
4/4,4,2,sg,sobe por grau,4,sobe 4,4,1168,0.0034
4/4,4,2,sg,sobe por grau,-7,desce 7,3,1168,0.0026
4/4,4,2,sg,sobe por grau,-5,desce 5,3,1168,0.0026
4/4,4,2,sg,sobe por grau,7,sobe 7,3,1168,0.0026
4/4,4,2,sg,sobe por grau,8,sobe 8,2,1168,0.0017
4/4,4,2,sg,sobe por grau,5,sobe 5,2,1168,0.0017
4/4,2,3,dg,desce por grau,-1,desce 1,719,1683,0.4272
4/4,2,3,dg,desce por grau,0,repete,334,1683,0.1985
4/4,2,3,dg,desce por grau,1,sobe 1,229,1683,0.1361
4/4,2,3,dg,desce por grau,-2,desce 2,186,1683,0.1105
4/4,2,3,dg,desce por grau,2,sobe 2,168,1683,0.0998
4/4,2,3,dg,desce por grau,3,sobe 3,22,1683,0.0131
4/4,2,3,dg,desce por grau,5,sobe 5,10,1683,0.0059
4/4,2,3,dg,desce por grau,7,sobe 7,5,1683,0.003
4/4,2,3,dg,desce por grau,-3,desce 3,4,1683,0.0024
4/4,2,3,dg,desce por grau,-5,desce 5,2,1683,0.0012
4/4,2,3,dg,desce por grau,-7,desce 7,2,1683,0.0012
4/4,1,2,dg,desce por grau,-1,desce 1,1374,2036,0.6749
4/4,1,2,dg,desce por grau,1,sobe 1,318,2036,0.1562
4/4,1,2,dg,desce por grau,0,repete,148,2036,0.0727
4/4,1,2,dg,desce por grau,3,sobe 3,106,2036,0.0521
4/4,1,2,dg,desce por grau,2,sobe 2,23,2036,0.0113
4/4,1,2,dg,desce por grau,-4,desce 4,15,2036,0.0074
4/4,1,2,dg,desce por grau,6,sobe 6,14,2036,0.0069
4/4,1,2,dg,desce por grau,-2,desce 2,9,2036,0.0044
4/4,1,2,dg,desce por grau,4,sobe 4,9,2036,0.0044
4/4,1,2,dg,desce por grau,-3,desce 3,6,2036,0.0029
4/4,1,2,dg,desce por grau,8,sobe 8,5,2036,0.0025
4/4,1,2,dg,desce por grau,5,sobe 5,3,2036,0.0015
4/4,1,2,dg,desce por grau,-8,desce 8,2,2036,0.001
4/4,1,2,dg,desce por grau,7,sobe 7,2,2036,0.001
4/4,2,2,dg,desce por grau,-1,desce 1,601,1705,0.3525
4/4,2,2,dg,desce por grau,1,sobe 1,442,1705,0.2592
4/4,2,2,dg,desce por grau,0,repete,402,1705,0.2358
4/4,2,2,dg,desce por grau,3,sobe 3,72,1705,0.0422
4/4,2,2,dg,desce por grau,2,sobe 2,67,1705,0.0393
4/4,2,2,dg,desce por grau,-2,desce 2,37,1705,0.0217
4/4,2,2,dg,desce por grau,-4,desce 4,31,1705,0.0182
4/4,2,2,dg,desce por grau,4,sobe 4,22,1705,0.0129
4/4,2,2,dg,desce por grau,7,sobe 7,9,1705,0.0053
4/4,2,2,dg,desce por grau,-3,desce 3,7,1705,0.0041
4/4,2,2,dg,desce por grau,6,sobe 6,5,1705,0.0029
4/4,2,2,dg,desce por grau,5,sobe 5,5,1705,0.0029
4/4,2,2,dg,desce por grau,-7,desce 7,2,1705,0.0012
4/4,4,3,ss,sobe por salto,-1,desce 1,244,761,0.3206
4/4,4,3,ss,sobe por salto,-2,desce 2,122,761,0.1603
4/4,4,3,ss,sobe por salto,2,sobe 2,121,761,0.159
4/4,4,3,ss,sobe por salto,0,repete,99,761,0.1301
4/4,4,3,ss,sobe por salto,1,sobe 1,82,761,0.1078
4/4,4,3,ss,sobe por salto,-3,desce 3,33,761,0.0434
4/4,4,3,ss,sobe por salto,-5,desce 5,28,761,0.0368
4/4,4,3,ss,sobe por salto,-4,desce 4,13,761,0.0171
4/4,4,3,ss,sobe por salto,3,sobe 3,12,761,0.0158
4/4,4,3,ss,sobe por salto,5,sobe 5,3,761,0.0039
4/4,4,3,ss,sobe por salto,-7,desce 7,2,761,0.0026
4/4,4,3,ss,sobe por salto,-6,desce 6,2,761,0.0026
4/4,4,1,ds,desce por salto,0,repete,606,1598,0.3792
4/4,4,1,ds,desce por salto,2,sobe 2,292,1598,0.1827
4/4,4,1,ds,desce por salto,4,sobe 4,204,1598,0.1277
4/4,4,1,ds,desce por salto,1,sobe 1,189,1598,0.1183
4/4,4,1,ds,desce por salto,-1,desce 1,101,1598,0.0632
4/4,4,1,ds,desce por salto,-3,desce 3,60,1598,0.0375
4/4,4,1,ds,desce por salto,3,sobe 3,37,1598,0.0232
4/4,4,1,ds,desce por salto,5,sobe 5,34,1598,0.0213
4/4,4,1,ds,desce por salto,-2,desce 2,30,1598,0.0188
4/4,4,1,ds,desce por salto,7,sobe 7,30,1598,0.0188
4/4,4,1,ds,desce por salto,9,sobe 9,7,1598,0.0044
4/4,4,1,ds,desce por salto,6,sobe 6,4,1598,0.0025
4/4,4,1,ds,desce por salto,-7,desce 7,3,1598,0.0019
4/4,1,3,dg,desce por grau,-1,desce 1,843,1659,0.5081
4/4,1,3,dg,desce por grau,0,repete,245,1659,0.1477
4/4,1,3,dg,desce por grau,1,sobe 1,236,1659,0.1423
4/4,1,3,dg,desce por grau,2,sobe 2,136,1659,0.082
4/4,1,3,dg,desce por grau,-2,desce 2,111,1659,0.0669
4/4,1,3,dg,desce por grau,3,sobe 3,46,1659,0.0277
4/4,1,3,dg,desce por grau,5,sobe 5,17,1659,0.0102
4/4,1,3,dg,desce por grau,-4,desce 4,6,1659,0.0036
4/4,1,3,dg,desce por grau,4,sobe 4,5,1659,0.003
4/4,1,3,dg,desce por grau,7,sobe 7,4,1659,0.0024
4/4,1,3,dg,desce por grau,-3,desce 3,4,1659,0.0024
4/4,1,3,dg,desce por grau,-5,desce 5,2,1659,0.0012
4/4,1,3,dg,desce por grau,-7,desce 7,2,1659,0.0012
4/4,4,2,ss,sobe por salto,0,repete,97,336,0.2887
4/4,4,2,ss,sobe por salto,-1,desce 1,45,336,0.1339
4/4,4,2,ss,sobe por salto,-4,desce 4,40,336,0.119
4/4,4,2,ss,sobe por salto,-2,desce 2,39,336,0.1161
4/4,4,2,ss,sobe por salto,2,sobe 2,32,336,0.0952
4/4,4,2,ss,sobe por salto,4,sobe 4,31,336,0.0923
4/4,4,2,ss,sobe por salto,1,sobe 1,19,336,0.0565
4/4,4,2,ss,sobe por salto,3,sobe 3,15,336,0.0446
4/4,4,2,ss,sobe por salto,-5,desce 5,9,336,0.0268
4/4,4,2,ss,sobe por salto,-3,desce 3,3,336,0.0089
4/4,4,2,ss,sobe por salto,6,sobe 6,2,336,0.006
4/4,4,2,ss,sobe por salto,-7,desce 7,2,336,0.006
4/4,4,2,ss,sobe por salto,-6,desce 6,2,336,0.006
4/4,4,5,ds,desce por salto,0,repete,355,1254,0.2831
4/4,4,5,ds,desce por salto,-2,desce 2,170,1254,0.1356
4/4,4,5,ds,desce por salto,-1,desce 1,168,1254,0.134
4/4,4,5,ds,desce por salto,1,sobe 1,166,1254,0.1324
4/4,4,5,ds,desce por salto,3,sobe 3,133,1254,0.1061
4/4,4,5,ds,desce por salto,5,sobe 5,76,1254,0.0606
4/4,4,5,ds,desce por salto,2,sobe 2,72,1254,0.0574
4/4,4,5,ds,desce por salto,4,sobe 4,57,1254,0.0455
4/4,4,5,ds,desce por salto,7,sobe 7,27,1254,0.0215
4/4,4,5,ds,desce por salto,6,sobe 6,11,1254,0.0088
4/4,4,5,ds,desce por salto,-4,desce 4,7,1254,0.0056
4/4,4,5,ds,desce por salto,-3,desce 3,6,1254,0.0048
4/4,4,5,ds,desce por salto,9,sobe 9,3,1254,0.0024
4/4,4,5,ds,desce por salto,8,sobe 8,2,1254,0.0016
4/4,2,5,ss,sobe por salto,0,repete,753,2002,0.3761
4/4,2,5,ss,sobe por salto,-1,desce 1,342,2002,0.1708
4/4,2,5,ss,sobe por salto,-2,desce 2,278,2002,0.1389
4/4,2,5,ss,sobe por salto,3,sobe 3,209,2002,0.1044
4/4,2,5,ss,sobe por salto,1,sobe 1,148,2002,0.0739
4/4,2,5,ss,sobe por salto,-4,desce 4,120,2002,0.0599
4/4,2,5,ss,sobe por salto,-3,desce 3,91,2002,0.0455
4/4,2,5,ss,sobe por salto,-7,desce 7,23,2002,0.0115
4/4,2,5,ss,sobe por salto,2,sobe 2,22,2002,0.011
4/4,2,5,ss,sobe por salto,-5,desce 5,7,2002,0.0035
4/4,2,5,ss,sobe por salto,5,sobe 5,6,2002,0.003
4/4,2,5,ss,sobe por salto,-6,desce 6,3,2002,0.0015
4/4,3,2,ss,sobe por salto,-1,desce 1,176,381,0.4619
4/4,3,2,ss,sobe por salto,0,repete,55,381,0.1444
4/4,3,2,ss,sobe por salto,2,sobe 2,36,381,0.0945
4/4,3,2,ss,sobe por salto,1,sobe 1,30,381,0.0787
4/4,3,2,ss,sobe por salto,-4,desce 4,24,381,0.063
4/4,3,2,ss,sobe por salto,3,sobe 3,22,381,0.0577
4/4,3,2,ss,sobe por salto,-2,desce 2,21,381,0.0551
4/4,3,2,ss,sobe por salto,4,sobe 4,5,381,0.0131
4/4,3,2,ss,sobe por salto,-3,desce 3,5,381,0.0131
4/4,3,2,ss,sobe por salto,-5,desce 5,3,381,0.0079
4/4,3,2,ss,sobe por salto,-6,desce 6,2,381,0.0052
4/4,2,5,ds,desce por salto,0,repete,230,1059,0.2172
4/4,2,5,ds,desce por salto,-1,desce 1,194,1059,0.1832
4/4,2,5,ds,desce por salto,3,sobe 3,160,1059,0.1511
4/4,2,5,ds,desce por salto,1,sobe 1,143,1059,0.135
4/4,2,5,ds,desce por salto,-2,desce 2,130,1059,0.1228
4/4,2,5,ds,desce por salto,2,sobe 2,91,1059,0.0859
4/4,2,5,ds,desce por salto,5,sobe 5,48,1059,0.0453
4/4,2,5,ds,desce por salto,4,sobe 4,33,1059,0.0312
4/4,2,5,ds,desce por salto,6,sobe 6,17,1059,0.0161
4/4,2,5,ds,desce por salto,7,sobe 7,7,1059,0.0066
4/4,2,5,ds,desce por salto,-4,desce 4,4,1059,0.0038
4/4,1,2,ds,desce por salto,1,sobe 1,338,914,0.3698
4/4,1,2,ds,desce por salto,-1,desce 1,280,914,0.3063
4/4,1,2,ds,desce por salto,3,sobe 3,120,914,0.1313
4/4,1,2,ds,desce por salto,0,repete,48,914,0.0525
4/4,1,2,ds,desce por salto,2,sobe 2,43,914,0.047
4/4,1,2,ds,desce por salto,-2,desce 2,21,914,0.023
4/4,1,2,ds,desce por salto,-4,desce 4,21,914,0.023
4/4,1,2,ds,desce por salto,6,sobe 6,17,914,0.0186
4/4,1,2,ds,desce por salto,4,sobe 4,10,914,0.0109
4/4,1,2,ds,desce por salto,5,sobe 5,6,914,0.0066
4/4,1,2,ds,desce por salto,-3,desce 3,5,914,0.0055
4/4,1,2,ds,desce por salto,7,sobe 7,3,914,0.0033
4/4,4,4,ds,desce por salto,0,repete,69,267,0.2584
4/4,4,4,ds,desce por salto,1,sobe 1,58,267,0.2172
4/4,4,4,ds,desce por salto,-2,desce 2,57,267,0.2135
4/4,4,4,ds,desce por salto,2,sobe 2,31,267,0.1161
4/4,4,4,ds,desce por salto,-1,desce 1,22,267,0.0824
4/4,4,4,ds,desce por salto,4,sobe 4,14,267,0.0524
4/4,4,4,ds,desce por salto,5,sobe 5,5,267,0.0187
4/4,4,4,ds,desce por salto,3,sobe 3,4,267,0.015
4/4,4,4,ds,desce por salto,-3,desce 3,3,267,0.0112
4/4,4,4,ds,desce por salto,7,sobe 7,2,267,0.0075
4/4,1,3,sg,sobe por grau,1,sobe 1,650,1468,0.4428
4/4,1,3,sg,sobe por grau,-2,desce 2,368,1468,0.2507
4/4,1,3,sg,sobe por grau,-1,desce 1,166,1468,0.1131
4/4,1,3,sg,sobe por grau,2,sobe 2,122,1468,0.0831
4/4,1,3,sg,sobe por grau,0,repete,76,1468,0.0518
4/4,1,3,sg,sobe por grau,-5,desce 5,31,1468,0.0211
4/4,1,3,sg,sobe por grau,-3,desce 3,18,1468,0.0123
4/4,1,3,sg,sobe por grau,-9,desce 9,10,1468,0.0068
4/4,1,3,sg,sobe por grau,-4,desce 4,10,1468,0.0068
4/4,1,3,sg,sobe por grau,3,sobe 3,6,1468,0.0041
4/4,1,3,sg,sobe por grau,5,sobe 5,6,1468,0.0041
4/4,1,3,sg,sobe por grau,-6,desce 6,2,1468,0.0014
4/4,4,3,dg,desce por grau,-1,desce 1,783,1827,0.4286
4/4,4,3,dg,desce por grau,2,sobe 2,301,1827,0.1648
4/4,4,3,dg,desce por grau,0,repete,256,1827,0.1401
4/4,4,3,dg,desce por grau,1,sobe 1,195,1827,0.1067
4/4,4,3,dg,desce por grau,-2,desce 2,186,1827,0.1018
4/4,4,3,dg,desce por grau,5,sobe 5,29,1827,0.0159
4/4,4,3,dg,desce por grau,3,sobe 3,24,1827,0.0131
4/4,4,3,dg,desce por grau,-5,desce 5,22,1827,0.012
4/4,4,3,dg,desce por grau,-3,desce 3,11,1827,0.006
4/4,4,3,dg,desce por grau,7,sobe 7,11,1827,0.006
4/4,4,3,dg,desce por grau,4,sobe 4,4,1827,0.0022
4/4,4,3,dg,desce por grau,6,sobe 6,3,1827,0.0016
4/4,4,3,dg,desce por grau,-7,desce 7,2,1827,0.0011
4/4,1,4,0,—,-1,desce 1,31,47,0.6596
4/4,1,4,0,—,0,repete,6,47,0.1277
4/4,1,4,0,—,1,sobe 1,3,47,0.0638
4/4,1,4,0,—,-2,desce 2,2,47,0.0426
4/4,1,4,0,—,4,sobe 4,2,47,0.0426
4/4,3,3,ss,sobe por salto,-1,desce 1,383,1140,0.336
4/4,3,3,ss,sobe por salto,2,sobe 2,253,1140,0.2219
4/4,3,3,ss,sobe por salto,0,repete,154,1140,0.1351
4/4,3,3,ss,sobe por salto,1,sobe 1,125,1140,0.1096
4/4,3,3,ss,sobe por salto,-2,desce 2,117,1140,0.1026
4/4,3,3,ss,sobe por salto,-5,desce 5,46,1140,0.0404
4/4,3,3,ss,sobe por salto,-3,desce 3,29,1140,0.0254
4/4,3,3,ss,sobe por salto,-4,desce 4,11,1140,0.0096
4/4,3,3,ss,sobe por salto,3,sobe 3,8,1140,0.007
4/4,3,3,ss,sobe por salto,-6,desce 6,5,1140,0.0044
4/4,3,3,ss,sobe por salto,5,sobe 5,4,1140,0.0035
4/4,3,3,ss,sobe por salto,-7,desce 7,2,1140,0.0018
4/4,3,3,ss,sobe por salto,-8,desce 8,2,1140,0.0018
4/4,4,7,ds,desce por salto,-2,desce 2,112,391,0.2864
4/4,4,7,ds,desce por salto,0,repete,67,391,0.1714
4/4,4,7,ds,desce por salto,1,sobe 1,64,391,0.1637
4/4,4,7,ds,desce por salto,2,sobe 2,50,391,0.1279
4/4,4,7,ds,desce por salto,4,sobe 4,37,391,0.0946
4/4,4,7,ds,desce por salto,-1,desce 1,29,391,0.0742
4/4,4,7,ds,desce por salto,3,sobe 3,18,391,0.046
4/4,4,7,ds,desce por salto,5,sobe 5,6,391,0.0153
4/4,4,7,ds,desce por salto,7,sobe 7,3,391,0.0077
4/4,3,5,r,repete,0,repete,621,1631,0.3807
4/4,3,5,r,repete,-1,desce 1,275,1631,0.1686
4/4,3,5,r,repete,1,sobe 1,273,1631,0.1674
4/4,3,5,r,repete,-2,desce 2,181,1631,0.111
4/4,3,5,r,repete,3,sobe 3,107,1631,0.0656
4/4,3,5,r,repete,-3,desce 3,49,1631,0.03
4/4,3,5,r,repete,2,sobe 2,36,1631,0.0221
4/4,3,5,r,repete,-4,desce 4,33,1631,0.0202
4/4,3,5,r,repete,5,sobe 5,24,1631,0.0147
4/4,3,5,r,repete,4,sobe 4,18,1631,0.011
4/4,3,5,r,repete,6,sobe 6,5,1631,0.0031
4/4,3,5,r,repete,-5,desce 5,3,1631,0.0018
4/4,3,5,r,repete,-7,desce 7,3,1631,0.0018
4/4,3,5,r,repete,7,sobe 7,2,1631,0.0012
4/4,1,7,ss,sobe por salto,1,sobe 1,243,500,0.486
4/4,1,7,ss,sobe por salto,2,sobe 2,68,500,0.136
4/4,1,7,ss,sobe por salto,-1,desce 1,46,500,0.092
4/4,1,7,ss,sobe por salto,3,sobe 3,42,500,0.084
4/4,1,7,ss,sobe por salto,-2,desce 2,34,500,0.068
4/4,1,7,ss,sobe por salto,0,repete,21,500,0.042
4/4,1,7,ss,sobe por salto,-3,desce 3,18,500,0.036
4/4,1,7,ss,sobe por salto,-4,desce 4,11,500,0.022
4/4,1,7,ss,sobe por salto,-6,desce 6,5,500,0.01
4/4,1,7,ss,sobe por salto,-5,desce 5,4,500,0.008
4/4,1,7,ss,sobe por salto,4,sobe 4,3,500,0.006
4/4,1,7,ss,sobe por salto,-7,desce 7,2,500,0.004
4/4,1,7,ss,sobe por salto,5,sobe 5,2,500,0.004
4/4,3,1,r,repete,0,repete,669,1504,0.4448
4/4,3,1,r,repete,1,sobe 1,297,1504,0.1975
4/4,3,1,r,repete,2,sobe 2,175,1504,0.1164
4/4,3,1,r,repete,-1,desce 1,161,1504,0.107
4/4,3,1,r,repete,-3,desce 3,55,1504,0.0366
4/4,3,1,r,repete,4,sobe 4,51,1504,0.0339
4/4,3,1,r,repete,3,sobe 3,38,1504,0.0253
4/4,3,1,r,repete,-2,desce 2,28,1504,0.0186
4/4,3,1,r,repete,5,sobe 5,11,1504,0.0073
4/4,3,1,r,repete,7,sobe 7,6,1504,0.004
4/4,3,1,r,repete,-5,desce 5,5,1504,0.0033
4/4,3,1,r,repete,-6,desce 6,4,1504,0.0027
4/4,3,1,r,repete,6,sobe 6,2,1504,0.0013
4/4,3,1,r,repete,-7,desce 7,2,1504,0.0013
4/4,2,6,r,repete,-1,desce 1,129,250,0.516
4/4,2,6,r,repete,0,repete,57,250,0.228
4/4,2,6,r,repete,2,sobe 2,28,250,0.112
4/4,2,6,r,repete,1,sobe 1,17,250,0.068
4/4,2,6,r,repete,3,sobe 3,5,250,0.02
4/4,2,6,r,repete,-2,desce 2,4,250,0.016
4/4,2,6,r,repete,5,sobe 5,3,250,0.012
4/4,2,6,r,repete,7,sobe 7,2,250,0.008
4/4,2,6,r,repete,-3,desce 3,2,250,0.008
4/4,2,6,r,repete,-4,desce 4,2,250,0.008
4/4,3,7,sg,sobe por grau,1,sobe 1,288,380,0.7579
4/4,3,7,sg,sobe por grau,-2,desce 2,42,380,0.1105
4/4,3,7,sg,sobe por grau,-1,desce 1,24,380,0.0632
4/4,3,7,sg,sobe por grau,0,repete,8,380,0.0211
4/4,3,7,sg,sobe por grau,2,sobe 2,7,380,0.0184
4/4,3,7,sg,sobe por grau,3,sobe 3,4,380,0.0105
4/4,3,7,sg,sobe por grau,5,sobe 5,3,380,0.0079
4/4,3,7,sg,sobe por grau,-3,desce 3,2,380,0.0053
4/4,4,6,ds,desce por salto,-1,desce 1,180,463,0.3888
4/4,4,6,ds,desce por salto,0,repete,78,463,0.1685
4/4,4,6,ds,desce por salto,2,sobe 2,56,463,0.121
4/4,4,6,ds,desce por salto,1,sobe 1,52,463,0.1123
4/4,4,6,ds,desce por salto,-2,desce 2,36,463,0.0778
4/4,4,6,ds,desce por salto,3,sobe 3,32,463,0.0691
4/4,4,6,ds,desce por salto,4,sobe 4,13,463,0.0281
4/4,4,6,ds,desce por salto,7,sobe 7,5,463,0.0108
4/4,4,6,ds,desce por salto,5,sobe 5,5,463,0.0108
4/4,4,6,ds,desce por salto,6,sobe 6,2,463,0.0043
4/4,2,5,sg,sobe por grau,0,repete,338,1120,0.3018
4/4,2,5,sg,sobe por grau,-1,desce 1,231,1120,0.2062
4/4,2,5,sg,sobe por grau,1,sobe 1,213,1120,0.1902
4/4,2,5,sg,sobe por grau,-2,desce 2,167,1120,0.1491
4/4,2,5,sg,sobe por grau,-4,desce 4,53,1120,0.0473
4/4,2,5,sg,sobe por grau,-3,desce 3,33,1120,0.0295
4/4,2,5,sg,sobe por grau,3,sobe 3,29,1120,0.0259
4/4,2,5,sg,sobe por grau,2,sobe 2,22,1120,0.0196
4/4,2,5,sg,sobe por grau,5,sobe 5,17,1120,0.0152
4/4,2,5,sg,sobe por grau,-7,desce 7,8,1120,0.0071
4/4,2,5,sg,sobe por grau,4,sobe 4,4,1120,0.0036
4/4,2,5,sg,sobe por grau,-5,desce 5,3,1120,0.0027
4/4,3,6,sg,sobe por grau,-1,desce 1,443,812,0.5456
4/4,3,6,sg,sobe por grau,1,sobe 1,178,812,0.2192
4/4,3,6,sg,sobe por grau,2,sobe 2,84,812,0.1034
4/4,3,6,sg,sobe por grau,-2,desce 2,37,812,0.0456
4/4,3,6,sg,sobe por grau,0,repete,35,812,0.0431
4/4,3,6,sg,sobe por grau,-3,desce 3,22,812,0.0271
4/4,3,6,sg,sobe por grau,-4,desce 4,6,812,0.0074
4/4,3,6,sg,sobe por grau,3,sobe 3,3,812,0.0037
4/4,3,6,sg,sobe por grau,-5,desce 5,2,812,0.0025
4/4,2,2,ss,sobe por salto,0,repete,186,468,0.3974
4/4,2,2,ss,sobe por salto,-1,desce 1,114,468,0.2436
4/4,2,2,ss,sobe por salto,1,sobe 1,39,468,0.0833
4/4,2,2,ss,sobe por salto,-4,desce 4,35,468,0.0748
4/4,2,2,ss,sobe por salto,2,sobe 2,32,468,0.0684
4/4,2,2,ss,sobe por salto,-2,desce 2,23,468,0.0491
4/4,2,2,ss,sobe por salto,3,sobe 3,17,468,0.0363
4/4,2,2,ss,sobe por salto,-6,desce 6,9,468,0.0192
4/4,2,2,ss,sobe por salto,-3,desce 3,6,468,0.0128
4/4,2,2,ss,sobe por salto,-7,desce 7,4,468,0.0085
4/4,2,2,ss,sobe por salto,-5,desce 5,3,468,0.0064
4/4,4,6,ss,sobe por salto,-1,desce 1,253,429,0.5897
4/4,4,6,ss,sobe por salto,0,repete,47,429,0.1096
4/4,4,6,ss,sobe por salto,-2,desce 2,36,429,0.0839
4/4,4,6,ss,sobe por salto,-4,desce 4,32,429,0.0746
4/4,4,6,ss,sobe por salto,2,sobe 2,28,429,0.0653
4/4,4,6,ss,sobe por salto,1,sobe 1,17,429,0.0396
4/4,4,6,ss,sobe por salto,3,sobe 3,7,429,0.0163
4/4,4,6,ss,sobe por salto,-3,desce 3,4,429,0.0093
4/4,4,6,ss,sobe por salto,-5,desce 5,3,429,0.007
4/4,1,7,0,—,3,sobe 3,35,55,0.6364
4/4,1,7,0,—,-2,desce 2,8,55,0.1455
4/4,1,7,0,—,1,sobe 1,5,55,0.0909
4/4,1,7,0,—,5,sobe 5,4,55,0.0727
4/4,1,7,dg,desce por grau,1,sobe 1,350,833,0.4202
4/4,1,7,dg,desce por grau,-1,desce 1,229,833,0.2749
4/4,1,7,dg,desce por grau,-2,desce 2,81,833,0.0972
4/4,1,7,dg,desce por grau,0,repete,69,833,0.0828
4/4,1,7,dg,desce por grau,3,sobe 3,45,833,0.054
4/4,1,7,dg,desce por grau,2,sobe 2,22,833,0.0264
4/4,1,7,dg,desce por grau,5,sobe 5,15,833,0.018
4/4,1,7,dg,desce por grau,4,sobe 4,9,833,0.0108
4/4,1,7,dg,desce por grau,-3,desce 3,3,833,0.0036
4/4,1,7,dg,desce por grau,7,sobe 7,3,833,0.0036
4/4,1,7,dg,desce por grau,-4,desce 4,3,833,0.0036
4/4,1,7,dg,desce por grau,6,sobe 6,2,833,0.0024
4/4,2,7,ss,sobe por salto,-1,desce 1,76,285,0.2667
4/4,2,7,ss,sobe por salto,1,sobe 1,58,285,0.2035
4/4,2,7,ss,sobe por salto,-2,desce 2,50,285,0.1754
4/4,2,7,ss,sobe por salto,0,repete,39,285,0.1368
4/4,2,7,ss,sobe por salto,2,sobe 2,25,285,0.0877
4/4,2,7,ss,sobe por salto,-3,desce 3,14,285,0.0491
4/4,2,7,ss,sobe por salto,-4,desce 4,8,285,0.0281
4/4,2,7,ss,sobe por salto,3,sobe 3,6,285,0.0211
4/4,2,7,ss,sobe por salto,-5,desce 5,4,285,0.014
4/4,2,7,ss,sobe por salto,-6,desce 6,3,285,0.0105
4/4,3,1,sg,sobe por grau,1,sobe 1,247,598,0.413
4/4,3,1,sg,sobe por grau,-3,desce 3,79,598,0.1321
4/4,3,1,sg,sobe por grau,-1,desce 1,76,598,0.1271
4/4,3,1,sg,sobe por grau,0,repete,70,598,0.1171
4/4,3,1,sg,sobe por grau,-2,desce 2,50,598,0.0836
4/4,3,1,sg,sobe por grau,2,sobe 2,33,598,0.0552
4/4,3,1,sg,sobe por grau,-7,desce 7,12,598,0.0201
4/4,3,1,sg,sobe por grau,4,sobe 4,9,598,0.0151
4/4,3,1,sg,sobe por grau,5,sobe 5,8,598,0.0134
4/4,3,1,sg,sobe por grau,-4,desce 4,4,598,0.0067
4/4,3,1,sg,sobe por grau,-5,desce 5,4,598,0.0067
4/4,3,1,sg,sobe por grau,3,sobe 3,3,598,0.005
4/4,3,1,sg,sobe por grau,7,sobe 7,2,598,0.0033
4/4,4,4,ss,sobe por salto,-1,desce 1,216,486,0.4444
4/4,4,4,ss,sobe por salto,-2,desce 2,81,486,0.1667
4/4,4,4,ss,sobe por salto,0,repete,72,486,0.1481
4/4,4,4,ss,sobe por salto,-4,desce 4,35,486,0.072
4/4,4,4,ss,sobe por salto,1,sobe 1,27,486,0.0556
4/4,4,4,ss,sobe por salto,2,sobe 2,22,486,0.0453
4/4,4,4,ss,sobe por salto,-3,desce 3,21,486,0.0432
4/4,4,4,ss,sobe por salto,-6,desce 6,6,486,0.0123
4/4,4,4,ss,sobe por salto,-5,desce 5,2,486,0.0041
4/4,4,4,ss,sobe por salto,4,sobe 4,2,486,0.0041
4/4,4,4,dg,desce por grau,-1,desce 1,693,1352,0.5126
4/4,4,4,dg,desce por grau,0,repete,215,1352,0.159
4/4,4,4,dg,desce por grau,-2,desce 2,174,1352,0.1287
4/4,4,4,dg,desce por grau,1,sobe 1,160,1352,0.1183
4/4,4,4,dg,desce por grau,2,sobe 2,42,1352,0.0311
4/4,4,4,dg,desce por grau,-3,desce 3,17,1352,0.0126
4/4,4,4,dg,desce por grau,-4,desce 4,16,1352,0.0118
4/4,4,4,dg,desce por grau,3,sobe 3,15,1352,0.0111
4/4,4,4,dg,desce por grau,4,sobe 4,7,1352,0.0052
4/4,4,4,dg,desce por grau,6,sobe 6,4,1352,0.003
4/4,4,4,dg,desce por grau,-5,desce 5,4,1352,0.003
4/4,4,4,dg,desce por grau,-6,desce 6,3,1352,0.0022
4/4,3,4,dg,desce por grau,-1,desce 1,1121,1653,0.6782
4/4,3,4,dg,desce por grau,1,sobe 1,222,1653,0.1343
4/4,3,4,dg,desce por grau,0,repete,134,1653,0.0811
4/4,3,4,dg,desce por grau,-2,desce 2,113,1653,0.0684
4/4,3,4,dg,desce por grau,2,sobe 2,13,1653,0.0079
4/4,3,4,dg,desce por grau,-5,desce 5,12,1653,0.0073
4/4,3,4,dg,desce por grau,3,sobe 3,11,1653,0.0067
4/4,3,4,dg,desce por grau,-3,desce 3,8,1653,0.0048
4/4,3,4,dg,desce por grau,4,sobe 4,7,1653,0.0042
4/4,3,4,dg,desce por grau,6,sobe 6,4,1653,0.0024
4/4,3,4,dg,desce por grau,-4,desce 4,3,1653,0.0018
4/4,3,4,dg,desce por grau,-6,desce 6,2,1653,0.0012
4/4,3,4,dg,desce por grau,5,sobe 5,2,1653,0.0012
4/4,1,4,sg,sobe por grau,1,sobe 1,1293,1638,0.7894
4/4,1,4,sg,sobe por grau,-1,desce 1,177,1638,0.1081
4/4,1,4,sg,sobe por grau,-2,desce 2,78,1638,0.0476
4/4,1,4,sg,sobe por grau,2,sobe 2,34,1638,0.0208
4/4,1,4,sg,sobe por grau,0,repete,26,1638,0.0159
4/4,1,4,sg,sobe por grau,-3,desce 3,9,1638,0.0055
4/4,1,4,sg,sobe por grau,-6,desce 6,8,1638,0.0049
4/4,1,4,sg,sobe por grau,-4,desce 4,5,1638,0.0031
4/4,1,4,sg,sobe por grau,4,sobe 4,4,1638,0.0024
4/4,2,7,ds,desce por salto,-2,desce 2,75,244,0.3074
4/4,2,7,ds,desce por salto,1,sobe 1,54,244,0.2213
4/4,2,7,ds,desce por salto,0,repete,31,244,0.127
4/4,2,7,ds,desce por salto,4,sobe 4,26,244,0.1066
4/4,2,7,ds,desce por salto,-1,desce 1,21,244,0.0861
4/4,2,7,ds,desce por salto,2,sobe 2,19,244,0.0779
4/4,2,7,ds,desce por salto,3,sobe 3,11,244,0.0451
4/4,2,7,ds,desce por salto,5,sobe 5,4,244,0.0164
4/4,2,7,ds,desce por salto,-3,desce 3,3,244,0.0123
4/4,3,5,sg,sobe por grau,1,sobe 1,205,845,0.2426
4/4,3,5,sg,sobe por grau,-1,desce 1,195,845,0.2308
4/4,3,5,sg,sobe por grau,-2,desce 2,192,845,0.2272
4/4,3,5,sg,sobe por grau,0,repete,95,845,0.1124
4/4,3,5,sg,sobe por grau,-3,desce 3,39,845,0.0462
4/4,3,5,sg,sobe por grau,2,sobe 2,31,845,0.0367
4/4,3,5,sg,sobe por grau,-4,desce 4,30,845,0.0355
4/4,3,5,sg,sobe por grau,3,sobe 3,20,845,0.0237
4/4,3,5,sg,sobe por grau,-5,desce 5,14,845,0.0166
4/4,3,5,sg,sobe por grau,-7,desce 7,12,845,0.0142
4/4,3,5,sg,sobe por grau,5,sobe 5,6,845,0.0071
4/4,3,5,sg,sobe por grau,-9,desce 9,3,845,0.0036
4/4,3,5,sg,sobe por grau,-6,desce 6,3,845,0.0036
4/4,3,3,r,repete,0,repete,495,1295,0.3822
4/4,3,3,r,repete,-1,desce 1,362,1295,0.2795
4/4,3,3,r,repete,1,sobe 1,188,1295,0.1452
4/4,3,3,r,repete,2,sobe 2,157,1295,0.1212
4/4,3,3,r,repete,-2,desce 2,41,1295,0.0317
4/4,3,3,r,repete,3,sobe 3,26,1295,0.0201
4/4,3,3,r,repete,-4,desce 4,7,1295,0.0054
4/4,3,3,r,repete,5,sobe 5,6,1295,0.0046
4/4,3,3,r,repete,7,sobe 7,4,1295,0.0031
4/4,3,3,r,repete,-3,desce 3,4,1295,0.0031
4/4,3,3,r,repete,4,sobe 4,3,1295,0.0023
4/4,2,4,r,repete,-1,desce 1,126,279,0.4516
4/4,2,4,r,repete,0,repete,65,279,0.233
4/4,2,4,r,repete,1,sobe 1,43,279,0.1541
4/4,2,4,r,repete,-2,desce 2,17,279,0.0609
4/4,2,4,r,repete,2,sobe 2,14,279,0.0502
4/4,2,4,r,repete,7,sobe 7,4,279,0.0143
4/4,2,4,r,repete,4,sobe 4,3,279,0.0108
4/4,2,4,r,repete,-3,desce 3,3,279,0.0108
4/4,2,4,r,repete,3,sobe 3,2,279,0.0072
4/4,2,4,r,repete,-6,desce 6,2,279,0.0072
4/4,4,5,sg,sobe por grau,0,repete,337,1185,0.2844
4/4,4,5,sg,sobe por grau,-1,desce 1,222,1185,0.1873
4/4,4,5,sg,sobe por grau,1,sobe 1,216,1185,0.1823
4/4,4,5,sg,sobe por grau,-2,desce 2,143,1185,0.1207
4/4,4,5,sg,sobe por grau,3,sobe 3,62,1185,0.0523
4/4,4,5,sg,sobe por grau,2,sobe 2,57,1185,0.0481
4/4,4,5,sg,sobe por grau,-4,desce 4,43,1185,0.0363
4/4,4,5,sg,sobe por grau,-3,desce 3,37,1185,0.0312
4/4,4,5,sg,sobe por grau,-7,desce 7,19,1185,0.016
4/4,4,5,sg,sobe por grau,5,sobe 5,16,1185,0.0135
4/4,4,5,sg,sobe por grau,-5,desce 5,15,1185,0.0127
4/4,4,5,sg,sobe por grau,4,sobe 4,12,1185,0.0101
4/4,4,5,sg,sobe por grau,6,sobe 6,4,1185,0.0034
4/4,2,3,r,repete,-1,desce 1,272,691,0.3936
4/4,2,3,r,repete,0,repete,229,691,0.3314
4/4,2,3,r,repete,2,sobe 2,78,691,0.1129
4/4,2,3,r,repete,1,sobe 1,62,691,0.0897
4/4,2,3,r,repete,-2,desce 2,35,691,0.0507
4/4,2,3,r,repete,3,sobe 3,5,691,0.0072
4/4,2,3,r,repete,-3,desce 3,4,691,0.0058
4/4,2,3,r,repete,-5,desce 5,2,691,0.0029
4/4,2,1,r,repete,0,repete,268,866,0.3095
4/4,2,1,r,repete,2,sobe 2,184,866,0.2125
4/4,2,1,r,repete,-1,desce 1,114,866,0.1316
4/4,2,1,r,repete,1,sobe 1,95,866,0.1097
4/4,2,1,r,repete,4,sobe 4,62,866,0.0716
4/4,2,1,r,repete,-3,desce 3,48,866,0.0554
4/4,2,1,r,repete,-2,desce 2,31,866,0.0358
4/4,2,1,r,repete,7,sobe 7,19,866,0.0219
4/4,2,1,r,repete,3,sobe 3,12,866,0.0139
4/4,2,1,r,repete,5,sobe 5,11,866,0.0127
4/4,2,1,r,repete,-5,desce 5,10,866,0.0115
4/4,2,1,r,repete,-7,desce 7,4,866,0.0046
4/4,2,1,r,repete,6,sobe 6,4,866,0.0046
4/4,2,1,r,repete,9,sobe 9,3,866,0.0035
4/4,2,2,r,repete,0,repete,128,350,0.3657
4/4,2,2,r,repete,-1,desce 1,100,350,0.2857
4/4,2,2,r,repete,1,sobe 1,61,350,0.1743
4/4,2,2,r,repete,3,sobe 3,17,350,0.0486
4/4,2,2,r,repete,2,sobe 2,16,350,0.0457
4/4,2,2,r,repete,4,sobe 4,14,350,0.04
4/4,2,2,r,repete,-2,desce 2,9,350,0.0257
4/4,2,2,r,repete,-3,desce 3,3,350,0.0086
4/4,2,5,r,repete,0,repete,341,1063,0.3208
4/4,2,5,r,repete,-1,desce 1,308,1063,0.2897
4/4,2,5,r,repete,-2,desce 2,117,1063,0.1101
4/4,2,5,r,repete,1,sobe 1,89,1063,0.0837
4/4,2,5,r,repete,3,sobe 3,84,1063,0.079
4/4,2,5,r,repete,2,sobe 2,31,1063,0.0292
4/4,2,5,r,repete,5,sobe 5,28,1063,0.0263
4/4,2,5,r,repete,-3,desce 3,18,1063,0.0169
4/4,2,5,r,repete,6,sobe 6,13,1063,0.0122
4/4,2,5,r,repete,-4,desce 4,13,1063,0.0122
4/4,2,5,r,repete,4,sobe 4,7,1063,0.0066
4/4,2,5,r,repete,7,sobe 7,6,1063,0.0056
4/4,2,5,r,repete,-7,desce 7,4,1063,0.0038
4/4,2,5,r,repete,-5,desce 5,4,1063,0.0038
4/4,2,7,dg,desce por grau,1,sobe 1,349,965,0.3617
4/4,2,7,dg,desce por grau,-1,desce 1,279,965,0.2891
4/4,2,7,dg,desce por grau,-2,desce 2,148,965,0.1534
4/4,2,7,dg,desce por grau,2,sobe 2,69,965,0.0715
4/4,2,7,dg,desce por grau,0,repete,68,965,0.0705
4/4,2,7,dg,desce por grau,3,sobe 3,29,965,0.0301
4/4,2,7,dg,desce por grau,5,sobe 5,6,965,0.0062
4/4,2,7,dg,desce por grau,-3,desce 3,5,965,0.0052
4/4,2,7,dg,desce por grau,-5,desce 5,5,965,0.0052
4/4,2,7,dg,desce por grau,-4,desce 4,4,965,0.0041
4/4,2,7,dg,desce por grau,4,sobe 4,2,965,0.0021
4/4,4,6,dg,desce por grau,-1,desce 1,291,456,0.6382
4/4,4,6,dg,desce por grau,0,repete,53,456,0.1162
4/4,4,6,dg,desce por grau,1,sobe 1,45,456,0.0987
4/4,4,6,dg,desce por grau,2,sobe 2,20,456,0.0439
4/4,4,6,dg,desce por grau,3,sobe 3,15,456,0.0329
4/4,4,6,dg,desce por grau,-2,desce 2,10,456,0.0219
4/4,4,6,dg,desce por grau,4,sobe 4,7,456,0.0154
4/4,4,6,dg,desce por grau,-4,desce 4,4,456,0.0088
4/4,4,6,dg,desce por grau,-3,desce 3,4,456,0.0088
4/4,4,6,dg,desce por grau,5,sobe 5,3,456,0.0066
4/4,4,6,dg,desce por grau,-5,desce 5,2,456,0.0044
4/4,1,5,dg,desce por grau,-1,desce 1,300,1168,0.2568
4/4,1,5,dg,desce por grau,0,repete,287,1168,0.2457
4/4,1,5,dg,desce por grau,3,sobe 3,176,1168,0.1507
4/4,1,5,dg,desce por grau,1,sobe 1,138,1168,0.1182
4/4,1,5,dg,desce por grau,-2,desce 2,133,1168,0.1139
4/4,1,5,dg,desce por grau,5,sobe 5,35,1168,0.03
4/4,1,5,dg,desce por grau,4,sobe 4,24,1168,0.0205
4/4,1,5,dg,desce por grau,2,sobe 2,20,1168,0.0171
4/4,1,5,dg,desce por grau,7,sobe 7,17,1168,0.0146
4/4,1,5,dg,desce por grau,-3,desce 3,13,1168,0.0111
4/4,1,5,dg,desce por grau,-4,desce 4,10,1168,0.0086
4/4,1,5,dg,desce por grau,9,sobe 9,7,1168,0.006
4/4,1,5,dg,desce por grau,6,sobe 6,6,1168,0.0051
4/4,1,5,dg,desce por grau,-5,desce 5,2,1168,0.0017
4/4,2,1,sg,sobe por grau,1,sobe 1,263,880,0.2989
4/4,2,1,sg,sobe por grau,0,repete,182,880,0.2068
4/4,2,1,sg,sobe por grau,-1,desce 1,110,880,0.125
4/4,2,1,sg,sobe por grau,2,sobe 2,110,880,0.125
4/4,2,1,sg,sobe por grau,-3,desce 3,109,880,0.1239
4/4,2,1,sg,sobe por grau,-2,desce 2,37,880,0.042
4/4,2,1,sg,sobe por grau,-7,desce 7,18,880,0.0205
4/4,2,1,sg,sobe por grau,-5,desce 5,18,880,0.0205
4/4,2,1,sg,sobe por grau,4,sobe 4,12,880,0.0136
4/4,2,1,sg,sobe por grau,-4,desce 4,10,880,0.0114
4/4,2,1,sg,sobe por grau,3,sobe 3,4,880,0.0045
4/4,2,1,sg,sobe por grau,7,sobe 7,4,880,0.0045
4/4,2,1,sg,sobe por grau,5,sobe 5,2,880,0.0023
4/4,1,7,sg,sobe por grau,1,sobe 1,578,669,0.864
4/4,1,7,sg,sobe por grau,-2,desce 2,26,669,0.0389
4/4,1,7,sg,sobe por grau,-1,desce 1,21,669,0.0314
4/4,1,7,sg,sobe por grau,3,sobe 3,12,669,0.0179
4/4,1,7,sg,sobe por grau,0,repete,10,669,0.0149
4/4,1,7,sg,sobe por grau,2,sobe 2,10,669,0.0149
4/4,1,7,sg,sobe por grau,-3,desce 3,4,669,0.006
4/4,1,7,sg,sobe por grau,-5,desce 5,3,669,0.0045
4/4,1,7,sg,sobe por grau,-6,desce 6,2,669,0.003
4/4,1,4,dg,desce por grau,-1,desce 1,1463,1997,0.7326
4/4,1,4,dg,desce por grau,1,sobe 1,268,1997,0.1342
4/4,1,4,dg,desce por grau,0,repete,170,1997,0.0851
4/4,1,4,dg,desce por grau,-2,desce 2,40,1997,0.02
4/4,1,4,dg,desce por grau,2,sobe 2,16,1997,0.008
4/4,1,4,dg,desce por grau,3,sobe 3,14,1997,0.007
4/4,1,4,dg,desce por grau,-3,desce 3,9,1997,0.0045
4/4,1,4,dg,desce por grau,4,sobe 4,8,1997,0.004
4/4,1,4,dg,desce por grau,6,sobe 6,3,1997,0.0015
4/4,1,4,dg,desce por grau,-4,desce 4,2,1997,0.001
4/4,1,4,dg,desce por grau,-5,desce 5,2,1997,0.001
4/4,3,2,dg,desce por grau,-1,desce 1,1299,1981,0.6557
4/4,3,2,dg,desce por grau,1,sobe 1,344,1981,0.1736
4/4,3,2,dg,desce por grau,0,repete,173,1981,0.0873
4/4,3,2,dg,desce por grau,3,sobe 3,59,1981,0.0298
4/4,3,2,dg,desce por grau,2,sobe 2,51,1981,0.0257
4/4,3,2,dg,desce por grau,-4,desce 4,22,1981,0.0111
4/4,3,2,dg,desce por grau,-2,desce 2,13,1981,0.0066
4/4,3,2,dg,desce por grau,6,sobe 6,7,1981,0.0035
4/4,3,2,dg,desce por grau,-3,desce 3,6,1981,0.003
4/4,3,2,dg,desce por grau,-7,desce 7,3,1981,0.0015
4/4,3,2,dg,desce por grau,4,sobe 4,2,1981,0.001
4/4,4,5,r,repete,0,repete,344,1286,0.2675
4/4,4,5,r,repete,-1,desce 1,281,1286,0.2185
4/4,4,5,r,repete,1,sobe 1,252,1286,0.196
4/4,4,5,r,repete,3,sobe 3,145,1286,0.1128
4/4,4,5,r,repete,-2,desce 2,110,1286,0.0855
4/4,4,5,r,repete,2,sobe 2,32,1286,0.0249
4/4,4,5,r,repete,5,sobe 5,29,1286,0.0226
4/4,4,5,r,repete,-4,desce 4,22,1286,0.0171
4/4,4,5,r,repete,-3,desce 3,21,1286,0.0163
4/4,4,5,r,repete,4,sobe 4,14,1286,0.0109
4/4,4,5,r,repete,6,sobe 6,13,1286,0.0101
4/4,4,5,r,repete,-7,desce 7,12,1286,0.0093
4/4,4,5,r,repete,7,sobe 7,5,1286,0.0039
4/4,4,5,r,repete,-5,desce 5,5,1286,0.0039
4/4,3,2,r,repete,0,repete,357,900,0.3967
4/4,3,2,r,repete,-1,desce 1,247,900,0.2744
4/4,3,2,r,repete,1,sobe 1,132,900,0.1467
4/4,3,2,r,repete,3,sobe 3,76,900,0.0844
4/4,3,2,r,repete,-2,desce 2,29,900,0.0322
4/4,3,2,r,repete,2,sobe 2,20,900,0.0222
4/4,3,2,r,repete,-4,desce 4,15,900,0.0167
4/4,3,2,r,repete,4,sobe 4,8,900,0.0089
4/4,3,2,r,repete,-3,desce 3,6,900,0.0067
4/4,3,2,r,repete,6,sobe 6,4,900,0.0044
4/4,3,2,r,repete,5,sobe 5,4,900,0.0044
4/4,3,2,r,repete,-5,desce 5,2,900,0.0022
4/4,4,3,r,repete,0,repete,245,860,0.2849
4/4,4,3,r,repete,-1,desce 1,227,860,0.264
4/4,4,3,r,repete,2,sobe 2,168,860,0.1953
4/4,4,3,r,repete,1,sobe 1,81,860,0.0942
4/4,4,3,r,repete,-2,desce 2,80,860,0.093
4/4,4,3,r,repete,3,sobe 3,15,860,0.0174
4/4,4,3,r,repete,5,sobe 5,11,860,0.0128
4/4,4,3,r,repete,-3,desce 3,10,860,0.0116
4/4,4,3,r,repete,-5,desce 5,9,860,0.0105
4/4,4,3,r,repete,7,sobe 7,7,860,0.0081
4/4,4,3,r,repete,4,sobe 4,4,860,0.0047
4/4,4,3,r,repete,9,sobe 9,2,860,0.0023
4/4,1,3,0,—,-2,desce 2,48,133,0.3609
4/4,1,3,0,—,0,repete,30,133,0.2256
4/4,1,3,0,—,2,sobe 2,29,133,0.218
4/4,1,3,0,—,-1,desce 1,10,133,0.0752
4/4,1,3,0,—,1,sobe 1,7,133,0.0526
4/4,1,3,0,—,-3,desce 3,5,133,0.0376
4/4,1,3,0,—,3,sobe 3,2,133,0.015
4/4,1,2,sg,sobe por grau,1,sobe 1,1366,1700,0.8035
4/4,1,2,sg,sobe por grau,-1,desce 1,152,1700,0.0894
4/4,1,2,sg,sobe por grau,0,repete,46,1700,0.0271
4/4,1,2,sg,sobe por grau,-2,desce 2,37,1700,0.0218
4/4,1,2,sg,sobe por grau,2,sobe 2,27,1700,0.0159
4/4,1,2,sg,sobe por grau,3,sobe 3,24,1700,0.0141
4/4,1,2,sg,sobe por grau,-4,desce 4,24,1700,0.0141
4/4,1,2,sg,sobe por grau,-3,desce 3,14,1700,0.0082
4/4,1,2,sg,sobe por grau,4,sobe 4,5,1700,0.0029
4/4,1,2,sg,sobe por grau,-7,desce 7,2,1700,0.0012
4/4,1,2,sg,sobe por grau,6,sobe 6,2,1700,0.0012
4/4,4,7,r,repete,-1,desce 1,36,121,0.2975
4/4,4,7,r,repete,0,repete,24,121,0.1983
4/4,4,7,r,repete,1,sobe 1,23,121,0.1901
4/4,4,7,r,repete,-2,desce 2,15,121,0.124
4/4,4,7,r,repete,2,sobe 2,8,121,0.0661
4/4,4,7,r,repete,3,sobe 3,6,121,0.0496
4/4,4,7,r,repete,5,sobe 5,6,121,0.0496
4/4,4,7,r,repete,-7,desce 7,2,121,0.0165
4/4,1,3,r,repete,-1,desce 1,272,832,0.3269
4/4,1,3,r,repete,0,repete,195,832,0.2344
4/4,1,3,r,repete,1,sobe 1,123,832,0.1478
4/4,1,3,r,repete,2,sobe 2,122,832,0.1466
4/4,1,3,r,repete,-2,desce 2,41,832,0.0493
4/4,1,3,r,repete,3,sobe 3,32,832,0.0385
4/4,1,3,r,repete,5,sobe 5,15,832,0.018
4/4,1,3,r,repete,-5,desce 5,7,832,0.0084
4/4,1,3,r,repete,7,sobe 7,7,832,0.0084
4/4,1,3,r,repete,4,sobe 4,6,832,0.0072
4/4,1,3,r,repete,-4,desce 4,6,832,0.0072
4/4,1,3,r,repete,-3,desce 3,3,832,0.0036
4/4,1,2,r,repete,1,sobe 1,368,1007,0.3654
4/4,1,2,r,repete,-1,desce 1,291,1007,0.289
4/4,1,2,r,repete,0,repete,109,1007,0.1082
4/4,1,2,r,repete,3,sobe 3,100,1007,0.0993
4/4,1,2,r,repete,-4,desce 4,44,1007,0.0437
4/4,1,2,r,repete,2,sobe 2,33,1007,0.0328
4/4,1,2,r,repete,6,sobe 6,15,1007,0.0149
4/4,1,2,r,repete,8,sobe 8,9,1007,0.0089
4/4,1,2,r,repete,-2,desce 2,8,1007,0.0079
4/4,1,2,r,repete,4,sobe 4,6,1007,0.006
4/4,1,2,r,repete,-3,desce 3,6,1007,0.006
4/4,1,2,r,repete,5,sobe 5,5,1007,0.005
4/4,1,2,r,repete,7,sobe 7,4,1007,0.004
4/4,1,2,r,repete,-8,desce 8,3,1007,0.003
4/4,1,2,r,repete,-7,desce 7,2,1007,0.002
4/4,1,2,r,repete,9,sobe 9,2,1007,0.002
4/4,2,4,ss,sobe por salto,-1,desce 1,194,580,0.3345
4/4,2,4,ss,sobe por salto,0,repete,185,580,0.319
4/4,2,4,ss,sobe por salto,-2,desce 2,52,580,0.0897
4/4,2,4,ss,sobe por salto,2,sobe 2,52,580,0.0897
4/4,2,4,ss,sobe por salto,1,sobe 1,50,580,0.0862
4/4,2,4,ss,sobe por salto,-3,desce 3,23,580,0.0397
4/4,2,4,ss,sobe por salto,-5,desce 5,8,580,0.0138
4/4,2,4,ss,sobe por salto,-4,desce 4,8,580,0.0138
4/4,2,4,ss,sobe por salto,3,sobe 3,5,580,0.0086
4/4,2,4,ss,sobe por salto,-6,desce 6,3,580,0.0052
4/4,1,4,r,repete,-1,desce 1,225,535,0.4206
4/4,1,4,r,repete,1,sobe 1,161,535,0.3009
4/4,1,4,r,repete,0,repete,65,535,0.1215
4/4,1,4,r,repete,-2,desce 2,32,535,0.0598
4/4,1,4,r,repete,2,sobe 2,14,535,0.0262
4/4,1,4,r,repete,-3,desce 3,12,535,0.0224
4/4,1,4,r,repete,3,sobe 3,10,535,0.0187
4/4,1,4,r,repete,6,sobe 6,4,535,0.0075
4/4,1,4,r,repete,5,sobe 5,4,535,0.0075
4/4,1,4,r,repete,4,sobe 4,3,535,0.0056
4/4,1,4,r,repete,7,sobe 7,2,535,0.0037
4/4,3,4,ds,desce por salto,-1,desce 1,91,295,0.3085
4/4,3,4,ds,desce por salto,1,sobe 1,86,295,0.2915
4/4,3,4,ds,desce por salto,-2,desce 2,42,295,0.1424
4/4,3,4,ds,desce por salto,0,repete,38,295,0.1288
4/4,3,4,ds,desce por salto,2,sobe 2,15,295,0.0508
4/4,3,4,ds,desce por salto,3,sobe 3,8,295,0.0271
4/4,3,4,ds,desce por salto,4,sobe 4,5,295,0.0169
4/4,3,4,ds,desce por salto,6,sobe 6,4,295,0.0136
4/4,3,4,ds,desce por salto,5,sobe 5,4,295,0.0136
4/4,2,4,dg,desce por grau,-1,desce 1,709,1291,0.5492
4/4,2,4,dg,desce por grau,0,repete,264,1291,0.2045
4/4,2,4,dg,desce por grau,1,sobe 1,139,1291,0.1077
4/4,2,4,dg,desce por grau,-2,desce 2,113,1291,0.0875
4/4,2,4,dg,desce por grau,2,sobe 2,37,1291,0.0287
4/4,2,4,dg,desce por grau,-3,desce 3,6,1291,0.0046
4/4,2,4,dg,desce por grau,5,sobe 5,5,1291,0.0039
4/4,2,4,dg,desce por grau,4,sobe 4,5,1291,0.0039
4/4,2,4,dg,desce por grau,6,sobe 6,4,1291,0.0031
4/4,2,4,dg,desce por grau,-4,desce 4,4,1291,0.0031
4/4,2,4,dg,desce por grau,3,sobe 3,3,1291,0.0023
4/4,4,6,r,repete,0,repete,67,265,0.2528
4/4,4,6,r,repete,-1,desce 1,65,265,0.2453
4/4,4,6,r,repete,2,sobe 2,54,265,0.2038
4/4,4,6,r,repete,3,sobe 3,26,265,0.0981
4/4,4,6,r,repete,-2,desce 2,19,265,0.0717
4/4,4,6,r,repete,1,sobe 1,10,265,0.0377
4/4,4,6,r,repete,5,sobe 5,8,265,0.0302
4/4,4,6,r,repete,4,sobe 4,7,265,0.0264
4/4,4,6,r,repete,-3,desce 3,4,265,0.0151
4/4,4,6,r,repete,-7,desce 7,2,265,0.0075
4/4,1,6,r,repete,-1,desce 1,189,300,0.63
4/4,1,6,r,repete,0,repete,40,300,0.1333
4/4,1,6,r,repete,1,sobe 1,14,300,0.0467
4/4,1,6,r,repete,5,sobe 5,11,300,0.0367
4/4,1,6,r,repete,-4,desce 4,11,300,0.0367
4/4,1,6,r,repete,3,sobe 3,10,300,0.0333
4/4,1,6,r,repete,-3,desce 3,8,300,0.0267
4/4,1,6,r,repete,-2,desce 2,6,300,0.02
4/4,1,6,r,repete,2,sobe 2,5,300,0.0167
4/4,1,6,r,repete,4,sobe 4,4,300,0.0133
4/4,2,1,0,—,0,repete,79,213,0.3709
4/4,2,1,0,—,1,sobe 1,37,213,0.1737
4/4,2,1,0,—,-3,desce 3,36,213,0.169
4/4,2,1,0,—,2,sobe 2,32,213,0.1502
4/4,2,1,0,—,4,sobe 4,10,213,0.0469
4/4,2,1,0,—,-1,desce 1,7,213,0.0329
4/4,2,1,0,—,-2,desce 2,4,213,0.0188
4/4,2,1,0,—,7,sobe 7,4,213,0.0188
4/4,2,1,0,—,-7,desce 7,2,213,0.0094
4/4,2,1,0,—,-5,desce 5,2,213,0.0094
4/4,2,6,dg,desce por grau,-1,desce 1,159,381,0.4173
4/4,2,6,dg,desce por grau,0,repete,93,381,0.2441
4/4,2,6,dg,desce por grau,1,sobe 1,52,381,0.1365
4/4,2,6,dg,desce por grau,-2,desce 2,28,381,0.0735
4/4,2,6,dg,desce por grau,2,sobe 2,21,381,0.0551
4/4,2,6,dg,desce por grau,5,sobe 5,16,381,0.042
4/4,2,6,dg,desce por grau,3,sobe 3,9,381,0.0236
4/4,4,7,dg,desce por grau,-1,desce 1,374,1017,0.3677
4/4,4,7,dg,desce por grau,1,sobe 1,236,1017,0.2321
4/4,4,7,dg,desce por grau,-2,desce 2,177,1017,0.174
4/4,4,7,dg,desce por grau,0,repete,100,1017,0.0983
4/4,4,7,dg,desce por grau,3,sobe 3,45,1017,0.0442
4/4,4,7,dg,desce por grau,2,sobe 2,41,1017,0.0403
4/4,4,7,dg,desce por grau,5,sobe 5,14,1017,0.0138
4/4,4,7,dg,desce por grau,4,sobe 4,8,1017,0.0079
4/4,4,7,dg,desce por grau,-5,desce 5,8,1017,0.0079
4/4,4,7,dg,desce por grau,-4,desce 4,6,1017,0.0059
4/4,4,7,dg,desce por grau,6,sobe 6,3,1017,0.0029
4/4,4,7,dg,desce por grau,7,sobe 7,2,1017,0.002
4/4,4,7,dg,desce por grau,-3,desce 3,2,1017,0.002
4/4,4,3,0,—,0,repete,14,21,0.6667
4/4,4,3,0,—,1,sobe 1,3,21,0.1429
4/4,4,3,0,—,2,sobe 2,2,21,0.0952
4/4,4,3,0,—,-1,desce 1,2,21,0.0952
4/4,1,4,ds,desce por salto,-1,desce 1,119,298,0.3993
4/4,1,4,ds,desce por salto,1,sobe 1,111,298,0.3725
4/4,1,4,ds,desce por salto,-2,desce 2,16,298,0.0537
4/4,1,4,ds,desce por salto,0,repete,15,298,0.0503
4/4,1,4,ds,desce por salto,4,sobe 4,9,298,0.0302
4/4,1,4,ds,desce por salto,2,sobe 2,7,298,0.0235
4/4,1,4,ds,desce por salto,3,sobe 3,7,298,0.0235
4/4,1,4,ds,desce por salto,5,sobe 5,5,298,0.0168
4/4,1,4,ds,desce por salto,-3,desce 3,3,298,0.0101
4/4,1,4,ds,desce por salto,7,sobe 7,2,298,0.0067
4/4,1,4,ds,desce por salto,-5,desce 5,2,298,0.0067
4/4,1,4,ds,desce por salto,6,sobe 6,2,298,0.0067
4/4,4,4,r,repete,-1,desce 1,133,456,0.2917
4/4,4,4,r,repete,0,repete,123,456,0.2697
4/4,4,4,r,repete,1,sobe 1,94,456,0.2061
4/4,4,4,r,repete,-2,desce 2,33,456,0.0724
4/4,4,4,r,repete,2,sobe 2,17,456,0.0373
4/4,4,4,r,repete,4,sobe 4,13,456,0.0285
4/4,4,4,r,repete,5,sobe 5,13,456,0.0285
4/4,4,4,r,repete,3,sobe 3,8,456,0.0175
4/4,4,4,r,repete,-3,desce 3,8,456,0.0175
4/4,4,4,r,repete,-4,desce 4,5,456,0.011
4/4,4,4,r,repete,6,sobe 6,3,456,0.0066
4/4,4,4,r,repete,7,sobe 7,3,456,0.0066
4/4,4,4,r,repete,-6,desce 6,3,456,0.0066
4/4,1,6,0,—,-1,desce 1,21,27,0.7778
4/4,1,6,0,—,2,sobe 2,4,27,0.1481
4/4,1,6,0,—,3,sobe 3,2,27,0.0741
4/4,2,3,0,—,0,repete,33,83,0.3976
4/4,2,3,0,—,1,sobe 1,15,83,0.1807
4/4,2,3,0,—,2,sobe 2,12,83,0.1446
4/4,2,3,0,—,-1,desce 1,10,83,0.1205
4/4,2,3,0,—,-2,desce 2,5,83,0.0602
4/4,2,3,0,—,-3,desce 3,3,83,0.0361
4/4,2,3,0,—,5,sobe 5,3,83,0.0361
4/4,2,5,0,—,0,repete,48,111,0.4324
4/4,2,5,0,—,3,sobe 3,20,111,0.1802
4/4,2,5,0,—,-2,desce 2,16,111,0.1441
4/4,2,5,0,—,-1,desce 1,14,111,0.1261
4/4,2,5,0,—,1,sobe 1,7,111,0.0631
4/4,2,5,0,—,-4,desce 4,2,111,0.018
4/4,2,7,r,repete,-1,desce 1,28,98,0.2857
4/4,2,7,r,repete,0,repete,23,98,0.2347
4/4,2,7,r,repete,1,sobe 1,22,98,0.2245
4/4,2,7,r,repete,-2,desce 2,9,98,0.0918
4/4,2,7,r,repete,3,sobe 3,5,98,0.051
4/4,2,7,r,repete,2,sobe 2,4,98,0.0408
4/4,2,7,r,repete,4,sobe 4,3,98,0.0306
4/4,2,7,r,repete,-3,desce 3,3,98,0.0306
4/4,3,4,r,repete,0,repete,226,601,0.376
4/4,3,4,r,repete,-1,desce 1,173,601,0.2879
4/4,3,4,r,repete,1,sobe 1,85,601,0.1414
4/4,3,4,r,repete,-2,desce 2,60,601,0.0998
4/4,3,4,r,repete,2,sobe 2,21,601,0.0349
4/4,3,4,r,repete,3,sobe 3,11,601,0.0183
4/4,3,4,r,repete,4,sobe 4,7,601,0.0116
4/4,3,4,r,repete,-3,desce 3,6,601,0.01
4/4,3,4,r,repete,-4,desce 4,4,601,0.0067
4/4,3,4,r,repete,-6,desce 6,3,601,0.005
4/4,3,4,r,repete,5,sobe 5,2,601,0.0033
4/4,1,7,r,repete,1,sobe 1,88,193,0.456
4/4,1,7,r,repete,-1,desce 1,32,193,0.1658
4/4,1,7,r,repete,3,sobe 3,31,193,0.1606
4/4,1,7,r,repete,0,repete,12,193,0.0622
4/4,1,7,r,repete,-2,desce 2,9,193,0.0466
4/4,1,7,r,repete,2,sobe 2,8,193,0.0415
4/4,1,7,r,repete,5,sobe 5,4,193,0.0207
4/4,1,7,r,repete,4,sobe 4,3,193,0.0155
4/4,1,7,r,repete,-6,desce 6,3,193,0.0155
4/4,1,7,r,repete,-4,desce 4,2,193,0.0104
4/4,1,2,0,—,1,sobe 1,16,42,0.381
4/4,1,2,0,—,3,sobe 3,12,42,0.2857
4/4,1,2,0,—,-1,desce 1,4,42,0.0952
4/4,1,2,0,—,0,repete,4,42,0.0952
4/4,1,2,0,—,-4,desce 4,2,42,0.0476
4/4,3,6,r,repete,-1,desce 1,146,360,0.4056
4/4,3,6,r,repete,0,repete,95,360,0.2639
4/4,3,6,r,repete,2,sobe 2,52,360,0.1444
4/4,3,6,r,repete,1,sobe 1,24,360,0.0667
4/4,3,6,r,repete,3,sobe 3,19,360,0.0528
4/4,3,6,r,repete,-4,desce 4,8,360,0.0222
4/4,3,6,r,repete,-3,desce 3,5,360,0.0139
4/4,3,6,r,repete,-2,desce 2,4,360,0.0111
4/4,3,6,r,repete,5,sobe 5,3,360,0.0083
4/4,3,6,r,repete,7,sobe 7,2,360,0.0056
4/4,3,7,r,repete,1,sobe 1,44,139,0.3165
4/4,3,7,r,repete,0,repete,33,139,0.2374
4/4,3,7,r,repete,-1,desce 1,17,139,0.1223
4/4,3,7,r,repete,2,sobe 2,12,139,0.0863
4/4,3,7,r,repete,-2,desce 2,11,139,0.0791
4/4,3,7,r,repete,5,sobe 5,6,139,0.0432
4/4,3,7,r,repete,6,sobe 6,5,139,0.036
4/4,3,7,r,repete,3,sobe 3,3,139,0.0216
4/4,3,7,r,repete,-5,desce 5,3,139,0.0216
4/4,3,7,r,repete,-3,desce 3,2,139,0.0144
4/4,3,7,r,repete,4,sobe 4,2,139,0.0144
4/4,4,5,0,—,0,repete,33,90,0.3667
4/4,4,5,0,—,3,sobe 3,19,90,0.2111
4/4,4,5,0,—,1,sobe 1,18,90,0.2
4/4,4,5,0,—,-2,desce 2,9,90,0.1
4/4,4,5,0,—,5,sobe 5,5,90,0.0556
4/4,4,5,0,—,-1,desce 1,3,90,0.0333
4/4,4,1,0,—,0,repete,10,28,0.3571
4/4,4,1,0,—,1,sobe 1,8,28,0.2857
4/4,4,1,0,—,2,sobe 2,7,28,0.25
4/4,4,1,0,—,-3,desce 3,3,28,0.1071
4/4,3,5,0,—,-2,desce 2,13,41,0.3171
4/4,3,5,0,—,3,sobe 3,9,41,0.2195
4/4,3,5,0,—,0,repete,8,41,0.1951
4/4,3,5,0,—,2,sobe 2,4,41,0.0976
4/4,3,5,0,—,-1,desce 1,3,41,0.0732
4/4,3,5,0,—,1,sobe 1,3,41,0.0732
4/4,3,1,0,—,0,repete,8,27,0.2963
4/4,3,1,0,—,2,sobe 2,5,27,0.1852
4/4,3,1,0,—,1,sobe 1,3,27,0.1111
4/4,3,1,0,—,4,sobe 4,3,27,0.1111
4/4,3,1,0,—,-3,desce 3,3,27,0.1111
4/4,3,1,0,—,3,sobe 3,3,27,0.1111
4/4,3,1,0,—,-1,desce 1,2,27,0.0741
3/8,1,4,sg,sobe por grau,1,sobe 1,175,260,0.6731
3/8,1,4,sg,sobe por grau,-1,desce 1,38,260,0.1462
3/8,1,4,sg,sobe por grau,-2,desce 2,15,260,0.0577
3/8,1,4,sg,sobe por grau,2,sobe 2,13,260,0.05
3/8,1,4,sg,sobe por grau,0,repete,10,260,0.0385
3/8,1,4,sg,sobe por grau,-3,desce 3,8,260,0.0308
3/8,1,7,ss,sobe por salto,1,sobe 1,6,20,0.3
3/8,1,7,ss,sobe por salto,2,sobe 2,5,20,0.25
3/8,1,7,ss,sobe por salto,-2,desce 2,3,20,0.15
3/8,1,7,ss,sobe por salto,-3,desce 3,2,20,0.1
3/8,1,7,ss,sobe por salto,0,repete,2,20,0.1
3/8,1,6,dg,desce por grau,-1,desce 1,58,84,0.6905
3/8,1,6,dg,desce por grau,0,repete,15,84,0.1786
3/8,1,6,dg,desce por grau,3,sobe 3,4,84,0.0476
3/8,1,6,dg,desce por grau,2,sobe 2,3,84,0.0357
3/8,1,6,dg,desce por grau,5,sobe 5,2,84,0.0238
3/8,1,5,ss,sobe por salto,0,repete,110,313,0.3514
3/8,1,5,ss,sobe por salto,-1,desce 1,68,313,0.2173
3/8,1,5,ss,sobe por salto,-3,desce 3,31,313,0.099
3/8,1,5,ss,sobe por salto,-2,desce 2,29,313,0.0927
3/8,1,5,ss,sobe por salto,3,sobe 3,22,313,0.0703
3/8,1,5,ss,sobe por salto,-4,desce 4,20,313,0.0639
3/8,1,5,ss,sobe por salto,1,sobe 1,19,313,0.0607
3/8,1,5,ss,sobe por salto,2,sobe 2,7,313,0.0224
3/8,1,5,ss,sobe por salto,-7,desce 7,5,313,0.016
3/8,1,5,ss,sobe por salto,-5,desce 5,2,313,0.0064
3/8,1,2,dg,desce por grau,-1,desce 1,146,291,0.5017
3/8,1,2,dg,desce por grau,1,sobe 1,66,291,0.2268
3/8,1,2,dg,desce por grau,0,repete,39,291,0.134
3/8,1,2,dg,desce por grau,3,sobe 3,20,291,0.0687
3/8,1,2,dg,desce por grau,2,sobe 2,12,291,0.0412
3/8,1,2,dg,desce por grau,-4,desce 4,6,291,0.0206
3/8,1,2,dg,desce por grau,4,sobe 4,2,291,0.0069
3/8,1,3,sg,sobe por grau,1,sobe 1,99,235,0.4213
3/8,1,3,sg,sobe por grau,-2,desce 2,52,235,0.2213
3/8,1,3,sg,sobe por grau,-1,desce 1,43,235,0.183
3/8,1,3,sg,sobe por grau,2,sobe 2,17,235,0.0723
3/8,1,3,sg,sobe por grau,0,repete,15,235,0.0638
3/8,1,3,sg,sobe por grau,-5,desce 5,4,235,0.017
3/8,1,3,ds,desce por salto,-1,desce 1,58,190,0.3053
3/8,1,3,ds,desce por salto,2,sobe 2,51,190,0.2684
3/8,1,3,ds,desce por salto,1,sobe 1,33,190,0.1737
3/8,1,3,ds,desce por salto,0,repete,21,190,0.1105
3/8,1,3,ds,desce por salto,-2,desce 2,16,190,0.0842
3/8,1,3,ds,desce por salto,3,sobe 3,5,190,0.0263
3/8,1,3,ds,desce por salto,5,sobe 5,3,190,0.0158
3/8,1,3,ds,desce por salto,-3,desce 3,2,190,0.0105
3/8,1,3,ss,sobe por salto,2,sobe 2,67,144,0.4653
3/8,1,3,ss,sobe por salto,-1,desce 1,27,144,0.1875
3/8,1,3,ss,sobe por salto,0,repete,20,144,0.1389
3/8,1,3,ss,sobe por salto,1,sobe 1,11,144,0.0764
3/8,1,3,ss,sobe por salto,-2,desce 2,11,144,0.0764
3/8,1,3,ss,sobe por salto,-5,desce 5,4,144,0.0278
3/8,1,3,ss,sobe por salto,3,sobe 3,3,144,0.0208
3/8,1,4,dg,desce por grau,-1,desce 1,155,257,0.6031
3/8,1,4,dg,desce por grau,1,sobe 1,39,257,0.1518
3/8,1,4,dg,desce por grau,-2,desce 2,31,257,0.1206
3/8,1,4,dg,desce por grau,0,repete,21,257,0.0817
3/8,1,4,dg,desce por grau,2,sobe 2,4,257,0.0156
3/8,1,4,dg,desce por grau,-3,desce 3,4,257,0.0156
3/8,1,4,dg,desce por grau,5,sobe 5,2,257,0.0078
3/8,1,1,dg,desce por grau,1,sobe 1,72,243,0.2963
3/8,1,1,dg,desce por grau,2,sobe 2,50,243,0.2058
3/8,1,1,dg,desce por grau,-1,desce 1,41,243,0.1687
3/8,1,1,dg,desce por grau,0,repete,29,243,0.1193
3/8,1,1,dg,desce por grau,4,sobe 4,28,243,0.1152
3/8,1,1,dg,desce por grau,5,sobe 5,8,243,0.0329
3/8,1,1,dg,desce por grau,3,sobe 3,8,243,0.0329
3/8,1,1,dg,desce por grau,-2,desce 2,4,243,0.0165
3/8,1,1,dg,desce por grau,-3,desce 3,3,243,0.0123
3/8,1,6,sg,sobe por grau,-1,desce 1,44,79,0.557
3/8,1,6,sg,sobe por grau,1,sobe 1,14,79,0.1772
3/8,1,6,sg,sobe por grau,0,repete,9,79,0.1139
3/8,1,6,sg,sobe por grau,-2,desce 2,8,79,0.1013
3/8,1,6,sg,sobe por grau,-3,desce 3,2,79,0.0253
3/8,1,6,sg,sobe por grau,2,sobe 2,2,79,0.0253
3/8,1,5,ds,desce por salto,3,sobe 3,71,195,0.3641
3/8,1,5,ds,desce por salto,0,repete,39,195,0.2
3/8,1,5,ds,desce por salto,-1,desce 1,17,195,0.0872
3/8,1,5,ds,desce por salto,1,sobe 1,16,195,0.0821
3/8,1,5,ds,desce por salto,5,sobe 5,12,195,0.0615
3/8,1,5,ds,desce por salto,-2,desce 2,9,195,0.0462
3/8,1,5,ds,desce por salto,4,sobe 4,9,195,0.0462
3/8,1,5,ds,desce por salto,6,sobe 6,9,195,0.0462
3/8,1,5,ds,desce por salto,7,sobe 7,8,195,0.041
3/8,1,5,ds,desce por salto,2,sobe 2,5,195,0.0256
3/8,1,4,ds,desce por salto,-1,desce 1,12,31,0.3871
3/8,1,4,ds,desce por salto,1,sobe 1,7,31,0.2258
3/8,1,4,ds,desce por salto,0,repete,7,31,0.2258
3/8,1,4,ds,desce por salto,-2,desce 2,2,31,0.0645
3/8,1,4,ds,desce por salto,4,sobe 4,2,31,0.0645
3/8,1,4,ss,sobe por salto,-1,desce 1,42,74,0.5676
3/8,1,4,ss,sobe por salto,0,repete,12,74,0.1622
3/8,1,4,ss,sobe por salto,-2,desce 2,9,74,0.1216
3/8,1,4,ss,sobe por salto,1,sobe 1,6,74,0.0811
3/8,1,4,ss,sobe por salto,-6,desce 6,2,74,0.027
3/8,1,4,ss,sobe por salto,-3,desce 3,2,74,0.027
3/8,1,1,ds,desce por salto,1,sobe 1,65,174,0.3736
3/8,1,1,ds,desce por salto,2,sobe 2,40,174,0.2299
3/8,1,1,ds,desce por salto,0,repete,23,174,0.1322
3/8,1,1,ds,desce por salto,4,sobe 4,16,174,0.092
3/8,1,1,ds,desce por salto,3,sobe 3,11,174,0.0632
3/8,1,1,ds,desce por salto,-1,desce 1,9,174,0.0517
3/8,1,1,ds,desce por salto,5,sobe 5,4,174,0.023
3/8,1,1,ds,desce por salto,-3,desce 3,2,174,0.0115
3/8,1,1,ds,desce por salto,-2,desce 2,2,174,0.0115
3/8,1,5,sg,sobe por grau,-2,desce 2,42,146,0.2877
3/8,1,5,sg,sobe por grau,0,repete,33,146,0.226
3/8,1,5,sg,sobe por grau,-1,desce 1,24,146,0.1644
3/8,1,5,sg,sobe por grau,1,sobe 1,18,146,0.1233
3/8,1,5,sg,sobe por grau,-3,desce 3,10,146,0.0685
3/8,1,5,sg,sobe por grau,-4,desce 4,7,146,0.0479
3/8,1,5,sg,sobe por grau,3,sobe 3,5,146,0.0342
3/8,1,5,sg,sobe por grau,-7,desce 7,2,146,0.0137
3/8,1,5,sg,sobe por grau,2,sobe 2,2,146,0.0137
3/8,1,1,0,—,0,repete,14,36,0.3889
3/8,1,1,0,—,2,sobe 2,11,36,0.3056
3/8,1,1,0,—,3,sobe 3,4,36,0.1111
3/8,1,1,0,—,-3,desce 3,2,36,0.0556
3/8,1,1,0,—,4,sobe 4,2,36,0.0556
3/8,1,5,r,repete,0,repete,101,315,0.3206
3/8,1,5,r,repete,3,sobe 3,68,315,0.2159
3/8,1,5,r,repete,1,sobe 1,40,315,0.127
3/8,1,5,r,repete,-2,desce 2,36,315,0.1143
3/8,1,5,r,repete,-1,desce 1,26,315,0.0825
3/8,1,5,r,repete,5,sobe 5,13,315,0.0413
3/8,1,5,r,repete,2,sobe 2,5,315,0.0159
3/8,1,5,r,repete,6,sobe 6,5,315,0.0159
3/8,1,5,r,repete,-4,desce 4,5,315,0.0159
3/8,1,5,r,repete,4,sobe 4,4,315,0.0127
3/8,1,5,r,repete,7,sobe 7,4,315,0.0127
3/8,1,5,r,repete,-3,desce 3,4,315,0.0127
3/8,1,5,r,repete,8,sobe 8,2,315,0.0063
3/8,1,1,sg,sobe por grau,1,sobe 1,49,111,0.4414
3/8,1,1,sg,sobe por grau,-3,desce 3,19,111,0.1712
3/8,1,1,sg,sobe por grau,0,repete,11,111,0.0991
3/8,1,1,sg,sobe por grau,2,sobe 2,10,111,0.0901
3/8,1,1,sg,sobe por grau,4,sobe 4,8,111,0.0721
3/8,1,1,sg,sobe por grau,-1,desce 1,6,111,0.0541
3/8,1,1,sg,sobe por grau,-2,desce 2,4,111,0.036
3/8,1,1,sg,sobe por grau,3,sobe 3,3,111,0.027
3/8,1,2,ss,sobe por salto,-1,desce 1,9,23,0.3913
3/8,1,2,ss,sobe por salto,1,sobe 1,5,23,0.2174
3/8,1,2,ss,sobe por salto,-2,desce 2,3,23,0.1304
3/8,1,2,ss,sobe por salto,3,sobe 3,2,23,0.087
3/8,1,2,ss,sobe por salto,0,repete,2,23,0.087
3/8,1,2,ss,sobe por salto,4,sobe 4,2,23,0.087
3/8,1,5,dg,desce por grau,0,repete,49,148,0.3311
3/8,1,5,dg,desce por grau,-1,desce 1,33,148,0.223
3/8,1,5,dg,desce por grau,3,sobe 3,18,148,0.1216
3/8,1,5,dg,desce por grau,-2,desce 2,15,148,0.1014
3/8,1,5,dg,desce por grau,1,sobe 1,13,148,0.0878
3/8,1,5,dg,desce por grau,-4,desce 4,5,148,0.0338
3/8,1,5,dg,desce por grau,6,sobe 6,4,148,0.027
3/8,1,5,dg,desce por grau,4,sobe 4,4,148,0.027
3/8,1,5,dg,desce por grau,5,sobe 5,3,148,0.0203
3/8,1,5,dg,desce por grau,2,sobe 2,2,148,0.0135
3/8,1,1,ss,sobe por salto,0,repete,15,73,0.2055
3/8,1,1,ss,sobe por salto,1,sobe 1,15,73,0.2055
3/8,1,1,ss,sobe por salto,-3,desce 3,14,73,0.1918
3/8,1,1,ss,sobe por salto,2,sobe 2,11,73,0.1507
3/8,1,1,ss,sobe por salto,-2,desce 2,9,73,0.1233
3/8,1,1,ss,sobe por salto,-1,desce 1,4,73,0.0548
3/8,1,1,ss,sobe por salto,-5,desce 5,2,73,0.0274
3/8,1,5,0,—,3,sobe 3,75,116,0.6466
3/8,1,5,0,—,0,repete,30,116,0.2586
3/8,1,5,0,—,-2,desce 2,5,116,0.0431
3/8,1,5,0,—,4,sobe 4,2,116,0.0172
3/8,1,7,sg,sobe por grau,1,sobe 1,48,60,0.8
3/8,1,7,sg,sobe por grau,2,sobe 2,5,60,0.0833
3/8,1,7,sg,sobe por grau,0,repete,3,60,0.05
3/8,1,7,sg,sobe por grau,-2,desce 2,3,60,0.05
3/8,1,3,dg,desce por grau,-1,desce 1,123,261,0.4713
3/8,1,3,dg,desce por grau,0,repete,44,261,0.1686
3/8,1,3,dg,desce por grau,2,sobe 2,29,261,0.1111
3/8,1,3,dg,desce por grau,-2,desce 2,24,261,0.092
3/8,1,3,dg,desce por grau,1,sobe 1,23,261,0.0881
3/8,1,3,dg,desce por grau,3,sobe 3,13,261,0.0498
3/8,1,3,dg,desce por grau,5,sobe 5,3,261,0.0115
3/8,1,3,dg,desce por grau,-3,desce 3,2,261,0.0077
3/8,1,1,r,repete,0,repete,88,248,0.3548
3/8,1,1,r,repete,1,sobe 1,58,248,0.2339
3/8,1,1,r,repete,2,sobe 2,44,248,0.1774
3/8,1,1,r,repete,-1,desce 1,18,248,0.0726
3/8,1,1,r,repete,3,sobe 3,12,248,0.0484
3/8,1,1,r,repete,-3,desce 3,11,248,0.0444
3/8,1,1,r,repete,4,sobe 4,9,248,0.0363
3/8,1,1,r,repete,-2,desce 2,3,248,0.0121
3/8,1,1,r,repete,-7,desce 7,2,248,0.0081
3/8,1,1,r,repete,5,sobe 5,2,248,0.0081
3/8,1,7,ds,desce por salto,1,sobe 1,44,82,0.5366
3/8,1,7,ds,desce por salto,-2,desce 2,13,82,0.1585
3/8,1,7,ds,desce por salto,2,sobe 2,12,82,0.1463
3/8,1,7,ds,desce por salto,3,sobe 3,9,82,0.1098
3/8,1,6,r,repete,-1,desce 1,19,42,0.4524
3/8,1,6,r,repete,0,repete,8,42,0.1905
3/8,1,6,r,repete,2,sobe 2,6,42,0.1429
3/8,1,6,r,repete,1,sobe 1,4,42,0.0952
3/8,1,6,r,repete,5,sobe 5,3,42,0.0714
3/8,1,6,r,repete,-2,desce 2,2,42,0.0476
3/8,1,2,sg,sobe por grau,1,sobe 1,139,195,0.7128
3/8,1,2,sg,sobe por grau,-1,desce 1,23,195,0.1179
3/8,1,2,sg,sobe por grau,0,repete,10,195,0.0513
3/8,1,2,sg,sobe por grau,-4,desce 4,7,195,0.0359
3/8,1,2,sg,sobe por grau,2,sobe 2,6,195,0.0308
3/8,1,2,sg,sobe por grau,-2,desce 2,5,195,0.0256
3/8,1,2,sg,sobe por grau,3,sobe 3,4,195,0.0205
3/8,1,4,r,repete,-1,desce 1,50,133,0.3759
3/8,1,4,r,repete,0,repete,34,133,0.2556
3/8,1,4,r,repete,1,sobe 1,24,133,0.1805
3/8,1,4,r,repete,-2,desce 2,12,133,0.0902
3/8,1,4,r,repete,2,sobe 2,7,133,0.0526
3/8,1,4,r,repete,-6,desce 6,2,133,0.015
3/8,1,4,r,repete,-4,desce 4,2,133,0.015
3/8,1,3,r,repete,0,repete,61,221,0.276
3/8,1,3,r,repete,-1,desce 1,52,221,0.2353
3/8,1,3,r,repete,1,sobe 1,43,221,0.1946
3/8,1,3,r,repete,2,sobe 2,41,221,0.1855
3/8,1,3,r,repete,-2,desce 2,11,221,0.0498
3/8,1,3,r,repete,3,sobe 3,7,221,0.0317
3/8,1,3,r,repete,5,sobe 5,2,221,0.009
3/8,1,3,r,repete,-3,desce 3,2,221,0.009
3/8,1,7,dg,desce por grau,1,sobe 1,44,77,0.5714
3/8,1,7,dg,desce por grau,-2,desce 2,7,77,0.0909
3/8,1,7,dg,desce por grau,-1,desce 1,7,77,0.0909
3/8,1,7,dg,desce por grau,3,sobe 3,7,77,0.0909
3/8,1,7,dg,desce por grau,0,repete,6,77,0.0779
3/8,1,7,dg,desce por grau,2,sobe 2,2,77,0.026
3/8,1,7,dg,desce por grau,4,sobe 4,2,77,0.026
3/8,1,2,ds,desce por salto,1,sobe 1,35,111,0.3153
3/8,1,2,ds,desce por salto,-1,desce 1,29,111,0.2613
3/8,1,2,ds,desce por salto,2,sobe 2,19,111,0.1712
3/8,1,2,ds,desce por salto,0,repete,12,111,0.1081
3/8,1,2,ds,desce por salto,-2,desce 2,6,111,0.0541
3/8,1,2,ds,desce por salto,3,sobe 3,5,111,0.045
3/8,1,2,ds,desce por salto,4,sobe 4,3,111,0.027
3/8,1,2,ds,desce por salto,-4,desce 4,2,111,0.018
3/8,1,6,ss,sobe por salto,-1,desce 1,35,51,0.6863
3/8,1,6,ss,sobe por salto,0,repete,10,51,0.1961
3/8,1,6,ss,sobe por salto,2,sobe 2,3,51,0.0588
3/8,1,2,r,repete,0,repete,57,199,0.2864
3/8,1,2,r,repete,1,sobe 1,46,199,0.2312
3/8,1,2,r,repete,-1,desce 1,41,199,0.206
3/8,1,2,r,repete,2,sobe 2,25,199,0.1256
3/8,1,2,r,repete,3,sobe 3,18,199,0.0905
3/8,1,2,r,repete,-4,desce 4,7,199,0.0352
3/8,1,2,r,repete,-2,desce 2,4,199,0.0201
3/8,1,6,ds,desce por salto,-1,desce 1,22,42,0.5238
3/8,1,6,ds,desce por salto,3,sobe 3,8,42,0.1905
3/8,1,6,ds,desce por salto,0,repete,6,42,0.1429
3/8,1,6,ds,desce por salto,2,sobe 2,3,42,0.0714
3/8,1,6,ds,desce por salto,-2,desce 2,2,42,0.0476
3/8,1,7,r,repete,1,sobe 1,8,23,0.3478
3/8,1,7,r,repete,2,sobe 2,5,23,0.2174
3/8,1,7,r,repete,0,repete,4,23,0.1739
3/8,1,7,r,repete,3,sobe 3,2,23,0.087
6/8,1,5,0,—,3,sobe 3,442,755,0.5854
6/8,1,5,0,—,0,repete,168,755,0.2225
6/8,1,5,0,—,-2,desce 2,55,755,0.0728
6/8,1,5,0,—,5,sobe 5,52,755,0.0689
6/8,1,5,0,—,-4,desce 4,14,755,0.0185
6/8,1,5,0,—,1,sobe 1,13,755,0.0172
6/8,1,5,0,—,-1,desce 1,6,755,0.0079
6/8,1,5,0,—,7,sobe 7,2,755,0.0026
6/8,1,5,0,—,4,sobe 4,2,755,0.0026
6/8,2,3,dg,desce por grau,-1,desce 1,624,1232,0.5065
6/8,2,3,dg,desce por grau,0,repete,196,1232,0.1591
6/8,2,3,dg,desce por grau,1,sobe 1,146,1232,0.1185
6/8,2,3,dg,desce por grau,2,sobe 2,127,1232,0.1031
6/8,2,3,dg,desce por grau,-2,desce 2,82,1232,0.0666
6/8,2,3,dg,desce por grau,-5,desce 5,17,1232,0.0138
6/8,2,3,dg,desce por grau,3,sobe 3,15,1232,0.0122
6/8,2,3,dg,desce por grau,4,sobe 4,9,1232,0.0073
6/8,2,3,dg,desce por grau,5,sobe 5,9,1232,0.0073
6/8,2,3,dg,desce por grau,7,sobe 7,5,1232,0.0041
6/8,2,3,dg,desce por grau,-3,desce 3,2,1232,0.0016
6/8,1,5,ss,sobe por salto,0,repete,373,1610,0.2317
6/8,1,5,ss,sobe por salto,3,sobe 3,300,1610,0.1863
6/8,1,5,ss,sobe por salto,1,sobe 1,289,1610,0.1795
6/8,1,5,ss,sobe por salto,-2,desce 2,231,1610,0.1435
6/8,1,5,ss,sobe por salto,-1,desce 1,206,1610,0.128
6/8,1,5,ss,sobe por salto,-4,desce 4,116,1610,0.072
6/8,1,5,ss,sobe por salto,-3,desce 3,37,1610,0.023
6/8,1,5,ss,sobe por salto,2,sobe 2,20,1610,0.0124
6/8,1,5,ss,sobe por salto,5,sobe 5,18,1610,0.0112
6/8,1,5,ss,sobe por salto,-5,desce 5,6,1610,0.0037
6/8,1,5,ss,sobe por salto,6,sobe 6,4,1610,0.0025
6/8,1,5,ss,sobe por salto,4,sobe 4,3,1610,0.0019
6/8,1,5,ss,sobe por salto,-8,desce 8,2,1610,0.0012
6/8,1,5,ss,sobe por salto,-7,desce 7,2,1610,0.0012
6/8,1,5,ss,sobe por salto,-6,desce 6,2,1610,0.0012
6/8,2,2,dg,desce por grau,-1,desce 1,444,1047,0.4241
6/8,2,2,dg,desce por grau,0,repete,253,1047,0.2416
6/8,2,2,dg,desce por grau,1,sobe 1,176,1047,0.1681
6/8,2,2,dg,desce por grau,-4,desce 4,43,1047,0.0411
6/8,2,2,dg,desce por grau,2,sobe 2,42,1047,0.0401
6/8,2,2,dg,desce por grau,3,sobe 3,38,1047,0.0363
6/8,2,2,dg,desce por grau,-2,desce 2,21,1047,0.0201
6/8,2,2,dg,desce por grau,4,sobe 4,9,1047,0.0086
6/8,2,2,dg,desce por grau,7,sobe 7,6,1047,0.0057
6/8,2,2,dg,desce por grau,6,sobe 6,5,1047,0.0048
6/8,2,2,dg,desce por grau,-3,desce 3,5,1047,0.0048
6/8,2,2,dg,desce por grau,5,sobe 5,4,1047,0.0038
6/8,1,4,ss,sobe por salto,-1,desce 1,403,550,0.7327
6/8,1,4,ss,sobe por salto,1,sobe 1,70,550,0.1273
6/8,1,4,ss,sobe por salto,0,repete,35,550,0.0636
6/8,1,4,ss,sobe por salto,2,sobe 2,15,550,0.0273
6/8,1,4,ss,sobe por salto,-2,desce 2,11,550,0.02
6/8,1,4,ss,sobe por salto,-3,desce 3,8,550,0.0145
6/8,1,4,ss,sobe por salto,-5,desce 5,2,550,0.0036
6/8,1,4,ss,sobe por salto,3,sobe 3,2,550,0.0036
6/8,1,4,ss,sobe por salto,-8,desce 8,2,550,0.0036
6/8,2,1,dg,desce por grau,0,repete,473,1704,0.2776
6/8,2,1,dg,desce por grau,-1,desce 1,432,1704,0.2535
6/8,2,1,dg,desce por grau,1,sobe 1,234,1704,0.1373
6/8,2,1,dg,desce por grau,2,sobe 2,214,1704,0.1256
6/8,2,1,dg,desce por grau,4,sobe 4,91,1704,0.0534
6/8,2,1,dg,desce por grau,-3,desce 3,78,1704,0.0458
6/8,2,1,dg,desce por grau,-2,desce 2,70,1704,0.0411
6/8,2,1,dg,desce por grau,3,sobe 3,43,1704,0.0252
6/8,2,1,dg,desce por grau,7,sobe 7,37,1704,0.0217
6/8,2,1,dg,desce por grau,5,sobe 5,16,1704,0.0094
6/8,2,1,dg,desce por grau,6,sobe 6,9,1704,0.0053
6/8,2,1,dg,desce por grau,-7,desce 7,3,1704,0.0018
6/8,1,7,dg,desce por grau,1,sobe 1,281,653,0.4303
6/8,1,7,dg,desce por grau,-2,desce 2,112,653,0.1715
6/8,1,7,dg,desce por grau,-1,desce 1,109,653,0.1669
6/8,1,7,dg,desce por grau,3,sobe 3,50,653,0.0766
6/8,1,7,dg,desce por grau,0,repete,30,653,0.0459
6/8,1,7,dg,desce por grau,2,sobe 2,25,653,0.0383
6/8,1,7,dg,desce por grau,5,sobe 5,20,653,0.0306
6/8,1,7,dg,desce por grau,4,sobe 4,9,653,0.0138
6/8,1,7,dg,desce por grau,7,sobe 7,4,653,0.0061
6/8,1,7,dg,desce por grau,8,sobe 8,3,653,0.0046
6/8,1,7,dg,desce por grau,-3,desce 3,3,653,0.0046
6/8,1,7,dg,desce por grau,-4,desce 4,3,653,0.0046
6/8,2,1,r,repete,0,repete,973,1850,0.5259
6/8,2,1,r,repete,2,sobe 2,240,1850,0.1297
6/8,2,1,r,repete,1,sobe 1,223,1850,0.1205
6/8,2,1,r,repete,-1,desce 1,148,1850,0.08
6/8,2,1,r,repete,4,sobe 4,90,1850,0.0486
6/8,2,1,r,repete,-3,desce 3,63,1850,0.0341
6/8,2,1,r,repete,-2,desce 2,33,1850,0.0178
6/8,2,1,r,repete,3,sobe 3,27,1850,0.0146
6/8,2,1,r,repete,5,sobe 5,14,1850,0.0076
6/8,2,1,r,repete,-5,desce 5,13,1850,0.007
6/8,2,1,r,repete,7,sobe 7,10,1850,0.0054
6/8,2,1,r,repete,6,sobe 6,9,1850,0.0049
6/8,2,1,r,repete,-7,desce 7,4,1850,0.0022
6/8,2,1,r,repete,9,sobe 9,2,1850,0.0011
6/8,1,5,ds,desce por salto,3,sobe 3,476,1346,0.3536
6/8,1,5,ds,desce por salto,1,sobe 1,197,1346,0.1464
6/8,1,5,ds,desce por salto,0,repete,192,1346,0.1426
6/8,1,5,ds,desce por salto,5,sobe 5,110,1346,0.0817
6/8,1,5,ds,desce por salto,-1,desce 1,107,1346,0.0795
6/8,1,5,ds,desce por salto,2,sobe 2,70,1346,0.052
6/8,1,5,ds,desce por salto,4,sobe 4,63,1346,0.0468
6/8,1,5,ds,desce por salto,-2,desce 2,56,1346,0.0416
6/8,1,5,ds,desce por salto,7,sobe 7,36,1346,0.0267
6/8,1,5,ds,desce por salto,6,sobe 6,28,1346,0.0208
6/8,1,5,ds,desce por salto,9,sobe 9,6,1346,0.0045
6/8,1,5,ds,desce por salto,-4,desce 4,4,1346,0.003
6/8,2,5,r,repete,0,repete,631,1186,0.532
6/8,2,5,r,repete,-2,desce 2,134,1186,0.113
6/8,2,5,r,repete,1,sobe 1,117,1186,0.0987
6/8,2,5,r,repete,-1,desce 1,91,1186,0.0767
6/8,2,5,r,repete,3,sobe 3,67,1186,0.0565
6/8,2,5,r,repete,-3,desce 3,40,1186,0.0337
6/8,2,5,r,repete,5,sobe 5,36,1186,0.0304
6/8,2,5,r,repete,4,sobe 4,26,1186,0.0219
6/8,2,5,r,repete,2,sobe 2,23,1186,0.0194
6/8,2,5,r,repete,-4,desce 4,14,1186,0.0118
6/8,2,5,r,repete,6,sobe 6,4,1186,0.0034
6/8,2,5,r,repete,7,sobe 7,3,1186,0.0025
6/8,1,6,sg,sobe por grau,-1,desce 1,198,479,0.4134
6/8,1,6,sg,sobe por grau,1,sobe 1,93,479,0.1942
6/8,1,6,sg,sobe por grau,0,repete,67,479,0.1399
6/8,1,6,sg,sobe por grau,2,sobe 2,63,479,0.1315
6/8,1,6,sg,sobe por grau,-2,desce 2,28,479,0.0585
6/8,1,6,sg,sobe por grau,-5,desce 5,10,479,0.0209
6/8,1,6,sg,sobe por grau,-4,desce 4,8,479,0.0167
6/8,1,6,sg,sobe por grau,3,sobe 3,4,479,0.0084
6/8,1,6,sg,sobe por grau,-3,desce 3,3,479,0.0063
6/8,1,6,sg,sobe por grau,5,sobe 5,2,479,0.0042
6/8,2,6,sg,sobe por grau,-1,desce 1,153,504,0.3036
6/8,2,6,sg,sobe por grau,1,sobe 1,119,504,0.2361
6/8,2,6,sg,sobe por grau,2,sobe 2,83,504,0.1647
6/8,2,6,sg,sobe por grau,0,repete,82,504,0.1627
6/8,2,6,sg,sobe por grau,-2,desce 2,41,504,0.0813
6/8,2,6,sg,sobe por grau,-4,desce 4,10,504,0.0198
6/8,2,6,sg,sobe por grau,-5,desce 5,5,504,0.0099
6/8,2,6,sg,sobe por grau,3,sobe 3,4,504,0.0079
6/8,2,6,sg,sobe por grau,-3,desce 3,3,504,0.006
6/8,2,6,sg,sobe por grau,5,sobe 5,2,504,0.004
6/8,1,6,ss,sobe por salto,-1,desce 1,249,369,0.6748
6/8,1,6,ss,sobe por salto,0,repete,52,369,0.1409
6/8,1,6,ss,sobe por salto,1,sobe 1,18,369,0.0488
6/8,1,6,ss,sobe por salto,2,sobe 2,13,369,0.0352
6/8,1,6,ss,sobe por salto,-2,desce 2,12,369,0.0325
6/8,1,6,ss,sobe por salto,-5,desce 5,7,369,0.019
6/8,1,6,ss,sobe por salto,-3,desce 3,6,369,0.0163
6/8,1,6,ss,sobe por salto,-4,desce 4,4,369,0.0108
6/8,1,6,ss,sobe por salto,4,sobe 4,4,369,0.0108
6/8,1,6,ss,sobe por salto,3,sobe 3,3,369,0.0081
6/8,2,6,r,repete,0,repete,105,257,0.4086
6/8,2,6,r,repete,-1,desce 1,70,257,0.2724
6/8,2,6,r,repete,2,sobe 2,37,257,0.144
6/8,2,6,r,repete,1,sobe 1,15,257,0.0584
6/8,2,6,r,repete,5,sobe 5,10,257,0.0389
6/8,2,6,r,repete,3,sobe 3,6,257,0.0233
6/8,2,6,r,repete,-3,desce 3,6,257,0.0233
6/8,2,6,r,repete,-2,desce 2,4,257,0.0156
6/8,2,6,r,repete,4,sobe 4,3,257,0.0117
6/8,1,1,sg,sobe por grau,1,sobe 1,283,751,0.3768
6/8,1,1,sg,sobe por grau,-3,desce 3,131,751,0.1744
6/8,1,1,sg,sobe por grau,-1,desce 1,74,751,0.0985
6/8,1,1,sg,sobe por grau,2,sobe 2,70,751,0.0932
6/8,1,1,sg,sobe por grau,-2,desce 2,59,751,0.0786
6/8,1,1,sg,sobe por grau,0,repete,55,751,0.0732
6/8,1,1,sg,sobe por grau,-5,desce 5,17,751,0.0226
6/8,1,1,sg,sobe por grau,4,sobe 4,16,751,0.0213
6/8,1,1,sg,sobe por grau,-7,desce 7,15,751,0.02
6/8,1,1,sg,sobe por grau,-6,desce 6,12,751,0.016
6/8,1,1,sg,sobe por grau,7,sobe 7,5,751,0.0067
6/8,1,1,sg,sobe por grau,5,sobe 5,5,751,0.0067
6/8,1,1,sg,sobe por grau,3,sobe 3,4,751,0.0053
6/8,1,1,sg,sobe por grau,-4,desce 4,3,751,0.004
6/8,2,7,sg,sobe por grau,1,sobe 1,318,400,0.795
6/8,2,7,sg,sobe por grau,-2,desce 2,29,400,0.0725
6/8,2,7,sg,sobe por grau,0,repete,16,400,0.04
6/8,2,7,sg,sobe por grau,-1,desce 1,11,400,0.0275
6/8,2,7,sg,sobe por grau,2,sobe 2,9,400,0.0225
6/8,2,7,sg,sobe por grau,-3,desce 3,7,400,0.0175
6/8,2,7,sg,sobe por grau,3,sobe 3,4,400,0.01
6/8,2,7,sg,sobe por grau,-7,desce 7,4,400,0.01
6/8,2,5,ds,desce por salto,0,repete,339,927,0.3657
6/8,2,5,ds,desce por salto,-1,desce 1,127,927,0.137
6/8,2,5,ds,desce por salto,1,sobe 1,122,927,0.1316
6/8,2,5,ds,desce por salto,3,sobe 3,98,927,0.1057
6/8,2,5,ds,desce por salto,-2,desce 2,85,927,0.0917
6/8,2,5,ds,desce por salto,2,sobe 2,61,927,0.0658
6/8,2,5,ds,desce por salto,5,sobe 5,47,927,0.0507
6/8,2,5,ds,desce por salto,4,sobe 4,31,927,0.0334
6/8,2,5,ds,desce por salto,7,sobe 7,9,927,0.0097
6/8,2,5,ds,desce por salto,6,sobe 6,4,927,0.0043
6/8,2,5,ds,desce por salto,-3,desce 3,3,927,0.0032
6/8,1,1,dg,desce por grau,-1,desce 1,312,1256,0.2484
6/8,1,1,dg,desce por grau,1,sobe 1,237,1256,0.1887
6/8,1,1,dg,desce por grau,2,sobe 2,167,1256,0.133
6/8,1,1,dg,desce por grau,0,repete,155,1256,0.1234
6/8,1,1,dg,desce por grau,4,sobe 4,134,1256,0.1067
6/8,1,1,dg,desce por grau,3,sobe 3,72,1256,0.0573
6/8,1,1,dg,desce por grau,-2,desce 2,70,1256,0.0557
6/8,1,1,dg,desce por grau,7,sobe 7,40,1256,0.0318
6/8,1,1,dg,desce por grau,-3,desce 3,30,1256,0.0239
6/8,1,1,dg,desce por grau,5,sobe 5,25,1256,0.0199
6/8,1,1,dg,desce por grau,9,sobe 9,6,1256,0.0048
6/8,1,1,dg,desce por grau,6,sobe 6,4,1256,0.0032
6/8,1,1,dg,desce por grau,8,sobe 8,3,1256,0.0024
6/8,2,2,ds,desce por salto,0,repete,152,518,0.2934
6/8,2,2,ds,desce por salto,1,sobe 1,119,518,0.2297
6/8,2,2,ds,desce por salto,-1,desce 1,74,518,0.1429
6/8,2,2,ds,desce por salto,-2,desce 2,57,518,0.11
6/8,2,2,ds,desce por salto,3,sobe 3,46,518,0.0888
6/8,2,2,ds,desce por salto,2,sobe 2,36,518,0.0695
6/8,2,2,ds,desce por salto,4,sobe 4,15,518,0.029
6/8,2,2,ds,desce por salto,-4,desce 4,8,518,0.0154
6/8,2,2,ds,desce por salto,5,sobe 5,8,518,0.0154
6/8,2,2,ds,desce por salto,7,sobe 7,2,518,0.0039
6/8,1,3,ds,desce por salto,-1,desce 1,280,1137,0.2463
6/8,1,3,ds,desce por salto,1,sobe 1,266,1137,0.2339
6/8,1,3,ds,desce por salto,2,sobe 2,187,1137,0.1645
6/8,1,3,ds,desce por salto,0,repete,108,1137,0.095
6/8,1,3,ds,desce por salto,-2,desce 2,105,1137,0.0923
6/8,1,3,ds,desce por salto,5,sobe 5,96,1137,0.0844
6/8,1,3,ds,desce por salto,3,sobe 3,56,1137,0.0493
6/8,1,3,ds,desce por salto,7,sobe 7,12,1137,0.0106
6/8,1,3,ds,desce por salto,-3,desce 3,9,1137,0.0079
6/8,1,3,ds,desce por salto,4,sobe 4,7,1137,0.0062
6/8,1,3,ds,desce por salto,6,sobe 6,4,1137,0.0035
6/8,1,3,ds,desce por salto,9,sobe 9,3,1137,0.0026
6/8,1,3,ds,desce por salto,-4,desce 4,2,1137,0.0018
6/8,1,3,ds,desce por salto,8,sobe 8,2,1137,0.0018
6/8,1,5,dg,desce por grau,0,repete,173,766,0.2258
6/8,1,5,dg,desce por grau,3,sobe 3,150,766,0.1958
6/8,1,5,dg,desce por grau,-1,desce 1,149,766,0.1945
6/8,1,5,dg,desce por grau,1,sobe 1,117,766,0.1527
6/8,1,5,dg,desce por grau,-2,desce 2,74,766,0.0966
6/8,1,5,dg,desce por grau,5,sobe 5,32,766,0.0418
6/8,1,5,dg,desce por grau,2,sobe 2,18,766,0.0235
6/8,1,5,dg,desce por grau,4,sobe 4,14,766,0.0183
6/8,1,5,dg,desce por grau,7,sobe 7,13,766,0.017
6/8,1,5,dg,desce por grau,9,sobe 9,9,766,0.0117
6/8,1,5,dg,desce por grau,-3,desce 3,7,766,0.0091
6/8,1,5,dg,desce por grau,-4,desce 4,5,766,0.0065
6/8,1,5,dg,desce por grau,6,sobe 6,3,766,0.0039
6/8,2,7,dg,desce por grau,1,sobe 1,210,493,0.426
6/8,2,7,dg,desce por grau,-1,desce 1,86,493,0.1744
6/8,2,7,dg,desce por grau,-2,desce 2,67,493,0.1359
6/8,2,7,dg,desce por grau,0,repete,59,493,0.1197
6/8,2,7,dg,desce por grau,2,sobe 2,35,493,0.071
6/8,2,7,dg,desce por grau,3,sobe 3,19,493,0.0385
6/8,2,7,dg,desce por grau,4,sobe 4,6,493,0.0122
6/8,2,7,dg,desce por grau,6,sobe 6,3,493,0.0061
6/8,2,7,dg,desce por grau,7,sobe 7,3,493,0.0061
6/8,2,7,dg,desce por grau,-4,desce 4,2,493,0.0041
6/8,2,7,dg,desce por grau,5,sobe 5,2,493,0.0041
6/8,2,5,sg,sobe por grau,0,repete,203,784,0.2589
6/8,2,5,sg,sobe por grau,1,sobe 1,160,784,0.2041
6/8,2,5,sg,sobe por grau,-2,desce 2,117,784,0.1492
6/8,2,5,sg,sobe por grau,-1,desce 1,100,784,0.1276
6/8,2,5,sg,sobe por grau,-3,desce 3,52,784,0.0663
6/8,2,5,sg,sobe por grau,2,sobe 2,48,784,0.0612
6/8,2,5,sg,sobe por grau,3,sobe 3,32,784,0.0408
6/8,2,5,sg,sobe por grau,-4,desce 4,24,784,0.0306
6/8,2,5,sg,sobe por grau,-7,desce 7,19,784,0.0242
6/8,2,5,sg,sobe por grau,-6,desce 6,12,784,0.0153
6/8,2,5,sg,sobe por grau,5,sobe 5,12,784,0.0153
6/8,2,5,sg,sobe por grau,-5,desce 5,4,784,0.0051
6/8,1,1,r,repete,0,repete,162,709,0.2285
6/8,1,1,r,repete,2,sobe 2,127,709,0.1791
6/8,1,1,r,repete,1,sobe 1,123,709,0.1735
6/8,1,1,r,repete,-1,desce 1,60,709,0.0846
6/8,1,1,r,repete,4,sobe 4,53,709,0.0748
6/8,1,1,r,repete,3,sobe 3,50,709,0.0705
6/8,1,1,r,repete,-3,desce 3,42,709,0.0592
6/8,1,1,r,repete,-2,desce 2,21,709,0.0296
6/8,1,1,r,repete,7,sobe 7,20,709,0.0282
6/8,1,1,r,repete,5,sobe 5,20,709,0.0282
6/8,1,1,r,repete,-5,desce 5,12,709,0.0169
6/8,1,1,r,repete,-4,desce 4,5,709,0.0071
6/8,1,1,r,repete,-7,desce 7,4,709,0.0056
6/8,1,1,r,repete,9,sobe 9,3,709,0.0042
6/8,1,1,r,repete,-6,desce 6,3,709,0.0042
6/8,1,1,r,repete,8,sobe 8,2,709,0.0028
6/8,1,1,r,repete,6,sobe 6,2,709,0.0028
6/8,2,3,ds,desce por salto,1,sobe 1,244,1067,0.2287
6/8,2,3,ds,desce por salto,-1,desce 1,221,1067,0.2071
6/8,2,3,ds,desce por salto,0,repete,169,1067,0.1584
6/8,2,3,ds,desce por salto,-2,desce 2,168,1067,0.1575
6/8,2,3,ds,desce por salto,2,sobe 2,140,1067,0.1312
6/8,2,3,ds,desce por salto,5,sobe 5,58,1067,0.0544
6/8,2,3,ds,desce por salto,3,sobe 3,27,1067,0.0253
6/8,2,3,ds,desce por salto,-5,desce 5,15,1067,0.0141
6/8,2,3,ds,desce por salto,4,sobe 4,12,1067,0.0112
6/8,2,3,ds,desce por salto,7,sobe 7,6,1067,0.0056
6/8,2,3,ds,desce por salto,-3,desce 3,6,1067,0.0056
6/8,1,2,ds,desce por salto,1,sobe 1,277,699,0.3963
6/8,1,2,ds,desce por salto,-1,desce 1,220,699,0.3147
6/8,1,2,ds,desce por salto,0,repete,60,699,0.0858
6/8,1,2,ds,desce por salto,3,sobe 3,59,699,0.0844
6/8,1,2,ds,desce por salto,-2,desce 2,29,699,0.0415
6/8,1,2,ds,desce por salto,2,sobe 2,23,699,0.0329
6/8,1,2,ds,desce por salto,6,sobe 6,12,699,0.0172
6/8,1,2,ds,desce por salto,5,sobe 5,8,699,0.0114
6/8,1,2,ds,desce por salto,4,sobe 4,5,699,0.0072
6/8,1,2,ds,desce por salto,7,sobe 7,2,699,0.0029
6/8,1,2,ds,desce por salto,-4,desce 4,2,699,0.0029
6/8,1,2,sg,sobe por grau,1,sobe 1,1007,1396,0.7213
6/8,1,2,sg,sobe por grau,-1,desce 1,235,1396,0.1683
6/8,1,2,sg,sobe por grau,0,repete,48,1396,0.0344
6/8,1,2,sg,sobe por grau,-2,desce 2,26,1396,0.0186
6/8,1,2,sg,sobe por grau,2,sobe 2,20,1396,0.0143
6/8,1,2,sg,sobe por grau,3,sobe 3,19,1396,0.0136
6/8,1,2,sg,sobe por grau,-4,desce 4,19,1396,0.0136
6/8,1,2,sg,sobe por grau,-3,desce 3,10,1396,0.0072
6/8,1,2,sg,sobe por grau,-6,desce 6,3,1396,0.0021
6/8,1,2,sg,sobe por grau,-7,desce 7,3,1396,0.0021
6/8,1,2,sg,sobe por grau,6,sobe 6,2,1396,0.0014
6/8,1,2,sg,sobe por grau,-5,desce 5,2,1396,0.0014
6/8,2,3,ss,sobe por salto,2,sobe 2,202,749,0.2697
6/8,2,3,ss,sobe por salto,-1,desce 1,171,749,0.2283
6/8,2,3,ss,sobe por salto,0,repete,170,749,0.227
6/8,2,3,ss,sobe por salto,1,sobe 1,85,749,0.1135
6/8,2,3,ss,sobe por salto,-2,desce 2,52,749,0.0694
6/8,2,3,ss,sobe por salto,-3,desce 3,21,749,0.028
6/8,2,3,ss,sobe por salto,-5,desce 5,17,749,0.0227
6/8,2,3,ss,sobe por salto,5,sobe 5,9,749,0.012
6/8,2,3,ss,sobe por salto,-4,desce 4,7,749,0.0093
6/8,2,3,ss,sobe por salto,7,sobe 7,6,749,0.008
6/8,2,3,ss,sobe por salto,3,sobe 3,4,749,0.0053
6/8,2,3,ss,sobe por salto,-8,desce 8,2,749,0.0027
6/8,2,3,ss,sobe por salto,-7,desce 7,2,749,0.0027
6/8,1,1,ss,sobe por salto,-3,desce 3,144,693,0.2078
6/8,1,1,ss,sobe por salto,-1,desce 1,131,693,0.189
6/8,1,1,ss,sobe por salto,0,repete,128,693,0.1847
6/8,1,1,ss,sobe por salto,1,sobe 1,78,693,0.1126
6/8,1,1,ss,sobe por salto,-2,desce 2,65,693,0.0938
6/8,1,1,ss,sobe por salto,2,sobe 2,62,693,0.0895
6/8,1,1,ss,sobe por salto,-5,desce 5,35,693,0.0505
6/8,1,1,ss,sobe por salto,3,sobe 3,20,693,0.0289
6/8,1,1,ss,sobe por salto,-6,desce 6,10,693,0.0144
6/8,1,1,ss,sobe por salto,-7,desce 7,10,693,0.0144
6/8,1,1,ss,sobe por salto,-4,desce 4,7,693,0.0101
6/8,1,1,ss,sobe por salto,4,sobe 4,2,693,0.0029
6/8,1,4,dg,desce por grau,-1,desce 1,946,1316,0.7188
6/8,1,4,dg,desce por grau,1,sobe 1,224,1316,0.1702
6/8,1,4,dg,desce por grau,0,repete,51,1316,0.0388
6/8,1,4,dg,desce por grau,-2,desce 2,39,1316,0.0296
6/8,1,4,dg,desce por grau,4,sobe 4,18,1316,0.0137
6/8,1,4,dg,desce por grau,-3,desce 3,10,1316,0.0076
6/8,1,4,dg,desce por grau,3,sobe 3,10,1316,0.0076
6/8,1,4,dg,desce por grau,8,sobe 8,4,1316,0.003
6/8,1,4,dg,desce por grau,6,sobe 6,4,1316,0.003
6/8,1,4,dg,desce por grau,2,sobe 2,3,1316,0.0023
6/8,1,4,dg,desce por grau,7,sobe 7,3,1316,0.0023
6/8,1,4,dg,desce por grau,-4,desce 4,2,1316,0.0015
6/8,2,4,sg,sobe por grau,1,sobe 1,402,775,0.5187
6/8,2,4,sg,sobe por grau,-1,desce 1,119,775,0.1535
6/8,2,4,sg,sobe por grau,-2,desce 2,107,775,0.1381
6/8,2,4,sg,sobe por grau,0,repete,47,775,0.0606
6/8,2,4,sg,sobe por grau,2,sobe 2,40,775,0.0516
6/8,2,4,sg,sobe por grau,-6,desce 6,15,775,0.0194
6/8,2,4,sg,sobe por grau,-3,desce 3,14,775,0.0181
6/8,2,4,sg,sobe por grau,-4,desce 4,10,775,0.0129
6/8,2,4,sg,sobe por grau,-5,desce 5,8,775,0.0103
6/8,2,4,sg,sobe por grau,3,sobe 3,5,775,0.0065
6/8,2,4,sg,sobe por grau,4,sobe 4,3,775,0.0039
6/8,2,4,sg,sobe por grau,7,sobe 7,2,775,0.0026
6/8,1,3,dg,desce por grau,-1,desce 1,478,1053,0.4539
6/8,1,3,dg,desce por grau,1,sobe 1,224,1053,0.2127
6/8,1,3,dg,desce por grau,0,repete,107,1053,0.1016
6/8,1,3,dg,desce por grau,2,sobe 2,77,1053,0.0731
6/8,1,3,dg,desce por grau,-2,desce 2,73,1053,0.0693
6/8,1,3,dg,desce por grau,3,sobe 3,45,1053,0.0427
6/8,1,3,dg,desce por grau,5,sobe 5,20,1053,0.019
6/8,1,3,dg,desce por grau,4,sobe 4,12,1053,0.0114
6/8,1,3,dg,desce por grau,7,sobe 7,5,1053,0.0047
6/8,1,3,dg,desce por grau,-5,desce 5,5,1053,0.0047
6/8,1,3,dg,desce por grau,-3,desce 3,3,1053,0.0028
6/8,1,3,dg,desce por grau,-4,desce 4,3,1053,0.0028
6/8,1,3,ss,sobe por salto,-1,desce 1,211,715,0.2951
6/8,1,3,ss,sobe por salto,2,sobe 2,210,715,0.2937
6/8,1,3,ss,sobe por salto,0,repete,94,715,0.1315
6/8,1,3,ss,sobe por salto,1,sobe 1,91,715,0.1273
6/8,1,3,ss,sobe por salto,-2,desce 2,58,715,0.0811
6/8,1,3,ss,sobe por salto,-3,desce 3,31,715,0.0434
6/8,1,3,ss,sobe por salto,-5,desce 5,11,715,0.0154
6/8,1,3,ss,sobe por salto,-6,desce 6,3,715,0.0042
6/8,1,3,ss,sobe por salto,-7,desce 7,3,715,0.0042
6/8,2,5,ss,sobe por salto,0,repete,411,1221,0.3366
6/8,2,5,ss,sobe por salto,3,sobe 3,246,1221,0.2015
6/8,2,5,ss,sobe por salto,-1,desce 1,148,1221,0.1212
6/8,2,5,ss,sobe por salto,1,sobe 1,130,1221,0.1065
6/8,2,5,ss,sobe por salto,-2,desce 2,94,1221,0.077
6/8,2,5,ss,sobe por salto,-4,desce 4,82,1221,0.0672
6/8,2,5,ss,sobe por salto,-3,desce 3,60,1221,0.0491
6/8,2,5,ss,sobe por salto,-7,desce 7,18,1221,0.0147
6/8,2,5,ss,sobe por salto,2,sobe 2,16,1221,0.0131
6/8,2,5,ss,sobe por salto,5,sobe 5,6,1221,0.0049
6/8,2,5,ss,sobe por salto,-5,desce 5,4,1221,0.0033
6/8,2,5,ss,sobe por salto,7,sobe 7,2,1221,0.0016
6/8,2,5,ss,sobe por salto,4,sobe 4,2,1221,0.0016
6/8,1,2,dg,desce por grau,-1,desce 1,650,1168,0.5565
6/8,1,2,dg,desce por grau,1,sobe 1,305,1168,0.2611
6/8,1,2,dg,desce por grau,3,sobe 3,61,1168,0.0522
6/8,1,2,dg,desce por grau,0,repete,60,1168,0.0514
6/8,1,2,dg,desce por grau,2,sobe 2,21,1168,0.018
6/8,1,2,dg,desce por grau,-2,desce 2,17,1168,0.0146
6/8,1,2,dg,desce por grau,4,sobe 4,14,1168,0.012
6/8,1,2,dg,desce por grau,-4,desce 4,12,1168,0.0103
6/8,1,2,dg,desce por grau,6,sobe 6,11,1168,0.0094
6/8,1,2,dg,desce por grau,7,sobe 7,5,1168,0.0043
6/8,1,2,dg,desce por grau,-3,desce 3,5,1168,0.0043
6/8,1,2,dg,desce por grau,-8,desce 8,3,1168,0.0026
6/8,1,2,dg,desce por grau,5,sobe 5,3,1168,0.0026
6/8,2,3,sg,sobe por grau,1,sobe 1,472,1162,0.4062
6/8,2,3,sg,sobe por grau,-2,desce 2,199,1162,0.1713
6/8,2,3,sg,sobe por grau,-1,desce 1,160,1162,0.1377
6/8,2,3,sg,sobe por grau,0,repete,121,1162,0.1041
6/8,2,3,sg,sobe por grau,2,sobe 2,101,1162,0.0869
6/8,2,3,sg,sobe por grau,-5,desce 5,40,1162,0.0344
6/8,2,3,sg,sobe por grau,-3,desce 3,36,1162,0.031
6/8,2,3,sg,sobe por grau,5,sobe 5,16,1162,0.0138
6/8,2,3,sg,sobe por grau,-4,desce 4,7,1162,0.006
6/8,2,3,sg,sobe por grau,4,sobe 4,3,1162,0.0026
6/8,2,3,sg,sobe por grau,7,sobe 7,2,1162,0.0017
6/8,2,3,sg,sobe por grau,-7,desce 7,2,1162,0.0017
6/8,2,3,sg,sobe por grau,-9,desce 9,2,1162,0.0017
6/8,1,4,sg,sobe por grau,1,sobe 1,1000,1429,0.6998
6/8,1,4,sg,sobe por grau,-1,desce 1,292,1429,0.2043
6/8,1,4,sg,sobe por grau,-2,desce 2,40,1429,0.028
6/8,1,4,sg,sobe por grau,2,sobe 2,33,1429,0.0231
6/8,1,4,sg,sobe por grau,0,repete,25,1429,0.0175
6/8,1,4,sg,sobe por grau,-3,desce 3,20,1429,0.014
6/8,1,4,sg,sobe por grau,4,sobe 4,5,1429,0.0035
6/8,1,4,sg,sobe por grau,-6,desce 6,5,1429,0.0035
6/8,1,4,sg,sobe por grau,3,sobe 3,3,1429,0.0021
6/8,1,4,sg,sobe por grau,-4,desce 4,2,1429,0.0014
6/8,2,2,r,repete,0,repete,541,829,0.6526
6/8,2,2,r,repete,2,sobe 2,65,829,0.0784
6/8,2,2,r,repete,1,sobe 1,56,829,0.0676
6/8,2,2,r,repete,3,sobe 3,43,829,0.0519
6/8,2,2,r,repete,-2,desce 2,41,829,0.0495
6/8,2,2,r,repete,-1,desce 1,27,829,0.0326
6/8,2,2,r,repete,4,sobe 4,19,829,0.0229
6/8,2,2,r,repete,-4,desce 4,16,829,0.0193
6/8,2,2,r,repete,6,sobe 6,9,829,0.0109
6/8,2,2,r,repete,-3,desce 3,5,829,0.006
6/8,2,2,r,repete,7,sobe 7,2,829,0.0024
6/8,2,2,r,repete,5,sobe 5,2,829,0.0024
6/8,1,5,sg,sobe por grau,1,sobe 1,246,759,0.3241
6/8,1,5,sg,sobe por grau,-2,desce 2,163,759,0.2148
6/8,1,5,sg,sobe por grau,-1,desce 1,113,759,0.1489
6/8,1,5,sg,sobe por grau,0,repete,70,759,0.0922
6/8,1,5,sg,sobe por grau,-3,desce 3,43,759,0.0567
6/8,1,5,sg,sobe por grau,-4,desce 4,33,759,0.0435
6/8,1,5,sg,sobe por grau,3,sobe 3,31,759,0.0408
6/8,1,5,sg,sobe por grau,2,sobe 2,26,759,0.0343
6/8,1,5,sg,sobe por grau,5,sobe 5,11,759,0.0145
6/8,1,5,sg,sobe por grau,-5,desce 5,7,759,0.0092
6/8,1,5,sg,sobe por grau,4,sobe 4,6,759,0.0079
6/8,1,5,sg,sobe por grau,-7,desce 7,5,759,0.0066
6/8,1,5,sg,sobe por grau,7,sobe 7,2,759,0.0026
6/8,2,3,r,repete,0,repete,409,989,0.4135
6/8,2,3,r,repete,-1,desce 1,194,989,0.1962
6/8,2,3,r,repete,2,sobe 2,138,989,0.1395
6/8,2,3,r,repete,1,sobe 1,119,989,0.1203
6/8,2,3,r,repete,-2,desce 2,47,989,0.0475
6/8,2,3,r,repete,5,sobe 5,28,989,0.0283
6/8,2,3,r,repete,4,sobe 4,18,989,0.0182
6/8,2,3,r,repete,3,sobe 3,16,989,0.0162
6/8,2,3,r,repete,-5,desce 5,13,989,0.0131
6/8,2,3,r,repete,-3,desce 3,6,989,0.0061
6/8,2,4,dg,desce por grau,-1,desce 1,487,913,0.5334
6/8,2,4,dg,desce por grau,1,sobe 1,131,913,0.1435
6/8,2,4,dg,desce por grau,0,repete,127,913,0.1391
6/8,2,4,dg,desce por grau,-2,desce 2,104,913,0.1139
6/8,2,4,dg,desce por grau,2,sobe 2,31,913,0.034
6/8,2,4,dg,desce por grau,4,sobe 4,7,913,0.0077
6/8,2,4,dg,desce por grau,-3,desce 3,6,913,0.0066
6/8,2,4,dg,desce por grau,3,sobe 3,6,913,0.0066
6/8,2,4,dg,desce por grau,-5,desce 5,5,913,0.0055
6/8,2,4,dg,desce por grau,5,sobe 5,4,913,0.0044
6/8,2,4,dg,desce por grau,7,sobe 7,3,913,0.0033
6/8,2,4,dg,desce por grau,6,sobe 6,2,913,0.0022
6/8,1,1,ds,desce por salto,1,sobe 1,302,1340,0.2254
6/8,1,1,ds,desce por salto,-1,desce 1,188,1340,0.1403
6/8,1,1,ds,desce por salto,2,sobe 2,181,1340,0.1351
6/8,1,1,ds,desce por salto,0,repete,180,1340,0.1343
6/8,1,1,ds,desce por salto,3,sobe 3,167,1340,0.1246
6/8,1,1,ds,desce por salto,4,sobe 4,104,1340,0.0776
6/8,1,1,ds,desce por salto,5,sobe 5,61,1340,0.0455
6/8,1,1,ds,desce por salto,-2,desce 2,53,1340,0.0396
6/8,1,1,ds,desce por salto,7,sobe 7,49,1340,0.0366
6/8,1,1,ds,desce por salto,-3,desce 3,31,1340,0.0231
6/8,1,1,ds,desce por salto,9,sobe 9,15,1340,0.0112
6/8,1,1,ds,desce por salto,6,sobe 6,5,1340,0.0037
6/8,1,1,ds,desce por salto,8,sobe 8,3,1340,0.0022
6/8,1,3,0,—,0,repete,27,73,0.3699
6/8,1,3,0,—,2,sobe 2,15,73,0.2055
6/8,1,3,0,—,-3,desce 3,11,73,0.1507
6/8,1,3,0,—,-2,desce 2,11,73,0.1507
6/8,1,3,0,—,1,sobe 1,3,73,0.0411
6/8,1,3,0,—,-1,desce 1,2,73,0.0274
6/8,2,1,ds,desce por salto,0,repete,567,1489,0.3808
6/8,2,1,ds,desce por salto,1,sobe 1,305,1489,0.2048
6/8,2,1,ds,desce por salto,-1,desce 1,175,1489,0.1175
6/8,2,1,ds,desce por salto,2,sobe 2,136,1489,0.0913
6/8,2,1,ds,desce por salto,3,sobe 3,93,1489,0.0625
6/8,2,1,ds,desce por salto,4,sobe 4,76,1489,0.051
6/8,2,1,ds,desce por salto,-3,desce 3,48,1489,0.0322
6/8,2,1,ds,desce por salto,-2,desce 2,42,1489,0.0282
6/8,2,1,ds,desce por salto,5,sobe 5,22,1489,0.0148
6/8,2,1,ds,desce por salto,7,sobe 7,19,1489,0.0128
6/8,2,1,ds,desce por salto,-7,desce 7,2,1489,0.0013
6/8,2,1,ds,desce por salto,-4,desce 4,2,1489,0.0013
6/8,2,1,ds,desce por salto,6,sobe 6,2,1489,0.0013
6/8,1,2,ss,sobe por salto,-1,desce 1,114,295,0.3864
6/8,1,2,ss,sobe por salto,1,sobe 1,82,295,0.278
6/8,1,2,ss,sobe por salto,0,repete,47,295,0.1593
6/8,1,2,ss,sobe por salto,-2,desce 2,12,295,0.0407
6/8,1,2,ss,sobe por salto,-4,desce 4,12,295,0.0407
6/8,1,2,ss,sobe por salto,3,sobe 3,11,295,0.0373
6/8,1,2,ss,sobe por salto,2,sobe 2,7,295,0.0237
6/8,1,2,ss,sobe por salto,-3,desce 3,6,295,0.0203
6/8,1,2,ss,sobe por salto,-7,desce 7,2,295,0.0068
6/8,1,7,ds,desce por salto,1,sobe 1,330,555,0.5946
6/8,1,7,ds,desce por salto,2,sobe 2,61,555,0.1099
6/8,1,7,ds,desce por salto,3,sobe 3,54,555,0.0973
6/8,1,7,ds,desce por salto,-2,desce 2,41,555,0.0739
6/8,1,7,ds,desce por salto,5,sobe 5,17,555,0.0306
6/8,1,7,ds,desce por salto,-1,desce 1,16,555,0.0288
6/8,1,7,ds,desce por salto,4,sobe 4,15,555,0.027
6/8,1,7,ds,desce por salto,0,repete,10,555,0.018
6/8,1,7,ds,desce por salto,8,sobe 8,6,555,0.0108
6/8,1,7,ds,desce por salto,6,sobe 6,3,555,0.0054
6/8,2,1,sg,sobe por grau,1,sobe 1,257,796,0.3229
6/8,2,1,sg,sobe por grau,-3,desce 3,161,796,0.2023
6/8,2,1,sg,sobe por grau,0,repete,128,796,0.1608
6/8,2,1,sg,sobe por grau,2,sobe 2,78,796,0.098
6/8,2,1,sg,sobe por grau,-1,desce 1,51,796,0.0641
6/8,2,1,sg,sobe por grau,-2,desce 2,47,796,0.059
6/8,2,1,sg,sobe por grau,-7,desce 7,36,796,0.0452
6/8,2,1,sg,sobe por grau,4,sobe 4,12,796,0.0151
6/8,2,1,sg,sobe por grau,-5,desce 5,11,796,0.0138
6/8,2,1,sg,sobe por grau,-6,desce 6,9,796,0.0113
6/8,2,1,sg,sobe por grau,3,sobe 3,3,796,0.0038
6/8,2,1,sg,sobe por grau,7,sobe 7,2,796,0.0025
6/8,1,1,0,—,0,repete,80,184,0.4348
6/8,1,1,0,—,2,sobe 2,33,184,0.1793
6/8,1,1,0,—,-1,desce 1,17,184,0.0924
6/8,1,1,0,—,3,sobe 3,11,184,0.0598
6/8,1,1,0,—,4,sobe 4,11,184,0.0598
6/8,1,1,0,—,-3,desce 3,9,184,0.0489
6/8,1,1,0,—,-2,desce 2,7,184,0.038
6/8,1,1,0,—,-5,desce 5,7,184,0.038
6/8,1,1,0,—,1,sobe 1,5,184,0.0272
6/8,1,1,0,—,-7,desce 7,2,184,0.0109
6/8,2,1,ss,sobe por salto,0,repete,239,773,0.3092
6/8,2,1,ss,sobe por salto,-3,desce 3,137,773,0.1772
6/8,2,1,ss,sobe por salto,-1,desce 1,120,773,0.1552
6/8,2,1,ss,sobe por salto,2,sobe 2,89,773,0.1151
6/8,2,1,ss,sobe por salto,1,sobe 1,58,773,0.075
6/8,2,1,ss,sobe por salto,-2,desce 2,54,773,0.0699
6/8,2,1,ss,sobe por salto,-5,desce 5,54,773,0.0699
6/8,2,1,ss,sobe por salto,3,sobe 3,9,773,0.0116
6/8,2,1,ss,sobe por salto,4,sobe 4,4,773,0.0052
6/8,2,1,ss,sobe por salto,-4,desce 4,4,773,0.0052
6/8,2,1,ss,sobe por salto,-6,desce 6,2,773,0.0026
6/8,2,1,ss,sobe por salto,-7,desce 7,2,773,0.0026
6/8,2,6,dg,desce por grau,-1,desce 1,358,500,0.716
6/8,2,6,dg,desce por grau,0,repete,61,500,0.122
6/8,2,6,dg,desce por grau,1,sobe 1,42,500,0.084
6/8,2,6,dg,desce por grau,2,sobe 2,13,500,0.026
6/8,2,6,dg,desce por grau,3,sobe 3,11,500,0.022
6/8,2,6,dg,desce por grau,-2,desce 2,6,500,0.012
6/8,2,6,dg,desce por grau,4,sobe 4,3,500,0.006
6/8,2,6,dg,desce por grau,5,sobe 5,3,500,0.006
6/8,2,7,ss,sobe por salto,1,sobe 1,49,170,0.2882
6/8,2,7,ss,sobe por salto,0,repete,47,170,0.2765
6/8,2,7,ss,sobe por salto,-3,desce 3,17,170,0.1
6/8,2,7,ss,sobe por salto,2,sobe 2,16,170,0.0941
6/8,2,7,ss,sobe por salto,3,sobe 3,12,170,0.0706
6/8,2,7,ss,sobe por salto,-1,desce 1,10,170,0.0588
6/8,2,7,ss,sobe por salto,-2,desce 2,9,170,0.0529
6/8,2,7,ss,sobe por salto,-7,desce 7,5,170,0.0294
6/8,2,7,ss,sobe por salto,-6,desce 6,2,170,0.0118
6/8,2,7,ss,sobe por salto,-5,desce 5,2,170,0.0118
6/8,2,2,sg,sobe por grau,1,sobe 1,503,797,0.6311
6/8,2,2,sg,sobe por grau,-1,desce 1,86,797,0.1079
6/8,2,2,sg,sobe por grau,0,repete,58,797,0.0728
6/8,2,2,sg,sobe por grau,-4,desce 4,51,797,0.064
6/8,2,2,sg,sobe por grau,-2,desce 2,42,797,0.0527
6/8,2,2,sg,sobe por grau,2,sobe 2,25,797,0.0314
6/8,2,2,sg,sobe por grau,3,sobe 3,24,797,0.0301
6/8,2,2,sg,sobe por grau,-7,desce 7,4,797,0.005
6/8,2,2,sg,sobe por grau,5,sobe 5,2,797,0.0025
6/8,1,5,r,repete,0,repete,265,972,0.2726
6/8,1,5,r,repete,3,sobe 3,193,972,0.1986
6/8,1,5,r,repete,1,sobe 1,157,972,0.1615
6/8,1,5,r,repete,-2,desce 2,91,972,0.0936
6/8,1,5,r,repete,-1,desce 1,83,972,0.0854
6/8,1,5,r,repete,5,sobe 5,46,972,0.0473
6/8,1,5,r,repete,4,sobe 4,38,972,0.0391
6/8,1,5,r,repete,6,sobe 6,25,972,0.0257
6/8,1,5,r,repete,2,sobe 2,23,972,0.0237
6/8,1,5,r,repete,-4,desce 4,23,972,0.0237
6/8,1,5,r,repete,-3,desce 3,15,972,0.0154
6/8,1,5,r,repete,7,sobe 7,9,972,0.0093
6/8,1,5,r,repete,9,sobe 9,3,972,0.0031
6/8,1,6,r,repete,-1,desce 1,84,182,0.4615
6/8,1,6,r,repete,0,repete,29,182,0.1593
6/8,1,6,r,repete,1,sobe 1,14,182,0.0769
6/8,1,6,r,repete,2,sobe 2,11,182,0.0604
6/8,1,6,r,repete,5,sobe 5,10,182,0.0549
6/8,1,6,r,repete,-3,desce 3,10,182,0.0549
6/8,1,6,r,repete,-2,desce 2,5,182,0.0275
6/8,1,6,r,repete,6,sobe 6,5,182,0.0275
6/8,1,6,r,repete,-4,desce 4,4,182,0.022
6/8,1,6,r,repete,4,sobe 4,4,182,0.022
6/8,1,6,r,repete,-5,desce 5,3,182,0.0165
6/8,1,6,r,repete,3,sobe 3,2,182,0.011
6/8,2,7,r,repete,0,repete,62,122,0.5082
6/8,2,7,r,repete,4,sobe 4,12,122,0.0984
6/8,2,7,r,repete,-1,desce 1,11,122,0.0902
6/8,2,7,r,repete,-2,desce 2,10,122,0.082
6/8,2,7,r,repete,1,sobe 1,9,122,0.0738
6/8,2,7,r,repete,2,sobe 2,7,122,0.0574
6/8,2,7,r,repete,3,sobe 3,5,122,0.041
6/8,2,7,r,repete,-4,desce 4,2,122,0.0164
6/8,2,7,r,repete,-3,desce 3,2,122,0.0164
6/8,1,7,0,—,3,sobe 3,40,69,0.5797
6/8,1,7,0,—,-2,desce 2,11,69,0.1594
6/8,1,7,0,—,1,sobe 1,8,69,0.1159
6/8,1,7,0,—,0,repete,6,69,0.087
6/8,1,7,0,—,-1,desce 1,2,69,0.029
6/8,1,7,0,—,5,sobe 5,2,69,0.029
6/8,2,6,ds,desce por salto,-1,desce 1,244,481,0.5073
6/8,2,6,ds,desce por salto,0,repete,109,481,0.2266
6/8,2,6,ds,desce por salto,1,sobe 1,51,481,0.106
6/8,2,6,ds,desce por salto,3,sobe 3,25,481,0.052
6/8,2,6,ds,desce por salto,2,sobe 2,19,481,0.0395
6/8,2,6,ds,desce por salto,-2,desce 2,17,481,0.0353
6/8,2,6,ds,desce por salto,5,sobe 5,13,481,0.027
6/8,2,4,r,repete,0,repete,259,497,0.5211
6/8,2,4,r,repete,-1,desce 1,84,497,0.169
6/8,2,4,r,repete,1,sobe 1,42,497,0.0845
6/8,2,4,r,repete,-2,desce 2,41,497,0.0825
6/8,2,4,r,repete,2,sobe 2,38,497,0.0765
6/8,2,4,r,repete,-3,desce 3,16,497,0.0322
6/8,2,4,r,repete,4,sobe 4,8,497,0.0161
6/8,2,4,r,repete,-4,desce 4,3,497,0.006
6/8,2,4,r,repete,3,sobe 3,3,497,0.006
6/8,2,4,r,repete,7,sobe 7,2,497,0.004
6/8,1,6,ds,desce por salto,-1,desce 1,323,524,0.6164
6/8,1,6,ds,desce por salto,2,sobe 2,70,524,0.1336
6/8,1,6,ds,desce por salto,1,sobe 1,38,524,0.0725
6/8,1,6,ds,desce por salto,0,repete,29,524,0.0553
6/8,1,6,ds,desce por salto,3,sobe 3,28,524,0.0534
6/8,1,6,ds,desce por salto,5,sobe 5,10,524,0.0191
6/8,1,6,ds,desce por salto,4,sobe 4,10,524,0.0191
6/8,1,6,ds,desce por salto,-2,desce 2,8,524,0.0153
6/8,1,6,ds,desce por salto,6,sobe 6,5,524,0.0095
6/8,1,2,r,repete,1,sobe 1,138,433,0.3187
6/8,1,2,r,repete,-1,desce 1,94,433,0.2171
6/8,1,2,r,repete,0,repete,75,433,0.1732
6/8,1,2,r,repete,3,sobe 3,47,433,0.1085
6/8,1,2,r,repete,2,sobe 2,38,433,0.0878
6/8,1,2,r,repete,-4,desce 4,13,433,0.03
6/8,1,2,r,repete,4,sobe 4,12,433,0.0277
6/8,1,2,r,repete,-2,desce 2,7,433,0.0162
6/8,1,2,r,repete,6,sobe 6,4,433,0.0092
6/8,1,2,r,repete,7,sobe 7,2,433,0.0046
6/8,1,4,ds,desce por salto,1,sobe 1,91,237,0.384
6/8,1,4,ds,desce por salto,-1,desce 1,82,237,0.346
6/8,1,4,ds,desce por salto,0,repete,21,237,0.0886
6/8,1,4,ds,desce por salto,2,sobe 2,15,237,0.0633
6/8,1,4,ds,desce por salto,6,sobe 6,11,237,0.0464
6/8,1,4,ds,desce por salto,-2,desce 2,8,237,0.0338
6/8,1,4,ds,desce por salto,5,sobe 5,4,237,0.0169
6/8,1,4,ds,desce por salto,4,sobe 4,4,237,0.0169
6/8,1,3,sg,sobe por grau,1,sobe 1,390,1077,0.3621
6/8,1,3,sg,sobe por grau,-2,desce 2,205,1077,0.1903
6/8,1,3,sg,sobe por grau,-1,desce 1,167,1077,0.1551
6/8,1,3,sg,sobe por grau,2,sobe 2,103,1077,0.0956
6/8,1,3,sg,sobe por grau,0,repete,90,1077,0.0836
6/8,1,3,sg,sobe por grau,-3,desce 3,50,1077,0.0464
6/8,1,3,sg,sobe por grau,-5,desce 5,27,1077,0.0251
6/8,1,3,sg,sobe por grau,5,sobe 5,9,1077,0.0084
6/8,1,3,sg,sobe por grau,-7,desce 7,8,1077,0.0074
6/8,1,3,sg,sobe por grau,3,sobe 3,8,1077,0.0074
6/8,1,3,sg,sobe por grau,4,sobe 4,6,1077,0.0056
6/8,1,3,sg,sobe por grau,-4,desce 4,5,1077,0.0046
6/8,1,3,sg,sobe por grau,-6,desce 6,5,1077,0.0046
6/8,1,3,sg,sobe por grau,-9,desce 9,2,1077,0.0019
6/8,2,2,ss,sobe por salto,2,sobe 2,85,269,0.316
6/8,2,2,ss,sobe por salto,0,repete,55,269,0.2045
6/8,2,2,ss,sobe por salto,-1,desce 1,49,269,0.1822
6/8,2,2,ss,sobe por salto,-4,desce 4,18,269,0.0669
6/8,2,2,ss,sobe por salto,3,sobe 3,16,269,0.0595
6/8,2,2,ss,sobe por salto,1,sobe 1,13,269,0.0483
6/8,2,2,ss,sobe por salto,-6,desce 6,9,269,0.0335
6/8,2,2,ss,sobe por salto,4,sobe 4,9,269,0.0335
6/8,2,2,ss,sobe por salto,-2,desce 2,8,269,0.0297
6/8,2,2,ss,sobe por salto,-7,desce 7,4,269,0.0149
6/8,1,6,dg,desce por grau,-1,desce 1,326,425,0.7671
6/8,1,6,dg,desce por grau,0,repete,56,425,0.1318
6/8,1,6,dg,desce por grau,1,sobe 1,17,425,0.04
6/8,1,6,dg,desce por grau,2,sobe 2,11,425,0.0259
6/8,1,6,dg,desce por grau,4,sobe 4,5,425,0.0118
6/8,1,6,dg,desce por grau,3,sobe 3,5,425,0.0118
6/8,1,6,dg,desce por grau,-2,desce 2,2,425,0.0047
6/8,1,6,dg,desce por grau,-3,desce 3,2,425,0.0047
6/8,2,4,ss,sobe por salto,-1,desce 1,114,274,0.4161
6/8,2,4,ss,sobe por salto,0,repete,70,274,0.2555
6/8,2,4,ss,sobe por salto,1,sobe 1,30,274,0.1095
6/8,2,4,ss,sobe por salto,-2,desce 2,24,274,0.0876
6/8,2,4,ss,sobe por salto,2,sobe 2,12,274,0.0438
6/8,2,4,ss,sobe por salto,3,sobe 3,7,274,0.0255
6/8,2,4,ss,sobe por salto,-3,desce 3,6,274,0.0219
6/8,2,4,ss,sobe por salto,-6,desce 6,4,274,0.0146
6/8,2,4,ss,sobe por salto,-4,desce 4,4,274,0.0146
6/8,2,7,ds,desce por salto,1,sobe 1,97,301,0.3223
6/8,2,7,ds,desce por salto,0,repete,77,301,0.2558
6/8,2,7,ds,desce por salto,-2,desce 2,63,301,0.2093
6/8,2,7,ds,desce por salto,2,sobe 2,40,301,0.1329
6/8,2,7,ds,desce por salto,3,sobe 3,9,301,0.0299
6/8,2,7,ds,desce por salto,4,sobe 4,7,301,0.0233
6/8,2,7,ds,desce por salto,-1,desce 1,5,301,0.0166
6/8,2,7,ds,desce por salto,-3,desce 3,2,301,0.0066
6/8,2,4,ds,desce por salto,-1,desce 1,102,287,0.3554
6/8,2,4,ds,desce por salto,0,repete,60,287,0.2091
6/8,2,4,ds,desce por salto,1,sobe 1,52,287,0.1812
6/8,2,4,ds,desce por salto,-2,desce 2,38,287,0.1324
6/8,2,4,ds,desce por salto,2,sobe 2,12,287,0.0418
6/8,2,4,ds,desce por salto,3,sobe 3,12,287,0.0418
6/8,2,4,ds,desce por salto,4,sobe 4,8,287,0.0279
6/8,2,4,ds,desce por salto,5,sobe 5,2,287,0.007
6/8,1,7,ss,sobe por salto,1,sobe 1,194,326,0.5951
6/8,1,7,ss,sobe por salto,-1,desce 1,39,326,0.1196
6/8,1,7,ss,sobe por salto,3,sobe 3,28,326,0.0859
6/8,1,7,ss,sobe por salto,-2,desce 2,21,326,0.0644
6/8,1,7,ss,sobe por salto,2,sobe 2,13,326,0.0399
6/8,1,7,ss,sobe por salto,0,repete,12,326,0.0368
6/8,1,7,ss,sobe por salto,-5,desce 5,7,326,0.0215
6/8,1,7,ss,sobe por salto,-3,desce 3,5,326,0.0153
6/8,1,7,ss,sobe por salto,5,sobe 5,3,326,0.0092
6/8,1,7,ss,sobe por salto,-4,desce 4,2,326,0.0061
6/8,2,5,dg,desce por grau,0,repete,372,982,0.3788
6/8,2,5,dg,desce por grau,-1,desce 1,285,982,0.2902
6/8,2,5,dg,desce por grau,-2,desce 2,114,982,0.1161
6/8,2,5,dg,desce por grau,3,sobe 3,67,982,0.0682
6/8,2,5,dg,desce por grau,1,sobe 1,60,982,0.0611
6/8,2,5,dg,desce por grau,2,sobe 2,25,982,0.0255
6/8,2,5,dg,desce por grau,-3,desce 3,16,982,0.0163
6/8,2,5,dg,desce por grau,5,sobe 5,14,982,0.0143
6/8,2,5,dg,desce por grau,-4,desce 4,8,982,0.0081
6/8,2,5,dg,desce por grau,4,sobe 4,6,982,0.0061
6/8,2,5,dg,desce por grau,7,sobe 7,6,982,0.0061
6/8,2,5,dg,desce por grau,6,sobe 6,5,982,0.0051
6/8,2,5,dg,desce por grau,-5,desce 5,3,982,0.0031
6/8,2,6,ss,sobe por salto,-1,desce 1,175,300,0.5833
6/8,2,6,ss,sobe por salto,0,repete,65,300,0.2167
6/8,2,6,ss,sobe por salto,2,sobe 2,28,300,0.0933
6/8,2,6,ss,sobe por salto,-4,desce 4,9,300,0.03
6/8,2,6,ss,sobe por salto,3,sobe 3,7,300,0.0233
6/8,2,6,ss,sobe por salto,1,sobe 1,6,300,0.02
6/8,2,6,ss,sobe por salto,-3,desce 3,5,300,0.0167
6/8,2,6,ss,sobe por salto,-2,desce 2,2,300,0.0067
6/8,1,3,r,repete,0,repete,131,531,0.2467
6/8,1,3,r,repete,-1,desce 1,126,531,0.2373
6/8,1,3,r,repete,2,sobe 2,117,531,0.2203
6/8,1,3,r,repete,1,sobe 1,70,531,0.1318
6/8,1,3,r,repete,-2,desce 2,30,531,0.0565
6/8,1,3,r,repete,3,sobe 3,16,531,0.0301
6/8,1,3,r,repete,5,sobe 5,9,531,0.0169
6/8,1,3,r,repete,-3,desce 3,9,531,0.0169
6/8,1,3,r,repete,4,sobe 4,9,531,0.0169
6/8,1,3,r,repete,-7,desce 7,5,531,0.0094
6/8,1,3,r,repete,-5,desce 5,4,531,0.0075
6/8,1,3,r,repete,7,sobe 7,3,531,0.0056
6/8,1,3,r,repete,-4,desce 4,2,531,0.0038
6/8,1,4,r,repete,-1,desce 1,108,288,0.375
6/8,1,4,r,repete,1,sobe 1,84,288,0.2917
6/8,1,4,r,repete,0,repete,40,288,0.1389
6/8,1,4,r,repete,-3,desce 3,15,288,0.0521
6/8,1,4,r,repete,2,sobe 2,11,288,0.0382
6/8,1,4,r,repete,-2,desce 2,8,288,0.0278
6/8,1,4,r,repete,4,sobe 4,6,288,0.0208
6/8,1,4,r,repete,3,sobe 3,6,288,0.0208
6/8,1,4,r,repete,6,sobe 6,3,288,0.0104
6/8,1,4,r,repete,-6,desce 6,3,288,0.0104
6/8,1,4,r,repete,-4,desce 4,2,288,0.0069
6/8,1,7,sg,sobe por grau,1,sobe 1,428,566,0.7562
6/8,1,7,sg,sobe por grau,-2,desce 2,34,566,0.0601
6/8,1,7,sg,sobe por grau,-1,desce 1,25,566,0.0442
6/8,1,7,sg,sobe por grau,-3,desce 3,19,566,0.0336
6/8,1,7,sg,sobe por grau,2,sobe 2,15,566,0.0265
6/8,1,7,sg,sobe por grau,-5,desce 5,13,566,0.023
6/8,1,7,sg,sobe por grau,3,sobe 3,12,566,0.0212
6/8,1,7,sg,sobe por grau,-6,desce 6,7,566,0.0124
6/8,1,7,sg,sobe por grau,-4,desce 4,6,566,0.0106
6/8,1,7,sg,sobe por grau,-7,desce 7,4,566,0.0071
6/8,1,7,sg,sobe por grau,5,sobe 5,2,566,0.0035
6/8,1,7,r,repete,1,sobe 1,52,108,0.4815
6/8,1,7,r,repete,2,sobe 2,11,108,0.1019
6/8,1,7,r,repete,-1,desce 1,11,108,0.1019
6/8,1,7,r,repete,-2,desce 2,10,108,0.0926
6/8,1,7,r,repete,0,repete,10,108,0.0926
6/8,1,7,r,repete,3,sobe 3,6,108,0.0556
6/8,1,7,r,repete,5,sobe 5,3,108,0.0278
6/8,1,7,r,repete,7,sobe 7,2,108,0.0185
6/8,1,4,0,—,-1,desce 1,28,45,0.6222
6/8,1,4,0,—,1,sobe 1,7,45,0.1556
6/8,1,4,0,—,0,repete,5,45,0.1111
6/8,1,4,0,—,5,sobe 5,3,45,0.0667
6/8,1,6,0,—,-1,desce 1,25,32,0.7813
6/8,1,6,0,—,0,repete,3,32,0.0938
6/8,1,6,0,—,2,sobe 2,2,32,0.0625
6/8,1,2,0,—,1,sobe 1,13,38,0.3421
6/8,1,2,0,—,-1,desce 1,9,38,0.2368
6/8,1,2,0,—,0,repete,8,38,0.2105
6/8,1,2,0,—,3,sobe 3,7,38,0.1842
9/8,2,3,ds,desce por salto,5,sobe 5,26,92,0.2826
9/8,2,3,ds,desce por salto,0,repete,22,92,0.2391
9/8,2,3,ds,desce por salto,1,sobe 1,13,92,0.1413
9/8,2,3,ds,desce por salto,-1,desce 1,13,92,0.1413
9/8,2,3,ds,desce por salto,-2,desce 2,8,92,0.087
9/8,2,3,ds,desce por salto,2,sobe 2,6,92,0.0652
9/8,2,3,ds,desce por salto,3,sobe 3,4,92,0.0435
9/8,3,3,ss,sobe por salto,-1,desce 1,24,64,0.375
9/8,3,3,ss,sobe por salto,1,sobe 1,15,64,0.2344
9/8,3,3,ss,sobe por salto,0,repete,11,64,0.1719
9/8,3,3,ss,sobe por salto,-2,desce 2,8,64,0.125
9/8,3,3,ss,sobe por salto,2,sobe 2,6,64,0.0938
9/8,1,6,ss,sobe por salto,-1,desce 1,13,22,0.5909
9/8,1,6,ss,sobe por salto,-5,desce 5,3,22,0.1364
9/8,1,6,ss,sobe por salto,2,sobe 2,2,22,0.0909
9/8,1,5,sg,sobe por grau,1,sobe 1,14,43,0.3256
9/8,1,5,sg,sobe por grau,-2,desce 2,7,43,0.1628
9/8,1,5,sg,sobe por grau,-4,desce 4,5,43,0.1163
9/8,1,5,sg,sobe por grau,3,sobe 3,5,43,0.1163
9/8,1,5,sg,sobe por grau,-1,desce 1,4,43,0.093
9/8,1,5,sg,sobe por grau,2,sobe 2,3,43,0.0698
9/8,1,5,sg,sobe por grau,0,repete,3,43,0.0698
9/8,2,6,sg,sobe por grau,1,sobe 1,11,37,0.2973
9/8,2,6,sg,sobe por grau,-1,desce 1,8,37,0.2162
9/8,2,6,sg,sobe por grau,0,repete,8,37,0.2162
9/8,2,6,sg,sobe por grau,-4,desce 4,4,37,0.1081
9/8,2,6,sg,sobe por grau,2,sobe 2,3,37,0.0811
9/8,2,6,sg,sobe por grau,-5,desce 5,2,37,0.0541
9/8,2,5,ss,sobe por salto,0,repete,61,127,0.4803
9/8,2,5,ss,sobe por salto,-1,desce 1,17,127,0.1339
9/8,2,5,ss,sobe por salto,3,sobe 3,15,127,0.1181
9/8,2,5,ss,sobe por salto,-2,desce 2,12,127,0.0945
9/8,2,5,ss,sobe por salto,1,sobe 1,12,127,0.0945
9/8,2,5,ss,sobe por salto,-4,desce 4,10,127,0.0787
9/8,2,1,ss,sobe por salto,0,repete,49,82,0.5976
9/8,2,1,ss,sobe por salto,-3,desce 3,14,82,0.1707
9/8,2,1,ss,sobe por salto,3,sobe 3,4,82,0.0488
9/8,2,1,ss,sobe por salto,-5,desce 5,4,82,0.0488
9/8,2,1,ss,sobe por salto,-1,desce 1,4,82,0.0488
9/8,2,1,ss,sobe por salto,-4,desce 4,3,82,0.0366
9/8,2,1,ss,sobe por salto,2,sobe 2,2,82,0.0244
9/8,3,1,sg,sobe por grau,1,sobe 1,23,48,0.4792
9/8,3,1,sg,sobe por grau,-1,desce 1,11,48,0.2292
9/8,3,1,sg,sobe por grau,-3,desce 3,10,48,0.2083
9/8,3,1,sg,sobe por grau,2,sobe 2,2,48,0.0417
9/8,1,1,ds,desce por salto,2,sobe 2,24,124,0.1935
9/8,1,1,ds,desce por salto,1,sobe 1,24,124,0.1935
9/8,1,1,ds,desce por salto,3,sobe 3,16,124,0.129
9/8,1,1,ds,desce por salto,-1,desce 1,13,124,0.1048
9/8,1,1,ds,desce por salto,7,sobe 7,11,124,0.0887
9/8,1,1,ds,desce por salto,0,repete,11,124,0.0887
9/8,1,1,ds,desce por salto,4,sobe 4,7,124,0.0565
9/8,1,1,ds,desce por salto,9,sobe 9,6,124,0.0484
9/8,1,1,ds,desce por salto,6,sobe 6,4,124,0.0323
9/8,1,1,ds,desce por salto,5,sobe 5,3,124,0.0242
9/8,1,1,ds,desce por salto,-4,desce 4,2,124,0.0161
9/8,1,1,ds,desce por salto,-3,desce 3,2,124,0.0161
9/8,1,4,dg,desce por grau,-1,desce 1,25,43,0.5814
9/8,1,4,dg,desce por grau,1,sobe 1,12,43,0.2791
9/8,1,4,dg,desce por grau,2,sobe 2,3,43,0.0698
9/8,1,4,dg,desce por grau,4,sobe 4,2,43,0.0465
9/8,1,3,r,repete,1,sobe 1,5,23,0.2174
9/8,1,3,r,repete,-5,desce 5,4,23,0.1739
9/8,1,3,r,repete,3,sobe 3,3,23,0.1304
9/8,1,3,r,repete,-1,desce 1,3,23,0.1304
9/8,1,3,r,repete,2,sobe 2,3,23,0.1304
9/8,1,3,r,repete,0,repete,2,23,0.087
9/8,1,2,ds,desce por salto,-1,desce 1,25,80,0.3125
9/8,1,2,ds,desce por salto,1,sobe 1,23,80,0.2875
9/8,1,2,ds,desce por salto,3,sobe 3,15,80,0.1875
9/8,1,2,ds,desce por salto,6,sobe 6,8,80,0.1
9/8,1,2,ds,desce por salto,0,repete,4,80,0.05
9/8,1,2,ds,desce por salto,-2,desce 2,2,80,0.025
9/8,1,2,ds,desce por salto,4,sobe 4,2,80,0.025
9/8,3,4,ds,desce por salto,1,sobe 1,13,23,0.5652
9/8,3,4,ds,desce por salto,-1,desce 1,6,23,0.2609
9/8,3,4,ds,desce por salto,3,sobe 3,2,23,0.087
9/8,1,3,dg,desce por grau,-1,desce 1,21,55,0.3818
9/8,1,3,dg,desce por grau,2,sobe 2,10,55,0.1818
9/8,1,3,dg,desce por grau,3,sobe 3,9,55,0.1636
9/8,1,3,dg,desce por grau,1,sobe 1,5,55,0.0909
9/8,1,3,dg,desce por grau,5,sobe 5,3,55,0.0545
9/8,1,3,dg,desce por grau,0,repete,3,55,0.0545
9/8,1,3,dg,desce por grau,-2,desce 2,2,55,0.0364
9/8,3,5,ss,sobe por salto,-1,desce 1,28,101,0.2772
9/8,3,5,ss,sobe por salto,0,repete,27,101,0.2673
9/8,3,5,ss,sobe por salto,1,sobe 1,14,101,0.1386
9/8,3,5,ss,sobe por salto,3,sobe 3,10,101,0.099
9/8,3,5,ss,sobe por salto,-3,desce 3,7,101,0.0693
9/8,3,5,ss,sobe por salto,2,sobe 2,7,101,0.0693
9/8,3,5,ss,sobe por salto,-4,desce 4,5,101,0.0495
9/8,3,5,ss,sobe por salto,-2,desce 2,2,101,0.0198
9/8,2,6,ds,desce por salto,-1,desce 1,32,41,0.7805
9/8,2,6,ds,desce por salto,0,repete,5,41,0.122
9/8,2,6,ds,desce por salto,1,sobe 1,2,41,0.0488
9/8,1,5,ss,sobe por salto,3,sobe 3,20,51,0.3922
9/8,1,5,ss,sobe por salto,1,sobe 1,12,51,0.2353
9/8,1,5,ss,sobe por salto,-1,desce 1,8,51,0.1569
9/8,1,5,ss,sobe por salto,0,repete,5,51,0.098
9/8,1,5,ss,sobe por salto,-2,desce 2,3,51,0.0588
9/8,2,1,r,repete,0,repete,32,79,0.4051
9/8,2,1,r,repete,4,sobe 4,12,79,0.1519
9/8,2,1,r,repete,1,sobe 1,10,79,0.1266
9/8,2,1,r,repete,2,sobe 2,8,79,0.1013
9/8,2,1,r,repete,-3,desce 3,7,79,0.0886
9/8,2,1,r,repete,-1,desce 1,3,79,0.038
9/8,2,1,r,repete,-2,desce 2,3,79,0.038
9/8,2,1,r,repete,3,sobe 3,2,79,0.0253
9/8,3,3,sg,sobe por grau,1,sobe 1,71,124,0.5726
9/8,3,3,sg,sobe por grau,-2,desce 2,32,124,0.2581
9/8,3,3,sg,sobe por grau,-1,desce 1,8,124,0.0645
9/8,3,3,sg,sobe por grau,2,sobe 2,8,124,0.0645
9/8,3,3,sg,sobe por grau,0,repete,4,124,0.0323
9/8,1,7,ds,desce por salto,3,sobe 3,29,62,0.4677
9/8,1,7,ds,desce por salto,-2,desce 2,13,62,0.2097
9/8,1,7,ds,desce por salto,1,sobe 1,10,62,0.1613
9/8,1,7,ds,desce por salto,5,sobe 5,7,62,0.1129
9/8,1,7,ds,desce por salto,9,sobe 9,2,62,0.0323
9/8,1,7,sg,sobe por grau,1,sobe 1,16,21,0.7619
9/8,1,7,sg,sobe por grau,-6,desce 6,2,21,0.0952
9/8,2,1,ds,desce por salto,0,repete,56,100,0.56
9/8,2,1,ds,desce por salto,4,sobe 4,16,100,0.16
9/8,2,1,ds,desce por salto,2,sobe 2,10,100,0.1
9/8,2,1,ds,desce por salto,1,sobe 1,8,100,0.08
9/8,2,1,ds,desce por salto,7,sobe 7,4,100,0.04
9/8,2,1,ds,desce por salto,3,sobe 3,3,100,0.03
9/8,2,1,ds,desce por salto,-1,desce 1,2,100,0.02
9/8,1,1,dg,desce por grau,7,sobe 7,12,58,0.2069
9/8,1,1,dg,desce por grau,2,sobe 2,10,58,0.1724
9/8,1,1,dg,desce por grau,-1,desce 1,10,58,0.1724
9/8,1,1,dg,desce por grau,1,sobe 1,8,58,0.1379
9/8,1,1,dg,desce por grau,4,sobe 4,5,58,0.0862
9/8,1,1,dg,desce por grau,9,sobe 9,3,58,0.0517
9/8,1,1,dg,desce por grau,5,sobe 5,3,58,0.0517
9/8,1,1,dg,desce por grau,3,sobe 3,2,58,0.0345
9/8,1,1,dg,desce por grau,-3,desce 3,2,58,0.0345
9/8,1,1,dg,desce por grau,0,repete,2,58,0.0345
9/8,2,4,sg,sobe por grau,1,sobe 1,26,56,0.4643
9/8,2,4,sg,sobe por grau,-2,desce 2,18,56,0.3214
9/8,2,4,sg,sobe por grau,-1,desce 1,6,56,0.1071
9/8,2,4,sg,sobe por grau,0,repete,4,56,0.0714
9/8,3,1,ds,desce por salto,1,sobe 1,62,172,0.3605
9/8,3,1,ds,desce por salto,-1,desce 1,37,172,0.2151
9/8,3,1,ds,desce por salto,0,repete,30,172,0.1744
9/8,3,1,ds,desce por salto,4,sobe 4,18,172,0.1047
9/8,3,1,ds,desce por salto,2,sobe 2,13,172,0.0756
9/8,3,1,ds,desce por salto,3,sobe 3,5,172,0.0291
9/8,3,1,ds,desce por salto,-2,desce 2,4,172,0.0233
9/8,3,1,ds,desce por salto,7,sobe 7,2,172,0.0116
9/8,3,7,sg,sobe por grau,1,sobe 1,21,24,0.875
9/8,1,5,ds,desce por salto,1,sobe 1,25,91,0.2747
9/8,1,5,ds,desce por salto,3,sobe 3,18,91,0.1978
9/8,1,5,ds,desce por salto,5,sobe 5,12,91,0.1319
9/8,1,5,ds,desce por salto,-2,desce 2,8,91,0.0879
9/8,1,5,ds,desce por salto,-1,desce 1,8,91,0.0879
9/8,1,5,ds,desce por salto,2,sobe 2,7,91,0.0769
9/8,1,5,ds,desce por salto,7,sobe 7,5,91,0.0549
9/8,1,5,ds,desce por salto,0,repete,4,91,0.044
9/8,1,5,ds,desce por salto,4,sobe 4,3,91,0.033
9/8,3,5,ds,desce por salto,2,sobe 2,14,53,0.2642
9/8,3,5,ds,desce por salto,3,sobe 3,13,53,0.2453
9/8,3,5,ds,desce por salto,-1,desce 1,10,53,0.1887
9/8,3,5,ds,desce por salto,0,repete,7,53,0.1321
9/8,3,5,ds,desce por salto,1,sobe 1,6,53,0.1132
9/8,3,5,ds,desce por salto,4,sobe 4,2,53,0.0377
9/8,1,4,ss,sobe por salto,-1,desce 1,28,29,0.9655
9/8,3,7,dg,desce por grau,1,sobe 1,27,42,0.6429
9/8,3,7,dg,desce por grau,2,sobe 2,9,42,0.2143
9/8,3,7,dg,desce por grau,-1,desce 1,2,42,0.0476
9/8,3,7,dg,desce por grau,3,sobe 3,2,42,0.0476
9/8,3,7,dg,desce por grau,-2,desce 2,2,42,0.0476
9/8,3,4,dg,desce por grau,-1,desce 1,44,56,0.7857
9/8,3,4,dg,desce por grau,1,sobe 1,6,56,0.1071
9/8,3,4,dg,desce por grau,3,sobe 3,3,56,0.0536
9/8,3,4,dg,desce por grau,-3,desce 3,2,56,0.0357
9/8,2,5,ds,desce por salto,0,repete,20,55,0.3636
9/8,2,5,ds,desce por salto,-1,desce 1,16,55,0.2909
9/8,2,5,ds,desce por salto,2,sobe 2,6,55,0.1091
9/8,2,5,ds,desce por salto,1,sobe 1,4,55,0.0727
9/8,2,5,ds,desce por salto,5,sobe 5,4,55,0.0727
9/8,2,5,ds,desce por salto,3,sobe 3,2,55,0.0364
9/8,2,5,ds,desce por salto,-2,desce 2,2,55,0.0364
9/8,2,3,ss,sobe por salto,2,sobe 2,30,82,0.3659
9/8,2,3,ss,sobe por salto,0,repete,29,82,0.3537
9/8,2,3,ss,sobe por salto,-1,desce 1,10,82,0.122
9/8,2,3,ss,sobe por salto,1,sobe 1,8,82,0.0976
9/8,2,3,ss,sobe por salto,-2,desce 2,5,82,0.061
9/8,2,1,dg,desce por grau,0,repete,37,82,0.4512
9/8,2,1,dg,desce por grau,1,sobe 1,11,82,0.1341
9/8,2,1,dg,desce por grau,-3,desce 3,10,82,0.122
9/8,2,1,dg,desce por grau,-1,desce 1,10,82,0.122
9/8,2,1,dg,desce por grau,2,sobe 2,8,82,0.0976
9/8,2,1,dg,desce por grau,-2,desce 2,3,82,0.0366
9/8,2,1,dg,desce por grau,4,sobe 4,2,82,0.0244
9/8,2,2,ds,desce por salto,0,repete,15,33,0.4545
9/8,2,2,ds,desce por salto,-2,desce 2,9,33,0.2727
9/8,2,2,ds,desce por salto,5,sobe 5,4,33,0.1212
9/8,2,2,ds,desce por salto,1,sobe 1,3,33,0.0909
9/8,2,2,ds,desce por salto,-3,desce 3,2,33,0.0606
9/8,3,6,ss,sobe por salto,-1,desce 1,31,37,0.8378
9/8,3,6,ss,sobe por salto,0,repete,4,37,0.1081
9/8,1,3,sg,sobe por grau,-2,desce 2,23,57,0.4035
9/8,1,3,sg,sobe por grau,1,sobe 1,11,57,0.193
9/8,1,3,sg,sobe por grau,-3,desce 3,5,57,0.0877
9/8,1,3,sg,sobe por grau,-7,desce 7,4,57,0.0702
9/8,1,3,sg,sobe por grau,2,sobe 2,4,57,0.0702
9/8,1,3,sg,sobe por grau,-1,desce 1,3,57,0.0526
9/8,1,3,sg,sobe por grau,-5,desce 5,3,57,0.0526
9/8,1,3,sg,sobe por grau,5,sobe 5,3,57,0.0526
9/8,2,3,dg,desce por grau,-1,desce 1,27,77,0.3506
9/8,2,3,dg,desce por grau,0,repete,25,77,0.3247
9/8,2,3,dg,desce por grau,1,sobe 1,11,77,0.1429
9/8,2,3,dg,desce por grau,7,sobe 7,4,77,0.0519
9/8,2,3,dg,desce por grau,3,sobe 3,4,77,0.0519
9/8,2,3,dg,desce por grau,2,sobe 2,4,77,0.0519
9/8,1,3,ds,desce por salto,1,sobe 1,28,95,0.2947
9/8,1,3,ds,desce por salto,-2,desce 2,20,95,0.2105
9/8,1,3,ds,desce por salto,-1,desce 1,16,95,0.1684
9/8,1,3,ds,desce por salto,3,sobe 3,10,95,0.1053
9/8,1,3,ds,desce por salto,2,sobe 2,8,95,0.0842
9/8,1,3,ds,desce por salto,0,repete,6,95,0.0632
9/8,1,3,ds,desce por salto,5,sobe 5,5,95,0.0526
9/8,2,4,dg,desce por grau,-1,desce 1,18,47,0.383
9/8,2,4,dg,desce por grau,1,sobe 1,15,47,0.3191
9/8,2,4,dg,desce por grau,0,repete,10,47,0.2128
9/8,2,4,dg,desce por grau,-2,desce 2,3,47,0.0638
9/8,3,7,ss,sobe por salto,1,sobe 1,25,30,0.8333
9/8,3,7,ss,sobe por salto,-1,desce 1,2,30,0.0667
9/8,3,7,ss,sobe por salto,-2,desce 2,2,30,0.0667
9/8,1,3,ss,sobe por salto,-1,desce 1,13,54,0.2407
9/8,1,3,ss,sobe por salto,-2,desce 2,10,54,0.1852
9/8,1,3,ss,sobe por salto,-7,desce 7,8,54,0.1481
9/8,1,3,ss,sobe por salto,-3,desce 3,6,54,0.1111
9/8,1,3,ss,sobe por salto,2,sobe 2,6,54,0.1111
9/8,1,3,ss,sobe por salto,1,sobe 1,4,54,0.0741
9/8,1,3,ss,sobe por salto,3,sobe 3,4,54,0.0741
9/8,1,3,ss,sobe por salto,0,repete,3,54,0.0556
9/8,3,1,dg,desce por grau,-1,desce 1,44,69,0.6377
9/8,3,1,dg,desce por grau,0,repete,8,69,0.1159
9/8,3,1,dg,desce por grau,2,sobe 2,8,69,0.1159
9/8,3,1,dg,desce por grau,3,sobe 3,4,69,0.058
9/8,3,1,dg,desce por grau,1,sobe 1,4,69,0.058
9/8,3,3,dg,desce por grau,-1,desce 1,38,88,0.4318
9/8,3,3,dg,desce por grau,2,sobe 2,16,88,0.1818
9/8,3,3,dg,desce por grau,-2,desce 2,12,88,0.1364
9/8,3,3,dg,desce por grau,3,sobe 3,10,88,0.1136
9/8,3,3,dg,desce por grau,1,sobe 1,7,88,0.0795
9/8,3,3,dg,desce por grau,5,sobe 5,3,88,0.0341
9/8,3,3,dg,desce por grau,0,repete,2,88,0.0227
9/8,1,7,ss,sobe por salto,1,sobe 1,7,20,0.35
9/8,1,7,ss,sobe por salto,0,repete,5,20,0.25
9/8,1,7,ss,sobe por salto,3,sobe 3,4,20,0.2
9/8,1,7,ss,sobe por salto,-1,desce 1,2,20,0.1
9/8,1,7,dg,desce por grau,3,sobe 3,28,78,0.359
9/8,1,7,dg,desce por grau,1,sobe 1,27,78,0.3462
9/8,1,7,dg,desce por grau,-2,desce 2,9,78,0.1154
9/8,1,7,dg,desce por grau,7,sobe 7,4,78,0.0513
9/8,1,7,dg,desce por grau,5,sobe 5,3,78,0.0385
9/8,1,7,dg,desce por grau,9,sobe 9,2,78,0.0256
9/8,1,7,dg,desce por grau,-4,desce 4,2,78,0.0256
9/8,3,5,sg,sobe por grau,-2,desce 2,17,37,0.4595
9/8,3,5,sg,sobe por grau,1,sobe 1,6,37,0.1622
9/8,3,5,sg,sobe por grau,-1,desce 1,5,37,0.1351
9/8,3,5,sg,sobe por grau,2,sobe 2,3,37,0.0811
9/8,3,5,sg,sobe por grau,0,repete,2,37,0.0541
9/8,3,5,sg,sobe por grau,5,sobe 5,2,37,0.0541
9/8,2,5,sg,sobe por grau,0,repete,28,57,0.4912
9/8,2,5,sg,sobe por grau,-1,desce 1,11,57,0.193
9/8,2,5,sg,sobe por grau,-4,desce 4,9,57,0.1579
9/8,2,5,sg,sobe por grau,1,sobe 1,4,57,0.0702
9/8,2,5,sg,sobe por grau,2,sobe 2,2,57,0.0351
9/8,3,3,ds,desce por salto,-1,desce 1,36,145,0.2483
9/8,3,3,ds,desce por salto,1,sobe 1,33,145,0.2276
9/8,3,3,ds,desce por salto,2,sobe 2,30,145,0.2069
9/8,3,3,ds,desce por salto,5,sobe 5,23,145,0.1586
9/8,3,3,ds,desce por salto,-2,desce 2,9,145,0.0621
9/8,3,3,ds,desce por salto,3,sobe 3,8,145,0.0552
9/8,3,3,ds,desce por salto,0,repete,6,145,0.0414
9/8,2,3,sg,sobe por grau,1,sobe 1,17,50,0.34
9/8,2,3,sg,sobe por grau,-2,desce 2,15,50,0.3
9/8,2,3,sg,sobe por grau,-1,desce 1,6,50,0.12
9/8,2,3,sg,sobe por grau,-3,desce 3,5,50,0.1
9/8,2,3,sg,sobe por grau,-5,desce 5,3,50,0.06
9/8,2,3,sg,sobe por grau,5,sobe 5,2,50,0.04
9/8,2,3,sg,sobe por grau,2,sobe 2,2,50,0.04
9/8,1,2,sg,sobe por grau,1,sobe 1,45,63,0.7143
9/8,1,2,sg,sobe por grau,-1,desce 1,10,63,0.1587
9/8,1,2,sg,sobe por grau,3,sobe 3,3,63,0.0476
9/8,1,2,sg,sobe por grau,-2,desce 2,2,63,0.0317
9/8,2,1,sg,sobe por grau,-3,desce 3,10,37,0.2703
9/8,2,1,sg,sobe por grau,1,sobe 1,10,37,0.2703
9/8,2,1,sg,sobe por grau,-2,desce 2,8,37,0.2162
9/8,2,1,sg,sobe por grau,-7,desce 7,4,37,0.1081
9/8,2,1,sg,sobe por grau,-1,desce 1,2,37,0.0541
9/8,2,5,r,repete,0,repete,19,41,0.4634
9/8,2,5,r,repete,3,sobe 3,8,41,0.1951
9/8,2,5,r,repete,-3,desce 3,4,41,0.0976
9/8,2,5,r,repete,1,sobe 1,4,41,0.0976
9/8,2,5,r,repete,-1,desce 1,3,41,0.0732
9/8,2,5,r,repete,-4,desce 4,2,41,0.0488
9/8,3,2,dg,desce por grau,-1,desce 1,39,46,0.8478
9/8,3,2,dg,desce por grau,1,sobe 1,5,46,0.1087
9/8,3,2,dg,desce por grau,0,repete,2,46,0.0435
9/8,3,2,ds,desce por salto,0,repete,12,45,0.2667
9/8,3,2,ds,desce por salto,1,sobe 1,11,45,0.2444
9/8,3,2,ds,desce por salto,-1,desce 1,10,45,0.2222
9/8,3,2,ds,desce por salto,2,sobe 2,8,45,0.1778
9/8,3,2,ds,desce por salto,-3,desce 3,4,45,0.0889
9/8,1,2,dg,desce por grau,1,sobe 1,35,80,0.4375
9/8,1,2,dg,desce por grau,-1,desce 1,25,80,0.3125
9/8,1,2,dg,desce por grau,3,sobe 3,13,80,0.1625
9/8,1,2,dg,desce por grau,-4,desce 4,2,80,0.025
9/8,1,5,dg,desce por grau,1,sobe 1,15,68,0.2206
9/8,1,5,dg,desce por grau,5,sobe 5,12,68,0.1765
9/8,1,5,dg,desce por grau,3,sobe 3,10,68,0.1471
9/8,1,5,dg,desce por grau,-2,desce 2,9,68,0.1324
9/8,1,5,dg,desce por grau,-1,desce 1,8,68,0.1176
9/8,1,5,dg,desce por grau,0,repete,5,68,0.0735
9/8,1,5,dg,desce por grau,4,sobe 4,4,68,0.0588
9/8,1,5,dg,desce por grau,9,sobe 9,3,68,0.0441
9/8,3,7,ds,desce por salto,1,sobe 1,24,32,0.75
9/8,3,7,ds,desce por salto,-2,desce 2,3,32,0.0938
9/8,3,7,ds,desce por salto,4,sobe 4,2,32,0.0625
9/8,2,7,ds,desce por salto,0,repete,11,26,0.4231
9/8,2,7,ds,desce por salto,1,sobe 1,7,26,0.2692
9/8,2,7,ds,desce por salto,-2,desce 2,4,26,0.1538
9/8,2,7,ds,desce por salto,4,sobe 4,2,26,0.0769
9/8,3,2,sg,sobe por grau,1,sobe 1,39,46,0.8478
9/8,3,2,sg,sobe por grau,-2,desce 2,3,46,0.0652
9/8,3,2,sg,sobe por grau,2,sobe 2,2,46,0.0435
9/8,1,4,sg,sobe por grau,1,sobe 1,83,100,0.83
9/8,1,4,sg,sobe por grau,-1,desce 1,10,100,0.1
9/8,1,4,sg,sobe por grau,-2,desce 2,3,100,0.03
9/8,2,4,ss,sobe por salto,-1,desce 1,29,38,0.7632
9/8,2,4,ss,sobe por salto,-4,desce 4,5,38,0.1316
9/8,2,4,ss,sobe por salto,0,repete,3,38,0.0789
9/8,3,4,sg,sobe por grau,1,sobe 1,20,31,0.6452
9/8,3,4,sg,sobe por grau,-1,desce 1,9,31,0.2903
9/8,3,4,sg,sobe por grau,-3,desce 3,2,31,0.0645
9/8,1,1,sg,sobe por grau,-5,desce 5,17,58,0.2931
9/8,1,1,sg,sobe por grau,1,sobe 1,14,58,0.2414
9/8,1,1,sg,sobe por grau,-3,desce 3,12,58,0.2069
9/8,1,1,sg,sobe por grau,2,sobe 2,6,58,0.1034
9/8,1,1,sg,sobe por grau,0,repete,5,58,0.0862
9/8,1,1,sg,sobe por grau,-7,desce 7,2,58,0.0345
9/8,1,1,sg,sobe por grau,-1,desce 1,2,58,0.0345
9/8,3,6,ds,desce por salto,-1,desce 1,21,39,0.5385
9/8,3,6,ds,desce por salto,1,sobe 1,8,39,0.2051
9/8,3,6,ds,desce por salto,2,sobe 2,5,39,0.1282
9/8,3,6,ds,desce por salto,4,sobe 4,3,39,0.0769
9/8,3,6,ds,desce por salto,0,repete,2,39,0.0513
9/8,2,7,sg,sobe por grau,1,sobe 1,19,41,0.4634
9/8,2,7,sg,sobe por grau,-5,desce 5,12,41,0.2927
9/8,2,7,sg,sobe por grau,-1,desce 1,4,41,0.0976
9/8,2,7,sg,sobe por grau,0,repete,3,41,0.0732
9/8,2,7,sg,sobe por grau,-3,desce 3,2,41,0.0488
9/8,2,2,sg,sobe por grau,1,sobe 1,30,41,0.7317
9/8,2,2,sg,sobe por grau,4,sobe 4,4,41,0.0976
9/8,2,2,sg,sobe por grau,0,repete,3,41,0.0732
9/8,2,2,sg,sobe por grau,-2,desce 2,2,41,0.0488
9/8,3,5,dg,desce por grau,-1,desce 1,23,60,0.3833
9/8,3,5,dg,desce por grau,1,sobe 1,17,60,0.2833
9/8,3,5,dg,desce por grau,0,repete,10,60,0.1667
9/8,3,5,dg,desce por grau,-2,desce 2,5,60,0.0833
9/8,3,5,dg,desce por grau,3,sobe 3,3,60,0.05
9/8,3,5,dg,desce por grau,2,sobe 2,2,60,0.0333
9/8,2,3,r,repete,0,repete,25,71,0.3521
9/8,2,3,r,repete,7,sobe 7,15,71,0.2113
9/8,2,3,r,repete,1,sobe 1,11,71,0.1549
9/8,2,3,r,repete,2,sobe 2,6,71,0.0845
9/8,2,3,r,repete,-2,desce 2,6,71,0.0845
9/8,2,3,r,repete,5,sobe 5,6,71,0.0845
9/8,2,3,r,repete,-1,desce 1,2,71,0.0282
9/8,1,1,ss,sobe por salto,-3,desce 3,7,40,0.175
9/8,1,1,ss,sobe por salto,-5,desce 5,6,40,0.15
9/8,1,1,ss,sobe por salto,-1,desce 1,5,40,0.125
9/8,1,1,ss,sobe por salto,-2,desce 2,5,40,0.125
9/8,1,1,ss,sobe por salto,3,sobe 3,4,40,0.1
9/8,1,1,ss,sobe por salto,0,repete,4,40,0.1
9/8,1,1,ss,sobe por salto,1,sobe 1,3,40,0.075
9/8,1,1,ss,sobe por salto,4,sobe 4,2,40,0.05
9/8,2,2,dg,desce por grau,0,repete,24,53,0.4528
9/8,2,2,dg,desce por grau,1,sobe 1,11,53,0.2075
9/8,2,2,dg,desce por grau,-1,desce 1,10,53,0.1887
9/8,2,2,dg,desce por grau,2,sobe 2,4,53,0.0755
9/8,2,2,dg,desce por grau,5,sobe 5,2,53,0.0377
9/8,2,2,dg,desce por grau,4,sobe 4,2,53,0.0377
9/8,3,6,dg,desce por grau,-1,desce 1,20,30,0.6667
9/8,3,6,dg,desce por grau,0,repete,7,30,0.2333
9/8,3,6,dg,desce por grau,1,sobe 1,3,30,0.1
9/8,3,2,ss,sobe por salto,2,sobe 2,24,49,0.4898
9/8,3,2,ss,sobe por salto,-1,desce 1,11,49,0.2245
9/8,3,2,ss,sobe por salto,1,sobe 1,8,49,0.1633
9/8,3,2,ss,sobe por salto,-4,desce 4,4,49,0.0816
9/8,3,4,ss,sobe por salto,-1,desce 1,11,21,0.5238
9/8,3,4,ss,sobe por salto,0,repete,5,21,0.2381
9/8,3,4,ss,sobe por salto,-2,desce 2,4,21,0.1905
9/8,2,6,dg,desce por grau,-1,desce 1,12,20,0.6
9/8,2,6,dg,desce por grau,0,repete,4,20,0.2
9/8,2,6,dg,desce por grau,-4,desce 4,2,20,0.1
9/8,2,6,dg,desce por grau,1,sobe 1,2,20,0.1
9/8,3,6,sg,sobe por grau,1,sobe 1,6,21,0.2857
9/8,3,6,sg,sobe por grau,-1,desce 1,6,21,0.2857
9/8,3,6,sg,sobe por grau,0,repete,5,21,0.2381
9/8,3,6,sg,sobe por grau,2,sobe 2,4,21,0.1905
9/8,1,1,r,repete,-3,desce 3,7,27,0.2593
9/8,1,1,r,repete,0,repete,4,27,0.1481
9/8,1,1,r,repete,2,sobe 2,4,27,0.1481
9/8,1,1,r,repete,-1,desce 1,4,27,0.1481
9/8,1,1,r,repete,1,sobe 1,3,27,0.1111
9/8,1,1,r,repete,4,sobe 4,3,27,0.1111
9/8,3,1,ss,sobe por salto,-1,desce 1,8,24,0.3333
9/8,3,1,ss,sobe por salto,0,repete,6,24,0.25
9/8,3,1,ss,sobe por salto,-6,desce 6,5,24,0.2083
9/8,3,1,ss,sobe por salto,-3,desce 3,4,24,0.1667
9/8,2,5,dg,desce por grau,0,repete,35,64,0.5469
9/8,2,5,dg,desce por grau,-1,desce 1,18,64,0.2813
9/8,2,5,dg,desce por grau,3,sobe 3,6,64,0.0938
9/8,2,5,dg,desce por grau,1,sobe 1,3,64,0.0469
9/8,2,5,dg,desce por grau,-2,desce 2,2,64,0.0313
9/8,2,6,r,repete,0,repete,17,21,0.8095
9/8,2,6,r,repete,2,sobe 2,2,21,0.0952
