compasso,tempo_seguinte,figura_atual_codigo,figura_atual,direcao,direcao_por_extenso,figura_seguinte_codigo,figura_seguinte,ocorrencias,ocorrencias_do_contexto,P_seguinte_dado_figura_e_direcao,P_seguinte_dado_figura_sem_direcao,efeito_da_direcao,lift_face_ao_tempo
2/4,2,x_x_,♪ ♪,s,sobe,x_x_,♪ ♪,3007,4777,0.6295,0.6178,0.0116,1.4774
2/4,2,x_x_,♪ ♪,s,sobe,x___,♩,730,4777,0.1528,0.151,0.0018,0.9371
2/4,2,x_x_,♪ ♪,s,sobe,x_xx,♪ sc sc,330,4777,0.0691,0.0745,-0.0054,0.9417
2/4,2,x_x_,♪ ♪,s,sobe,xxxx,sc sc sc sc,193,4777,0.0404,0.0345,0.0059,0.3764
2/4,2,x_x_,♪ ♪,s,sobe,__x_,(lig.) ♪ ♪,120,4777,0.0251,0.0343,-0.0092,0.5874
2/4,2,x_x_,♪ ♪,s,sobe,x__x,♪. sc,103,4777,0.0216,0.0171,0.0045,0.8276
2/4,2,x_x_,♪ ♪,s,sobe,xxx_,sc sc ♪,97,4777,0.0203,0.0179,0.0024,0.8877
2/4,2,x_x_,♪ ♪,s,sobe,x_..,♪ pausa ♪,62,4777,0.013,0.0148,-0.0019,0.8619
2/4,2,x_x_,♪ ♪,s,sobe,__xx,(lig.) ♪ sc sc,42,4777,0.0088,0.0087,0.0001,0.9968
2/4,2,x_x_,♪ ♪,s,sobe,____,(lig.) ♩,42,4777,0.0088,0.0118,-0.003,0.1529
2/4,2,x_x_,♪ ♪,s,sobe,x_.x,♪ pausa sc sc,12,4777,0.0025,0.0023,0.0002,1.1677
2/4,2,x_x_,♪ ♪,s,sobe,..x_,pausa ♪ ♪,12,4777,0.0025,0.0064,-0.0039,0.094
2/4,2,x_x_,♪ ♪,s,sobe,....,pausa ♩,6,4777,0.0013,0.0022,-0.0009,0.093
2/4,2,x_x_,♪ ♪,s,sobe,__..,(lig.) ♪ pausa ♪,5,4777,0.001,0.0014,-0.0003,0.3503
2/4,2,x_x_,♪ ♪,s,sobe,_xx_,(lig.) sc sc ♪,4,4777,0.0008,0.0006,0.0002,1.5923
2/4,2,x_x_,♪ ♪,s,sobe,xx_x,sc ♪ sc,3,4777,0.0006,0.0004,0.0002,0.7961
2/4,2,x_x_,♪ ♪,s,sobe,xx__,sc ♪.,3,4777,0.0006,0.0004,0.0003,0.5052
2/4,2,x_x_,♪ ♪,s,sobe,..xx,pausa ♪ sc sc,2,4777,0.0004,0.0032,-0.0027,0.0739
2/4,2,x_x_,♪ ♪,s,sobe,xxx.,sc sc sc pausa sc,2,4777,0.0004,0.0001,0.0003,1.9461
2/4,2,x_x_,♪ ♪,s,sobe,_xxx,(lig.) sc sc sc sc,2,4777,0.0004,0.0002,0.0002,0.5308
2/4,1,x___,♩,r,repete,x_x_,♪ ♪,643,1492,0.431,0.3828,0.0481,1.1444
2/4,1,x___,♩,r,repete,x___,♩,483,1492,0.3237,0.3182,0.0055,1.0721
2/4,1,x___,♩,r,repete,x__x,♪. sc,135,1492,0.0905,0.0987,-0.0082,1.1368
2/4,1,x___,♩,r,repete,x_xx,♪ sc sc,113,1492,0.0757,0.0953,-0.0196,1.0318
2/4,1,x___,♩,r,repete,xxxx,sc sc sc sc,60,1492,0.0402,0.048,-0.0078,0.3261
2/4,1,x___,♩,r,repete,____,(lig.) ♩,34,1492,0.0228,0.0213,0.0015,2.6324
2/4,1,x___,♩,r,repete,xxx_,sc sc ♪,11,1492,0.0074,0.0123,-0.0049,0.4048
2/4,1,x___,♩,r,repete,....,pausa ♩,5,1492,0.0034,0.0061,-0.0028,1.5876
2/4,1,x___,♩,r,repete,..x_,pausa ♪ ♪,4,1492,0.0027,0.0069,-0.0042,0.9116
2/4,1,x___,♩,r,repete,xx_x,sc ♪ sc,3,1492,0.002,0.0028,-0.0008,0.8651
2/4,2,xxxx,sc sc sc sc,s,sobe,xxxx,sc sc sc sc,1331,2294,0.5802,0.5682,0.012,5.4048
2/4,2,xxxx,sc sc sc sc,s,sobe,x_xx,♪ sc sc,346,2294,0.1508,0.1419,0.0089,2.056
2/4,2,xxxx,sc sc sc sc,s,sobe,x_x_,♪ ♪,329,2294,0.1434,0.1389,0.0046,0.3366
2/4,2,xxxx,sc sc sc sc,s,sobe,x___,♩,127,2294,0.0554,0.0737,-0.0183,0.3395
2/4,2,xxxx,sc sc sc sc,s,sobe,xxx_,sc sc ♪,90,2294,0.0392,0.0396,-0.0004,1.7151
2/4,2,xxxx,sc sc sc sc,s,sobe,x__x,♪. sc,43,2294,0.0187,0.0172,0.0015,0.7194
2/4,2,xxxx,sc sc sc sc,s,sobe,x_..,♪ pausa ♪,12,2294,0.0052,0.0079,-0.0027,0.3474
2/4,2,xxxx,sc sc sc sc,s,sobe,xx__,sc ♪.,4,2294,0.0017,0.0012,0.0006,1.4028
2/4,2,xxxx,sc sc sc sc,s,sobe,x_.x,♪ pausa sc sc,4,2294,0.0017,0.0015,0.0002,0.8105
2/4,2,xxxx,sc sc sc sc,s,sobe,x.x.,sc pausa sc sc pausa sc,2,2294,0.0009,0.0008,0.0001,5.2105
2/4,2,xxxx,sc sc sc sc,s,sobe,_x_x,(lig.) sc ♪ sc,2,2294,0.0009,0.0006,0.0003,2.2796
2/4,1,x_x_,♪ ♪,d,desce,x_x_,♪ ♪,3238,7788,0.4158,0.4253,-0.0096,1.104
2/4,1,x_x_,♪ ♪,d,desce,x___,♩,3153,7788,0.4049,0.3869,0.018,1.3407
2/4,1,x_x_,♪ ♪,d,desce,x__x,♪. sc,484,7788,0.0621,0.0669,-0.0047,0.7808
2/4,1,x_x_,♪ ♪,d,desce,x_xx,♪ sc sc,372,7788,0.0478,0.048,-0.0003,0.6507
2/4,1,x_x_,♪ ♪,d,desce,xxxx,sc sc sc sc,325,7788,0.0417,0.043,-0.0013,0.3384
2/4,1,x_x_,♪ ♪,d,desce,xxx_,sc sc ♪,101,7788,0.013,0.0142,-0.0012,0.712
2/4,1,x_x_,♪ ♪,d,desce,____,(lig.) ♩,25,7788,0.0032,0.0028,0.0004,0.3708
2/4,1,x_x_,♪ ♪,d,desce,__x_,(lig.) ♪ ♪,22,7788,0.0028,0.0029,0,1.2538
2/4,1,x_x_,♪ ♪,d,desce,xx__,sc ♪.,15,7788,0.0019,0.0016,0.0004,1.177
2/4,1,x_x_,♪ ♪,d,desce,..x_,pausa ♪ ♪,13,7788,0.0017,0.0022,-0.0006,0.5676
2/4,1,x_x_,♪ ♪,d,desce,x_..,♪ pausa ♪,11,7788,0.0014,0.0019,-0.0005,0.5896
2/4,1,x_x_,♪ ♪,d,desce,xx_x,sc ♪ sc,10,7788,0.0013,0.001,0.0003,0.5524
2/4,1,x_x_,♪ ♪,d,desce,_xx_,(lig.) sc sc ♪,7,7788,0.0009,0.0011,-0.0002,0.8613
2/4,1,x_x_,♪ ♪,d,desce,__..,(lig.) ♪ pausa ♪,2,7788,0.0003,0.0002,0.0001,1.3535
2/4,1,x_x_,♪ ♪,d,desce,....,pausa ♩,2,7788,0.0003,0.0004,-0.0002,0.1217
2/4,1,x_x_,♪ ♪,d,desce,_xxx,(lig.) sc sc sc sc,2,7788,0.0003,0.0002,0.0001,0.7734
2/4,1,x_x_,♪ ♪,d,desce,..xx,pausa ♪ sc sc,2,7788,0.0003,0.0004,-0.0001,0.6767
2/4,2,x_x_,♪ ♪,d,desce,x_x_,♪ ♪,3943,6511,0.6056,0.6178,-0.0122,1.4213
2/4,2,x_x_,♪ ♪,d,desce,x___,♩,1188,6511,0.1825,0.151,0.0314,1.1189
2/4,2,x_x_,♪ ♪,d,desce,x_xx,♪ sc sc,489,6511,0.0751,0.0745,0.0006,1.0238
2/4,2,x_x_,♪ ♪,d,desce,__x_,(lig.) ♪ ♪,187,6511,0.0287,0.0343,-0.0056,0.6716
2/4,2,x_x_,♪ ♪,d,desce,xxxx,sc sc sc sc,160,6511,0.0246,0.0345,-0.01,0.2289
2/4,2,x_x_,♪ ♪,d,desce,x_..,♪ pausa ♪,96,6511,0.0147,0.0148,-0.0001,0.9791
2/4,2,x_x_,♪ ♪,d,desce,____,(lig.) ♩,95,6511,0.0146,0.0118,0.0028,0.2537
2/4,2,x_x_,♪ ♪,d,desce,x__x,♪. sc,94,6511,0.0144,0.0171,-0.0026,0.5541
2/4,2,x_x_,♪ ♪,d,desce,xxx_,sc sc ♪,61,6511,0.0094,0.0179,-0.0085,0.4096
2/4,2,x_x_,♪ ♪,d,desce,..x_,pausa ♪ ♪,59,6511,0.0091,0.0064,0.0027,0.3391
2/4,2,x_x_,♪ ♪,d,desce,__xx,(lig.) ♪ sc sc,42,6511,0.0065,0.0087,-0.0022,0.7313
2/4,2,x_x_,♪ ♪,d,desce,..xx,pausa ♪ sc sc,38,6511,0.0058,0.0032,0.0027,1.0302
2/4,2,x_x_,♪ ♪,d,desce,x_.x,♪ pausa sc sc,21,6511,0.0032,0.0023,0.0009,1.4992
2/4,2,x_x_,♪ ♪,d,desce,....,pausa ♩,18,6511,0.0028,0.0022,0.0006,0.2047
2/4,2,x_x_,♪ ♪,d,desce,__..,(lig.) ♪ pausa ♪,8,6511,0.0012,0.0014,-0.0001,0.4112
2/4,2,x_x_,♪ ♪,d,desce,xx__,sc ♪.,3,6511,0.0005,0.0004,0.0001,0.3707
2/4,2,x_x_,♪ ♪,d,desce,_xx_,(lig.) sc sc ♪,3,6511,0.0005,0.0006,-0.0002,0.8762
2/4,2,x_x_,♪ ♪,d,desce,x.x_,sc pausa sc ♪,2,6511,0.0003,0.0002,0.0001,1.8358
2/4,1,x___,♩,s,sobe,x_x_,♪ ♪,726,2062,0.3521,0.3828,-0.0308,0.9349
2/4,1,x___,♩,s,sobe,x___,♩,643,2062,0.3118,0.3182,-0.0064,1.0327
2/4,1,x___,♩,s,sobe,x__x,♪. sc,236,2062,0.1145,0.0987,0.0158,1.4379
2/4,1,x___,♩,s,sobe,x_xx,♪ sc sc,215,2062,0.1043,0.0953,0.009,1.4205
2/4,1,x___,♩,s,sobe,xxxx,sc sc sc sc,108,2062,0.0524,0.048,0.0043,0.4248
2/4,1,x___,♩,s,sobe,____,(lig.) ♩,41,2062,0.0199,0.0213,-0.0014,2.2969
2/4,1,x___,♩,s,sobe,xxx_,sc sc ♪,33,2062,0.016,0.0123,0.0037,0.8786
2/4,1,x___,♩,s,sobe,..x_,pausa ♪ ♪,26,2062,0.0126,0.0069,0.0057,4.2875
2/4,1,x___,♩,s,sobe,xx__,sc ♪.,7,2062,0.0034,0.0011,0.0023,2.0744
2/4,1,x___,♩,s,sobe,....,pausa ♩,6,2062,0.0029,0.0061,-0.0032,1.3785
2/4,1,x___,♩,s,sobe,xx_x,sc ♪ sc,5,2062,0.0024,0.0028,-0.0003,1.0433
2/4,1,x___,♩,s,sobe,__x_,(lig.) ♪ ♪,4,2062,0.0019,0.0018,0.0001,0.861
2/4,1,x___,♩,s,sobe,__xx,(lig.) ♪ sc sc,3,2062,0.0015,0.0006,0.0008,3.6085
2/4,1,x___,♩,s,sobe,_x_x,(lig.) sc ♪ sc,2,2062,0.001,0.0003,0.0007,2.1524
2/4,1,x___,♩,s,sobe,x_..,♪ pausa ♪,2,2062,0.001,0.0021,-0.0012,0.4049
2/4,2,x___,♩,0,—,x_x_,♪ ♪,149,329,0.4529,0.28,0.1729,1.0629
2/4,2,x___,♩,0,—,x___,♩,103,329,0.3131,0.238,0.0751,1.9199
2/4,2,x___,♩,0,—,x__x,♪. sc,19,329,0.0578,0.0205,0.0373,2.2165
2/4,2,x___,♩,0,—,__x_,(lig.) ♪ ♪,17,329,0.0517,0.0887,-0.037,1.2083
2/4,2,x___,♩,0,—,____,(lig.) ♩,13,329,0.0395,0.1667,-0.1272,0.6871
2/4,2,x___,♩,0,—,xxxx,sc sc sc sc,9,329,0.0274,0.0115,0.0158,0.2548
2/4,2,x___,♩,0,—,x_xx,♪ sc sc,8,329,0.0243,0.0141,0.0103,0.3315
2/4,2,x___,♩,0,—,xxx_,sc sc ♪,5,329,0.0152,0.0056,0.0096,0.6644
2/4,2,x___,♩,0,—,__xx,(lig.) ♪ sc sc,4,329,0.0122,0.0136,-0.0014,1.3784
2/4,2,x___,♩,0,—,x_..,♪ pausa ♪,2,329,0.0061,0.0172,-0.0111,0.4037
2/4,2,x___,♩,r,repete,x_x_,♪ ♪,480,1327,0.3617,0.28,0.0817,0.8489
2/4,2,x___,♩,r,repete,x___,♩,345,1327,0.26,0.238,0.022,1.5943
2/4,2,x___,♩,r,repete,__x_,(lig.) ♪ ♪,127,1327,0.0957,0.0887,0.0071,2.238
2/4,2,x___,♩,r,repete,____,(lig.) ♩,113,1327,0.0852,0.1667,-0.0815,1.4806
2/4,2,x___,♩,r,repete,..x_,pausa ♪ ♪,65,1327,0.049,0.0806,-0.0316,1.8329
2/4,2,x___,♩,r,repete,....,pausa ♩,54,1327,0.0407,0.0391,0.0016,3.0131
2/4,2,x___,♩,r,repete,x__x,♪. sc,31,1327,0.0234,0.0205,0.0029,0.8966
2/4,2,x___,♩,r,repete,__xx,(lig.) ♪ sc sc,26,1327,0.0196,0.0136,0.006,2.2213
2/4,2,x___,♩,r,repete,x_..,♪ pausa ♪,25,1327,0.0188,0.0172,0.0017,1.251
2/4,2,x___,♩,r,repete,x_xx,♪ sc sc,21,1327,0.0158,0.0141,0.0018,0.2157
2/4,2,x___,♩,r,repete,__..,(lig.) ♪ pausa ♪,11,1327,0.0083,0.0076,0.0007,2.7743
2/4,2,x___,♩,r,repete,xxx_,sc sc ♪,9,1327,0.0068,0.0056,0.0012,0.2965
2/4,2,x___,♩,r,repete,xxxx,sc sc sc sc,8,1327,0.006,0.0115,-0.0055,0.0562
2/4,2,x___,♩,r,repete,..xx,pausa ♪ sc sc,7,1327,0.0053,0.0132,-0.0079,0.9311
2/4,2,x___,♩,r,repete,x_.x,♪ pausa sc sc,2,1327,0.0015,0.0008,0.0007,0.7006
2/4,2,x___,♩,r,repete,...x,pausa ♪. sc,2,1327,0.0015,0.0005,0.001,10.5087
2/4,1,__x_,(lig.) ♪ ♪,d,desce,x_x_,♪ ♪,281,713,0.3941,0.3959,-0.0017,1.0465
2/4,1,__x_,(lig.) ♪ ♪,d,desce,x___,♩,278,713,0.3899,0.3578,0.0321,1.2912
2/4,1,__x_,(lig.) ♪ ♪,d,desce,x__x,♪. sc,78,713,0.1094,0.112,-0.0026,1.3744
2/4,1,__x_,(lig.) ♪ ♪,d,desce,x_xx,♪ sc sc,36,713,0.0505,0.0633,-0.0128,0.6879
2/4,1,__x_,(lig.) ♪ ♪,d,desce,xxx_,sc sc ♪,14,713,0.0196,0.0286,-0.0089,1.078
2/4,1,__x_,(lig.) ♪ ♪,d,desce,xxxx,sc sc sc sc,12,713,0.0168,0.0218,-0.005,0.1365
2/4,1,__x_,(lig.) ♪ ♪,d,desce,____,(lig.) ♩,6,713,0.0084,0.0034,0.0051,0.9721
2/4,1,__x_,(lig.) ♪ ♪,d,desce,_xx_,(lig.) sc sc ♪,4,713,0.0056,0.0095,-0.0039,5.376
2/4,1,__x_,(lig.) ♪ ♪,d,desce,__x_,(lig.) ♪ ♪,2,713,0.0028,0.0045,-0.0017,1.245
2/4,2,x_xx,♪ sc sc,d,desce,x_x_,♪ ♪,480,1475,0.3254,0.3538,-0.0284,0.7638
2/4,2,x_xx,♪ sc sc,d,desce,x_xx,♪ sc sc,301,1475,0.2041,0.2067,-0.0027,2.7817
2/4,2,x_xx,♪ sc sc,d,desce,x___,♩,287,1475,0.1946,0.1585,0.036,1.1932
2/4,2,x_xx,♪ sc sc,d,desce,xxxx,sc sc sc sc,256,1475,0.1736,0.1647,0.0088,1.6168
2/4,2,x_xx,♪ sc sc,d,desce,xxx_,sc sc ♪,72,1475,0.0488,0.0593,-0.0105,2.1339
2/4,2,x_xx,♪ sc sc,d,desce,x__x,♪. sc,40,1475,0.0271,0.0303,-0.0032,1.0408
2/4,2,x_xx,♪ sc sc,d,desce,x_..,♪ pausa ♪,26,1475,0.0176,0.0133,0.0043,1.1705
2/4,2,x_xx,♪ sc sc,d,desce,____,(lig.) ♩,3,1475,0.002,0.0012,0.0008,0.0354
2/4,2,x_xx,♪ sc sc,d,desce,x_.x,♪ pausa sc sc,3,1475,0.002,0.0015,0.0005,0.9454
2/4,2,x_xx,♪ sc sc,d,desce,xx__,sc ♪.,3,1475,0.002,0.0022,-0.0001,1.6363
2/4,2,x_xx,♪ sc sc,d,desce,xx_x,sc ♪ sc,2,1475,0.0014,0.0022,-0.0008,1.719
2/4,1,x_xx,♪ sc sc,d,desce,xxxx,sc sc sc sc,395,1320,0.2992,0.297,0.0022,2.4269
2/4,1,x_xx,♪ sc sc,d,desce,x_x_,♪ ♪,340,1320,0.2576,0.3016,-0.044,0.6839
2/4,1,x_xx,♪ sc sc,d,desce,x___,♩,276,1320,0.2091,0.1725,0.0366,0.6924
2/4,1,x_xx,♪ sc sc,d,desce,x_xx,♪ sc sc,166,1320,0.1258,0.1324,-0.0066,1.7132
2/4,1,x_xx,♪ sc sc,d,desce,x__x,♪. sc,82,1320,0.0621,0.061,0.0011,0.7805
2/4,1,x_xx,♪ sc sc,d,desce,xxx_,sc sc ♪,49,1320,0.0371,0.0293,0.0078,2.038
2/4,1,x_xx,♪ sc sc,d,desce,xx_x,sc ♪ sc,9,1320,0.0068,0.0036,0.0032,2.9335
2/4,2,x___,♩,s,sobe,x_x_,♪ ♪,1606,5029,0.3193,0.28,0.0393,0.7495
2/4,2,x___,♩,s,sobe,x___,♩,1272,5029,0.2529,0.238,0.0149,1.5511
2/4,2,x___,♩,s,sobe,____,(lig.) ♩,672,5029,0.1336,0.1667,-0.0331,2.3234
2/4,2,x___,♩,s,sobe,__x_,(lig.) ♪ ♪,438,5029,0.0871,0.0887,-0.0016,2.0367
2/4,2,x___,♩,s,sobe,..x_,pausa ♪ ♪,341,5029,0.0678,0.0806,-0.0128,2.5373
2/4,2,x___,♩,s,sobe,....,pausa ♩,149,5029,0.0296,0.0391,-0.0094,2.1938
2/4,2,x___,♩,s,sobe,x__x,♪. sc,107,5029,0.0213,0.0205,0.0008,0.8166
2/4,2,x___,♩,s,sobe,x_..,♪ pausa ♪,91,5029,0.0181,0.0172,0.0009,1.2016
2/4,2,x___,♩,s,sobe,__xx,(lig.) ♪ sc sc,79,5029,0.0157,0.0136,0.0022,1.781
2/4,2,x___,♩,s,sobe,xxxx,sc sc sc sc,72,5029,0.0143,0.0115,0.0028,0.1334
2/4,2,x___,♩,s,sobe,x_xx,♪ sc sc,71,5029,0.0141,0.0141,0.0001,0.1925
2/4,2,x___,♩,s,sobe,..xx,pausa ♪ sc sc,53,5029,0.0105,0.0132,-0.0027,1.8603
2/4,2,x___,♩,s,sobe,xxx_,sc sc ♪,35,5029,0.007,0.0056,0.0014,0.3042
2/4,2,x___,♩,s,sobe,__..,(lig.) ♪ pausa ♪,24,5029,0.0048,0.0076,-0.0028,1.5972
2/4,2,x___,♩,s,sobe,_xxx,(lig.) sc sc sc sc,5,5029,0.001,0.0007,0.0003,1.2604
2/4,2,x___,♩,s,sobe,x.xx,sc pausa sc sc sc,5,5029,0.001,0.0004,0.0006,3.7813
2/4,2,x___,♩,s,sobe,x_.x,♪ pausa sc sc,3,5029,0.0006,0.0008,-0.0002,0.2773
2/4,2,x___,♩,s,sobe,...x,pausa ♪. sc,2,5029,0.0004,0.0005,-0.0001,2.7729
2/4,2,x___,♩,s,sobe,xx__,sc ♪.,2,5029,0.0004,0.0008,-0.0004,0.32
2/4,2,xxxx,sc sc sc sc,d,desce,xxxx,sc sc sc sc,1538,2715,0.5665,0.5682,-0.0017,5.277
2/4,2,xxxx,sc sc sc sc,d,desce,x_xx,♪ sc sc,367,2715,0.1352,0.1419,-0.0068,1.8426
2/4,2,xxxx,sc sc sc sc,d,desce,x_x_,♪ ♪,345,2715,0.1271,0.1389,-0.0118,0.2982
2/4,2,xxxx,sc sc sc sc,d,desce,x___,♩,247,2715,0.091,0.0737,0.0173,0.5579
2/4,2,xxxx,sc sc sc sc,d,desce,xxx_,sc sc ♪,107,2715,0.0394,0.0396,-0.0002,1.7228
2/4,2,xxxx,sc sc sc sc,d,desce,x__x,♪. sc,41,2715,0.0151,0.0172,-0.0021,0.5796
2/4,2,xxxx,sc sc sc sc,d,desce,x_..,♪ pausa ♪,24,2715,0.0088,0.0079,0.0009,0.587
2/4,2,xxxx,sc sc sc sc,d,desce,xx.x,sc sc pausa sc sc,18,2715,0.0066,0.0037,0.003,10.6677
2/4,2,xxxx,sc sc sc sc,d,desce,xx_x,sc ♪ sc,7,2715,0.0026,0.0015,0.001,3.2685
2/4,2,xxxx,sc sc sc sc,d,desce,x_.x,♪ pausa sc sc,4,2715,0.0015,0.0015,-0.0001,0.6848
2/4,2,xxxx,sc sc sc sc,d,desce,_xxx,(lig.) sc sc sc sc,3,2715,0.0011,0.0006,0.0005,1.4008
2/4,2,xxxx,sc sc sc sc,d,desce,.xxx,pausa sc sc sc sc,3,2715,0.0011,0.0006,0.0005,7.7044
2/4,2,xxxx,sc sc sc sc,d,desce,x.xx,sc pausa sc sc sc,2,2715,0.0007,0.0004,0.0003,2.8016
2/4,2,xxxx,sc sc sc sc,d,desce,xx__,sc ♪.,2,2715,0.0007,0.0012,-0.0004,0.5926
2/4,2,xxxx,sc sc sc sc,d,desce,..xx,pausa ♪ sc sc,2,2715,0.0007,0.0004,0.0003,0.13
2/4,1,xxxx,sc sc sc sc,d,desce,xxxx,sc sc sc sc,1377,2626,0.5244,0.5596,-0.0352,4.2527
2/4,1,xxxx,sc sc sc sc,d,desce,x_x_,♪ ♪,518,2626,0.1973,0.1832,0.014,0.5238
2/4,1,xxxx,sc sc sc sc,d,desce,x___,♩,343,2626,0.1306,0.1207,0.0099,0.4326
2/4,1,xxxx,sc sc sc sc,d,desce,x_xx,♪ sc sc,188,2626,0.0716,0.0749,-0.0033,0.9753
2/4,1,xxxx,sc sc sc sc,d,desce,x__x,♪. sc,87,2626,0.0331,0.0248,0.0083,0.4162
2/4,1,xxxx,sc sc sc sc,d,desce,xxx_,sc sc ♪,87,2626,0.0331,0.0277,0.0054,1.8189
2/4,1,xxxx,sc sc sc sc,d,desce,xx_x,sc ♪ sc,8,2626,0.003,0.0018,0.0013,1.3107
2/4,1,xxxx,sc sc sc sc,d,desce,xx.x,sc sc pausa sc sc,4,2626,0.0015,0.0009,0.0006,2.569
2/4,1,xxxx,sc sc sc sc,d,desce,x_.x,♪ pausa sc sc,2,2626,0.0008,0.0009,-0.0001,1.6901
2/4,1,xxxx,sc sc sc sc,d,desce,xx__,sc ♪.,2,2626,0.0008,0.0007,0.0001,0.4654
2/4,1,xxxx,sc sc sc sc,d,desce,x_..,♪ pausa ♪,2,2626,0.0008,0.0013,-0.0006,0.3179
2/4,1,xxxx,sc sc sc sc,d,desce,x.xx,sc pausa sc sc sc,2,2626,0.0008,0.0007,0.0001,5.3521
2/4,1,xxxx,sc sc sc sc,d,desce,.xx_,pausa sc sc ♪,2,2626,0.0008,0.0004,0.0003,16.0564
2/4,2,x_x_,♪ ♪,r,repete,x_x_,♪ ♪,3049,4896,0.6228,0.6178,0.0049,1.4616
2/4,2,x_x_,♪ ♪,r,repete,x___,♩,526,4896,0.1074,0.151,-0.0436,0.6588
2/4,2,x_x_,♪ ♪,r,repete,x_xx,♪ sc sc,386,4896,0.0788,0.0745,0.0044,1.0747
2/4,2,x_x_,♪ ♪,r,repete,__x_,(lig.) ♪ ♪,248,4896,0.0507,0.0343,0.0164,1.1845
2/4,2,x_x_,♪ ♪,r,repete,xxxx,sc sc sc sc,206,4896,0.0421,0.0345,0.0075,0.3919
2/4,2,x_x_,♪ ♪,r,repete,xxx_,sc sc ♪,131,4896,0.0268,0.0179,0.0089,1.1697
2/4,2,x_x_,♪ ♪,r,repete,x_..,♪ pausa ♪,82,4896,0.0167,0.0148,0.0019,1.1122
2/4,2,x_x_,♪ ♪,r,repete,x__x,♪. sc,79,4896,0.0161,0.0171,-0.0009,0.6193
2/4,2,x_x_,♪ ♪,r,repete,__xx,(lig.) ♪ sc sc,56,4896,0.0114,0.0087,0.0028,1.2968
2/4,2,x_x_,♪ ♪,r,repete,____,(lig.) ♩,54,4896,0.011,0.0118,-0.0008,0.1918
2/4,2,x_x_,♪ ♪,r,repete,..x_,pausa ♪ ♪,32,4896,0.0065,0.0064,0.0002,0.2446
2/4,2,x_x_,♪ ♪,r,repete,....,pausa ♩,11,4896,0.0022,0.0022,0.0001,0.1664
2/4,2,x_x_,♪ ♪,r,repete,..xx,pausa ♪ sc sc,11,4896,0.0022,0.0032,-0.0009,0.3966
2/4,2,x_x_,♪ ♪,r,repete,__..,(lig.) ♪ pausa ♪,9,4896,0.0018,0.0014,0.0005,0.6152
2/4,2,x_x_,♪ ♪,r,repete,x_.x,♪ pausa sc sc,4,4896,0.0008,0.0023,-0.0015,0.3798
2/4,2,x_x_,♪ ♪,r,repete,xx_x,sc ♪ sc,3,4896,0.0006,0.0004,0.0002,0.7768
2/4,2,x_x_,♪ ♪,r,repete,_xx_,(lig.) sc sc ♪,3,4896,0.0006,0.0006,0,1.1652
2/4,2,x_x_,♪ ♪,r,repete,_.x_,(lig.) sc pausa sc ♪,2,4896,0.0004,0.0001,0.0003,8.5447
2/4,2,x_x_,♪ ♪,r,repete,x.x_,sc pausa sc ♪,2,4896,0.0004,0.0002,0.0002,2.4414
2/4,2,x_x_,♪ ♪,r,repete,_xxx,(lig.) sc sc sc sc,2,4896,0.0004,0.0002,0.0002,0.5179
2/4,1,x_x_,♪ ♪,s,sobe,x___,♩,2347,5955,0.3941,0.3869,0.0072,1.3052
2/4,1,x_x_,♪ ♪,s,sobe,x_x_,♪ ♪,2317,5955,0.3891,0.4253,-0.0362,1.0331
2/4,1,x_x_,♪ ♪,s,sobe,x__x,♪. sc,472,5955,0.0793,0.0669,0.0124,0.9958
2/4,1,x_x_,♪ ♪,s,sobe,xxxx,sc sc sc sc,312,5955,0.0524,0.043,0.0093,0.4249
2/4,1,x_x_,♪ ♪,s,sobe,x_xx,♪ sc sc,311,5955,0.0522,0.048,0.0042,0.7115
2/4,1,x_x_,♪ ♪,s,sobe,xxx_,sc sc ♪,105,5955,0.0176,0.0142,0.0034,0.968
2/4,1,x_x_,♪ ♪,s,sobe,__x_,(lig.) ♪ ♪,21,5955,0.0035,0.0029,0.0007,1.5651
2/4,1,x_x_,♪ ♪,s,sobe,____,(lig.) ♩,18,5955,0.003,0.0028,0.0002,0.3492
2/4,1,x_x_,♪ ♪,s,sobe,x_..,♪ pausa ♪,14,5955,0.0024,0.0019,0.0004,0.9814
2/4,1,x_x_,♪ ♪,s,sobe,xx__,sc ♪.,12,5955,0.002,0.0016,0.0004,1.2314
2/4,1,x_x_,♪ ♪,s,sobe,_xx_,(lig.) sc sc ♪,7,5955,0.0012,0.0011,0.0001,1.1264
2/4,1,x_x_,♪ ♪,s,sobe,..x_,pausa ♪ ♪,6,5955,0.001,0.0022,-0.0012,0.3426
2/4,1,x_x_,♪ ♪,s,sobe,xx_x,sc ♪ sc,6,5955,0.001,0.001,0.0001,0.4335
2/4,1,x_x_,♪ ♪,s,sobe,....,pausa ♩,3,5955,0.0005,0.0004,0.0001,0.2387
2/4,2,x___,♩,d,desce,____,(lig.) ♩,1182,5193,0.2276,0.1667,0.0609,3.9577
2/4,2,x___,♩,d,desce,x___,♩,1107,5193,0.2132,0.238,-0.0248,1.3072
2/4,2,x___,♩,d,desce,x_x_,♪ ♪,1091,5193,0.2101,0.28,-0.0699,0.4931
2/4,2,x___,♩,d,desce,..x_,pausa ♪ ♪,551,5193,0.1061,0.0806,0.0255,3.9704
2/4,2,x___,♩,d,desce,__x_,(lig.) ♪ ♪,471,5193,0.0907,0.0887,0.002,2.121
2/4,2,x___,♩,d,desce,....,pausa ♩,261,5193,0.0503,0.0391,0.0112,3.7215
2/4,2,x___,♩,d,desce,..xx,pausa ♪ sc sc,97,5193,0.0187,0.0132,0.0055,3.2972
2/4,2,x___,♩,d,desce,x__x,♪. sc,86,5193,0.0166,0.0205,-0.0039,0.6356
2/4,2,x___,♩,d,desce,x_..,♪ pausa ♪,86,5193,0.0166,0.0172,-0.0006,1.0997
2/4,2,x___,♩,d,desce,x_xx,♪ sc sc,67,5193,0.0129,0.0141,-0.0012,0.1759
2/4,2,x___,♩,d,desce,__..,(lig.) ♪ pausa ♪,55,5193,0.0106,0.0076,0.003,3.5447
2/4,2,x___,♩,d,desce,__xx,(lig.) ♪ sc sc,52,5193,0.01,0.0136,-0.0035,1.1353
2/4,2,x___,♩,d,desce,xxxx,sc sc sc sc,48,5193,0.0092,0.0115,-0.0023,0.0861
2/4,2,x___,♩,d,desce,xxx_,sc sc ♪,17,5193,0.0033,0.0056,-0.0023,0.1431
2/4,2,x___,♩,d,desce,xx__,sc ♪.,6,5193,0.0012,0.0008,0.0004,0.9295
2/4,2,x___,♩,d,desce,x_.x,♪ pausa sc sc,4,5193,0.0008,0.0008,0,0.358
2/4,2,x___,♩,d,desce,_xxx,(lig.) sc sc sc sc,3,5193,0.0006,0.0007,-0.0001,0.7324
2/4,2,x___,♩,d,desce,.xxx,pausa sc sc sc sc,3,5193,0.0006,0.0003,0.0003,4.028
2/4,2,x___,♩,d,desce,x.x_,sc pausa sc ♪,2,5193,0.0004,0.0002,0.0002,2.3017
2/4,2,x___,♩,d,desce,...x,pausa ♪. sc,2,5193,0.0004,0.0005,-0.0001,2.6853
2/4,1,x_x_,♪ ♪,r,repete,x_x_,♪ ♪,2024,4076,0.4966,0.4253,0.0712,1.3185
2/4,1,x_x_,♪ ♪,r,repete,x___,♩,1394,4076,0.342,0.3869,-0.0449,1.1326
2/4,1,x_x_,♪ ♪,r,repete,x__x,♪. sc,236,4076,0.0579,0.0669,-0.009,0.7274
2/4,1,x_x_,♪ ♪,r,repete,x_xx,♪ sc sc,173,4076,0.0424,0.048,-0.0056,0.5782
2/4,1,x_x_,♪ ♪,r,repete,xxxx,sc sc sc sc,130,4076,0.0319,0.043,-0.0111,0.2587
2/4,1,x_x_,♪ ♪,r,repete,xxx_,sc sc ♪,47,4076,0.0115,0.0142,-0.0027,0.6331
2/4,1,x_x_,♪ ♪,r,repete,..x_,pausa ♪ ♪,21,4076,0.0052,0.0022,0.0029,1.7519
2/4,1,x_x_,♪ ♪,r,repete,x_..,♪ pausa ♪,9,4076,0.0022,0.0019,0.0003,0.9218
2/4,1,x_x_,♪ ♪,r,repete,__x_,(lig.) ♪ ♪,8,4076,0.002,0.0029,-0.0009,0.8711
2/4,1,x_x_,♪ ♪,r,repete,x_.x,♪ pausa sc sc,7,4076,0.0017,0.0005,0.0012,3.8111
2/4,1,x_x_,♪ ♪,r,repete,____,(lig.) ♩,7,4076,0.0017,0.0028,-0.0011,0.1984
2/4,1,x_x_,♪ ♪,r,repete,..xx,pausa ♪ sc sc,5,4076,0.0012,0.0004,0.0008,3.2326
2/4,1,x_x_,♪ ♪,r,repete,_xx_,(lig.) sc sc ♪,5,4076,0.0012,0.0011,0.0002,1.1755
2/4,1,x_x_,♪ ♪,r,repete,__xx,(lig.) ♪ sc sc,4,4076,0.001,0.0003,0.0006,2.434
2/4,1,x_x_,♪ ♪,r,repete,....,pausa ♩,3,4076,0.0007,0.0004,0.0003,0.3487
2/4,1,..xx,pausa ♪ sc sc,s,sobe,x_x_,♪ ♪,138,292,0.4726,0.4495,0.0231,1.2549
2/4,1,..xx,pausa ♪ sc sc,s,sobe,xxxx,sc sc sc sc,49,292,0.1678,0.2297,-0.0619,1.3609
2/4,1,..xx,pausa ♪ sc sc,s,sobe,x_xx,♪ sc sc,44,292,0.1507,0.1386,0.0121,2.0528
2/4,1,..xx,pausa ♪ sc sc,s,sobe,x__x,♪. sc,41,292,0.1404,0.1149,0.0256,1.7641
2/4,1,..xx,pausa ♪ sc sc,s,sobe,x___,♩,18,292,0.0616,0.0475,0.0141,0.2041
2/4,1,..xx,pausa ♪ sc sc,s,sobe,xxx_,sc sc ♪,2,292,0.0068,0.0178,-0.011,0.376
2/4,1,x_xx,♪ sc sc,s,sobe,xxxx,sc sc sc sc,476,1379,0.3452,0.297,0.0481,2.7994
2/4,1,x_xx,♪ sc sc,s,sobe,x_x_,♪ ♪,398,1379,0.2886,0.3016,-0.013,0.7664
2/4,1,x_xx,♪ sc sc,s,sobe,x___,♩,195,1379,0.1414,0.1725,-0.0311,0.4683
2/4,1,x_xx,♪ sc sc,s,sobe,x_xx,♪ sc sc,188,1379,0.1363,0.1324,0.004,1.8573
2/4,1,x_xx,♪ sc sc,s,sobe,x__x,♪. sc,83,1379,0.0602,0.061,-0.0008,0.7562
2/4,1,x_xx,♪ sc sc,s,sobe,xxx_,sc sc ♪,32,1379,0.0232,0.0293,-0.0061,1.274
2/4,1,x_xx,♪ sc sc,s,sobe,x_..,♪ pausa ♪,3,1379,0.0022,0.0013,0.0009,0.9082
2/4,1,x_xx,♪ sc sc,s,sobe,xx_x,sc ♪ sc,2,1379,0.0015,0.0036,-0.0021,0.624
2/4,2,x__x,♪. sc,d,desce,x_x_,♪ ♪,860,1422,0.6048,0.6172,-0.0124,1.4194
2/4,2,x__x,♪. sc,d,desce,x___,♩,205,1422,0.1442,0.1192,0.025,0.8841
2/4,2,x__x,♪. sc,d,desce,x__x,♪. sc,125,1422,0.0879,0.0911,-0.0032,3.3738
2/4,2,x__x,♪. sc,d,desce,x_xx,♪ sc sc,85,1422,0.0598,0.0593,0.0005,0.8148
2/4,2,x__x,♪. sc,d,desce,xxxx,sc sc sc sc,66,1422,0.0464,0.0633,-0.0169,0.4324
2/4,2,x__x,♪. sc,d,desce,xxx_,sc sc ♪,29,1422,0.0204,0.0232,-0.0028,0.8915
2/4,2,x__x,♪. sc,d,desce,x_..,♪ pausa ♪,22,1422,0.0155,0.0123,0.0032,1.0274
2/4,2,x__x,♪. sc,d,desce,x_.x,♪ pausa sc sc,15,1422,0.0105,0.0069,0.0037,4.9033
2/4,2,x__x,♪. sc,d,desce,xx__,sc ♪.,8,1422,0.0056,0.0026,0.003,4.5261
2/4,2,x__x,♪. sc,d,desce,x...,sc pausa ♪.,2,1422,0.0014,0.0006,0.0008,14.7099
2/4,1,x__x,♪. sc,s,sobe,x___,♩,122,401,0.3042,0.3294,-0.0252,1.0075
2/4,1,x__x,♪. sc,s,sobe,x_x_,♪ ♪,111,401,0.2768,0.2848,-0.008,0.735
2/4,1,x__x,♪. sc,s,sobe,x__x,♪. sc,54,401,0.1347,0.1638,-0.0291,1.6919
2/4,1,x__x,♪. sc,s,sobe,xxxx,sc sc sc sc,51,401,0.1272,0.0937,0.0335,1.0314
2/4,1,x__x,♪. sc,s,sobe,x_xx,♪ sc sc,46,401,0.1147,0.0901,0.0246,1.5628
2/4,1,x__x,♪. sc,s,sobe,xxx_,sc sc ♪,10,401,0.0249,0.0255,-0.0005,1.3691
2/4,1,x__x,♪. sc,s,sobe,xx__,sc ♪.,3,401,0.0075,0.0055,0.002,4.5716
2/4,1,x__x,♪. sc,s,sobe,xx_x,sc ♪ sc,3,401,0.0075,0.0055,0.002,3.2188
2/4,1,xxxx,sc sc sc sc,s,sobe,xxxx,sc sc sc sc,1095,1776,0.6166,0.5596,0.057,5.0003
2/4,1,xxxx,sc sc sc sc,s,sobe,x_x_,♪ ♪,292,1776,0.1644,0.1832,-0.0188,0.4366
2/4,1,xxxx,sc sc sc sc,s,sobe,x___,♩,186,1776,0.1047,0.1207,-0.0159,0.3468
2/4,1,xxxx,sc sc sc sc,s,sobe,x_xx,♪ sc sc,143,1776,0.0805,0.0749,0.0057,1.0969
2/4,1,xxxx,sc sc sc sc,s,sobe,xxx_,sc sc ♪,33,1776,0.0186,0.0277,-0.0091,1.0201
2/4,1,xxxx,sc sc sc sc,s,sobe,x__x,♪. sc,17,1776,0.0096,0.0248,-0.0152,0.1203
2/4,1,xxxx,sc sc sc sc,s,sobe,x_..,♪ pausa ♪,2,1776,0.0011,0.0013,-0.0002,0.4701
2/4,1,xxxx,sc sc sc sc,s,sobe,_x_x,(lig.) sc ♪ sc,2,1776,0.0011,0.0004,0.0007,2.4991
2/4,1,xxxx,sc sc sc sc,s,sobe,.xxx,pausa sc sc sc sc,2,1776,0.0011,0.0004,0.0007,9.4964
2/4,2,x_xx,♪ sc sc,r,repete,x_x_,♪ ♪,223,446,0.5,0.3538,0.1462,1.1735
2/4,2,x_xx,♪ sc sc,r,repete,x_xx,♪ sc sc,101,446,0.2265,0.2067,0.0197,3.0869
2/4,2,x_xx,♪ sc sc,r,repete,x___,♩,43,446,0.0964,0.1585,-0.0621,0.5912
2/4,2,x_xx,♪ sc sc,r,repete,xxxx,sc sc sc sc,37,446,0.083,0.1647,-0.0817,0.7728
2/4,2,x_xx,♪ sc sc,r,repete,xxx_,sc sc ♪,25,446,0.0561,0.0593,-0.0033,2.4504
2/4,2,x_xx,♪ sc sc,r,repete,x_..,♪ pausa ♪,5,446,0.0112,0.0133,-0.0021,0.7444
2/4,2,x_xx,♪ sc sc,r,repete,x__x,♪. sc,5,446,0.0112,0.0303,-0.0191,0.4303
2/4,2,x_xx,♪ sc sc,r,repete,xx.x,sc sc pausa sc sc,2,446,0.0045,0.0015,0.0029,7.2154
2/4,1,x_..,♪ pausa ♪,d,desce,x_x_,♪ ♪,202,391,0.5166,0.4721,0.0445,1.3718
2/4,1,x_..,♪ pausa ♪,d,desce,x___,♩,88,391,0.2251,0.1962,0.0289,0.7453
2/4,1,x_..,♪ pausa ♪,d,desce,x_xx,♪ sc sc,40,391,0.1023,0.1244,-0.0221,1.3937
2/4,1,x_..,♪ pausa ♪,d,desce,x__x,♪. sc,28,391,0.0716,0.1021,-0.0305,0.8997
2/4,1,x_..,♪ pausa ♪,d,desce,xxxx,sc sc sc sc,10,391,0.0256,0.0383,-0.0127,0.2074
2/4,1,x_..,♪ pausa ♪,d,desce,x_..,♪ pausa ♪,7,391,0.0179,0.0287,-0.0108,7.4738
2/4,1,x_..,♪ pausa ♪,d,desce,..x_,pausa ♪ ♪,4,391,0.0102,0.008,0.0023,3.4786
2/4,1,x_..,♪ pausa ♪,d,desce,....,pausa ♩,3,391,0.0077,0.0064,0.0013,3.6349
2/4,1,x_..,♪ pausa ♪,d,desce,xxx_,sc sc ♪,3,391,0.0077,0.008,-0.0003,0.4212
2/4,1,x_..,♪ pausa ♪,d,desce,xx__,sc ♪.,3,391,0.0077,0.0064,0.0013,4.6885
2/4,1,x_..,♪ pausa ♪,d,desce,xx_x,sc ♪ sc,2,391,0.0051,0.0032,0.0019,2.2007
2/4,2,x_xx,♪ sc sc,s,sobe,x_x_,♪ ♪,442,1315,0.3361,0.3538,-0.0177,0.7889
2/4,2,x_xx,♪ sc sc,s,sobe,x_xx,♪ sc sc,267,1315,0.203,0.2067,-0.0037,2.7678
2/4,2,x_xx,♪ sc sc,s,sobe,xxxx,sc sc sc sc,240,1315,0.1825,0.1647,0.0178,1.7001
2/4,2,x_xx,♪ sc sc,s,sobe,x___,♩,183,1315,0.1392,0.1585,-0.0194,0.8534
2/4,2,x_xx,♪ sc sc,s,sobe,xxx_,sc sc ♪,95,1315,0.0722,0.0593,0.0129,3.1581
2/4,2,x_xx,♪ sc sc,s,sobe,x__x,♪. sc,53,1315,0.0403,0.0303,0.01,1.5469
2/4,2,x_xx,♪ sc sc,s,sobe,x_..,♪ pausa ♪,12,1315,0.0091,0.0133,-0.0042,0.606
2/4,2,x_xx,♪ sc sc,s,sobe,xx_x,sc ♪ sc,5,1315,0.0038,0.0022,0.0016,4.8203
2/4,2,x_xx,♪ sc sc,s,sobe,xx__,sc ♪.,4,1315,0.003,0.0022,0.0009,2.4472
2/4,2,x_xx,♪ sc sc,s,sobe,_xx_,(lig.) sc sc ♪,3,1315,0.0023,0.0015,0.0007,4.3382
2/4,2,x_xx,♪ sc sc,s,sobe,xx.x,sc sc pausa sc sc,3,1315,0.0023,0.0015,0.0007,3.6708
2/4,2,x_xx,♪ sc sc,s,sobe,xx..,sc sc pausa ♪,2,1315,0.0015,0.0006,0.0009,9.0896
2/4,1,x__x,♪. sc,d,desce,x___,♩,183,535,0.3421,0.3294,0.0127,1.1328
2/4,1,x__x,♪. sc,d,desce,x_x_,♪ ♪,148,535,0.2766,0.2848,-0.0082,0.7346
2/4,1,x__x,♪. sc,d,desce,x__x,♪. sc,97,535,0.1813,0.1638,0.0175,2.2779
2/4,1,x__x,♪. sc,d,desce,xxxx,sc sc sc sc,49,535,0.0916,0.0937,-0.0021,0.7428
2/4,1,x__x,♪. sc,d,desce,x_xx,♪ sc sc,41,535,0.0766,0.0901,-0.0134,1.044
2/4,1,x__x,♪. sc,d,desce,xxx_,sc sc ♪,12,535,0.0224,0.0255,-0.003,1.2314
2/4,1,x__x,♪. sc,d,desce,xx__,sc ♪.,3,535,0.0056,0.0055,0.0001,3.4266
2/4,1,x__x,♪. sc,d,desce,xx_x,sc ♪ sc,2,535,0.0037,0.0055,-0.0017,1.6084
2/4,1,x___,♩,d,desce,x_x_,♪ ♪,1105,2913,0.3793,0.3828,-0.0035,1.0073
2/4,1,x___,♩,d,desce,x___,♩,922,2913,0.3165,0.3182,-0.0017,1.0482
2/4,1,x___,♩,d,desce,x_xx,♪ sc sc,292,2913,0.1002,0.0953,0.005,1.3656
2/4,1,x___,♩,d,desce,x__x,♪. sc,271,2913,0.093,0.0987,-0.0056,1.1688
2/4,1,x___,♩,d,desce,xxxx,sc sc sc sc,145,2913,0.0498,0.048,0.0017,0.4037
2/4,1,x___,♩,d,desce,____,(lig.) ♩,64,2913,0.022,0.0213,0.0006,2.538
2/4,1,x___,♩,d,desce,xxx_,sc sc ♪,35,2913,0.012,0.0123,-0.0003,0.6596
2/4,1,x___,♩,d,desce,....,pausa ♩,29,2913,0.01,0.0061,0.0038,4.7164
2/4,1,x___,♩,d,desce,..x_,pausa ♪ ♪,15,2913,0.0051,0.0069,-0.0018,1.7509
2/4,1,x___,♩,d,desce,x_..,♪ pausa ♪,12,2913,0.0041,0.0021,0.002,1.7197
2/4,1,x___,♩,d,desce,xx_x,sc ♪ sc,10,2913,0.0034,0.0028,0.0007,1.477
2/4,1,x___,♩,d,desce,__x_,(lig.) ♪ ♪,7,2913,0.0024,0.0018,0.0006,1.0665
2/4,1,x___,♩,d,desce,x.x.,sc pausa sc sc pausa sc,2,2913,0.0007,0.0003,0.0004,4.8248
2/4,1,x___,♩,d,desce,.xxx,pausa sc sc sc sc,2,2913,0.0007,0.0005,0.0002,5.7898
2/4,1,____,(lig.) ♩,d,desce,x_x_,♪ ♪,358,1010,0.3545,0.3292,0.0253,0.9412
2/4,1,____,(lig.) ♩,d,desce,x___,♩,256,1010,0.2535,0.2775,-0.024,0.8394
2/4,1,____,(lig.) ♩,d,desce,x_xx,♪ sc sc,117,1010,0.1158,0.1164,-0.0005,1.5781
2/4,1,____,(lig.) ♩,d,desce,x__x,♪. sc,108,1010,0.1069,0.1094,-0.0024,1.3435
2/4,1,____,(lig.) ♩,d,desce,____,(lig.) ♩,87,1010,0.0861,0.0808,0.0053,9.9505
2/4,1,____,(lig.) ♩,d,desce,xxxx,sc sc sc sc,28,1010,0.0277,0.0259,0.0019,0.2248
2/4,1,____,(lig.) ♩,d,desce,xxx_,sc sc ♪,15,1010,0.0149,0.0151,-0.0002,0.8154
2/4,1,____,(lig.) ♩,d,desce,....,pausa ♩,14,1010,0.0139,0.0119,0.002,6.5669
2/4,1,____,(lig.) ♩,d,desce,..x_,pausa ♪ ♪,7,1010,0.0069,0.0081,-0.0012,2.3567
2/4,1,____,(lig.) ♩,d,desce,xx_x,sc ♪ sc,7,1010,0.0069,0.0059,0.001,2.9819
2/4,1,____,(lig.) ♩,d,desce,..xx,pausa ♪ sc sc,2,1010,0.002,0.0022,-0.0002,5.2183
2/4,1,____,(lig.) ♩,d,desce,__xx,(lig.) ♪ sc sc,2,1010,0.002,0.0016,0.0004,4.9114
2/4,1,____,(lig.) ♩,d,desce,__x_,(lig.) ♪ ♪,2,1010,0.002,0.007,-0.005,0.8789
2/4,2,x__x,♪. sc,s,sobe,x_x_,♪ ♪,975,1600,0.6094,0.6172,-0.0078,1.4302
2/4,2,x__x,♪. sc,s,sobe,x___,♩,171,1600,0.1069,0.1192,-0.0123,0.6554
2/4,2,x__x,♪. sc,s,sobe,xxxx,sc sc sc sc,140,1600,0.0875,0.0633,0.0242,0.8151
2/4,2,x__x,♪. sc,s,sobe,x__x,♪. sc,135,1600,0.0844,0.0911,-0.0067,3.2384
2/4,2,x__x,♪. sc,s,sobe,x_xx,♪ sc sc,105,1600,0.0656,0.0593,0.0063,0.8946
2/4,2,x__x,♪. sc,s,sobe,xxx_,sc sc ♪,48,1600,0.03,0.0232,0.0068,1.3114
2/4,2,x__x,♪. sc,s,sobe,x_..,♪ pausa ♪,17,1600,0.0106,0.0123,-0.0017,0.7056
2/4,2,x__x,♪. sc,s,sobe,x_.x,♪ pausa sc sc,5,1600,0.0031,0.0069,-0.0038,1.4526
2/4,2,x__x,♪. sc,s,sobe,_xx_,(lig.) sc sc ♪,2,1600,0.0013,0.0011,0.0001,2.377
2/4,1,..x_,pausa ♪ ♪,0,—,x_x_,♪ ♪,534,940,0.5681,0.5816,-0.0135,1.5085
2/4,1,..x_,pausa ♪ ♪,0,—,x__x,♪. sc,128,940,0.1362,0.1521,-0.0159,1.7108
2/4,1,..x_,pausa ♪ ♪,0,—,x___,♩,128,940,0.1362,0.1521,-0.0159,0.4509
2/4,1,..x_,pausa ♪ ♪,0,—,xxxx,sc sc sc sc,69,940,0.0734,0.0437,0.0297,0.5953
2/4,1,..x_,pausa ♪ ♪,0,—,x_xx,♪ sc sc,63,940,0.067,0.0466,0.0204,0.913
2/4,1,..x_,pausa ♪ ♪,0,—,xxx_,sc sc ♪,10,940,0.0106,0.0112,-0.0005,0.5841
2/4,1,..x_,pausa ♪ ♪,0,—,xx__,sc ♪.,3,940,0.0032,0.0015,0.0017,1.9502
2/4,1,..x_,pausa ♪ ♪,0,—,x_..,♪ pausa ♪,2,940,0.0021,0.0053,-0.0032,0.8882
2/4,1,..x_,pausa ♪ ♪,0,—,xx.x,sc sc pausa sc sc,2,940,0.0021,0.001,0.0012,3.5884
2/4,1,__x_,(lig.) ♪ ♪,s,sobe,x_x_,♪ ♪,303,833,0.3637,0.3959,-0.0321,0.9659
2/4,1,__x_,(lig.) ♪ ♪,s,sobe,x___,♩,289,833,0.3469,0.3578,-0.0108,1.1489
2/4,1,__x_,(lig.) ♪ ♪,s,sobe,x__x,♪. sc,95,833,0.114,0.112,0.0021,1.4328
2/4,1,__x_,(lig.) ♪ ♪,s,sobe,x_xx,♪ sc sc,70,833,0.084,0.0633,0.0208,1.1448
2/4,1,__x_,(lig.) ♪ ♪,s,sobe,xxx_,sc sc ♪,31,833,0.0372,0.0286,0.0087,2.0431
2/4,1,__x_,(lig.) ♪ ♪,s,sobe,xxxx,sc sc sc sc,26,833,0.0312,0.0218,0.0094,0.2531
2/4,1,__x_,(lig.) ♪ ♪,s,sobe,_xx_,(lig.) sc sc ♪,11,833,0.0132,0.0095,0.0037,12.6543
2/4,1,__x_,(lig.) ♪ ♪,s,sobe,__x_,(lig.) ♪ ♪,4,833,0.0048,0.0045,0.0003,2.1312
2/4,1,__x_,(lig.) ♪ ♪,s,sobe,__xx,(lig.) ♪ sc sc,2,833,0.0024,0.0011,0.0013,5.9549
2/4,2,xxx_,sc sc ♪,s,sobe,x_x_,♪ ♪,70,248,0.2823,0.2292,0.0531,0.6625
2/4,2,xxx_,sc sc ♪,s,sobe,__x_,(lig.) ♪ ♪,40,248,0.1613,0.1055,0.0558,3.7717
2/4,2,xxx_,sc sc ♪,s,sobe,xxx_,sc sc ♪,33,248,0.1331,0.1172,0.0159,5.8169
2/4,2,xxx_,sc sc ♪,s,sobe,____,(lig.) ♩,24,248,0.0968,0.0951,0.0017,1.6827
2/4,2,xxx_,sc sc ♪,s,sobe,__xx,(lig.) ♪ sc sc,21,248,0.0847,0.0586,0.0261,9.6002
2/4,2,xxx_,sc sc ♪,s,sobe,x_xx,♪ sc sc,17,248,0.0685,0.0599,0.0087,0.9344
2/4,2,xxx_,sc sc ♪,s,sobe,xxxx,sc sc sc sc,16,248,0.0645,0.0794,-0.0149,0.601
2/4,2,xxx_,sc sc ♪,s,sobe,x___,♩,16,248,0.0645,0.1602,-0.0956,0.3956
2/4,2,xxx_,sc sc ♪,s,sobe,x__x,♪. sc,5,248,0.0202,0.0339,-0.0137,0.7738
2/4,2,xxx_,sc sc ♪,s,sobe,..xx,pausa ♪ sc sc,2,248,0.0081,0.0195,-0.0115,1.4235
2/4,1,__xx,(lig.) ♪ sc sc,s,sobe,x_x_,♪ ♪,78,197,0.3959,0.3686,0.0274,1.0513
2/4,1,__xx,(lig.) ♪ sc sc,s,sobe,x___,♩,34,197,0.1726,0.2005,-0.028,0.5716
2/4,1,__xx,(lig.) ♪ sc sc,s,sobe,xxxx,sc sc sc sc,25,197,0.1269,0.1436,-0.0167,1.0292
2/4,1,__xx,(lig.) ♪ sc sc,s,sobe,x__x,♪. sc,23,197,0.1168,0.0949,0.0219,1.4668
2/4,1,__xx,(lig.) ♪ sc sc,s,sobe,x_xx,♪ sc sc,23,197,0.1168,0.1274,-0.0106,1.5905
2/4,1,__xx,(lig.) ♪ sc sc,s,sobe,xxx_,sc sc ♪,11,197,0.0558,0.0434,0.0125,3.0655
2/4,2,xx__,sc ♪.,d,desce,x__x,♪. sc,19,38,0.5,0.3333,0.1667,19.1904
2/4,2,xx__,sc ♪.,d,desce,x___,♩,7,38,0.1842,0.1449,0.0393,1.1296
2/4,2,xx__,sc ♪.,d,desce,x_x_,♪ ♪,4,38,0.1053,0.1594,-0.0542,0.2471
2/4,2,xx__,sc ♪.,d,desce,__xx,(lig.) ♪ sc sc,3,38,0.0789,0.058,0.021,8.9506
2/4,2,xx__,sc ♪.,d,desce,____,(lig.) ♩,2,38,0.0526,0.0435,0.0092,0.9151
2/4,1,..xx,pausa ♪ sc sc,d,desce,xxxx,sc sc sc sc,62,146,0.4247,0.2297,0.195,3.444
2/4,1,..xx,pausa ♪ sc sc,d,desce,x_x_,♪ ♪,52,146,0.3562,0.4495,-0.0933,0.9457
2/4,1,..xx,pausa ♪ sc sc,d,desce,x_xx,♪ sc sc,21,146,0.1438,0.1386,0.0052,1.9595
2/4,1,..xx,pausa ♪ sc sc,d,desce,x__x,♪. sc,7,146,0.0479,0.1149,-0.0669,0.6024
2/4,1,..xx,pausa ♪ sc sc,d,desce,xxx_,sc sc ♪,3,146,0.0205,0.0178,0.0027,1.1281
2/4,2,x__x,♪. sc,r,repete,x_x_,♪ ♪,319,468,0.6816,0.6172,0.0644,1.5998
2/4,2,x__x,♪. sc,r,repete,x__x,♪. sc,58,468,0.1239,0.0911,0.0328,4.7566
2/4,2,x__x,♪. sc,r,repete,x___,♩,40,468,0.0855,0.1192,-0.0337,0.5241
2/4,2,x__x,♪. sc,r,repete,x_xx,♪ sc sc,17,468,0.0363,0.0593,-0.023,0.4952
2/4,2,x__x,♪. sc,r,repete,xxxx,sc sc sc sc,15,468,0.0321,0.0633,-0.0313,0.2986
2/4,2,x__x,♪. sc,r,repete,..xx,pausa ♪ sc sc,4,468,0.0085,0.0011,0.0074,1.5087
2/4,2,x__x,♪. sc,r,repete,x_.x,♪ pausa sc sc,4,468,0.0085,0.0069,0.0017,3.9729
2/4,2,x__x,♪. sc,r,repete,x_..,♪ pausa ♪,4,468,0.0085,0.0123,-0.0038,0.5676
2/4,2,x__x,♪. sc,r,repete,xxx_,sc sc ♪,4,468,0.0085,0.0232,-0.0147,0.3736
2/4,1,__x_,(lig.) ♪ ♪,r,repete,x_x_,♪ ♪,123,240,0.5125,0.3959,0.1166,1.3609
2/4,1,__x_,(lig.) ♪ ♪,r,repete,x___,♩,72,240,0.3,0.3578,-0.0578,0.9935
2/4,1,__x_,(lig.) ♪ ♪,r,repete,x__x,♪. sc,27,240,0.1125,0.112,0.0005,1.4134
2/4,1,__x_,(lig.) ♪ ♪,r,repete,x_xx,♪ sc sc,7,240,0.0292,0.0633,-0.0341,0.3973
2/4,1,__x_,(lig.) ♪ ♪,r,repete,xxx_,sc sc ♪,6,240,0.025,0.0286,-0.0036,1.3725
2/4,1,__x_,(lig.) ♪ ♪,r,repete,__x_,(lig.) ♪ ♪,2,240,0.0083,0.0045,0.0039,3.6986
2/4,1,__x_,(lig.) ♪ ♪,r,repete,_xx_,(lig.) sc sc ♪,2,240,0.0083,0.0095,-0.0012,7.9856
2/4,1,....,pausa ♩,r,repete,x_x_,♪ ♪,35,72,0.4861,0.4053,0.0808,1.2908
2/4,1,....,pausa ♩,r,repete,x___,♩,27,72,0.375,0.3947,-0.0197,1.2419
2/4,1,....,pausa ♩,r,repete,x__x,♪. sc,6,72,0.0833,0.0973,-0.014,1.047
2/4,1,xxx_,sc sc ♪,s,sobe,x___,♩,75,232,0.3233,0.355,-0.0317,1.0706
2/4,1,xxx_,sc sc ♪,s,sobe,x_x_,♪ ♪,69,232,0.2974,0.2271,0.0703,0.7897
2/4,1,xxx_,sc sc ♪,s,sobe,x_xx,♪ sc sc,21,232,0.0905,0.0938,-0.0033,1.2331
2/4,1,xxx_,sc sc ♪,s,sobe,xxxx,sc sc sc sc,19,232,0.0819,0.1588,-0.077,0.6642
2/4,1,xxx_,sc sc ♪,s,sobe,x__x,♪. sc,11,232,0.0474,0.049,-0.0016,0.5957
2/4,1,xxx_,sc sc ♪,s,sobe,xxx_,sc sc ♪,9,232,0.0388,0.048,-0.0092,2.1298
2/4,1,xxx_,sc sc ♪,s,sobe,____,(lig.) ♩,8,232,0.0345,0.0181,0.0164,3.9834
2/4,1,xxx_,sc sc ♪,s,sobe,_xxx,(lig.) sc sc sc sc,5,232,0.0216,0.0053,0.0162,64.9076
2/4,1,xxx_,sc sc ♪,s,sobe,__x_,(lig.) ♪ ♪,3,232,0.0129,0.0064,0.0065,5.7392
2/4,1,xxx_,sc sc ♪,s,sobe,xx_x,sc ♪ sc,3,232,0.0129,0.0075,0.0055,5.5635
2/4,1,xxx_,sc sc ♪,s,sobe,xx.x,sc sc pausa sc sc,3,232,0.0129,0.0085,0.0044,21.809
2/4,1,xxx_,sc sc ♪,s,sobe,_xx_,(lig.) sc sc ♪,2,232,0.0086,0.0075,0.0012,8.261
2/4,1,xxx_,sc sc ♪,r,repete,xxxx,sc sc sc sc,77,175,0.44,0.1588,0.2812,3.5684
2/4,1,xxx_,sc sc ♪,r,repete,x___,♩,35,175,0.2,0.355,-0.155,0.6623
2/4,1,xxx_,sc sc ♪,r,repete,x_x_,♪ ♪,30,175,0.1714,0.2271,-0.0557,0.4552
2/4,1,xxx_,sc sc ♪,r,repete,x_xx,♪ sc sc,20,175,0.1143,0.0938,0.0205,1.5569
2/4,1,xxx_,sc sc ♪,r,repete,xxx_,sc sc ♪,7,175,0.04,0.048,-0.008,2.196
2/4,1,xxx_,sc sc ♪,r,repete,x__x,♪. sc,3,175,0.0171,0.049,-0.0319,0.2154
2/4,1,x_.x,♪ pausa sc sc,r,repete,x__x,♪. sc,14,37,0.3784,0.3778,0.0006,4.7539
2/4,1,x_.x,♪ pausa sc sc,r,repete,x_x_,♪ ♪,12,37,0.3243,0.3667,-0.0423,0.8612
2/4,1,x_.x,♪ pausa sc sc,r,repete,x_xx,♪ sc sc,3,37,0.0811,0.0667,0.0144,1.1046
2/4,1,x_.x,♪ pausa sc sc,r,repete,x___,♩,3,37,0.0811,0.0556,0.0255,0.2685
2/4,1,x_.x,♪ pausa sc sc,r,repete,xxx_,sc sc ♪,2,37,0.0541,0.0222,0.0318,2.9676
2/4,1,x_.x,♪ pausa sc sc,r,repete,xxxx,sc sc sc sc,2,37,0.0541,0.1,-0.0459,0.4384
2/4,1,x__x,♪. sc,r,repete,x___,♩,57,163,0.3497,0.3294,0.0203,1.1581
2/4,1,x__x,♪. sc,r,repete,x_x_,♪ ♪,54,163,0.3313,0.2848,0.0465,0.8797
2/4,1,x__x,♪. sc,r,repete,x__x,♪. sc,29,163,0.1779,0.1638,0.0141,2.2353
2/4,1,x__x,♪. sc,r,repete,x_xx,♪ sc sc,12,163,0.0736,0.0901,-0.0165,1.0029
2/4,1,x__x,♪. sc,r,repete,xxx_,sc sc ♪,6,163,0.0368,0.0255,0.0113,2.0209
2/4,1,x__x,♪. sc,r,repete,xxxx,sc sc sc sc,3,163,0.0184,0.0937,-0.0753,0.1493
2/4,1,..x_,pausa ♪ ♪,s,sobe,x_x_,♪ ♪,217,382,0.5681,0.5816,-0.0136,1.5084
2/4,1,..x_,pausa ♪ ♪,s,sobe,x___,♩,72,382,0.1885,0.1521,0.0364,0.6242
2/4,1,..x_,pausa ♪ ♪,s,sobe,x__x,♪. sc,64,382,0.1675,0.1521,0.0154,2.1049
2/4,1,..x_,pausa ♪ ♪,s,sobe,x_xx,♪ sc sc,13,382,0.034,0.0466,-0.0126,0.4636
2/4,1,..x_,pausa ♪ ♪,s,sobe,xxxx,sc sc sc sc,5,382,0.0131,0.0437,-0.0306,0.1062
2/4,1,..x_,pausa ♪ ♪,s,sobe,xxx_,sc sc ♪,5,382,0.0131,0.0112,0.0019,0.7186
2/4,1,..x_,pausa ♪ ♪,s,sobe,x_..,♪ pausa ♪,2,382,0.0052,0.0053,-0.0001,2.1857
2/4,1,..x_,pausa ♪ ♪,r,repete,x_x_,♪ ♪,219,349,0.6275,0.5816,0.0459,1.6662
2/4,1,..x_,pausa ♪ ♪,r,repete,x__x,♪. sc,50,349,0.1433,0.1521,-0.0088,1.8
2/4,1,..x_,pausa ♪ ♪,r,repete,x___,♩,47,349,0.1347,0.1521,-0.0174,0.446
2/4,1,..x_,pausa ♪ ♪,r,repete,x_xx,♪ sc sc,12,349,0.0344,0.0466,-0.0123,0.4684
2/4,1,..x_,pausa ♪ ♪,r,repete,xxxx,sc sc sc sc,9,349,0.0258,0.0437,-0.0179,0.2091
2/4,1,..x_,pausa ♪ ♪,r,repete,xxx_,sc sc ♪,7,349,0.0201,0.0112,0.0089,1.1012
2/4,1,..x_,pausa ♪ ♪,r,repete,__x_,(lig.) ♪ ♪,2,349,0.0057,0.0015,0.0043,2.5434
2/4,1,..x_,pausa ♪ ♪,r,repete,..x_,pausa ♪ ♪,2,349,0.0057,0.0015,0.0043,1.9486
2/4,1,..x_,pausa ♪ ♪,d,desce,x_x_,♪ ♪,227,387,0.5866,0.5816,0.0049,1.5575
2/4,1,..x_,pausa ♪ ♪,d,desce,x__x,♪. sc,71,387,0.1835,0.1521,0.0314,2.305
2/4,1,..x_,pausa ♪ ♪,d,desce,x___,♩,66,387,0.1705,0.1521,0.0185,0.5648
2/4,1,..x_,pausa ♪ ♪,d,desce,x_xx,♪ sc sc,8,387,0.0207,0.0466,-0.026,0.2816
2/4,1,..x_,pausa ♪ ♪,d,desce,xxxx,sc sc sc sc,7,387,0.0181,0.0437,-0.0256,0.1467
2/4,1,..x_,pausa ♪ ♪,d,desce,x_..,♪ pausa ♪,6,387,0.0155,0.0053,0.0102,6.4723
2/4,2,xxx_,sc sc ♪,d,desce,x___,♩,88,368,0.2391,0.1602,0.079,1.4664
2/4,2,xxx_,sc sc ♪,d,desce,x_x_,♪ ♪,59,368,0.1603,0.2292,-0.0688,0.3763
2/4,2,xxx_,sc sc ♪,d,desce,____,(lig.) ♩,46,368,0.125,0.0951,0.0299,2.1735
2/4,2,xxx_,sc sc ♪,d,desce,__x_,(lig.) ♪ ♪,38,368,0.1033,0.1055,-0.0022,2.4147
2/4,2,xxx_,sc sc ♪,d,desce,xxx_,sc sc ♪,24,368,0.0652,0.1172,-0.052,2.851
2/4,2,xxx_,sc sc ♪,d,desce,__xx,(lig.) ♪ sc sc,22,368,0.0598,0.0586,0.0012,6.7778
2/4,2,xxx_,sc sc ♪,d,desce,xxxx,sc sc sc sc,20,368,0.0543,0.0794,-0.0251,0.5063
2/4,2,xxx_,sc sc ♪,d,desce,x_xx,♪ sc sc,20,368,0.0543,0.0599,-0.0055,0.7408
2/4,2,xxx_,sc sc ♪,d,desce,x__x,♪. sc,17,368,0.0462,0.0339,0.0123,1.773
2/4,2,xxx_,sc sc ♪,d,desce,..xx,pausa ♪ sc sc,10,368,0.0272,0.0195,0.0076,4.7967
2/4,2,xxx_,sc sc ♪,d,desce,....,pausa ♩,7,368,0.019,0.0104,0.0086,1.4085
2/4,2,xxx_,sc sc ♪,d,desce,..x_,pausa ♪ ♪,6,368,0.0163,0.013,0.0033,0.6101
2/4,2,xxx_,sc sc ♪,d,desce,_xxx,(lig.) sc sc sc sc,4,368,0.0109,0.0065,0.0044,13.7796
2/4,2,xxx_,sc sc ♪,d,desce,xx__,sc ♪.,2,368,0.0054,0.0026,0.0028,4.3724
2/4,1,____,(lig.) ♩,s,sobe,x_x_,♪ ♪,205,674,0.3042,0.3292,-0.025,0.8076
2/4,1,____,(lig.) ♩,s,sobe,x___,♩,203,674,0.3012,0.2775,0.0237,0.9974
2/4,1,____,(lig.) ♩,s,sobe,x_xx,♪ sc sc,86,674,0.1276,0.1164,0.0112,1.7383
2/4,1,____,(lig.) ♩,s,sobe,x__x,♪. sc,84,674,0.1246,0.1094,0.0153,1.5658
2/4,1,____,(lig.) ♩,s,sobe,____,(lig.) ♩,43,674,0.0638,0.0808,-0.017,7.3698
2/4,1,____,(lig.) ♩,s,sobe,xxxx,sc sc sc sc,15,674,0.0223,0.0259,-0.0036,0.1805
2/4,1,____,(lig.) ♩,s,sobe,xxx_,sc sc ♪,9,674,0.0134,0.0151,-0.0017,0.7331
2/4,1,____,(lig.) ♩,s,sobe,__x_,(lig.) ♪ ♪,8,674,0.0119,0.007,0.0049,5.268
2/4,1,____,(lig.) ♩,s,sobe,..x_,pausa ♪ ♪,5,674,0.0074,0.0081,-0.0007,2.5225
2/4,1,____,(lig.) ♩,s,sobe,x_..,♪ pausa ♪,5,674,0.0074,0.0032,0.0042,3.0969
2/4,1,____,(lig.) ♩,s,sobe,....,pausa ♩,5,674,0.0074,0.0119,-0.0044,3.5145
2/4,1,____,(lig.) ♩,s,sobe,..xx,pausa ♪ sc sc,2,674,0.003,0.0022,0.0008,7.8197
2/4,1,____,(lig.) ♩,s,sobe,xx_x,sc ♪ sc,2,674,0.003,0.0059,-0.003,1.2767
2/4,1,xxx_,sc sc ♪,d,desce,x___,♩,223,531,0.42,0.355,0.065,1.3908
2/4,1,xxx_,sc sc ♪,d,desce,x_x_,♪ ♪,114,531,0.2147,0.2271,-0.0124,0.5701
2/4,1,xxx_,sc sc ♪,d,desce,xxxx,sc sc sc sc,53,531,0.0998,0.1588,-0.059,0.8095
2/4,1,xxx_,sc sc ♪,d,desce,x_xx,♪ sc sc,47,531,0.0885,0.0938,-0.0053,1.2058
2/4,1,xxx_,sc sc ♪,d,desce,x__x,♪. sc,32,531,0.0603,0.049,0.0112,0.7571
2/4,1,xxx_,sc sc ♪,d,desce,xxx_,sc sc ♪,29,531,0.0546,0.048,0.0066,2.9984
2/4,1,xxx_,sc sc ♪,d,desce,____,(lig.) ♩,8,531,0.0151,0.0181,-0.0031,1.7404
2/4,1,xxx_,sc sc ♪,d,desce,_xx_,(lig.) sc sc ♪,5,531,0.0094,0.0075,0.002,9.0233
2/4,1,xxx_,sc sc ♪,d,desce,xx_x,sc ♪ sc,4,531,0.0075,0.0075,0.0001,3.241
2/4,1,xxx_,sc sc ♪,d,desce,xx.x,sc sc pausa sc sc,4,531,0.0075,0.0085,-0.001,12.7048
2/4,1,xxx_,sc sc ♪,d,desce,__x_,(lig.) ♪ ♪,2,531,0.0038,0.0064,-0.0026,1.6717
2/4,1,xxx_,sc sc ♪,d,desce,xx__,sc ♪.,2,531,0.0038,0.0021,0.0016,2.3016
2/4,1,xxx_,sc sc ♪,d,desce,x_.x,♪ pausa sc sc,2,531,0.0038,0.0032,0.0006,8.3584
2/4,2,_xx_,(lig.) sc sc ♪,d,desce,x_x_,♪ ♪,9,27,0.3333,0.381,-0.0476,0.7823
2/4,2,_xx_,(lig.) sc sc ♪,d,desce,__x_,(lig.) ♪ ♪,7,27,0.2593,0.2619,-0.0026,6.0627
2/4,2,_xx_,(lig.) sc sc ♪,d,desce,x___,♩,3,27,0.1111,0.0952,0.0159,0.6814
2/4,2,_xx_,(lig.) sc sc ♪,d,desce,_xx_,(lig.) sc sc ♪,2,27,0.0741,0.0476,0.0265,140.8586
2/4,2,xxx_,sc sc ♪,r,repete,x_x_,♪ ♪,47,152,0.3092,0.2292,0.08,0.7257
2/4,2,xxx_,sc sc ♪,r,repete,xxx_,sc sc ♪,33,152,0.2171,0.1172,0.0999,9.4907
2/4,2,xxx_,sc sc ♪,r,repete,xxxx,sc sc sc sc,25,152,0.1645,0.0794,0.085,1.5321
2/4,2,xxx_,sc sc ♪,r,repete,x___,♩,19,152,0.125,0.1602,-0.0352,0.7665
2/4,2,xxx_,sc sc ♪,r,repete,x_xx,♪ sc sc,9,152,0.0592,0.0599,-0.0007,0.8071
2/4,2,xxx_,sc sc ♪,r,repete,x__x,♪. sc,4,152,0.0263,0.0339,-0.0075,1.01
2/4,2,xxx_,sc sc ♪,r,repete,__x_,(lig.) ♪ ♪,3,152,0.0197,0.1055,-0.0857,0.4615
2/4,2,xxx_,sc sc ♪,r,repete,..xx,pausa ♪ sc sc,3,152,0.0197,0.0195,0.0002,3.4839
2/4,2,xxx_,sc sc ♪,r,repete,____,(lig.) ♩,3,152,0.0197,0.0951,-0.0753,0.3432
2/4,2,xxx_,sc sc ♪,r,repete,..x_,pausa ♪ ♪,3,152,0.0197,0.013,0.0067,0.7385
2/4,2,xxx_,sc sc ♪,r,repete,__xx,(lig.) ♪ sc sc,2,152,0.0132,0.0586,-0.0454,1.4918
2/4,1,__xx,(lig.) ♪ sc sc,d,desce,x_x_,♪ ♪,46,153,0.3007,0.3686,-0.0679,0.7983
2/4,1,__xx,(lig.) ♪ sc sc,d,desce,x___,♩,36,153,0.2353,0.2005,0.0348,0.7792
2/4,1,__xx,(lig.) ♪ sc sc,d,desce,xxxx,sc sc sc sc,27,153,0.1765,0.1436,0.0328,1.4312
2/4,1,__xx,(lig.) ♪ sc sc,d,desce,x_xx,♪ sc sc,24,153,0.1569,0.1274,0.0295,2.137
2/4,1,__xx,(lig.) ♪ sc sc,d,desce,x__x,♪. sc,12,153,0.0784,0.0949,-0.0164,0.9854
2/4,1,__xx,(lig.) ♪ sc sc,d,desce,xxx_,sc sc ♪,3,153,0.0196,0.0434,-0.0238,1.0765
2/4,1,x_xx,♪ sc sc,r,repete,x_x_,♪ ♪,187,368,0.5082,0.3016,0.2066,1.3493
2/4,1,x_xx,♪ sc sc,r,repete,x___,♩,58,368,0.1576,0.1725,-0.0149,0.5219
2/4,1,x_xx,♪ sc sc,r,repete,x_xx,♪ sc sc,52,368,0.1413,0.1324,0.0089,1.925
2/4,1,x_xx,♪ sc sc,r,repete,xxxx,sc sc sc sc,40,368,0.1087,0.297,-0.1883,0.8815
2/4,1,x_xx,♪ sc sc,r,repete,x__x,♪. sc,22,368,0.0598,0.061,-0.0012,0.7511
2/4,1,x_xx,♪ sc sc,r,repete,xxx_,sc sc ♪,9,368,0.0245,0.0293,-0.0049,1.3427
2/4,1,__..,(lig.) ♪ pausa ♪,d,desce,x_x_,♪ ♪,28,71,0.3944,0.328,0.0664,1.0472
2/4,1,__..,(lig.) ♪ pausa ♪,d,desce,x___,♩,23,71,0.3239,0.296,0.0279,1.0728
2/4,1,__..,(lig.) ♪ pausa ♪,d,desce,x__x,♪. sc,12,71,0.169,0.168,0.001,2.1235
2/4,1,__..,(lig.) ♪ pausa ♪,d,desce,xxx_,sc sc ♪,4,71,0.0563,0.04,0.0163,3.093
2/4,1,__..,(lig.) ♪ pausa ♪,d,desce,x_xx,♪ sc sc,2,71,0.0282,0.104,-0.0758,0.3838
2/4,2,..x_,pausa ♪ ♪,s,sobe,x_x_,♪ ♪,44,73,0.6027,0.6667,-0.0639,1.4146
2/4,2,..x_,pausa ♪ ♪,s,sobe,__x_,(lig.) ♪ ♪,23,73,0.3151,0.2197,0.0954,7.3677
2/4,2,..x_,pausa ♪ ♪,s,sobe,x_..,♪ pausa ♪,2,73,0.0274,0.0152,0.0122,1.8193
2/4,2,..x_,pausa ♪ ♪,s,sobe,x_xx,♪ sc sc,2,73,0.0274,0.0379,-0.0105,0.3735
2/4,2,..x_,pausa ♪ ♪,d,desce,x_x_,♪ ♪,16,22,0.7273,0.6667,0.0606,1.7069
2/4,2,..x_,pausa ♪ ♪,d,desce,x_xx,♪ sc sc,2,22,0.0909,0.0379,0.053,1.2392
2/4,2,..x_,pausa ♪ ♪,d,desce,__x_,(lig.) ♪ ♪,2,22,0.0909,0.2197,-0.1288,2.1259
2/4,1,x_..,♪ pausa ♪,s,sobe,x_x_,♪ ♪,47,103,0.4563,0.4721,-0.0158,1.2117
2/4,1,x_..,♪ pausa ♪,s,sobe,x___,♩,16,103,0.1553,0.1962,-0.0408,0.5144
2/4,1,x_..,♪ pausa ♪,s,sobe,x__x,♪. sc,13,103,0.1262,0.1021,0.0241,1.5857
2/4,1,x_..,♪ pausa ♪,s,sobe,x_xx,♪ sc sc,13,103,0.1262,0.1244,0.0018,1.7194
2/4,1,x_..,♪ pausa ♪,s,sobe,xxxx,sc sc sc sc,7,103,0.068,0.0383,0.0297,0.5512
2/4,1,x_..,♪ pausa ♪,s,sobe,x_..,♪ pausa ♪,3,103,0.0291,0.0287,0.0004,12.1592
2/4,2,x_..,♪ pausa ♪,d,desce,x_..,♪ pausa ♪,9,33,0.2727,0.4038,-0.1311,18.1104
2/4,2,x_..,♪ pausa ♪,d,desce,x___,♩,6,33,0.1818,0.1154,0.0664,1.115
2/4,2,x_..,♪ pausa ♪,d,desce,x_x_,♪ ♪,6,33,0.1818,0.1346,0.0472,0.4267
2/4,2,x_..,♪ pausa ♪,d,desce,..x_,pausa ♪ ♪,4,33,0.1212,0.1827,-0.0615,4.5357
2/4,2,x_..,♪ pausa ♪,d,desce,....,pausa ♩,4,33,0.1212,0.0769,0.0443,8.9751
2/4,2,x_..,♪ pausa ♪,d,desce,x__x,♪. sc,2,33,0.0606,0.0385,0.0221,2.3261
2/4,2,____,(lig.) ♩,d,desce,____,(lig.) ♩,79,169,0.4675,0.4606,0.0068,8.128
2/4,2,____,(lig.) ♩,d,desce,x___,♩,18,169,0.1065,0.1091,-0.0026,0.6532
2/4,2,____,(lig.) ♩,d,desce,x_x_,♪ ♪,18,169,0.1065,0.1303,-0.0238,0.25
2/4,2,____,(lig.) ♩,d,desce,__x_,(lig.) ♪ ♪,14,169,0.0828,0.097,-0.0141,1.9372
2/4,2,____,(lig.) ♩,d,desce,....,pausa ♩,11,169,0.0651,0.0576,0.0075,4.8194
2/4,2,____,(lig.) ♩,d,desce,..x_,pausa ♪ ♪,8,169,0.0473,0.0333,0.014,1.7713
2/4,2,____,(lig.) ♩,d,desce,x_..,♪ pausa ♪,6,169,0.0355,0.0212,0.0143,2.3576
2/4,2,____,(lig.) ♩,d,desce,__xx,(lig.) ♪ sc sc,6,169,0.0355,0.0303,0.0052,4.0251
2/4,2,____,(lig.) ♩,d,desce,__..,(lig.) ♪ pausa ♪,4,169,0.0237,0.0242,-0.0006,7.9214
2/4,2,____,(lig.) ♩,d,desce,xx__,sc ♪.,2,169,0.0118,0.0061,0.0058,9.5209
2/4,2,____,(lig.) ♩,s,sobe,____,(lig.) ♩,48,103,0.466,0.4606,0.0054,8.103
2/4,2,____,(lig.) ♩,s,sobe,x_x_,♪ ♪,17,103,0.165,0.1303,0.0347,0.3874
2/4,2,____,(lig.) ♩,s,sobe,__x_,(lig.) ♪ ♪,12,103,0.1165,0.097,0.0195,2.7244
2/4,2,____,(lig.) ♩,s,sobe,x___,♩,10,103,0.0971,0.1091,-0.012,0.5954
2/4,2,____,(lig.) ♩,s,sobe,....,pausa ♩,5,103,0.0485,0.0576,-0.009,3.5944
2/4,2,____,(lig.) ♩,s,sobe,__..,(lig.) ♪ pausa ♪,4,103,0.0388,0.0242,0.0146,12.9973
2/4,2,____,(lig.) ♩,s,sobe,xxx_,sc sc ♪,3,103,0.0291,0.0091,0.02,1.2732
2/4,2,____,(lig.) ♩,s,sobe,__xx,(lig.) ♪ sc sc,3,103,0.0291,0.0303,-0.0012,3.3022
2/4,2,__x_,(lig.) ♪ ♪,d,desce,x_x_,♪ ♪,12,34,0.3529,0.4286,-0.0756,0.8283
2/4,2,__x_,(lig.) ♪ ♪,d,desce,__x_,(lig.) ♪ ♪,10,34,0.2941,0.2857,0.0084,6.8778
2/4,2,__x_,(lig.) ♪ ♪,d,desce,x___,♩,6,34,0.1765,0.1099,0.0666,1.0822
2/4,2,__x_,(lig.) ♪ ♪,d,desce,_xxx,(lig.) sc sc sc sc,3,34,0.0882,0.033,0.0553,111.8583
2/4,2,__x_,(lig.) ♪ ♪,r,repete,x_x_,♪ ♪,12,26,0.4615,0.4286,0.033,1.0832
2/4,2,__x_,(lig.) ♪ ♪,r,repete,__x_,(lig.) ♪ ♪,9,26,0.3462,0.2857,0.0604,8.0947
2/4,2,__x_,(lig.) ♪ ♪,r,repete,..xx,pausa ♪ sc sc,2,26,0.0769,0.022,0.0549,13.5784
2/4,2,__x_,(lig.) ♪ ♪,s,sobe,x_x_,♪ ♪,15,31,0.4839,0.4286,0.0553,1.1356
2/4,2,__x_,(lig.) ♪ ♪,s,sobe,__x_,(lig.) ♪ ♪,7,31,0.2258,0.2857,-0.0599,5.2804
2/4,2,__x_,(lig.) ♪ ♪,s,sobe,x___,♩,4,31,0.129,0.1099,0.0191,0.7913
2/4,2,__x_,(lig.) ♪ ♪,s,sobe,xxx_,sc sc ♪,2,31,0.0645,0.044,0.0206,2.8203
2/4,2,__x_,(lig.) ♪ ♪,s,sobe,x_xx,♪ sc sc,2,31,0.0645,0.022,0.0425,0.8795
2/4,1,__..,(lig.) ♪ pausa ♪,s,sobe,x_x_,♪ ♪,10,34,0.2941,0.328,-0.0339,0.781
2/4,1,__..,(lig.) ♪ pausa ♪,s,sobe,x___,♩,7,34,0.2059,0.296,-0.0901,0.6818
2/4,1,__..,(lig.) ♪ pausa ♪,s,sobe,x_xx,♪ sc sc,6,34,0.1765,0.104,0.0725,2.4041
2/4,1,__..,(lig.) ♪ pausa ♪,s,sobe,x__x,♪. sc,4,34,0.1176,0.168,-0.0504,1.4781
2/4,1,__..,(lig.) ♪ pausa ♪,s,sobe,xxxx,sc sc sc sc,2,34,0.0588,0.024,0.0348,0.4771
2/4,1,__..,(lig.) ♪ pausa ♪,s,sobe,..x_,pausa ♪ ♪,2,34,0.0588,0.024,0.0348,20.0019
2/4,1,xx__,sc ♪.,s,sobe,xx__,sc ♪.,6,17,0.3529,0.16,0.1929,215.6726
2/4,1,xx__,sc ♪.,s,sobe,x_x_,♪ ♪,4,17,0.2353,0.16,0.0753,0.6248
2/4,1,xx__,sc ♪.,s,sobe,x___,♩,3,17,0.1765,0.2,-0.0235,0.5844
2/4,1,xx__,sc ♪.,s,sobe,xxxx,sc sc sc sc,2,17,0.1176,0.14,-0.0224,0.9541
2/4,1,xx__,sc ♪.,s,sobe,x_xx,♪ sc sc,2,17,0.1176,0.2,-0.0824,1.6027
2/4,2,xx__,sc ♪.,s,sobe,x_x_,♪ ♪,6,22,0.2727,0.1594,0.1133,0.6401
2/4,2,xx__,sc ♪.,s,sobe,xx__,sc ♪.,5,22,0.2273,0.1159,0.1113,182.8453
2/4,2,xx__,sc ♪.,s,sobe,....,pausa ♩,4,22,0.1818,0.058,0.1238,13.4626
2/4,2,xx__,sc ♪.,s,sobe,x___,♩,3,22,0.1364,0.1449,-0.0086,0.8362
2/4,1,____,(lig.) ♩,r,repete,x___,♩,53,158,0.3354,0.2775,0.058,1.1109
2/4,1,____,(lig.) ♩,r,repete,x_x_,♪ ♪,43,158,0.2722,0.3292,-0.0571,0.7227
2/4,1,____,(lig.) ♩,r,repete,____,(lig.) ♩,19,158,0.1203,0.0808,0.0394,13.8914
2/4,1,____,(lig.) ♩,r,repete,x_xx,♪ sc sc,12,158,0.0759,0.1164,-0.0404,1.0347
2/4,1,____,(lig.) ♩,r,repete,x__x,♪. sc,11,158,0.0696,0.1094,-0.0398,0.8747
2/4,1,____,(lig.) ♩,r,repete,xxxx,sc sc sc sc,4,158,0.0253,0.0259,-0.0005,0.2053
2/4,1,____,(lig.) ♩,r,repete,xxx_,sc sc ♪,3,158,0.019,0.0151,0.0039,1.0424
2/4,1,____,(lig.) ♩,r,repete,....,pausa ♩,3,158,0.019,0.0119,0.0071,8.9953
2/4,1,____,(lig.) ♩,r,repete,__x_,(lig.) ♪ ♪,3,158,0.019,0.007,0.012,8.4272
2/4,1,____,(lig.) ♩,r,repete,xx_x,sc ♪ sc,2,158,0.0127,0.0059,0.0067,5.4461
2/4,1,____,(lig.) ♩,r,repete,..x_,pausa ♪ ♪,2,158,0.0127,0.0081,0.0046,4.3042
2/4,2,xxxx,sc sc sc sc,r,repete,xxxx,sc sc sc sc,69,162,0.4259,0.5682,-0.1422,3.9676
2/4,2,xxxx,sc sc sc sc,r,repete,x_x_,♪ ♪,44,162,0.2716,0.1389,0.1328,0.6375
2/4,2,xxxx,sc sc sc sc,r,repete,x_xx,♪ sc sc,21,162,0.1296,0.1419,-0.0123,1.767
2/4,2,xxxx,sc sc sc sc,r,repete,xxx_,sc sc ♪,8,162,0.0494,0.0396,0.0097,2.1588
2/4,2,xxxx,sc sc sc sc,r,repete,x___,♩,7,162,0.0432,0.0737,-0.0305,0.265
2/4,2,xxxx,sc sc sc sc,r,repete,x__x,♪. sc,5,162,0.0309,0.0172,0.0137,1.1846
2/4,2,xxxx,sc sc sc sc,r,repete,x_..,♪ pausa ♪,5,162,0.0309,0.0079,0.0229,2.0495
2/4,1,xxxx,sc sc sc sc,r,repete,xxxx,sc sc sc sc,32,73,0.4384,0.5596,-0.1212,3.5551
2/4,1,xxxx,sc sc sc sc,r,repete,x___,♩,11,73,0.1507,0.1207,0.03,0.499
2/4,1,xxxx,sc sc sc sc,r,repete,x_x_,♪ ♪,10,73,0.137,0.1832,-0.0463,0.3637
2/4,1,xxxx,sc sc sc sc,r,repete,x__x,♪. sc,7,73,0.0959,0.0248,0.0711,1.2047
2/4,1,xxxx,sc sc sc sc,r,repete,x_xx,♪ sc sc,4,73,0.0548,0.0749,-0.0201,0.7465
2/4,1,xxxx,sc sc sc sc,r,repete,xxx_,sc sc ♪,4,73,0.0548,0.0277,0.0271,3.0083
2/4,1,xxxx,sc sc sc sc,r,repete,x_..,♪ pausa ♪,2,73,0.0274,0.0013,0.0261,11.4374
2/4,1,xxxx,sc sc sc sc,r,repete,x_.x,♪ pausa sc sc,2,73,0.0274,0.0009,0.0265,60.7988
2/4,2,x_..,♪ pausa ♪,s,sobe,x_..,♪ pausa ♪,23,51,0.451,0.4038,0.0471,29.9472
2/4,2,x_..,♪ pausa ♪,s,sobe,..x_,pausa ♪ ♪,15,51,0.2941,0.1827,0.1114,11.0057
2/4,2,x_..,♪ pausa ♪,s,sobe,x___,♩,6,51,0.1176,0.1154,0.0023,0.7215
2/4,2,x_..,♪ pausa ♪,s,sobe,..xx,pausa ♪ sc sc,2,51,0.0392,0.0288,0.0104,6.9223
2/4,2,x_..,♪ pausa ♪,s,sobe,x_x_,♪ ♪,2,51,0.0392,0.1346,-0.0954,0.092
2/4,2,x_..,♪ pausa ♪,r,repete,x_x_,♪ ♪,6,16,0.375,0.1346,0.2404,0.8801
2/4,2,x_..,♪ pausa ♪,r,repete,x_..,♪ pausa ♪,6,16,0.375,0.4038,-0.0288,24.9018
2/4,2,x_..,♪ pausa ♪,r,repete,....,pausa ♩,3,16,0.1875,0.0769,0.1106,13.8833
2/4,1,__..,(lig.) ♪ pausa ♪,r,repete,x___,♩,7,20,0.35,0.296,0.054,1.1591
2/4,1,__..,(lig.) ♪ pausa ♪,r,repete,x_xx,♪ sc sc,5,20,0.25,0.104,0.146,3.4058
2/4,1,__..,(lig.) ♪ pausa ♪,r,repete,x__x,♪. sc,5,20,0.25,0.168,0.082,3.1409
2/4,1,__..,(lig.) ♪ pausa ♪,r,repete,x_x_,♪ ♪,3,20,0.15,0.328,-0.178,0.3983
2/4,1,....,pausa ♩,d,desce,x___,♩,130,322,0.4037,0.3947,0.009,1.337
2/4,1,....,pausa ♩,d,desce,x_x_,♪ ♪,129,322,0.4006,0.4053,-0.0047,1.0638
2/4,1,....,pausa ♩,d,desce,x__x,♪. sc,26,322,0.0807,0.0973,-0.0166,1.0145
2/4,1,....,pausa ♩,d,desce,x_xx,♪ sc sc,11,322,0.0342,0.0319,0.0023,0.4654
2/4,1,....,pausa ♩,d,desce,..x_,pausa ♪ ♪,7,322,0.0217,0.0177,0.004,7.392
2/4,1,....,pausa ♩,d,desce,....,pausa ♩,7,322,0.0217,0.0177,0.004,10.299
2/4,1,....,pausa ♩,d,desce,xxxx,sc sc sc sc,6,322,0.0186,0.0124,0.0062,0.1511
2/4,1,....,pausa ♩,d,desce,xxx_,sc sc ♪,3,322,0.0093,0.0088,0.0005,0.5115
2/4,1,....,pausa ♩,d,desce,xx_x,sc ♪ sc,2,322,0.0062,0.0035,0.0027,2.6723
2/4,1,xx__,sc ♪.,d,desce,x___,♩,7,30,0.2333,0.2,0.0333,0.7727
2/4,1,xx__,sc ♪.,d,desce,x_xx,♪ sc sc,6,30,0.2,0.2,0,2.7247
2/4,1,xx__,sc ♪.,d,desce,xxxx,sc sc sc sc,5,30,0.1667,0.14,0.0267,1.3517
2/4,1,xx__,sc ♪.,d,desce,x_x_,♪ ♪,4,30,0.1333,0.16,-0.0267,0.354
2/4,1,xx__,sc ♪.,d,desce,xx_x,sc ♪ sc,3,30,0.1,0.08,0.02,43.0245
2/4,1,xx__,sc ♪.,d,desce,x__x,♪. sc,3,30,0.1,0.06,0.04,1.2564
2/4,1,xx__,sc ♪.,d,desce,xx__,sc ♪.,2,30,0.0667,0.16,-0.0933,40.7382
2/4,1,...x,pausa ♪. sc,0,—,x__x,♪. sc,4,11,0.3636,0.2941,0.0695,4.5686
2/4,1,...x,pausa ♪. sc,0,—,x_xx,♪ sc sc,3,11,0.2727,0.1765,0.0963,3.7154
2/4,1,...x,pausa ♪. sc,0,—,x_x_,♪ ♪,2,11,0.1818,0.1765,0.0053,0.4828
2/4,2,....,pausa ♩,d,desce,....,pausa ♩,20,58,0.3448,0.2809,0.0639,25.5325
2/4,2,....,pausa ♩,d,desce,x___,♩,16,58,0.2759,0.2584,0.0174,1.6917
2/4,2,....,pausa ♩,d,desce,x_x_,♪ ♪,13,58,0.2241,0.2697,-0.0455,0.526
2/4,2,....,pausa ♩,d,desce,..x_,pausa ♪ ♪,7,58,0.1207,0.1236,-0.0029,4.5161
2/4,2,__xx,(lig.) ♪ sc sc,s,sobe,xxxx,sc sc sc sc,6,11,0.5455,0.3529,0.1925,5.0811
2/4,2,__xx,(lig.) ♪ sc sc,s,sobe,x___,♩,3,11,0.2727,0.2353,0.0374,1.6725
2/4,2,__xx,(lig.) ♪ sc sc,s,sobe,x_x_,♪ ♪,2,11,0.1818,0.2941,-0.1123,0.4267
2/4,2,xx_x,sc ♪ sc,d,desce,x_x_,♪ ♪,12,37,0.3243,0.3131,0.0112,0.7612
2/4,2,xx_x,sc ♪ sc,d,desce,x___,♩,10,37,0.2703,0.1212,0.1491,1.6574
2/4,2,xx_x,sc ♪ sc,d,desce,xxxx,sc sc sc sc,6,37,0.1622,0.1818,-0.0197,1.5106
2/4,2,xx_x,sc ♪ sc,d,desce,x_xx,♪ sc sc,3,37,0.0811,0.1717,-0.0906,1.1053
2/4,2,xx_x,sc ♪ sc,d,desce,xxx_,sc sc ♪,2,37,0.0541,0.0606,-0.0066,2.363
2/4,1,xx_x,sc ♪ sc,d,desce,xxxx,sc sc sc sc,6,21,0.2857,0.2727,0.013,2.3171
2/4,1,xx_x,sc ♪ sc,d,desce,x___,♩,5,21,0.2381,0.2727,-0.0346,0.7885
2/4,1,xx_x,sc ♪ sc,d,desce,x_x_,♪ ♪,4,21,0.1905,0.2121,-0.0216,0.5058
2/4,1,xx_x,sc ♪ sc,d,desce,xx_x,sc ♪ sc,3,21,0.1429,0.1212,0.0216,61.4636
2/4,1,xx_x,sc ♪ sc,d,desce,x_xx,♪ sc sc,2,21,0.0952,0.0909,0.0043,1.2975
2/4,1,x_..,♪ pausa ♪,r,repete,x_x_,♪ ♪,47,133,0.3534,0.4721,-0.1187,0.9384
2/4,1,x_..,♪ pausa ♪,r,repete,x_xx,♪ sc sc,25,133,0.188,0.1244,0.0636,2.5608
2/4,1,x_..,♪ pausa ♪,r,repete,x__x,♪. sc,23,133,0.1729,0.1021,0.0709,2.1727
2/4,1,x_..,♪ pausa ♪,r,repete,x___,♩,19,133,0.1429,0.1962,-0.0533,0.4731
2/4,1,x_..,♪ pausa ♪,r,repete,x_..,♪ pausa ♪,8,133,0.0602,0.0287,0.0314,25.1107
2/4,1,x_..,♪ pausa ♪,r,repete,xxxx,sc sc sc sc,7,133,0.0526,0.0383,0.0144,0.4268
2/4,1,x_..,♪ pausa ♪,r,repete,xxx_,sc sc ♪,2,133,0.015,0.008,0.0071,0.8256
2/4,1,x_.x,♪ pausa sc sc,s,sobe,x__x,♪. sc,13,28,0.4643,0.3778,0.0865,5.8332
2/4,1,x_.x,♪ pausa sc sc,s,sobe,x_x_,♪ ♪,11,28,0.3929,0.3667,0.0262,1.0432
2/4,1,x_.x,♪ pausa sc sc,s,sobe,x___,♩,2,28,0.0714,0.0556,0.0159,0.2365
2/4,1,x___,♩,0,—,x___,♩,26,50,0.52,0.3182,0.2018,1.7221
2/4,1,x___,♩,0,—,x_x_,♪ ♪,21,50,0.42,0.3828,0.0372,1.1152
2/4,1,x_.x,♪ pausa sc sc,d,desce,x_x_,♪ ♪,10,25,0.4,0.3667,0.0333,1.0621
2/4,1,x_.x,♪ pausa sc sc,d,desce,x__x,♪. sc,7,25,0.28,0.3778,-0.0978,3.5179
2/4,1,x_.x,♪ pausa sc sc,d,desce,xxxx,sc sc sc sc,6,25,0.24,0.1,0.14,1.9464
2/4,1,x_.x,♪ pausa sc sc,d,desce,x_xx,♪ sc sc,2,25,0.08,0.0667,0.0133,1.0899
2/4,1,....,pausa ♩,s,sobe,x___,♩,66,171,0.386,0.3947,-0.0087,1.2782
2/4,1,....,pausa ♩,s,sobe,x_x_,♪ ♪,65,171,0.3801,0.4053,-0.0252,1.0093
2/4,1,....,pausa ♩,s,sobe,x__x,♪. sc,23,171,0.1345,0.0973,0.0372,1.6899
2/4,1,....,pausa ♩,s,sobe,x_xx,♪ sc sc,6,171,0.0351,0.0319,0.0032,0.478
2/4,1,....,pausa ♩,s,sobe,..x_,pausa ♪ ♪,3,171,0.0175,0.0177,-0.0002,5.9655
2/4,1,....,pausa ♩,s,sobe,xx__,sc ♪.,2,171,0.0117,0.0035,0.0082,7.147
2/4,1,....,pausa ♩,s,sobe,xxx_,sc sc ♪,2,171,0.0117,0.0088,0.0028,0.6421
2/4,1,....,pausa ♩,s,sobe,....,pausa ♩,2,171,0.0117,0.0177,-0.006,5.541
2/4,1,....,pausa ♩,s,sobe,x_..,♪ pausa ♪,2,171,0.0117,0.0053,0.0064,4.8826
2/4,1,..xx,pausa ♪ sc sc,r,repete,x_x_,♪ ♪,37,67,0.5522,0.4495,0.1027,1.4664
2/4,1,..xx,pausa ♪ sc sc,r,repete,x__x,♪. sc,10,67,0.1493,0.1149,0.0344,1.8752
2/4,1,..xx,pausa ♪ sc sc,r,repete,x___,♩,6,67,0.0896,0.0475,0.042,0.2966
2/4,1,..xx,pausa ♪ sc sc,r,repete,xxxx,sc sc sc sc,5,67,0.0746,0.2297,-0.1551,0.6052
2/4,1,..xx,pausa ♪ sc sc,r,repete,x_xx,♪ sc sc,5,67,0.0746,0.1386,-0.064,1.0167
2/4,1,..xx,pausa ♪ sc sc,r,repete,xxx_,sc sc ♪,4,67,0.0597,0.0178,0.0419,3.2777
2/4,1,_xxx,(lig.) sc sc sc sc,d,desce,xxxx,sc sc sc sc,11,23,0.4783,0.4848,-0.0066,3.8787
2/4,1,_xxx,(lig.) sc sc sc sc,d,desce,x___,♩,6,23,0.2609,0.1818,0.0791,0.8639
2/4,1,_xxx,(lig.) sc sc sc sc,d,desce,xxx_,sc sc ♪,2,23,0.087,0.0909,-0.004,4.774
2/4,2,....,pausa ♩,r,repete,x_x_,♪ ♪,6,13,0.4615,0.2697,0.1919,1.0832
2/4,2,....,pausa ♩,r,repete,x___,♩,3,13,0.2308,0.2584,-0.0277,1.4152
2/4,1,__xx,(lig.) ♪ sc sc,r,repete,x_x_,♪ ♪,12,19,0.6316,0.3686,0.263,1.6771
2/4,1,__xx,(lig.) ♪ sc sc,r,repete,x___,♩,4,19,0.2105,0.2005,0.01,0.6972
2/4,1,__xx,(lig.) ♪ sc sc,r,repete,xxx_,sc sc ♪,2,19,0.1053,0.0434,0.0619,5.7791
2/4,2,..x_,pausa ♪ ♪,r,repete,x_x_,♪ ♪,19,28,0.6786,0.6667,0.0119,1.5926
2/4,2,..x_,pausa ♪ ♪,r,repete,__x_,(lig.) ♪ ♪,4,28,0.1429,0.2197,-0.0768,3.3407
2/4,2,..x_,pausa ♪ ♪,r,repete,x__x,♪. sc,2,28,0.0714,0.0227,0.0487,2.7415
2/4,2,..x_,pausa ♪ ♪,r,repete,..x_,pausa ♪ ♪,2,28,0.0714,0.0227,0.0487,2.6728
2/4,2,____,(lig.) ♩,r,repete,____,(lig.) ♩,24,57,0.4211,0.4606,-0.0396,7.3212
2/4,2,____,(lig.) ♩,r,repete,x_x_,♪ ♪,8,57,0.1404,0.1303,0.01,0.3294
2/4,2,____,(lig.) ♩,r,repete,x___,♩,8,57,0.1404,0.1091,0.0313,0.8607
2/4,2,____,(lig.) ♩,r,repete,__x_,(lig.) ♪ ♪,6,57,0.1053,0.097,0.0083,2.4615
2/4,2,____,(lig.) ♩,r,repete,x_xx,♪ sc sc,4,57,0.0702,0.0121,0.0581,0.9566
2/4,2,____,(lig.) ♩,r,repete,....,pausa ♩,3,57,0.0526,0.0576,-0.0049,3.8971
2/4,2,____,(lig.) ♩,r,repete,..x_,pausa ♪ ♪,2,57,0.0351,0.0333,0.0018,1.313
2/4,2,xx_x,sc ♪ sc,r,repete,x_x_,♪ ♪,10,20,0.5,0.3131,0.1869,1.1735
2/4,2,xx_x,sc ♪ sc,r,repete,xxxx,sc sc sc sc,6,20,0.3,0.1818,0.1182,2.7946
2/4,2,xx_x,sc ♪ sc,r,repete,x_xx,♪ sc sc,3,20,0.15,0.1717,-0.0217,2.0447
2/4,1,____,(lig.) ♩,0,—,x_x_,♪ ♪,5,14,0.3571,0.3292,0.0279,0.9483
2/4,1,____,(lig.) ♩,0,—,x___,♩,3,14,0.2143,0.2775,-0.0632,0.7096
2/4,1,xx.x,sc sc pausa sc sc,r,repete,xxxx,sc sc sc sc,6,14,0.4286,0.5769,-0.1484,3.4757
2/4,1,xx.x,sc sc pausa sc sc,r,repete,x_xx,♪ sc sc,4,14,0.2857,0.1538,0.1319,3.8924
2/4,1,xx.x,sc sc pausa sc sc,r,repete,x__x,♪. sc,2,14,0.1429,0.0769,0.0659,1.7948
2/4,2,....,pausa ♩,s,sobe,x_x_,♪ ♪,5,18,0.2778,0.2697,0.0081,0.6519
2/4,2,....,pausa ♩,s,sobe,x___,♩,4,18,0.2222,0.2584,-0.0362,1.3627
2/4,2,....,pausa ♩,s,sobe,....,pausa ♩,4,18,0.2222,0.2809,-0.0587,16.4543
2/4,2,....,pausa ♩,s,sobe,..x_,pausa ♪ ♪,3,18,0.1667,0.1236,0.0431,6.2366
2/4,1,_xx_,(lig.) sc sc ♪,s,sobe,x_x_,♪ ♪,5,10,0.5,0.5714,-0.0714,1.3277
2/4,1,_xx_,(lig.) sc sc ♪,s,sobe,x___,♩,3,10,0.3,0.1905,0.1095,0.9935
2/4,2,xx_x,sc ♪ sc,s,sobe,x_xx,♪ sc sc,11,42,0.2619,0.1717,0.0902,3.5701
2/4,2,xx_x,sc ♪ sc,s,sobe,x_x_,♪ ♪,9,42,0.2143,0.3131,-0.0988,0.5029
2/4,2,xx_x,sc ♪ sc,s,sobe,xxxx,sc sc sc sc,6,42,0.1429,0.1818,-0.039,1.3308
2/4,2,xx_x,sc ♪ sc,s,sobe,xxx_,sc sc ♪,4,42,0.0952,0.0606,0.0346,4.1633
2/4,2,xx_x,sc ♪ sc,s,sobe,x__x,♪. sc,4,42,0.0952,0.0505,0.0447,3.6553
2/4,2,xx_x,sc ♪ sc,s,sobe,x_..,♪ pausa ♪,3,42,0.0714,0.0303,0.0411,4.7432
2/4,2,xx_x,sc ♪ sc,s,sobe,x___,♩,2,42,0.0476,0.1212,-0.0736,0.292
2/4,1,xx_x,sc ♪ sc,s,sobe,x___,♩,4,10,0.4,0.2727,0.1273,1.3247
2/4,1,xx_x,sc ♪ sc,s,sobe,xxxx,sc sc sc sc,2,10,0.2,0.2727,-0.0727,1.622
2/4,1,xx_x,sc ♪ sc,s,sobe,x_x_,♪ ♪,2,10,0.2,0.2121,-0.0121,0.5311
2/4,2,_xx_,(lig.) sc sc ♪,s,sobe,x_x_,♪ ♪,7,12,0.5833,0.381,0.2024,1.3691
2/4,2,_xx_,(lig.) sc sc ♪,s,sobe,__x_,(lig.) ♪ ♪,2,12,0.1667,0.2619,-0.0952,3.8974
2/4,2,_xxx,(lig.) sc sc sc sc,d,desce,xxx_,sc sc ♪,8,10,0.8,0.5714,0.2286,34.9718
2/4,2,xx.x,sc sc pausa sc sc,r,repete,xxxx,sc sc sc sc,4,12,0.3333,0.24,0.0933,3.1051
2/4,2,xx.x,sc sc pausa sc sc,r,repete,xxx.,sc sc sc pausa sc,3,12,0.25,0.12,0.13,1162.0833
2/4,2,xx.x,sc sc pausa sc sc,r,repete,x_.x,♪ pausa sc sc,3,12,0.25,0.12,0.13,116.2083
3/4,3,..x_,pausa ♪ ♪,0,—,x_x_,♪ ♪,144,158,0.9114,0.9038,0.0076,2.7256
3/4,3,..x_,pausa ♪ ♪,0,—,x_xx,♪ sc sc,6,158,0.038,0.038,-0.0001,4.8284
3/4,3,..x_,pausa ♪ ♪,0,—,x__x,♪. sc,6,158,0.038,0.038,-0.0001,0.9777
3/4,1,x_x_,♪ ♪,s,sobe,x___,♩,2258,2968,0.7608,0.7292,0.0315,1.0289
3/4,1,x_x_,♪ ♪,s,sobe,x_x_,♪ ♪,536,2968,0.1806,0.2013,-0.0207,1.0175
3/4,1,x_x_,♪ ♪,s,sobe,x__x,♪. sc,119,2968,0.0401,0.0514,-0.0113,0.7728
3/4,1,x_x_,♪ ♪,s,sobe,x_xx,♪ sc sc,22,2968,0.0074,0.006,0.0015,1.0073
3/4,1,x_x_,♪ ♪,s,sobe,xxxx,sc sc sc sc,11,2968,0.0037,0.0044,-0.0007,1.1122
3/4,1,x_x_,♪ ♪,s,sobe,____,(lig.) ♩,7,2968,0.0024,0.0018,0.0006,0.2682
3/4,1,x_x_,♪ ♪,s,sobe,xxx_,sc sc ♪,6,2968,0.002,0.0018,0.0002,0.9496
3/4,1,x_x_,♪ ♪,s,sobe,__x_,(lig.) ♪ ♪,6,2968,0.002,0.0014,0.0006,0.8565
3/4,1,x_x_,♪ ♪,s,sobe,xx__,sc ♪.,2,2968,0.0007,0.0004,0.0003,0.56
3/4,2,x___,♩,s,sobe,x___,♩,2853,6843,0.4169,0.4038,0.0131,0.9154
3/4,2,x___,♩,s,sobe,____,(lig.) ♩,2004,6843,0.2929,0.3229,-0.03,1.2064
3/4,2,x___,♩,s,sobe,__x_,(lig.) ♪ ♪,1190,6843,0.1739,0.1431,0.0308,1.6259
3/4,2,x___,♩,s,sobe,x_x_,♪ ♪,460,6843,0.0672,0.0654,0.0019,0.5403
3/4,2,x___,♩,s,sobe,....,pausa ♩,152,6843,0.0222,0.032,-0.0098,0.7225
3/4,2,x___,♩,s,sobe,..x_,pausa ♪ ♪,81,6843,0.0118,0.0178,-0.006,0.8792
3/4,2,x___,♩,s,sobe,x__x,♪. sc,33,6843,0.0048,0.0037,0.0011,0.5075
3/4,2,x___,♩,s,sobe,__xx,(lig.) ♪ sc sc,25,6843,0.0037,0.0031,0.0005,1.2449
3/4,2,x___,♩,s,sobe,x_xx,♪ sc sc,14,6843,0.002,0.0011,0.0009,0.5856
3/4,2,x___,♩,s,sobe,x_..,♪ pausa ♪,12,6843,0.0018,0.0022,-0.0005,0.8755
3/4,2,x___,♩,s,sobe,xxxx,sc sc sc sc,5,6843,0.0007,0.0004,0.0004,0.3337
3/4,2,x___,♩,s,sobe,__..,(lig.) ♪ pausa ♪,5,6843,0.0007,0.0024,-0.0017,0.3921
3/4,2,x___,♩,s,sobe,xxx_,sc sc ♪,4,6843,0.0006,0.0006,0,0.3391
3/4,2,x___,♩,s,sobe,..xx,pausa ♪ sc sc,2,6843,0.0003,0.001,-0.0007,0.3691
3/4,2,x___,♩,s,sobe,___x,(lig.) ♪. sc,2,6843,0.0003,0.0003,0,1.5685
3/4,3,x___,♩,d,desce,x___,♩,2292,4299,0.5331,0.5137,0.0194,1.1637
3/4,3,x___,♩,d,desce,x_x_,♪ ♪,895,4299,0.2082,0.2385,-0.0304,0.6226
3/4,3,x___,♩,d,desce,__x_,(lig.) ♪ ♪,310,4299,0.0721,0.0964,-0.0243,1.56
3/4,3,x___,♩,d,desce,..x_,pausa ♪ ♪,243,4299,0.0565,0.0389,0.0176,2.5522
3/4,3,x___,♩,d,desce,x__x,♪. sc,169,4299,0.0393,0.0376,0.0017,1.0121
3/4,3,x___,♩,d,desce,....,pausa ♩,164,4299,0.0381,0.0259,0.0123,1.3608
3/4,3,x___,♩,d,desce,____,(lig.) ♩,158,4299,0.0368,0.0298,0.0069,0.7557
3/4,3,x___,♩,d,desce,x_xx,♪ sc sc,25,4299,0.0058,0.0053,0.0005,0.7394
3/4,3,x___,♩,d,desce,__xx,(lig.) ♪ sc sc,12,4299,0.0028,0.004,-0.0012,1.4834
3/4,3,x___,♩,d,desce,xxx_,sc sc ♪,11,4299,0.0026,0.0025,0,0.7264
3/4,3,x___,♩,d,desce,..xx,pausa ♪ sc sc,10,4299,0.0023,0.0025,-0.0002,1.7217
3/4,3,x___,♩,d,desce,xxxx,sc sc sc sc,5,4299,0.0012,0.0022,-0.001,0.2096
3/4,3,x___,♩,d,desce,__..,(lig.) ♪ pausa ♪,2,4299,0.0005,0.0008,-0.0004,1.2052
3/4,3,x___,♩,d,desce,___x,(lig.) ♪. sc,2,4299,0.0005,0.0002,0.0003,1.2052
3/4,2,x___,♩,d,desce,____,(lig.) ♩,2487,6422,0.3873,0.3229,0.0644,1.5953
3/4,2,x___,♩,d,desce,x___,♩,2209,6422,0.344,0.4038,-0.0598,0.7553
3/4,2,x___,♩,d,desce,__x_,(lig.) ♪ ♪,744,6422,0.1159,0.1431,-0.0272,1.0832
3/4,2,x___,♩,d,desce,x_x_,♪ ♪,374,6422,0.0582,0.0654,-0.0071,0.4681
3/4,2,x___,♩,d,desce,....,pausa ♩,334,6422,0.052,0.032,0.02,1.6916
3/4,2,x___,♩,d,desce,..x_,pausa ♪ ♪,189,6422,0.0294,0.0178,0.0116,2.1861
3/4,2,x___,♩,d,desce,__..,(lig.) ♪ pausa ♪,25,6422,0.0039,0.0024,0.0015,2.0892
3/4,2,x___,♩,d,desce,__xx,(lig.) ♪ sc sc,17,6422,0.0026,0.0031,-0.0005,0.902
3/4,2,x___,♩,d,desce,x__x,♪. sc,14,6422,0.0022,0.0037,-0.0015,0.2294
3/4,2,x___,♩,d,desce,..xx,pausa ♪ sc sc,14,6422,0.0022,0.001,0.0012,2.7528
3/4,2,x___,♩,d,desce,x_..,♪ pausa ♪,6,6422,0.0009,0.0022,-0.0013,0.4664
3/4,2,x___,♩,d,desce,x_xx,♪ sc sc,3,6422,0.0005,0.0011,-0.0007,0.1337
3/4,2,x___,♩,d,desce,xxx_,sc sc ♪,3,6422,0.0005,0.0006,-0.0002,0.271
3/4,3,__x_,(lig.) ♪ ♪,s,sobe,x___,♩,373,796,0.4686,0.4662,0.0024,1.0228
3/4,3,__x_,(lig.) ♪ ♪,s,sobe,x_x_,♪ ♪,366,796,0.4598,0.4732,-0.0134,1.3751
3/4,3,__x_,(lig.) ♪ ♪,s,sobe,x__x,♪. sc,22,796,0.0276,0.0314,-0.0037,0.7116
3/4,3,__x_,(lig.) ♪ ♪,s,sobe,__x_,(lig.) ♪ ♪,10,796,0.0126,0.007,0.0056,0.2718
3/4,3,__x_,(lig.) ♪ ♪,s,sobe,x_xx,♪ sc sc,8,796,0.0101,0.0083,0.0018,1.2779
3/4,3,__x_,(lig.) ♪ ♪,s,sobe,xxxx,sc sc sc sc,8,796,0.0101,0.0065,0.0035,1.8112
3/4,3,__x_,(lig.) ♪ ♪,s,sobe,xxx_,sc sc ♪,7,796,0.0088,0.0048,0.004,2.4966
3/4,3,__x_,(lig.) ♪ ♪,s,sobe,_xx_,(lig.) sc sc ♪,2,796,0.0025,0.0013,0.0012,6.5091
3/4,1,x_x_,♪ ♪,d,desce,x___,♩,2272,3203,0.7093,0.7292,-0.0199,0.9593
3/4,1,x_x_,♪ ♪,d,desce,x_x_,♪ ♪,694,3203,0.2167,0.2013,0.0154,1.2208
3/4,1,x_x_,♪ ♪,d,desce,x__x,♪. sc,200,3203,0.0624,0.0514,0.011,1.2035
3/4,1,x_x_,♪ ♪,d,desce,x_xx,♪ sc sc,15,3203,0.0047,0.006,-0.0013,0.6364
3/4,1,x_x_,♪ ♪,d,desce,xxxx,sc sc sc sc,9,3203,0.0028,0.0044,-0.0016,0.8432
3/4,1,x_x_,♪ ♪,d,desce,____,(lig.) ♩,5,3203,0.0016,0.0018,-0.0002,0.1775
3/4,1,x_x_,♪ ♪,d,desce,__x_,(lig.) ♪ ♪,3,3203,0.0009,0.0014,-0.0004,0.3968
3/4,1,x_x_,♪ ♪,d,desce,__..,(lig.) ♪ pausa ♪,2,3203,0.0006,0.0006,0.0001,2.2486
3/4,3,x_x_,♪ ♪,s,sobe,x_x_,♪ ♪,593,863,0.6871,0.7156,-0.0285,2.055
3/4,3,x_x_,♪ ♪,s,sobe,x___,♩,165,863,0.1912,0.1886,0.0026,0.4173
3/4,3,x_x_,♪ ♪,s,sobe,x__x,♪. sc,36,863,0.0417,0.0364,0.0053,1.074
3/4,3,x_x_,♪ ♪,s,sobe,x_xx,♪ sc sc,21,863,0.0243,0.0177,0.0067,3.094
3/4,3,x_x_,♪ ♪,s,sobe,____,(lig.) ♩,16,863,0.0185,0.0131,0.0054,0.3812
3/4,3,x_x_,♪ ♪,s,sobe,xxxx,sc sc sc sc,15,863,0.0174,0.0135,0.0039,3.1324
3/4,3,x_x_,♪ ♪,s,sobe,xxx_,sc sc ♪,9,863,0.0104,0.0071,0.0033,2.9608
3/4,3,x_x_,♪ ♪,s,sobe,__x_,(lig.) ♪ ♪,4,863,0.0046,0.0026,0.002,0.1003
3/4,3,x_x_,♪ ♪,s,sobe,x_..,♪ pausa ♪,2,863,0.0023,0.0023,0.0001,1.7154
3/4,3,x_x_,♪ ♪,s,sobe,_xx_,(lig.) sc sc ♪,2,863,0.0023,0.0011,0.0012,6.0038
3/4,3,__x_,(lig.) ♪ ♪,r,repete,x_x_,♪ ♪,163,312,0.5224,0.4732,0.0492,1.5624
3/4,3,__x_,(lig.) ♪ ♪,r,repete,x___,♩,125,312,0.4006,0.4662,-0.0656,0.8745
3/4,3,__x_,(lig.) ♪ ♪,r,repete,x__x,♪. sc,9,312,0.0288,0.0314,-0.0025,0.7427
3/4,3,__x_,(lig.) ♪ ♪,r,repete,x_xx,♪ sc sc,6,312,0.0192,0.0083,0.011,2.4451
3/4,3,__x_,(lig.) ♪ ♪,r,repete,xxxx,sc sc sc sc,4,312,0.0128,0.0065,0.0063,2.3105
3/4,3,__x_,(lig.) ♪ ♪,r,repete,____,(lig.) ♩,2,312,0.0064,0.0009,0.0055,0.1318
3/4,3,__x_,(lig.) ♪ ♪,r,repete,xxx_,sc sc ♪,2,312,0.0064,0.0048,0.0016,1.8199
3/4,3,__x_,(lig.) ♪ ♪,d,desce,x___,♩,572,1187,0.4819,0.4662,0.0157,1.0518
3/4,3,__x_,(lig.) ♪ ♪,d,desce,x_x_,♪ ♪,557,1187,0.4693,0.4732,-0.004,1.4033
3/4,3,__x_,(lig.) ♪ ♪,d,desce,x__x,♪. sc,41,1187,0.0345,0.0314,0.0032,0.8893
3/4,3,__x_,(lig.) ♪ ♪,d,desce,x_xx,♪ sc sc,5,1187,0.0042,0.0083,-0.0041,0.5356
3/4,3,__x_,(lig.) ♪ ♪,d,desce,__x_,(lig.) ♪ ♪,5,1187,0.0042,0.007,-0.0028,0.0911
3/4,3,__x_,(lig.) ♪ ♪,d,desce,xxxx,sc sc sc sc,3,1187,0.0025,0.0065,-0.004,0.4555
3/4,3,__x_,(lig.) ♪ ♪,d,desce,xxx_,sc sc ♪,2,1187,0.0017,0.0048,-0.0031,0.4784
3/4,2,x_x_,♪ ♪,s,sobe,x___,♩,1090,1560,0.6987,0.6508,0.048,1.5341
3/4,2,x_x_,♪ ♪,s,sobe,x_x_,♪ ♪,410,1560,0.2628,0.3018,-0.039,2.1123
3/4,2,x_x_,♪ ♪,s,sobe,x__x,♪. sc,16,1560,0.0103,0.0119,-0.0016,1.0793
3/4,2,x_x_,♪ ♪,s,sobe,____,(lig.) ♩,13,1560,0.0083,0.0116,-0.0033,0.0343
3/4,2,x_x_,♪ ♪,s,sobe,__x_,(lig.) ♪ ♪,9,1560,0.0058,0.0041,0.0016,0.0539
3/4,2,x_x_,♪ ♪,s,sobe,x_xx,♪ sc sc,7,1560,0.0045,0.0041,0.0004,1.2844
3/4,2,x_x_,♪ ♪,s,sobe,xxxx,sc sc sc sc,5,1560,0.0032,0.0036,-0.0004,1.4639
3/4,2,x_x_,♪ ♪,s,sobe,x_.x,♪ pausa sc sc,3,1560,0.0019,0.0008,0.0011,6.8804
3/4,2,x_x_,♪ ♪,s,sobe,xxx_,sc sc ♪,2,1560,0.0013,0.0008,0.0005,0.7438
3/4,2,x_x_,♪ ♪,s,sobe,__xx,(lig.) ♪ sc sc,2,1560,0.0013,0.0008,0.0005,0.4369
3/4,2,x_x_,♪ ♪,s,sobe,x_..,♪ pausa ♪,2,1560,0.0013,0.001,0.0003,0.64
3/4,1,____,(lig.) ♩,s,sobe,x___,♩,202,317,0.6372,0.6667,-0.0294,0.8618
3/4,1,____,(lig.) ♩,s,sobe,____,(lig.) ♩,42,317,0.1325,0.1286,0.0039,15.0671
3/4,1,____,(lig.) ♩,s,sobe,x_x_,♪ ♪,41,317,0.1293,0.1074,0.022,0.7287
3/4,1,____,(lig.) ♩,s,sobe,x__x,♪. sc,16,317,0.0505,0.0548,-0.0043,0.9729
3/4,1,____,(lig.) ♩,s,sobe,x_xx,♪ sc sc,7,317,0.0221,0.0134,0.0087,3.0008
3/4,1,____,(lig.) ♩,s,sobe,....,pausa ♩,5,317,0.0158,0.0157,0.0001,3.7451
3/4,1,____,(lig.) ♩,s,sobe,xxxx,sc sc sc sc,2,317,0.0063,0.0045,0.0018,1.8934
3/4,3,x_x_,♪ ♪,r,repete,x_x_,♪ ♪,359,473,0.759,0.7156,0.0434,2.2698
3/4,3,x_x_,♪ ♪,r,repete,x___,♩,52,473,0.1099,0.1886,-0.0786,0.24
3/4,3,x_x_,♪ ♪,r,repete,x__x,♪. sc,31,473,0.0655,0.0364,0.0291,1.6873
3/4,3,x_x_,♪ ♪,r,repete,xxxx,sc sc sc sc,12,473,0.0254,0.0135,0.0118,4.5721
3/4,3,x_x_,♪ ♪,r,repete,x_xx,♪ sc sc,8,473,0.0169,0.0177,-0.0007,2.1505
3/4,3,x_x_,♪ ♪,r,repete,xxx_,sc sc ♪,4,473,0.0085,0.0071,0.0013,2.4009
3/4,3,x_x_,♪ ♪,r,repete,____,(lig.) ♩,4,473,0.0085,0.0131,-0.0047,0.1739
3/4,3,x___,♩,r,repete,x___,♩,1112,2463,0.4515,0.5137,-0.0622,0.9855
3/4,3,x___,♩,r,repete,x_x_,♪ ♪,825,2463,0.335,0.2385,0.0964,1.0017
3/4,3,x___,♩,r,repete,__x_,(lig.) ♪ ♪,227,2463,0.0922,0.0964,-0.0042,1.9938
3/4,3,x___,♩,r,repete,x__x,♪. sc,89,2463,0.0361,0.0376,-0.0014,0.9303
3/4,3,x___,♩,r,repete,..x_,pausa ♪ ♪,72,2463,0.0292,0.0389,-0.0097,1.3199
3/4,3,x___,♩,r,repete,....,pausa ♩,47,2463,0.0191,0.0259,-0.0068,0.6807
3/4,3,x___,♩,r,repete,____,(lig.) ♩,45,2463,0.0183,0.0298,-0.0116,0.3756
3/4,3,x___,♩,r,repete,x_xx,♪ sc sc,11,2463,0.0045,0.0053,-0.0009,0.5679
3/4,3,x___,♩,r,repete,__xx,(lig.) ♪ sc sc,10,2463,0.0041,0.004,0.0001,2.1576
3/4,3,x___,♩,r,repete,xxx_,sc sc ♪,6,2463,0.0024,0.0025,-0.0001,0.6916
3/4,3,x___,♩,r,repete,..xx,pausa ♪ sc sc,5,2463,0.002,0.0025,-0.0005,1.5026
3/4,3,x___,♩,r,repete,__..,(lig.) ♪ pausa ♪,5,2463,0.002,0.0008,0.0012,5.2591
3/4,3,x___,♩,r,repete,xxxx,sc sc sc sc,4,2463,0.0016,0.0022,-0.0006,0.2927
3/4,3,x___,♩,r,repete,x_..,♪ pausa ♪,4,2463,0.0016,0.0009,0.0007,1.2021
3/4,2,x_x_,♪ ♪,d,desce,x___,♩,1158,1831,0.6324,0.6508,-0.0183,1.3886
3/4,2,x_x_,♪ ♪,d,desce,x_x_,♪ ♪,588,1831,0.3211,0.3018,0.0194,2.581
3/4,2,x_x_,♪ ♪,d,desce,x__x,♪. sc,20,1831,0.0109,0.0119,-0.0009,1.1494
3/4,2,x_x_,♪ ♪,d,desce,____,(lig.) ♩,18,1831,0.0098,0.0116,-0.0018,0.0405
3/4,2,x_x_,♪ ♪,d,desce,....,pausa ♩,15,1831,0.0082,0.0054,0.0028,0.2665
3/4,2,x_x_,♪ ♪,d,desce,x_xx,♪ sc sc,9,1831,0.0049,0.0041,0.0008,1.4069
3/4,2,x_x_,♪ ♪,d,desce,..x_,pausa ♪ ♪,7,1831,0.0038,0.0018,0.002,0.284
3/4,2,x_x_,♪ ♪,d,desce,__x_,(lig.) ♪ ♪,7,1831,0.0038,0.0041,-0.0003,0.0357
3/4,2,x_x_,♪ ♪,d,desce,__..,(lig.) ♪ pausa ♪,2,1831,0.0011,0.0005,0.0006,0.5862
3/4,2,x_x_,♪ ♪,d,desce,xxxx,sc sc sc sc,2,1831,0.0011,0.0036,-0.0025,0.4989
3/4,2,x_x_,♪ ♪,d,desce,x_..,♪ pausa ♪,2,1831,0.0011,0.001,0.0001,0.5453
3/4,3,x_x_,♪ ♪,d,desce,x_x_,♪ ♪,953,1326,0.7187,0.7156,0.0031,2.1494
3/4,3,x_x_,♪ ♪,d,desce,x___,♩,285,1326,0.2149,0.1886,0.0264,0.4691
3/4,3,x_x_,♪ ♪,d,desce,x__x,♪. sc,30,1326,0.0226,0.0364,-0.0138,0.5825
3/4,3,x_x_,♪ ♪,d,desce,x_xx,♪ sc sc,18,1326,0.0136,0.0177,-0.0041,1.726
3/4,3,x_x_,♪ ♪,d,desce,____,(lig.) ♩,15,1326,0.0113,0.0131,-0.0018,0.2326
3/4,3,x_x_,♪ ♪,d,desce,xxxx,sc sc sc sc,9,1326,0.0068,0.0135,-0.0067,1.2232
3/4,3,x_x_,♪ ♪,d,desce,xxx_,sc sc ♪,6,1326,0.0045,0.0071,-0.0026,1.2846
3/4,3,x_x_,♪ ♪,d,desce,x_..,♪ pausa ♪,4,1326,0.003,0.0023,0.0008,2.2328
3/4,3,x_x_,♪ ♪,d,desce,....,pausa ♩,2,1326,0.0015,0.0008,0.0008,0.0538
3/4,3,x_x_,♪ ♪,d,desce,__x_,(lig.) ♪ ♪,2,1326,0.0015,0.0026,-0.0011,0.0326
3/4,3,____,(lig.) ♩,s,sobe,x___,♩,1192,1879,0.6344,0.5923,0.0421,1.3847
3/4,3,____,(lig.) ♩,s,sobe,x_x_,♪ ♪,272,1879,0.1448,0.1601,-0.0154,0.4329
3/4,3,____,(lig.) ♩,s,sobe,____,(lig.) ♩,253,1879,0.1346,0.1502,-0.0156,2.7684
3/4,3,____,(lig.) ♩,s,sobe,....,pausa ♩,88,1879,0.0468,0.0507,-0.0038,1.6706
3/4,3,____,(lig.) ♩,s,sobe,x__x,♪. sc,37,1879,0.0197,0.0238,-0.0041,0.507
3/4,3,____,(lig.) ♩,s,sobe,..x_,pausa ♪ ♪,10,1879,0.0053,0.0101,-0.0048,0.2403
3/4,3,____,(lig.) ♩,s,sobe,__x_,(lig.) ♪ ♪,8,1879,0.0043,0.0031,0.0012,0.0921
3/4,3,____,(lig.) ♩,s,sobe,x_..,♪ pausa ♪,7,1879,0.0037,0.002,0.0017,2.7575
3/4,3,____,(lig.) ♩,s,sobe,xxx_,sc sc ♪,5,1879,0.0027,0.0024,0.0002,0.7555
3/4,3,____,(lig.) ♩,s,sobe,___x,(lig.) ♪. sc,3,1879,0.0016,0.0013,0.0003,4.1362
3/4,3,____,(lig.) ♩,s,sobe,xxxx,sc sc sc sc,2,1879,0.0011,0.002,-0.0009,0.1918
3/4,3,____,(lig.) ♩,s,sobe,x_xx,♪ sc sc,2,1879,0.0011,0.0018,-0.0007,0.1353
3/4,1,x___,♩,s,sobe,x___,♩,2903,3517,0.8254,0.8579,-0.0325,1.1163
3/4,1,x___,♩,s,sobe,x_x_,♪ ♪,410,3517,0.1166,0.1017,0.0149,0.6568
3/4,1,x___,♩,s,sobe,x__x,♪. sc,111,3517,0.0316,0.023,0.0086,0.6083
3/4,1,x___,♩,s,sobe,x_xx,♪ sc sc,28,3517,0.008,0.0042,0.0037,1.0819
3/4,1,x___,♩,s,sobe,____,(lig.) ♩,18,3517,0.0051,0.0052,-0.0001,0.582
3/4,1,x___,♩,s,sobe,__x_,(lig.) ♪ ♪,17,3517,0.0048,0.0024,0.0024,2.0479
3/4,1,x___,♩,s,sobe,xxxx,sc sc sc sc,15,3517,0.0043,0.0018,0.0025,1.2799
3/4,1,x___,♩,s,sobe,xxx_,sc sc ♪,6,3517,0.0017,0.001,0.0007,0.8013
3/4,1,x___,♩,s,sobe,xx__,sc ♪.,4,3517,0.0011,0.0013,-0.0002,0.9452
3/4,1,x___,♩,s,sobe,..x_,pausa ♪ ♪,2,3517,0.0006,0.0003,0.0003,3.0718
3/4,1,x___,♩,s,sobe,....,pausa ♩,2,3517,0.0006,0.0005,0.0001,0.135
3/4,2,xxx_,sc sc ♪,s,sobe,x___,♩,8,22,0.3636,0.4375,-0.0739,0.7984
3/4,2,xxx_,sc sc ♪,s,sobe,x_x_,♪ ♪,8,22,0.3636,0.2083,0.1553,2.9226
3/4,2,xxx_,sc sc ♪,s,sobe,____,(lig.) ♩,4,22,0.1818,0.0833,0.0985,0.749
3/4,1,x___,♩,d,desce,x___,♩,3462,3952,0.876,0.8579,0.0181,1.1847
3/4,1,x___,♩,d,desce,x_x_,♪ ♪,361,3952,0.0913,0.1017,-0.0103,0.5147
3/4,1,x___,♩,d,desce,x__x,♪. sc,78,3952,0.0197,0.023,-0.0032,0.3804
3/4,1,x___,♩,d,desce,____,(lig.) ♩,25,3952,0.0063,0.0052,0.0011,0.7194
3/4,1,x___,♩,d,desce,xx__,sc ♪.,7,3952,0.0018,0.0013,0.0005,1.472
3/4,1,x___,♩,d,desce,__x_,(lig.) ♪ ♪,6,3952,0.0015,0.0024,-0.0009,0.6432
3/4,1,x___,♩,d,desce,x_xx,♪ sc sc,4,3952,0.001,0.0042,-0.0032,0.1375
3/4,1,x___,♩,d,desce,xxx_,sc sc ♪,2,3952,0.0005,0.001,-0.0005,0.2377
3/4,1,x___,♩,d,desce,x_.x,♪ pausa sc sc,2,3952,0.0005,0.0003,0.0002,2.1869
3/4,1,x___,♩,d,desce,....,pausa ♩,2,3952,0.0005,0.0005,0,0.1202
3/4,3,____,(lig.) ♩,d,desce,x___,♩,1130,2080,0.5433,0.5923,-0.049,1.1858
3/4,3,____,(lig.) ♩,d,desce,x_x_,♪ ♪,385,2080,0.1851,0.1601,0.025,0.5536
3/4,3,____,(lig.) ♩,d,desce,____,(lig.) ♩,337,2080,0.162,0.1502,0.0118,3.3312
3/4,3,____,(lig.) ♩,d,desce,....,pausa ♩,133,2080,0.0639,0.0507,0.0133,2.2809
3/4,3,____,(lig.) ♩,d,desce,x__x,♪. sc,45,2080,0.0216,0.0238,-0.0022,0.557
3/4,3,____,(lig.) ♩,d,desce,..x_,pausa ♪ ♪,31,2080,0.0149,0.0101,0.0048,0.6729
3/4,3,____,(lig.) ♩,d,desce,xxx_,sc sc ♪,6,2080,0.0029,0.0024,0.0005,0.819
3/4,3,____,(lig.) ♩,d,desce,x_xx,♪ sc sc,4,2080,0.0019,0.0018,0.0002,0.2445
3/4,3,____,(lig.) ♩,d,desce,xxxx,sc sc sc sc,3,2080,0.0014,0.002,-0.0005,0.2599
3/4,3,____,(lig.) ♩,d,desce,__x_,(lig.) ♪ ♪,3,2080,0.0014,0.0031,-0.0016,0.0312
3/4,3,____,(lig.) ♩,d,desce,___x,(lig.) ♪. sc,2,2080,0.001,0.0013,-0.0004,2.491
3/4,1,xxx_,sc sc ♪,s,sobe,x___,♩,26,35,0.7429,0.7534,-0.0106,1.0046
3/4,1,xxx_,sc sc ♪,s,sobe,x_x_,♪ ♪,7,35,0.2,0.1918,0.0082,1.1268
3/4,1,x___,♩,r,repete,x___,♩,1750,1986,0.8812,0.8579,0.0232,1.1917
3/4,1,x___,♩,r,repete,x_x_,♪ ♪,185,1986,0.0932,0.1017,-0.0085,0.5248
3/4,1,x___,♩,r,repete,x__x,♪. sc,27,1986,0.0136,0.023,-0.0094,0.262
3/4,1,x___,♩,r,repete,____,(lig.) ♩,8,1986,0.004,0.0052,-0.0012,0.4581
3/4,1,x___,♩,r,repete,x_xx,♪ sc sc,7,1986,0.0035,0.0042,-0.0007,0.479
3/4,1,x___,♩,r,repete,xx__,sc ♪.,2,1986,0.001,0.0013,-0.0003,0.8369
3/4,1,x___,♩,r,repete,xxxx,sc sc sc sc,2,1986,0.001,0.0018,-0.0008,0.3022
3/4,1,__x_,(lig.) ♪ ♪,s,sobe,x_x_,♪ ♪,170,284,0.5986,0.559,0.0396,3.3726
3/4,1,__x_,(lig.) ♪ ♪,s,sobe,x___,♩,61,284,0.2148,0.2717,-0.0569,0.2905
3/4,1,__x_,(lig.) ♪ ♪,s,sobe,x__x,♪. sc,40,284,0.1408,0.1243,0.0165,2.7148
3/4,1,__x_,(lig.) ♪ ♪,s,sobe,xxxx,sc sc sc sc,5,284,0.0176,0.0063,0.0113,5.2834
3/4,1,__x_,(lig.) ♪ ♪,s,sobe,____,(lig.) ♩,4,284,0.0141,0.0084,0.0057,1.6017
3/4,1,__x_,(lig.) ♪ ♪,s,sobe,__x_,(lig.) ♪ ♪,2,284,0.007,0.0125,-0.0055,2.9836
3/4,1,x___,♩,0,—,x___,♩,407,478,0.8515,0.8579,-0.0065,1.1515
3/4,1,x___,♩,0,—,x_x_,♪ ♪,54,478,0.113,0.1017,0.0113,0.6365
3/4,1,x___,♩,0,—,x__x,♪. sc,12,478,0.0251,0.023,0.0022,0.4839
3/4,1,x___,♩,0,—,x_xx,♪ sc sc,3,478,0.0063,0.0042,0.002,0.8529
3/4,3,x___,♩,s,sobe,x___,♩,1504,2790,0.5391,0.5137,0.0254,1.1766
3/4,3,x___,♩,s,sobe,x_x_,♪ ♪,558,2790,0.2,0.2385,-0.0385,0.5981
3/4,3,x___,♩,s,sobe,__x_,(lig.) ♪ ♪,383,2790,0.1373,0.0964,0.0409,2.9698
3/4,3,x___,♩,s,sobe,x__x,♪. sc,101,2790,0.0362,0.0376,-0.0014,0.932
3/4,3,x___,♩,s,sobe,____,(lig.) ♩,82,2790,0.0294,0.0298,-0.0004,0.6043
3/4,3,x___,♩,s,sobe,..x_,pausa ♪ ♪,57,2790,0.0204,0.0389,-0.0185,0.9225
3/4,3,x___,♩,s,sobe,....,pausa ♩,36,2790,0.0129,0.0259,-0.0129,0.4603
3/4,3,x___,♩,s,sobe,__xx,(lig.) ♪ sc sc,16,2790,0.0057,0.004,0.0018,3.0475
3/4,3,x___,♩,s,sobe,x_xx,♪ sc sc,15,2790,0.0054,0.0053,0,0.6836
3/4,3,x___,♩,s,sobe,xxxx,sc sc sc sc,12,2790,0.0043,0.0022,0.0021,0.7751
3/4,3,x___,♩,s,sobe,..xx,pausa ♪ sc sc,9,2790,0.0032,0.0025,0.0007,2.3877
3/4,3,x___,♩,s,sobe,xxx_,sc sc ♪,7,2790,0.0025,0.0025,0,0.7123
3/4,3,x___,♩,s,sobe,x_..,♪ pausa ♪,4,2790,0.0014,0.0009,0.0005,1.0612
3/4,3,x___,♩,s,sobe,...x,pausa ♪. sc,2,2790,0.0007,0.0003,0.0004,4.9522
3/4,3,x___,♩,s,sobe,xx__,sc ♪.,2,2790,0.0007,0.0002,0.0005,1.8571
3/4,2,x___,♩,r,repete,x___,♩,1191,2313,0.5149,0.4038,0.1111,1.1306
3/4,2,x___,♩,r,repete,____,(lig.) ♩,573,2313,0.2477,0.3229,-0.0752,1.0205
3/4,2,x___,♩,r,repete,__x_,(lig.) ♪ ♪,288,2313,0.1245,0.1431,-0.0186,1.1642
3/4,2,x___,♩,r,repete,x_x_,♪ ♪,183,2313,0.0791,0.0654,0.0138,0.6359
3/4,2,x___,♩,r,repete,....,pausa ♩,19,2313,0.0082,0.032,-0.0238,0.2672
3/4,2,x___,♩,r,repete,x_..,♪ pausa ♪,17,2313,0.0073,0.0022,0.0051,3.6692
3/4,2,x___,♩,r,repete,..x_,pausa ♪ ♪,11,2313,0.0048,0.0178,-0.013,0.3533
3/4,2,x___,♩,r,repete,x__x,♪. sc,10,2313,0.0043,0.0037,0.0006,0.455
3/4,2,x___,♩,r,repete,__..,(lig.) ♪ pausa ♪,8,2313,0.0035,0.0024,0.0011,1.8562
3/4,2,x___,♩,r,repete,__xx,(lig.) ♪ sc sc,7,2313,0.003,0.0031,-0.0001,1.0312
3/4,2,x___,♩,r,repete,xxx_,sc sc ♪,3,2313,0.0013,0.0006,0.0007,0.7525
3/4,2,x___,♩,0,—,x___,♩,122,210,0.581,0.4038,0.1772,1.2756
3/4,2,x___,♩,0,—,__x_,(lig.) ♪ ♪,37,210,0.1762,0.1431,0.0331,1.6473
3/4,2,x___,♩,0,—,____,(lig.) ♩,34,210,0.1619,0.3229,-0.161,0.667
3/4,2,x___,♩,0,—,x_x_,♪ ♪,15,210,0.0714,0.0654,0.0061,0.5741
3/4,1,____,(lig.) ♩,d,desce,x___,♩,320,451,0.7095,0.6667,0.0429,0.9596
3/4,1,____,(lig.) ♩,d,desce,____,(lig.) ♩,57,451,0.1264,0.1286,-0.0022,14.3727
3/4,1,____,(lig.) ♩,d,desce,x_x_,♪ ♪,36,451,0.0798,0.1074,-0.0276,0.4497
3/4,1,____,(lig.) ♩,d,desce,x__x,♪. sc,19,451,0.0421,0.0548,-0.0127,0.812
3/4,1,____,(lig.) ♩,d,desce,....,pausa ♩,8,451,0.0177,0.0157,0.0021,4.2118
3/4,1,____,(lig.) ♩,d,desce,x_xx,♪ sc sc,5,451,0.0111,0.0134,-0.0023,1.5066
3/4,1,____,(lig.) ♩,d,desce,__x_,(lig.) ♪ ♪,2,451,0.0044,0.0034,0.0011,1.8788
3/4,1,____,(lig.) ♩,d,desce,xxxx,sc sc sc sc,2,451,0.0044,0.0045,0,1.3308
3/4,1,____,(lig.) ♩,d,desce,xxx_,sc sc ♪,2,451,0.0044,0.0045,0,2.083
3/4,1,____,(lig.) ♩,r,repete,x___,♩,70,122,0.5738,0.6667,-0.0929,0.776
3/4,1,____,(lig.) ♩,r,repete,x_x_,♪ ♪,19,122,0.1557,0.1074,0.0484,0.8775
3/4,1,____,(lig.) ♩,r,repete,____,(lig.) ♩,16,122,0.1311,0.1286,0.0025,14.9142
3/4,1,____,(lig.) ♩,r,repete,x__x,♪. sc,14,122,0.1148,0.0548,0.0599,2.2119
3/4,1,____,(lig.) ♩,r,repete,xxx_,sc sc ♪,2,122,0.0164,0.0045,0.0119,7.7003
3/4,1,x_xx,♪ sc sc,s,sobe,x___,♩,58,83,0.6988,0.6667,0.0321,0.945
3/4,1,x_xx,♪ sc sc,s,sobe,x_x_,♪ ♪,14,83,0.1687,0.1609,0.0078,0.9503
3/4,1,x_xx,♪ sc sc,s,sobe,x_xx,♪ sc sc,4,83,0.0482,0.046,0.0022,6.5491
3/4,1,x_xx,♪ sc sc,s,sobe,x__x,♪. sc,4,83,0.0482,0.092,-0.0438,0.9289
3/4,1,x_xx,♪ sc sc,s,sobe,xxx_,sc sc ♪,3,83,0.0361,0.023,0.0132,16.9777
3/4,1,..x_,pausa ♪ ♪,0,—,x_x_,♪ ♪,113,169,0.6686,0.6433,0.0253,3.7672
3/4,1,..x_,pausa ♪ ♪,0,—,x__x,♪. sc,33,169,0.1953,0.2118,-0.0165,3.7637
3/4,1,..x_,pausa ♪ ♪,0,—,x___,♩,11,169,0.0651,0.1003,-0.0352,0.088
3/4,1,..x_,pausa ♪ ♪,0,—,x_xx,♪ sc sc,9,169,0.0533,0.035,0.0182,7.2369
3/4,1,x__x,♪. sc,s,sobe,x___,♩,241,311,0.7749,0.7194,0.0555,1.048
3/4,1,x__x,♪. sc,s,sobe,x_x_,♪ ♪,44,311,0.1415,0.1695,-0.028,0.7971
3/4,1,x__x,♪. sc,s,sobe,x__x,♪. sc,22,311,0.0707,0.0932,-0.0224,1.3635
3/4,1,x__x,♪. sc,s,sobe,xx__,sc ♪.,2,311,0.0064,0.0079,-0.0014,5.3443
3/4,1,__x_,(lig.) ♪ ♪,d,desce,x_x_,♪ ♪,274,525,0.5219,0.559,-0.0371,2.9405
3/4,1,__x_,(lig.) ♪ ♪,d,desce,x___,♩,173,525,0.3295,0.2717,0.0578,0.4456
3/4,1,__x_,(lig.) ♪ ♪,d,desce,x__x,♪. sc,58,525,0.1105,0.1243,-0.0139,2.1294
3/4,1,__x_,(lig.) ♪ ♪,d,desce,x_xx,♪ sc sc,7,525,0.0133,0.0104,0.0029,1.8119
3/4,1,__x_,(lig.) ♪ ♪,d,desce,__x_,(lig.) ♪ ♪,6,525,0.0114,0.0125,-0.0011,4.8419
3/4,1,__x_,(lig.) ♪ ♪,d,desce,xxx_,sc sc ♪,3,525,0.0057,0.0031,0.0026,2.6841
3/4,2,x__x,♪. sc,s,sobe,x___,♩,207,390,0.5308,0.5818,-0.051,1.1654
3/4,2,x__x,♪. sc,s,sobe,x_x_,♪ ♪,129,390,0.3308,0.3126,0.0182,2.6584
3/4,2,x__x,♪. sc,s,sobe,x__x,♪. sc,25,390,0.0641,0.0719,-0.0078,6.7455
3/4,2,x__x,♪. sc,s,sobe,x_xx,♪ sc sc,15,390,0.0385,0.0156,0.0229,11.0087
3/4,2,x__x,♪. sc,s,sobe,xxxx,sc sc sc sc,11,390,0.0282,0.0104,0.0178,12.8825
3/4,2,x__x,♪. sc,s,sobe,x_..,♪ pausa ♪,2,390,0.0051,0.0026,0.0025,2.5602
3/4,1,__x_,(lig.) ♪ ♪,r,repete,x_x_,♪ ♪,91,148,0.6149,0.559,0.0558,3.4642
3/4,1,__x_,(lig.) ♪ ♪,r,repete,x___,♩,26,148,0.1757,0.2717,-0.096,0.2376
3/4,1,__x_,(lig.) ♪ ♪,r,repete,x__x,♪. sc,21,148,0.1419,0.1243,0.0175,2.7349
3/4,1,__x_,(lig.) ♪ ♪,r,repete,__x_,(lig.) ♪ ♪,4,148,0.027,0.0125,0.0145,11.4505
3/4,1,__x_,(lig.) ♪ ♪,r,repete,____,(lig.) ♩,3,148,0.0203,0.0084,0.0119,2.3052
3/4,1,__x_,(lig.) ♪ ♪,r,repete,x_xx,♪ sc sc,2,148,0.0135,0.0104,0.0031,1.8364
3/4,1,x__x,♪. sc,r,repete,x___,♩,112,147,0.7619,0.7194,0.0425,1.0304
3/4,1,x__x,♪. sc,r,repete,x__x,♪. sc,18,147,0.1224,0.0932,0.0293,2.3602
3/4,1,x__x,♪. sc,r,repete,x_x_,♪ ♪,16,147,0.1088,0.1695,-0.0606,0.6132
3/4,3,____,(lig.) ♩,r,repete,x___,♩,339,547,0.6197,0.5923,0.0275,1.3527
3/4,3,____,(lig.) ♩,r,repete,____,(lig.) ♩,88,547,0.1609,0.1502,0.0107,3.3077
3/4,3,____,(lig.) ♩,r,repete,x_x_,♪ ♪,70,547,0.128,0.1601,-0.0322,0.3827
3/4,3,____,(lig.) ♩,r,repete,x__x,♪. sc,26,547,0.0475,0.0238,0.0237,1.2237
3/4,3,____,(lig.) ♩,r,repete,....,pausa ♩,9,547,0.0165,0.0507,-0.0342,0.5869
3/4,3,____,(lig.) ♩,r,repete,..x_,pausa ♪ ♪,5,547,0.0091,0.0101,-0.001,0.4127
3/4,3,____,(lig.) ♩,r,repete,xxxx,sc sc sc sc,3,547,0.0055,0.002,0.0035,0.9884
3/4,3,____,(lig.) ♩,r,repete,__x_,(lig.) ♪ ♪,3,547,0.0055,0.0031,0.0024,0.1186
3/4,3,____,(lig.) ♩,r,repete,x_xx,♪ sc sc,2,547,0.0037,0.0018,0.0019,0.4649
3/4,1,x__x,♪. sc,d,desce,x___,♩,288,433,0.6651,0.7194,-0.0543,0.8995
3/4,1,x__x,♪. sc,d,desce,x_x_,♪ ♪,91,433,0.2102,0.1695,0.0407,1.1841
3/4,1,x__x,♪. sc,d,desce,x__x,♪. sc,43,433,0.0993,0.0932,0.0062,1.9141
3/4,1,x__x,♪. sc,d,desce,xx__,sc ♪.,5,433,0.0115,0.0079,0.0037,9.5963
3/4,1,x__x,♪. sc,d,desce,x_..,♪ pausa ♪,4,433,0.0092,0.0056,0.0036,18.1457
3/4,1,x__x,♪. sc,d,desce,x_xx,♪ sc sc,2,433,0.0046,0.0034,0.0013,0.6277
3/4,2,x__x,♪. sc,d,desce,x___,♩,338,554,0.6101,0.5818,0.0283,1.3396
3/4,2,x__x,♪. sc,d,desce,x_x_,♪ ♪,163,554,0.2942,0.3126,-0.0183,2.3647
3/4,2,x__x,♪. sc,d,desce,x__x,♪. sc,46,554,0.083,0.0719,0.0112,8.7375
3/4,2,x__x,♪. sc,d,desce,xx__,sc ♪.,2,554,0.0036,0.0017,0.0019,5.9614
3/4,3,x__x,♪. sc,s,sobe,x__x,♪. sc,29,69,0.4203,0.3842,0.0361,10.8205
3/4,3,x__x,♪. sc,s,sobe,x___,♩,18,69,0.2609,0.2512,0.0096,0.5694
3/4,3,x__x,♪. sc,s,sobe,x_x_,♪ ♪,17,69,0.2464,0.3103,-0.064,0.7368
3/4,3,x__x,♪. sc,s,sobe,xxxx,sc sc sc sc,2,69,0.029,0.0345,-0.0055,5.2237
3/4,3,x__x,♪. sc,d,desce,x__x,♪. sc,47,116,0.4052,0.3842,0.0209,10.4313
3/4,3,x__x,♪. sc,d,desce,x_x_,♪ ♪,33,116,0.2845,0.3103,-0.0259,0.8508
3/4,3,x__x,♪. sc,d,desce,x___,♩,31,116,0.2672,0.2512,0.016,0.5833
3/4,3,x__x,♪. sc,d,desce,xxxx,sc sc sc sc,4,116,0.0345,0.0345,0,6.2144
3/4,3,x_xx,♪ sc sc,s,sobe,x_x_,♪ ♪,18,28,0.6429,0.6974,-0.0545,1.9225
3/4,3,x_xx,♪ sc sc,s,sobe,x___,♩,4,28,0.1429,0.1184,0.0244,0.3118
3/4,3,x_xx,♪ sc sc,s,sobe,xxxx,sc sc sc sc,2,28,0.0714,0.0526,0.0188,12.8727
3/4,3,x_xx,♪ sc sc,s,sobe,x_xx,♪ sc sc,2,28,0.0714,0.1053,-0.0338,9.0819
3/4,2,x_xx,♪ sc sc,s,sobe,x___,♩,37,60,0.6167,0.5793,0.0374,1.354
3/4,2,x_xx,♪ sc sc,s,sobe,x_x_,♪ ♪,14,60,0.2333,0.25,-0.0167,1.8753
3/4,2,x_xx,♪ sc sc,s,sobe,x__x,♪. sc,6,60,0.1,0.061,0.039,10.523
3/4,2,x_xx,♪ sc sc,s,sobe,x_xx,♪ sc sc,3,60,0.05,0.1037,-0.0537,14.3113
3/4,1,xxx_,sc sc ♪,d,desce,x___,♩,18,25,0.72,0.7534,-0.0334,0.9737
3/4,1,xxx_,sc sc ♪,d,desce,x_x_,♪ ♪,5,25,0.2,0.1918,0.0082,1.1268
3/4,1,xxx_,sc sc ♪,d,desce,__..,(lig.) ♪ pausa ♪,2,25,0.08,0.0274,0.0526,288.0933
3/4,2,__x_,(lig.) ♪ ♪,s,sobe,x_x_,♪ ♪,6,13,0.4615,0.3922,0.0694,3.7094
3/4,2,__x_,(lig.) ♪ ♪,s,sobe,x___,♩,5,13,0.3846,0.2549,0.1297,0.8445
3/4,1,xxxx,sc sc sc sc,s,sobe,x___,♩,31,42,0.7381,0.6803,0.0578,0.9982
3/4,1,xxxx,sc sc sc sc,s,sobe,x_x_,♪ ♪,4,42,0.0952,0.1066,-0.0113,0.5366
3/4,1,xxxx,sc sc sc sc,s,sobe,x__x,♪. sc,3,42,0.0714,0.1311,-0.0597,1.3768
3/4,1,xxxx,sc sc sc sc,s,sobe,xxxx,sc sc sc sc,2,42,0.0476,0.041,0.0066,14.2903
3/4,1,xxxx,sc sc sc sc,s,sobe,xxx_,sc sc ♪,2,42,0.0476,0.0328,0.0148,22.3675
3/4,1,xxxx,sc sc sc sc,d,desce,x___,♩,49,77,0.6364,0.6803,-0.044,0.8606
3/4,1,xxxx,sc sc sc sc,d,desce,x__x,♪. sc,13,77,0.1688,0.1311,0.0377,3.2542
3/4,1,xxxx,sc sc sc sc,d,desce,x_x_,♪ ♪,9,77,0.1169,0.1066,0.0103,0.6585
3/4,1,xxxx,sc sc sc sc,d,desce,xxxx,sc sc sc sc,3,77,0.039,0.041,-0.002,11.6921
3/4,1,xxxx,sc sc sc sc,d,desce,xxx_,sc sc ♪,2,77,0.026,0.0328,-0.0068,12.2005
3/4,3,xxxx,sc sc sc sc,s,sobe,x___,♩,4,13,0.3077,0.4043,-0.0966,0.6716
3/4,3,xxxx,sc sc sc sc,s,sobe,xxxx,sc sc sc sc,3,13,0.2308,0.0851,0.1457,41.5886
3/4,3,xxxx,sc sc sc sc,s,sobe,x_xx,♪ sc sc,3,13,0.2308,0.0638,0.1669,29.3417
3/4,1,x_x_,♪ ♪,r,repete,x___,♩,730,1042,0.7006,0.7292,-0.0287,0.9474
3/4,1,x_x_,♪ ♪,r,repete,x_x_,♪ ♪,222,1042,0.2131,0.2013,0.0117,1.2004
3/4,1,x_x_,♪ ♪,r,repete,x__x,♪. sc,52,1042,0.0499,0.0514,-0.0015,0.9619
3/4,1,x_x_,♪ ♪,r,repete,xxxx,sc sc sc sc,12,1042,0.0115,0.0044,0.0071,3.456
3/4,1,x_x_,♪ ♪,r,repete,xxx_,sc sc ♪,7,1042,0.0067,0.0018,0.0049,3.1555
3/4,1,x_x_,♪ ♪,r,repete,x_xx,♪ sc sc,6,1042,0.0058,0.006,-0.0002,0.7825
3/4,1,x_x_,♪ ♪,r,repete,x_..,♪ pausa ♪,5,1042,0.0048,0.0007,0.0041,9.4255
3/4,1,x_x_,♪ ♪,r,repete,__..,(lig.) ♪ pausa ♪,2,1042,0.0019,0.0006,0.0014,6.912
3/4,1,x_x_,♪ ♪,r,repete,_xxx,(lig.) sc sc sc sc,2,1042,0.0019,0.0003,0.0016,20.7361
3/4,2,xxxx,sc sc sc sc,d,desce,x___,♩,24,46,0.5217,0.6301,-0.1084,1.1456
3/4,2,xxxx,sc sc sc sc,d,desce,xxxx,sc sc sc sc,10,46,0.2174,0.1507,0.0667,99.2923
3/4,2,xxxx,sc sc sc sc,d,desce,x_x_,♪ ♪,7,46,0.1522,0.1233,0.0289,1.223
3/4,2,xxxx,sc sc sc sc,d,desce,x_xx,♪ sc sc,4,46,0.087,0.0548,0.0322,24.8893
3/4,1,....,pausa ♩,s,sobe,x___,♩,100,146,0.6849,0.5663,0.1187,0.9263
3/4,1,....,pausa ♩,s,sobe,x_x_,♪ ♪,24,146,0.1644,0.1446,0.0198,0.9262
3/4,1,....,pausa ♩,s,sobe,x__x,♪. sc,12,146,0.0822,0.148,-0.0658,1.5842
3/4,1,....,pausa ♩,s,sobe,....,pausa ♩,10,146,0.0685,0.1222,-0.0537,16.263
3/4,1,x_xx,♪ sc sc,d,desce,x___,♩,50,75,0.6667,0.6667,0,0.9016
3/4,1,x_xx,♪ sc sc,d,desce,x_x_,♪ ♪,10,75,0.1333,0.1609,-0.0276,0.7512
3/4,1,x_xx,♪ sc sc,d,desce,x__x,♪. sc,10,75,0.1333,0.092,0.0414,2.57
3/4,1,x_xx,♪ sc sc,d,desce,xxxx,sc sc sc sc,2,75,0.0267,0.0115,0.0152,8.0026
3/4,1,x_xx,♪ sc sc,d,desce,x_xx,♪ sc sc,2,75,0.0267,0.046,-0.0193,3.6238
3/4,1,....,pausa ♩,d,desce,x___,♩,196,368,0.5326,0.5663,-0.0337,0.7203
3/4,1,....,pausa ♩,d,desce,x__x,♪. sc,62,368,0.1685,0.148,0.0205,3.2474
3/4,1,....,pausa ♩,d,desce,....,pausa ♩,50,368,0.1359,0.1222,0.0137,32.2608
3/4,1,....,pausa ♩,d,desce,x_x_,♪ ♪,50,368,0.1359,0.1446,-0.0087,0.7655
3/4,1,....,pausa ♩,d,desce,x_xx,♪ sc sc,6,368,0.0163,0.0103,0.006,2.2156
3/4,1,....,pausa ♩,d,desce,xxx_,sc sc ♪,2,368,0.0054,0.0052,0.0003,2.5528
3/4,2,xx__,sc ♪.,s,sobe,xx__,sc ♪.,5,14,0.3571,0.3462,0.011,589.7527
3/4,2,xx__,sc ♪.,s,sobe,____,(lig.) ♩,5,14,0.3571,0.1923,0.1648,1.4713
3/4,2,xx__,sc ♪.,s,sobe,x___,♩,3,14,0.2143,0.4231,-0.2088,0.4705
3/4,1,__xx,(lig.) ♪ sc sc,s,sobe,x___,♩,12,17,0.7059,0.4359,0.27,0.9546
3/4,1,__xx,(lig.) ♪ sc sc,s,sobe,x_x_,♪ ♪,5,17,0.2941,0.4359,-0.1418,1.6571
3/4,1,..xx,pausa ♪ sc sc,d,desce,x_x_,♪ ♪,5,11,0.4545,0.4839,-0.0293,2.561
3/4,1,..xx,pausa ♪ sc sc,d,desce,x__x,♪. sc,3,11,0.2727,0.0968,0.176,5.2568
3/4,1,..xx,pausa ♪ sc sc,d,desce,x___,♩,2,11,0.1818,0.2581,-0.0762,0.2459
3/4,3,xxxx,sc sc sc sc,d,desce,x___,♩,15,33,0.4545,0.4043,0.0503,0.9921
3/4,3,xxxx,sc sc sc sc,d,desce,x_x_,♪ ♪,12,33,0.3636,0.2979,0.0658,1.0875
3/4,3,xxxx,sc sc sc sc,d,desce,xxx_,sc sc ♪,3,33,0.0909,0.0851,0.0058,25.8095
3/4,3,..x_,pausa ♪ ♪,s,sobe,x_x_,♪ ♪,96,106,0.9057,0.9038,0.0019,2.7085
3/4,3,..x_,pausa ♪ ♪,s,sobe,x__x,♪. sc,5,106,0.0472,0.038,0.0091,1.2144
3/4,3,..x_,pausa ♪ ♪,s,sobe,x_xx,♪ sc sc,2,106,0.0189,0.038,-0.0192,2.399
3/4,3,..x_,pausa ♪ ♪,s,sobe,xxxx,sc sc sc sc,2,106,0.0189,0.0089,0.0099,3.4003
3/4,3,xxx_,sc sc ♪,d,desce,x_x_,♪ ♪,6,12,0.5,0.7297,-0.2297,1.4953
3/4,3,xxx_,sc sc ♪,d,desce,x___,♩,3,12,0.25,0.1622,0.0878,0.5457
3/4,3,xxx_,sc sc ♪,d,desce,____,(lig.) ♩,3,12,0.25,0.0811,0.1689,5.1401
3/4,2,____,(lig.) ♩,s,sobe,____,(lig.) ♩,25,62,0.4032,0.3831,0.0201,1.6611
3/4,2,____,(lig.) ♩,s,sobe,....,pausa ♩,17,62,0.2742,0.2987,-0.0245,8.9184
3/4,2,____,(lig.) ♩,s,sobe,x_x_,♪ ♪,6,62,0.0968,0.0844,0.0124,0.7778
3/4,2,____,(lig.) ♩,s,sobe,x___,♩,5,62,0.0806,0.0974,-0.0168,0.1771
3/4,2,____,(lig.) ♩,s,sobe,xxx_,sc sc ♪,4,62,0.0645,0.0455,0.0191,37.4316
3/4,2,____,(lig.) ♩,s,sobe,__x_,(lig.) ♪ ♪,2,62,0.0323,0.0325,-0.0002,0.3016
3/4,2,____,(lig.) ♩,s,sobe,x__x,♪. sc,2,62,0.0323,0.026,0.0063,3.3945
3/4,3,..x_,pausa ♪ ♪,r,repete,x_x_,♪ ♪,73,81,0.9012,0.9038,-0.0026,2.6953
3/4,3,..x_,pausa ♪ ♪,r,repete,x__x,♪. sc,4,81,0.0494,0.038,0.0114,1.2714
3/4,3,..x_,pausa ♪ ♪,r,repete,x_xx,♪ sc sc,2,81,0.0247,0.038,-0.0133,3.1394
3/4,3,..x_,pausa ♪ ♪,d,desce,x_x_,♪ ♪,91,102,0.8922,0.9038,-0.0116,2.6681
3/4,3,..x_,pausa ♪ ♪,d,desce,x_xx,♪ sc sc,7,102,0.0686,0.038,0.0306,8.7258
3/4,3,..x_,pausa ♪ ♪,d,desce,x___,♩,2,102,0.0196,0.0045,0.0151,0.0428
3/4,3,..x_,pausa ♪ ♪,d,desce,x__x,♪. sc,2,102,0.0196,0.038,-0.0184,0.5048
3/4,2,____,(lig.) ♩,r,repete,____,(lig.) ♩,10,21,0.4762,0.3831,0.0931,1.9617
3/4,2,____,(lig.) ♩,r,repete,....,pausa ♩,4,21,0.1905,0.2987,-0.1082,6.1954
3/4,2,____,(lig.) ♩,r,repete,__x_,(lig.) ♪ ♪,3,21,0.1429,0.0325,0.1104,1.3357
3/4,2,____,(lig.) ♩,r,repete,x__x,♪. sc,2,21,0.0952,0.026,0.0693,10.0219
3/4,2,x_x_,♪ ♪,r,repete,x___,♩,275,486,0.5658,0.6508,-0.0849,1.2424
3/4,2,x_x_,♪ ♪,r,repete,x_x_,♪ ♪,172,486,0.3539,0.3018,0.0521,2.8444
3/4,2,x_x_,♪ ♪,r,repete,____,(lig.) ♩,14,486,0.0288,0.0116,0.0172,0.1187
3/4,2,x_x_,♪ ♪,r,repete,x__x,♪. sc,10,486,0.0206,0.0119,0.0087,2.1652
3/4,2,x_x_,♪ ♪,r,repete,xxxx,sc sc sc sc,7,486,0.0144,0.0036,0.0108,6.5786
3/4,2,x_x_,♪ ♪,r,repete,....,pausa ♩,6,486,0.0123,0.0054,0.0069,0.4016
3/4,2,xxx_,sc sc ♪,d,desce,__xx,(lig.) ♪ sc sc,9,21,0.4286,0.2083,0.2202,146.034
3/4,2,xxx_,sc sc ♪,d,desce,x___,♩,9,21,0.4286,0.4375,-0.0089,0.941
3/4,2,xxx_,sc sc ♪,d,desce,x_x_,♪ ♪,2,21,0.0952,0.2083,-0.1131,0.7654
3/4,3,__xx,(lig.) ♪ sc sc,d,desce,x_x_,♪ ♪,21,36,0.5833,0.5556,0.0278,1.7445
3/4,3,__xx,(lig.) ♪ sc sc,d,desce,xxxx,sc sc sc sc,6,36,0.1667,0.1905,-0.0238,30.0362
3/4,3,__xx,(lig.) ♪ sc sc,d,desce,x_xx,♪ sc sc,4,36,0.1111,0.0635,0.0476,14.1275
3/4,3,__xx,(lig.) ♪ sc sc,d,desce,x__x,♪. sc,2,36,0.0556,0.0317,0.0238,1.4303
3/4,3,__xx,(lig.) ♪ sc sc,d,desce,x___,♩,2,36,0.0556,0.1429,-0.0873,0.1213
3/4,3,__xx,(lig.) ♪ sc sc,s,sobe,x_x_,♪ ♪,12,21,0.5714,0.5556,0.0159,1.7089
3/4,3,__xx,(lig.) ♪ sc sc,s,sobe,x___,♩,5,21,0.2381,0.1429,0.0952,0.5197
3/4,3,__xx,(lig.) ♪ sc sc,s,sobe,xxxx,sc sc sc sc,4,21,0.1905,0.1905,0,34.3271
3/4,2,x_xx,♪ sc sc,d,desce,x___,♩,42,82,0.5122,0.5793,-0.0671,1.1246
3/4,2,x_xx,♪ sc sc,d,desce,x_x_,♪ ♪,23,82,0.2805,0.25,0.0305,2.2543
3/4,2,x_xx,♪ sc sc,d,desce,x_xx,♪ sc sc,12,82,0.1463,0.1037,0.0427,41.8868
3/4,2,x_xx,♪ sc sc,d,desce,x__x,♪. sc,4,82,0.0488,0.061,-0.0122,5.1332
3/4,2,xxxx,sc sc sc sc,s,sobe,x___,♩,18,23,0.7826,0.6301,0.1525,1.7183
3/4,2,xxxx,sc sc sc sc,s,sobe,x_x_,♪ ♪,2,23,0.087,0.1233,-0.0363,0.6989
3/4,2,xxxx,sc sc sc sc,s,sobe,xxx_,sc sc ♪,2,23,0.087,0.0274,0.0596,50.4512
3/4,3,____,(lig.) ♩,0,—,x___,♩,28,34,0.8235,0.5923,0.2312,1.7975
3/4,3,____,(lig.) ♩,0,—,____,(lig.) ♩,4,34,0.1176,0.1502,-0.0326,2.4189
3/4,3,xxx_,sc sc ♪,s,sobe,x_x_,♪ ♪,15,19,0.7895,0.7297,0.0597,2.361
3/4,3,xxx_,sc sc ♪,s,sobe,x___,♩,3,19,0.1579,0.1622,-0.0043,0.3446
3/4,2,____,(lig.) ♩,d,desce,....,pausa ♩,25,70,0.3571,0.2987,0.0584,11.6163
3/4,2,____,(lig.) ♩,d,desce,____,(lig.) ♩,24,70,0.3429,0.3831,-0.0403,1.4124
3/4,2,____,(lig.) ♩,d,desce,x___,♩,8,70,0.1143,0.0974,0.0169,0.2509
3/4,2,____,(lig.) ♩,d,desce,x_x_,♪ ♪,6,70,0.0857,0.0844,0.0013,0.6889
3/4,2,____,(lig.) ♩,d,desce,xxxx,sc sc sc sc,3,70,0.0429,0.0195,0.0234,19.5748
3/4,2,____,(lig.) ♩,d,desce,xxx_,sc sc ♪,3,70,0.0429,0.0455,-0.0026,24.8653
3/4,3,....,pausa ♩,d,desce,x_x_,♪ ♪,180,434,0.4147,0.4121,0.0026,1.2403
3/4,3,....,pausa ♩,d,desce,x___,♩,126,434,0.2903,0.3121,-0.0218,0.6337
3/4,3,....,pausa ♩,d,desce,....,pausa ♩,68,434,0.1567,0.153,0.0037,5.589
3/4,3,....,pausa ♩,d,desce,x__x,♪. sc,28,434,0.0645,0.0652,-0.0006,1.661
3/4,3,....,pausa ♩,d,desce,..x_,pausa ♪ ♪,27,434,0.0622,0.05,0.0122,2.809
3/4,3,....,pausa ♩,d,desce,..xx,pausa ♪ sc sc,3,434,0.0069,0.0045,0.0024,5.1164
3/4,2,....,pausa ♩,d,desce,....,pausa ♩,55,60,0.9167,0.8791,0.0375,29.8153
3/4,2,....,pausa ♩,d,desce,xxx_,sc sc ♪,3,60,0.05,0.0549,-0.0049,29.0095
3/4,2,....,pausa ♩,r,repete,....,pausa ♩,11,14,0.7857,0.8791,-0.0934,25.556
3/4,2,....,pausa ♩,r,repete,xxx_,sc sc ♪,2,14,0.1429,0.0549,0.0879,82.8842
3/4,3,....,pausa ♩,r,repete,x_x_,♪ ♪,22,42,0.5238,0.4121,0.1117,1.5665
3/4,3,....,pausa ♩,r,repete,....,pausa ♩,11,42,0.2619,0.153,0.1089,9.3425
3/4,3,....,pausa ♩,r,repete,x___,♩,7,42,0.1667,0.3121,-0.1455,0.3638
3/4,3,....,pausa ♩,r,repete,..x_,pausa ♪ ♪,2,42,0.0476,0.05,-0.0024,2.1501
3/4,1,....,pausa ♩,r,repete,x___,♩,33,67,0.4925,0.5663,-0.0737,0.6661
3/4,1,....,pausa ♩,r,repete,x__x,♪. sc,12,67,0.1791,0.148,0.0311,3.4522
3/4,1,....,pausa ♩,r,repete,....,pausa ♩,11,67,0.1642,0.1222,0.042,38.9826
3/4,1,....,pausa ♩,r,repete,x_x_,♪ ♪,10,67,0.1493,0.1446,0.0047,0.8409
3/4,2,__x_,(lig.) ♪ ♪,d,desce,x_x_,♪ ♪,13,33,0.3939,0.3922,0.0018,3.1661
3/4,2,__x_,(lig.) ♪ ♪,d,desce,__x_,(lig.) ♪ ♪,11,33,0.3333,0.2745,0.0588,3.1166
3/4,2,__x_,(lig.) ♪ ♪,d,desce,x___,♩,8,33,0.2424,0.2549,-0.0125,0.5323
3/4,2,....,pausa ♩,s,sobe,....,pausa ♩,14,17,0.8235,0.8791,-0.0556,26.7859
3/4,2,....,pausa ♩,s,sobe,x_x_,♪ ♪,2,17,0.1176,0.033,0.0847,0.9455
3/4,3,....,pausa ♩,s,sobe,x___,♩,72,183,0.3934,0.3121,0.0813,0.8588
3/4,3,....,pausa ♩,s,sobe,x_x_,♪ ♪,70,183,0.3825,0.4121,-0.0296,1.144
3/4,3,....,pausa ♩,s,sobe,....,pausa ♩,22,183,0.1202,0.153,-0.0328,4.2883
3/4,3,....,pausa ♩,s,sobe,x__x,♪. sc,15,183,0.082,0.0652,0.0168,2.1103
3/4,3,....,pausa ♩,s,sobe,..x_,pausa ♪ ♪,4,183,0.0219,0.05,-0.0281,0.9869
3/4,1,..x_,pausa ♪ ♪,s,sobe,x_x_,♪ ♪,125,182,0.6868,0.6433,0.0435,3.8696
3/4,1,..x_,pausa ♪ ♪,s,sobe,x__x,♪. sc,30,182,0.1648,0.2118,-0.0469,3.1772
3/4,1,..x_,pausa ♪ ♪,s,sobe,x___,♩,20,182,0.1099,0.1003,0.0096,0.1486
3/4,1,..x_,pausa ♪ ♪,s,sobe,x_xx,♪ sc sc,7,182,0.0385,0.035,0.0034,5.2267
3/4,1,..x_,pausa ♪ ♪,d,desce,x_x_,♪ ♪,87,135,0.6444,0.6433,0.0011,3.6309
3/4,1,..x_,pausa ♪ ♪,d,desce,x__x,♪. sc,33,135,0.2444,0.2118,0.0327,4.7116
3/4,1,..x_,pausa ♪ ♪,d,desce,x___,♩,12,135,0.0889,0.1003,-0.0114,0.1202
3/4,1,..x_,pausa ♪ ♪,d,desce,x_xx,♪ sc sc,2,135,0.0148,0.035,-0.0202,2.0132
3/4,3,__..,(lig.) ♪ pausa ♪,d,desce,x_x_,♪ ♪,18,27,0.6667,0.6,0.0667,1.9937
3/4,3,__..,(lig.) ♪ pausa ♪,d,desce,x___,♩,5,27,0.1852,0.175,0.0102,0.4042
3/4,3,__..,(lig.) ♪ pausa ♪,d,desce,x__x,♪. sc,2,27,0.0741,0.175,-0.1009,1.9071
3/4,3,x_xx,♪ sc sc,d,desce,x_x_,♪ ♪,29,36,0.8056,0.6974,0.1082,2.4091
3/4,3,x_xx,♪ sc sc,d,desce,x___,♩,5,36,0.1389,0.1184,0.0205,0.3032
3/4,3,x__x,♪. sc,r,repete,x_x_,♪ ♪,13,18,0.7222,0.3103,0.4119,2.1599
3/4,3,x__x,♪. sc,r,repete,x__x,♪. sc,2,18,0.1111,0.3842,-0.2731,2.8606
3/4,3,x__x,♪. sc,r,repete,x___,♩,2,18,0.1111,0.2512,-0.1401,0.2425
3/4,2,x__x,♪. sc,r,repete,x___,♩,127,211,0.6019,0.5818,0.0201,1.3216
3/4,2,x__x,♪. sc,r,repete,x_x_,♪ ♪,69,211,0.327,0.3126,0.0145,2.6282
3/4,2,x__x,♪. sc,r,repete,x__x,♪. sc,12,211,0.0569,0.0719,-0.015,5.9847
3/4,2,x__x,♪. sc,r,repete,x_xx,♪ sc sc,2,211,0.0095,0.0156,-0.0061,2.713
3/4,1,..x_,pausa ♪ ♪,r,repete,x_x_,♪ ♪,79,142,0.5563,0.6433,-0.087,3.1345
3/4,1,..x_,pausa ♪ ♪,r,repete,x__x,♪. sc,37,142,0.2606,0.2118,0.0488,5.0223
3/4,1,..x_,pausa ♪ ♪,r,repete,x___,♩,20,142,0.1408,0.1003,0.0405,0.1905
3/4,1,..x_,pausa ♪ ♪,r,repete,x_xx,♪ sc sc,4,142,0.0282,0.035,-0.0069,3.828
3/4,1,..x_,pausa ♪ ♪,r,repete,xxxx,sc sc sc sc,2,142,0.0141,0.0048,0.0093,4.2267
3/4,3,x_..,♪ pausa ♪,d,desce,x__x,♪. sc,14,33,0.4242,0.3488,0.0754,10.9223
3/4,3,x_..,♪ pausa ♪,d,desce,x_x_,♪ ♪,9,33,0.2727,0.3256,-0.0529,0.8156
3/4,3,x_..,♪ pausa ♪,d,desce,..x_,pausa ♪ ♪,4,33,0.1212,0.093,0.0282,5.473
3/4,3,x_..,♪ pausa ♪,d,desce,x___,♩,4,33,0.1212,0.093,0.0282,0.2646
3/4,3,x_xx,♪ sc sc,r,repete,x_x_,♪ ♪,6,12,0.5,0.6974,-0.1974,1.4953
3/4,3,x_xx,♪ sc sc,r,repete,x_xx,♪ sc sc,5,12,0.4167,0.1053,0.3114,52.978
3/4,3,..xx,pausa ♪ sc sc,d,desce,x_x_,♪ ♪,13,13,1,0.9048,0.0952,2.9906
3/4,1,__xx,(lig.) ♪ sc sc,d,desce,x_x_,♪ ♪,9,16,0.5625,0.4359,0.1266,3.1692
3/4,1,__xx,(lig.) ♪ sc sc,d,desce,x___,♩,4,16,0.25,0.4359,-0.1859,0.3381
3/4,1,__xx,(lig.) ♪ sc sc,d,desce,x__x,♪. sc,2,16,0.125,0.0769,0.0481,2.4093
3/4,1,..xx,pausa ♪ sc sc,s,sobe,x_x_,♪ ♪,7,16,0.4375,0.4839,-0.0464,2.4649
3/4,1,..xx,pausa ♪ sc sc,s,sobe,x___,♩,6,16,0.375,0.2581,0.1169,0.5071
3/4,1,..xx,pausa ♪ sc sc,s,sobe,x_xx,♪ sc sc,3,16,0.1875,0.129,0.0585,25.48
3/4,1,x_xx,♪ sc sc,r,repete,x___,♩,8,16,0.5,0.6667,-0.1667,0.6762
3/4,1,x_xx,♪ sc sc,r,repete,x_x_,♪ ♪,4,16,0.25,0.1609,0.0891,1.4085
3/4,1,x_xx,♪ sc sc,r,repete,x__x,♪. sc,2,16,0.125,0.092,0.033,2.4093
3/4,1,x_xx,♪ sc sc,r,repete,x_xx,♪ sc sc,2,16,0.125,0.046,0.079,16.9866
3/4,1,xxx_,sc sc ♪,r,repete,x___,♩,11,13,0.8462,0.7534,0.0927,1.1443
3/4,1,xxx_,sc sc ♪,r,repete,x_x_,♪ ♪,2,13,0.1538,0.1918,-0.0379,0.8668
3/4,2,x_xx,♪ sc sc,r,repete,x___,♩,16,22,0.7273,0.5793,0.148,1.5968
3/4,2,x_xx,♪ sc sc,r,repete,x_x_,♪ ♪,4,22,0.1818,0.25,-0.0682,1.4613
3/4,2,x_xx,♪ sc sc,r,repete,x_xx,♪ sc sc,2,22,0.0909,0.1037,-0.0127,26.0206
3/4,1,x_..,♪ pausa ♪,d,desce,x___,♩,8,24,0.3333,0.2857,0.0476,0.4508
3/4,1,x_..,♪ pausa ♪,d,desce,x_x_,♪ ♪,7,24,0.2917,0.2857,0.006,1.6433
3/4,1,x_..,♪ pausa ♪,d,desce,x__x,♪. sc,5,24,0.2083,0.1786,0.0298,4.0156
3/4,1,x_..,♪ pausa ♪,d,desce,x_xx,♪ sc sc,4,24,0.1667,0.25,-0.0833,22.6488
4/4,2,x_x_,♪ ♪,s,sobe,x_x_,♪ ♪,3069,3683,0.8333,0.7979,0.0354,2.6873
4/4,2,x_x_,♪ ♪,s,sobe,x___,♩,408,3683,0.1108,0.1419,-0.0311,0.3576
4/4,2,x_x_,♪ ♪,s,sobe,x_xx,♪ sc sc,60,3683,0.0163,0.0126,0.0037,2.4017
4/4,2,x_x_,♪ ♪,s,sobe,x__x,♪. sc,48,3683,0.013,0.0171,-0.0041,0.1882
4/4,2,x_x_,♪ ♪,s,sobe,__x_,(lig.) ♪ ♪,34,3683,0.0092,0.0087,0.0005,0.0877
4/4,2,x_x_,♪ ♪,s,sobe,xxxx,sc sc sc sc,21,3683,0.0057,0.0071,-0.0014,0.8076
4/4,2,x_x_,♪ ♪,s,sobe,xxx_,sc sc ♪,10,3683,0.0027,0.0045,-0.0018,0.7084
4/4,2,x_x_,♪ ♪,s,sobe,..x_,pausa ♪ ♪,10,3683,0.0027,0.0012,0.0016,1.5605
4/4,2,x_x_,♪ ♪,s,sobe,____,(lig.) ♩,7,3683,0.0019,0.0033,-0.0014,0.0114
4/4,2,x_x_,♪ ♪,s,sobe,_xx_,(lig.) sc sc ♪,6,3683,0.0016,0.0015,0.0002,0.6095
4/4,2,x_x_,♪ ♪,s,sobe,__xx,(lig.) ♪ sc sc,5,3683,0.0014,0.0015,-0.0001,0.5438
4/4,2,x_x_,♪ ♪,s,sobe,_xxx,(lig.) sc sc sc sc,3,3683,0.0008,0.0004,0.0004,1.042
4/4,3,x_x_,♪ ♪,s,sobe,x_x_,♪ ♪,2373,4718,0.503,0.4786,0.0243,2.1317
4/4,3,x_x_,♪ ♪,s,sobe,x___,♩,2023,4718,0.4288,0.4531,-0.0243,0.7551
4/4,3,x_x_,♪ ♪,s,sobe,x__x,♪. sc,133,4718,0.0282,0.0251,0.0031,0.6295
4/4,3,x_x_,♪ ♪,s,sobe,xxx_,sc sc ♪,58,4718,0.0123,0.0151,-0.0028,1.5781
4/4,3,x_x_,♪ ♪,s,sobe,xxxx,sc sc sc sc,29,4718,0.0061,0.0056,0.0005,1.124
4/4,3,x_x_,♪ ♪,s,sobe,__x_,(lig.) ♪ ♪,23,4718,0.0049,0.0045,0.0004,0.7682
4/4,3,x_x_,♪ ♪,s,sobe,xx__,sc ♪.,22,4718,0.0047,0.0069,-0.0023,0.4325
4/4,3,x_x_,♪ ♪,s,sobe,x_xx,♪ sc sc,21,4718,0.0045,0.0042,0.0003,1.0991
4/4,3,x_x_,♪ ♪,s,sobe,_xx_,(lig.) sc sc ♪,16,4718,0.0034,0.0023,0.0011,1.6231
4/4,3,x_x_,♪ ♪,s,sobe,x_..,♪ pausa ♪,9,4718,0.0019,0.0015,0.0004,1.45
4/4,3,x_x_,♪ ♪,s,sobe,____,(lig.) ♩,6,4718,0.0013,0.0016,-0.0004,0.0352
4/4,3,x_x_,♪ ♪,s,sobe,__xx,(lig.) ♪ sc sc,3,4718,0.0006,0.0004,0.0002,1.0271
4/4,4,x_x_,♪ ♪,d,desce,x_x_,♪ ♪,4384,5514,0.7951,0.7937,0.0014,2.0604
4/4,4,x_x_,♪ ♪,d,desce,x___,♩,813,5514,0.1474,0.1405,0.007,0.3961
4/4,4,x_x_,♪ ♪,d,desce,x_xx,♪ sc sc,81,5514,0.0147,0.0143,0.0004,1.916
4/4,4,x_x_,♪ ♪,d,desce,x__x,♪. sc,75,5514,0.0136,0.0155,-0.0019,0.2283
4/4,4,x_x_,♪ ♪,d,desce,xxxx,sc sc sc sc,42,5514,0.0076,0.0065,0.0011,1.5985
4/4,4,x_x_,♪ ♪,d,desce,__x_,(lig.) ♪ ♪,31,5514,0.0056,0.0086,-0.003,0.1235
4/4,4,x_x_,♪ ♪,d,desce,x_..,♪ pausa ♪,18,5514,0.0033,0.0028,0.0005,1.916
4/4,4,x_x_,♪ ♪,d,desce,..x_,pausa ♪ ♪,15,5514,0.0027,0.0034,-0.0007,0.1709
4/4,4,x_x_,♪ ♪,d,desce,____,(lig.) ♩,14,5514,0.0025,0.0038,-0.0012,0.0352
4/4,4,x_x_,♪ ♪,d,desce,xxx_,sc sc ♪,12,5514,0.0022,0.0039,-0.0017,0.7299
4/4,4,x_x_,♪ ♪,d,desce,xx__,sc ♪.,11,5514,0.002,0.0017,0.0003,0.5592
4/4,4,x_x_,♪ ♪,d,desce,_xx_,(lig.) sc sc ♪,5,5514,0.0009,0.0014,-0.0005,0.5494
4/4,4,x_x_,♪ ♪,d,desce,__..,(lig.) ♪ pausa ♪,5,5514,0.0009,0.001,-0.0001,1.2165
4/4,4,x_x_,♪ ♪,d,desce,....,pausa ♩,4,5514,0.0007,0.0013,-0.0006,0.0372
4/4,1,x_x_,♪ ♪,s,sobe,x___,♩,3308,6670,0.496,0.5144,-0.0184,0.7665
4/4,1,x_x_,♪ ♪,s,sobe,x_x_,♪ ♪,2717,6670,0.4073,0.4021,0.0052,1.6996
4/4,1,x_x_,♪ ♪,s,sobe,x__x,♪. sc,311,6670,0.0466,0.0411,0.0056,0.7688
4/4,1,x_x_,♪ ♪,s,sobe,xx__,sc ♪.,107,6670,0.016,0.0118,0.0042,1.1085
4/4,1,x_x_,♪ ♪,s,sobe,xxx_,sc sc ♪,77,6670,0.0115,0.0108,0.0007,1.5955
4/4,1,x_x_,♪ ♪,s,sobe,xxxx,sc sc sc sc,42,6670,0.0063,0.0054,0.0009,1.0305
4/4,1,x_x_,♪ ♪,s,sobe,x_xx,♪ sc sc,38,6670,0.0057,0.0062,-0.0005,0.8878
4/4,1,x_x_,♪ ♪,s,sobe,_xx_,(lig.) sc sc ♪,25,6670,0.0037,0.0025,0.0013,1.466
4/4,1,x_x_,♪ ♪,s,sobe,__x_,(lig.) ♪ ♪,24,6670,0.0036,0.003,0.0006,0.7607
4/4,1,x_x_,♪ ♪,s,sobe,_xxx,(lig.) sc sc sc sc,7,6670,0.001,0.0005,0.0005,4.1047
4/4,1,x_x_,♪ ♪,s,sobe,____,(lig.) ♩,7,6670,0.001,0.0012,-0.0002,0.2149
4/4,1,x_x_,♪ ♪,s,sobe,x_..,♪ pausa ♪,7,6670,0.001,0.0007,0.0003,1.6419
4/4,2,x_x_,♪ ♪,d,desce,x_x_,♪ ♪,4071,5158,0.7893,0.7979,-0.0087,2.5453
4/4,2,x_x_,♪ ♪,d,desce,x___,♩,809,5158,0.1568,0.1419,0.0149,0.5063
4/4,2,x_x_,♪ ♪,d,desce,x__x,♪. sc,89,5158,0.0173,0.0171,0.0001,0.2492
4/4,2,x_x_,♪ ♪,d,desce,x_xx,♪ sc sc,47,5158,0.0091,0.0126,-0.0035,1.3433
4/4,2,x_x_,♪ ♪,d,desce,xxxx,sc sc sc sc,40,5158,0.0078,0.0071,0.0006,1.0983
4/4,2,x_x_,♪ ♪,d,desce,xxx_,sc sc ♪,30,5158,0.0058,0.0045,0.0013,1.5175
4/4,2,x_x_,♪ ♪,d,desce,__x_,(lig.) ♪ ♪,26,5158,0.005,0.0087,-0.0037,0.0479
4/4,2,x_x_,♪ ♪,d,desce,____,(lig.) ♩,17,5158,0.0033,0.0033,0,0.0198
4/4,2,x_x_,♪ ♪,d,desce,x_..,♪ pausa ♪,9,5158,0.0017,0.0009,0.0008,2.1624
4/4,2,x_x_,♪ ♪,d,desce,_xx_,(lig.) sc sc ♪,6,5158,0.0012,0.0015,-0.0003,0.4352
4/4,2,x_x_,♪ ♪,d,desce,__xx,(lig.) ♪ sc sc,5,5158,0.001,0.0015,-0.0005,0.3883
4/4,2,x_x_,♪ ♪,d,desce,....,pausa ♩,2,5158,0.0004,0.0004,0,0.0456
4/4,2,x_x_,♪ ♪,d,desce,__..,(lig.) ♪ pausa ♪,2,5158,0.0004,0.0003,0.0001,1.1828
4/4,2,x_x_,♪ ♪,d,desce,xx_x,sc ♪ sc,2,5158,0.0004,0.0002,0.0002,3.0754
4/4,1,xx__,sc ♪.,d,desce,x___,♩,10,35,0.2857,0.1008,0.1849,0.4416
4/4,1,xx__,sc ♪.,d,desce,x__x,♪. sc,9,35,0.2571,0.2713,-0.0142,4.24
4/4,1,xx__,sc ♪.,d,desce,xx__,sc ♪.,9,35,0.2571,0.4109,-0.1537,17.7692
4/4,1,xx__,sc ♪.,d,desce,x_x_,♪ ♪,3,35,0.0857,0.124,-0.0383,0.3576
4/4,1,xx__,sc ♪.,d,desce,xxx_,sc sc ♪,2,35,0.0571,0.062,-0.0049,7.8974
4/4,3,x_x_,♪ ♪,d,desce,x_x_,♪ ♪,3202,6422,0.4986,0.4786,0.02,2.1132
4/4,3,x_x_,♪ ♪,d,desce,x___,♩,2775,6422,0.4321,0.4531,-0.021,0.7609
4/4,3,x_x_,♪ ♪,d,desce,x__x,♪. sc,147,6422,0.0229,0.0251,-0.0022,0.5112
4/4,3,x_x_,♪ ♪,d,desce,xxx_,sc sc ♪,125,6422,0.0195,0.0151,0.0044,2.4986
4/4,3,x_x_,♪ ♪,d,desce,xx__,sc ♪.,61,6422,0.0095,0.0069,0.0026,0.8809
4/4,3,x_x_,♪ ♪,d,desce,xxxx,sc sc sc sc,34,6422,0.0053,0.0056,-0.0003,0.9681
4/4,3,x_x_,♪ ♪,d,desce,x_xx,♪ sc sc,23,6422,0.0036,0.0042,-0.0006,0.8843
4/4,3,x_x_,♪ ♪,d,desce,__x_,(lig.) ♪ ♪,16,6422,0.0025,0.0045,-0.002,0.3926
4/4,3,x_x_,♪ ♪,d,desce,____,(lig.) ♩,12,6422,0.0019,0.0016,0.0002,0.0518
4/4,3,x_x_,♪ ♪,d,desce,_xx_,(lig.) sc sc ♪,9,6422,0.0014,0.0023,-0.0009,0.6707
4/4,3,x_x_,♪ ♪,d,desce,x_..,♪ pausa ♪,7,6422,0.0011,0.0015,-0.0005,0.8286
4/4,3,x_x_,♪ ♪,d,desce,..x_,pausa ♪ ♪,2,6422,0.0003,0.0002,0.0001,0.0222
4/4,3,x_x_,♪ ♪,d,desce,....,pausa ♩,2,6422,0.0003,0.0004,-0.0001,0.0051
4/4,3,x_x_,♪ ♪,d,desce,__xx,(lig.) ♪ sc sc,2,6422,0.0003,0.0004,-0.0001,0.503
4/4,3,x_x_,♪ ♪,d,desce,__..,(lig.) ♪ pausa ♪,2,6422,0.0003,0.0003,0,0.6037
4/4,3,x_x_,♪ ♪,d,desce,x_.x,♪ pausa sc sc,2,6422,0.0003,0.0002,0.0001,2.0122
4/4,4,x___,♩,s,sobe,x___,♩,3892,7719,0.5042,0.5005,0.0037,1.3545
4/4,4,x___,♩,s,sobe,x_x_,♪ ♪,1784,7719,0.2311,0.2199,0.0112,0.5989
4/4,4,x___,♩,s,sobe,__x_,(lig.) ♪ ♪,747,7719,0.0968,0.0741,0.0226,2.1259
4/4,4,x___,♩,s,sobe,____,(lig.) ♩,727,7719,0.0942,0.1148,-0.0207,1.305
4/4,4,x___,♩,s,sobe,x__x,♪. sc,222,7719,0.0288,0.0302,-0.0015,0.4827
4/4,4,x___,♩,s,sobe,..x_,pausa ♪ ♪,121,7719,0.0157,0.022,-0.0063,0.9847
4/4,4,x___,♩,s,sobe,....,pausa ♩,93,7719,0.012,0.0228,-0.0107,0.6183
4/4,4,x___,♩,s,sobe,__xx,(lig.) ♪ sc sc,41,7719,0.0053,0.0044,0.0009,1.5348
4/4,4,x___,♩,s,sobe,x_xx,♪ sc sc,34,7719,0.0044,0.0043,0.0001,0.5745
4/4,4,x___,♩,s,sobe,xxxx,sc sc sc sc,16,7719,0.0021,0.0017,0.0004,0.435
4/4,4,x___,♩,s,sobe,xxx_,sc sc ♪,15,7719,0.0019,0.0016,0.0003,0.6518
4/4,4,x___,♩,s,sobe,x_..,♪ pausa ♪,10,7719,0.0013,0.001,0.0003,0.7604
4/4,4,x___,♩,s,sobe,__..,(lig.) ♪ pausa ♪,6,7719,0.0008,0.0009,-0.0001,1.0428
4/4,4,x___,♩,s,sobe,xx__,sc ♪.,4,7719,0.0005,0.0004,0.0001,0.1453
4/4,4,x___,♩,s,sobe,___x,(lig.) ♪. sc,3,7719,0.0004,0.0001,0.0002,4.8664
4/4,4,x___,♩,s,sobe,..xx,pausa ♪ sc sc,2,7719,0.0003,0.0007,-0.0004,0.4866
4/4,1,x___,♩,r,repete,x___,♩,2922,3609,0.8096,0.8266,-0.0169,1.2513
4/4,1,x___,♩,r,repete,x_x_,♪ ♪,518,3609,0.1435,0.1169,0.0266,0.5989
4/4,1,x___,♩,r,repete,x__x,♪. sc,104,3609,0.0288,0.0302,-0.0014,0.4752
4/4,1,x___,♩,r,repete,xx__,sc ♪.,23,3609,0.0064,0.0044,0.002,0.4404
4/4,1,x___,♩,r,repete,x_xx,♪ sc sc,12,3609,0.0033,0.0045,-0.0012,0.5181
4/4,1,x___,♩,r,repete,____,(lig.) ♩,10,3609,0.0028,0.0078,-0.0051,0.5674
4/4,1,x___,♩,r,repete,__x_,(lig.) ♪ ♪,9,3609,0.0025,0.005,-0.0025,0.5272
4/4,1,x___,♩,r,repete,xxx_,sc sc ♪,5,3609,0.0014,0.0008,0.0006,0.1915
4/4,1,x___,♩,r,repete,....,pausa ♩,3,3609,0.0008,0.0019,-0.0011,0.2045
4/4,1,x___,♩,r,repete,xxxx,sc sc sc sc,2,3609,0.0006,0.001,-0.0005,0.0907
4/4,4,x_x_,♪ ♪,s,sobe,x_x_,♪ ♪,2383,2891,0.8243,0.7937,0.0306,2.1361
4/4,4,x_x_,♪ ♪,s,sobe,x___,♩,347,2891,0.12,0.1405,-0.0205,0.3224
4/4,4,x_x_,♪ ♪,s,sobe,x__x,♪. sc,37,2891,0.0128,0.0155,-0.0027,0.2148
4/4,4,x_x_,♪ ♪,s,sobe,__x_,(lig.) ♪ ♪,36,2891,0.0125,0.0086,0.0038,0.2735
4/4,4,x_x_,♪ ♪,s,sobe,x_xx,♪ sc sc,36,2891,0.0125,0.0143,-0.0018,1.6242
4/4,4,x_x_,♪ ♪,s,sobe,xxxx,sc sc sc sc,11,2891,0.0038,0.0065,-0.0027,0.7985
4/4,4,x_x_,♪ ♪,s,sobe,xxx_,sc sc ♪,9,2891,0.0031,0.0039,-0.0008,1.0441
4/4,4,x_x_,♪ ♪,s,sobe,____,(lig.) ♩,9,2891,0.0031,0.0038,-0.0006,0.0431
4/4,4,x_x_,♪ ♪,s,sobe,..x_,pausa ♪ ♪,6,2891,0.0021,0.0034,-0.0014,0.1304
4/4,4,x_x_,♪ ♪,s,sobe,__xx,(lig.) ♪ sc sc,5,2891,0.0017,0.001,0.0007,0.4997
4/4,4,x_x_,♪ ♪,s,sobe,xx__,sc ♪.,4,2891,0.0014,0.0017,-0.0003,0.3879
4/4,4,x_x_,♪ ♪,s,sobe,x_..,♪ pausa ♪,3,2891,0.001,0.0028,-0.0017,0.6091
4/4,4,x_x_,♪ ♪,s,sobe,__..,(lig.) ♪ pausa ♪,2,2891,0.0007,0.001,-0.0003,0.9281
4/4,1,x_x_,♪ ♪,d,desce,x___,♩,3537,7121,0.4967,0.5144,-0.0177,0.7677
4/4,1,x_x_,♪ ♪,d,desce,x_x_,♪ ♪,3051,7121,0.4285,0.4021,0.0264,1.7877
4/4,1,x_x_,♪ ♪,d,desce,x__x,♪. sc,260,7121,0.0365,0.0411,-0.0045,0.602
4/4,1,x_x_,♪ ♪,d,desce,xxx_,sc sc ♪,78,7121,0.011,0.0108,0.0001,1.5138
4/4,1,x_x_,♪ ♪,d,desce,xx__,sc ♪.,67,7121,0.0094,0.0118,-0.0024,0.6502
4/4,1,x_x_,♪ ♪,d,desce,x_xx,♪ sc sc,47,7121,0.0066,0.0062,0.0004,1.0285
4/4,1,x_x_,♪ ♪,d,desce,xxxx,sc sc sc sc,33,7121,0.0046,0.0054,-0.0008,0.7584
4/4,1,x_x_,♪ ♪,d,desce,__x_,(lig.) ♪ ♪,20,7121,0.0028,0.003,-0.0002,0.5938
4/4,1,x_x_,♪ ♪,d,desce,____,(lig.) ♩,11,7121,0.0015,0.0012,0.0003,0.3163
4/4,1,x_x_,♪ ♪,d,desce,_xx_,(lig.) sc sc ♪,9,7121,0.0013,0.0025,-0.0012,0.4943
4/4,1,x_x_,♪ ♪,d,desce,x_..,♪ pausa ♪,4,7121,0.0006,0.0007,-0.0002,0.8788
4/4,1,x_x_,♪ ♪,d,desce,..x_,pausa ♪ ♪,2,7121,0.0003,0.0001,0.0001,3.6617
4/4,4,x___,♩,d,desce,x___,♩,4901,9696,0.5055,0.5005,0.005,1.3579
4/4,4,x___,♩,d,desce,x_x_,♪ ♪,1801,9696,0.1857,0.2199,-0.0341,0.4814
4/4,4,x___,♩,d,desce,____,(lig.) ♩,1392,9696,0.1436,0.1148,0.0287,1.9892
4/4,4,x___,♩,d,desce,__x_,(lig.) ♪ ♪,575,9696,0.0593,0.0741,-0.0148,1.3027
4/4,4,x___,♩,d,desce,....,pausa ♩,321,9696,0.0331,0.0228,0.0103,1.6989
4/4,4,x___,♩,d,desce,x__x,♪. sc,284,9696,0.0293,0.0302,-0.001,0.4916
4/4,4,x___,♩,d,desce,..x_,pausa ♪ ♪,269,9696,0.0277,0.022,0.0057,1.7427
4/4,4,x___,♩,d,desce,x_xx,♪ sc sc,48,9696,0.005,0.0043,0.0006,0.6457
4/4,4,x___,♩,d,desce,__xx,(lig.) ♪ sc sc,39,9696,0.004,0.0044,-0.0004,1.1623
4/4,4,x___,♩,d,desce,xxx_,sc sc ♪,14,9696,0.0014,0.0016,-0.0002,0.4843
4/4,4,x___,♩,d,desce,__..,(lig.) ♪ pausa ♪,13,9696,0.0013,0.0009,0.0004,1.7987
4/4,4,x___,♩,d,desce,..xx,pausa ♪ sc sc,12,9696,0.0012,0.0007,0.0005,2.3245
4/4,4,x___,♩,d,desce,xxxx,sc sc sc sc,10,9696,0.001,0.0017,-0.0006,0.2164
4/4,4,x___,♩,d,desce,x_..,♪ pausa ♪,7,9696,0.0007,0.001,-0.0003,0.4237
4/4,4,x___,♩,d,desce,xx__,sc ♪.,5,9696,0.0005,0.0004,0.0001,0.1446
4/4,4,x___,♩,d,desce,x_.x,♪ pausa sc sc,3,9696,0.0003,0.0001,0.0002,2.3245
4/4,1,__x_,(lig.) ♪ ♪,r,repete,x___,♩,209,309,0.6764,0.5776,0.0988,1.0453
4/4,1,__x_,(lig.) ♪ ♪,r,repete,x_x_,♪ ♪,75,309,0.2427,0.2906,-0.0478,1.0127
4/4,1,__x_,(lig.) ♪ ♪,r,repete,x__x,♪. sc,20,309,0.0647,0.0826,-0.0179,1.0673
4/4,1,__x_,(lig.) ♪ ♪,r,repete,__x_,(lig.) ♪ ♪,2,309,0.0065,0.0047,0.0018,1.3684
4/4,1,x___,♩,0,—,x___,♩,1008,1116,0.9032,0.8266,0.0766,1.3959
4/4,1,x___,♩,0,—,x_x_,♪ ♪,85,1116,0.0762,0.1169,-0.0408,0.3178
4/4,1,x___,♩,0,—,x__x,♪. sc,18,1116,0.0161,0.0302,-0.0141,0.266
4/4,1,x___,♩,0,—,x_xx,♪ sc sc,3,1116,0.0027,0.0045,-0.0018,0.4189
4/4,2,x___,♩,s,sobe,x___,♩,5006,12069,0.4148,0.4054,0.0094,1.3389
4/4,2,x___,♩,s,sobe,____,(lig.) ♩,2558,12069,0.2119,0.2538,-0.0418,1.2751
4/4,2,x___,♩,s,sobe,__x_,(lig.) ♪ ♪,2163,12069,0.1792,0.1577,0.0216,1.7032
4/4,2,x___,♩,s,sobe,x_x_,♪ ♪,1762,12069,0.146,0.1339,0.0121,0.4708
4/4,2,x___,♩,s,sobe,x__x,♪. sc,377,12069,0.0312,0.0291,0.0021,0.4511
4/4,2,x___,♩,s,sobe,....,pausa ♩,91,12069,0.0075,0.0105,-0.003,0.8873
4/4,2,x___,♩,s,sobe,__xx,(lig.) ♪ sc sc,30,12069,0.0025,0.0026,-0.0002,0.9957
4/4,2,x___,♩,s,sobe,x_xx,♪ sc sc,23,12069,0.0019,0.0019,0,0.2809
4/4,2,x___,♩,s,sobe,xxx_,sc sc ♪,21,12069,0.0017,0.0013,0.0004,0.454
4/4,2,x___,♩,s,sobe,xxxx,sc sc sc sc,15,12069,0.0012,0.001,0.0002,0.176
4/4,2,x___,♩,s,sobe,..x_,pausa ♪ ♪,12,12069,0.001,0.0019,-0.0009,0.5715
4/4,2,x___,♩,s,sobe,xx__,sc ♪.,5,12069,0.0004,0.0002,0.0002,0.1441
4/4,2,x___,♩,s,sobe,x_..,♪ pausa ♪,3,12069,0.0002,0.0003,-0.0001,0.308
4/4,3,x___,♩,s,sobe,x___,♩,2675,3413,0.7838,0.7619,0.0219,1.3802
4/4,3,x___,♩,s,sobe,x_x_,♪ ♪,416,3413,0.1219,0.1069,0.0149,0.5166
4/4,3,x___,♩,s,sobe,____,(lig.) ♩,84,3413,0.0246,0.025,-0.0004,0.682
4/4,3,x___,♩,s,sobe,__x_,(lig.) ♪ ♪,56,3413,0.0164,0.0089,0.0075,2.5857
4/4,3,x___,♩,s,sobe,....,pausa ♩,55,3413,0.0161,0.0557,-0.0396,0.2657
4/4,3,x___,♩,s,sobe,x__x,♪. sc,49,3413,0.0144,0.0121,0.0022,0.3206
4/4,3,x___,♩,s,sobe,..x_,pausa ♪ ♪,26,3413,0.0076,0.0206,-0.013,0.5439
4/4,3,x___,♩,s,sobe,x_xx,♪ sc sc,17,3413,0.005,0.0025,0.0024,1.2299
4/4,3,x___,♩,s,sobe,xxxx,sc sc sc sc,10,3413,0.0029,0.0017,0.0012,0.5358
4/4,3,x___,♩,s,sobe,xx__,sc ♪.,7,3413,0.0021,0.0013,0.0007,0.1902
4/4,3,x___,♩,s,sobe,xxx_,sc sc ♪,6,3413,0.0018,0.0006,0.0012,0.2257
4/4,3,x___,♩,s,sobe,x_..,♪ pausa ♪,6,3413,0.0018,0.0006,0.0012,1.3363
4/4,3,x___,♩,s,sobe,..xx,pausa ♪ sc sc,2,3413,0.0006,0.0003,0.0003,3.2453
4/4,3,x___,♩,s,sobe,__..,(lig.) ♪ pausa ♪,2,3413,0.0006,0.0006,0,1.1359
4/4,1,x___,♩,s,sobe,x___,♩,3889,4828,0.8055,0.8266,-0.0211,1.2449
4/4,1,x___,♩,s,sobe,x_x_,♪ ♪,615,4828,0.1274,0.1169,0.0104,0.5315
4/4,1,x___,♩,s,sobe,x__x,♪. sc,146,4828,0.0302,0.0302,0,0.4986
4/4,1,x___,♩,s,sobe,____,(lig.) ♩,64,4828,0.0133,0.0078,0.0054,2.7145
4/4,1,x___,♩,s,sobe,__x_,(lig.) ♪ ♪,37,4828,0.0077,0.005,0.0026,1.6202
4/4,1,x___,♩,s,sobe,x_xx,♪ sc sc,31,4828,0.0064,0.0045,0.0019,1.0005
4/4,1,x___,♩,s,sobe,xx__,sc ♪.,24,4828,0.005,0.0044,0.0006,0.3435
4/4,1,x___,♩,s,sobe,....,pausa ♩,7,4828,0.0014,0.0019,-0.0005,0.3567
4/4,1,x___,♩,s,sobe,xxxx,sc sc sc sc,5,4828,0.001,0.001,0,0.1695
4/4,1,x___,♩,s,sobe,xxx_,sc sc ♪,4,4828,0.0008,0.0008,0,0.1145
4/4,1,x___,♩,s,sobe,__xx,(lig.) ♪ sc sc,3,4828,0.0006,0.0003,0.0004,1.2152
4/4,1,__x_,(lig.) ♪ ♪,s,sobe,x___,♩,253,566,0.447,0.5776,-0.1306,0.6908
4/4,1,__x_,(lig.) ♪ ♪,s,sobe,x_x_,♪ ♪,198,566,0.3498,0.2906,0.0593,1.4596
4/4,1,__x_,(lig.) ♪ ♪,s,sobe,x__x,♪. sc,64,566,0.1131,0.0826,0.0305,1.8645
4/4,1,__x_,(lig.) ♪ ♪,s,sobe,xx__,sc ♪.,11,566,0.0194,0.007,0.0124,1.343
4/4,1,__x_,(lig.) ♪ ♪,s,sobe,x_xx,♪ sc sc,10,566,0.0177,0.0076,0.0101,2.7531
4/4,1,__x_,(lig.) ♪ ♪,s,sobe,_xx_,(lig.) sc sc ♪,9,566,0.0159,0.0117,0.0042,6.2192
4/4,1,__x_,(lig.) ♪ ♪,s,sobe,xxx_,sc sc ♪,8,566,0.0141,0.0088,0.0053,1.9534
4/4,1,__x_,(lig.) ♪ ♪,s,sobe,xxxx,sc sc sc sc,6,566,0.0106,0.0041,0.0065,1.7348
4/4,1,__x_,(lig.) ♪ ♪,s,sobe,____,(lig.) ♩,3,566,0.0053,0.0035,0.0018,1.0854
4/4,1,__x_,(lig.) ♪ ♪,s,sobe,__x_,(lig.) ♪ ♪,3,566,0.0053,0.0047,0.0006,1.1206
4/4,2,x___,♩,d,desce,x___,♩,3707,10161,0.3648,0.4054,-0.0405,1.1777
4/4,2,x___,♩,d,desce,____,(lig.) ♩,3346,10161,0.3293,0.2538,0.0755,1.981
4/4,2,x___,♩,d,desce,__x_,(lig.) ♪ ♪,1345,10161,0.1324,0.1577,-0.0253,1.2579
4/4,2,x___,♩,d,desce,x_x_,♪ ♪,1193,10161,0.1174,0.1339,-0.0164,0.3786
4/4,2,x___,♩,d,desce,x__x,♪. sc,293,10161,0.0288,0.0291,-0.0003,0.4164
4/4,2,x___,♩,d,desce,....,pausa ♩,168,10161,0.0165,0.0105,0.006,1.9456
4/4,2,x___,♩,d,desce,__xx,(lig.) ♪ sc sc,30,10161,0.003,0.0026,0.0003,1.1827
4/4,2,x___,♩,d,desce,..x_,pausa ♪ ♪,29,10161,0.0029,0.0019,0.0009,1.6403
4/4,2,x___,♩,d,desce,x_xx,♪ sc sc,23,10161,0.0023,0.0019,0.0004,0.3337
4/4,2,x___,♩,d,desce,xxxx,sc sc sc sc,8,10161,0.0008,0.001,-0.0002,0.1115
4/4,2,x___,♩,d,desce,xxx_,sc sc ♪,7,10161,0.0007,0.0013,-0.0006,0.1797
4/4,2,x___,♩,d,desce,x_..,♪ pausa ♪,4,10161,0.0004,0.0003,0.0001,0.4879
4/4,2,x___,♩,d,desce,__..,(lig.) ♪ pausa ♪,3,10161,0.0003,0.0002,0.0001,0.9007
4/4,2,x___,♩,d,desce,..xx,pausa ♪ sc sc,3,10161,0.0003,0.0001,0.0002,2.3417
4/4,2,xxx_,sc sc ♪,s,sobe,x_x_,♪ ♪,49,128,0.3828,0.4774,-0.0945,1.2345
4/4,2,xxx_,sc sc ♪,s,sobe,x__x,♪. sc,22,128,0.1719,0.2021,-0.0302,2.4822
4/4,2,xxx_,sc sc ♪,s,sobe,xxx_,sc sc ♪,18,128,0.1406,0.0836,0.057,36.6892
4/4,2,xxx_,sc sc ♪,s,sobe,x___,♩,16,128,0.125,0.1045,0.0205,0.4035
4/4,2,xxx_,sc sc ♪,s,sobe,_xx_,(lig.) sc sc ♪,10,128,0.0781,0.0348,0.0433,29.2283
4/4,2,xxx_,sc sc ♪,s,sobe,_xxx,(lig.) sc sc sc sc,4,128,0.0313,0.0139,0.0173,39.9768
4/4,2,xxx_,sc sc ♪,s,sobe,xx__,sc ♪.,3,128,0.0234,0.0314,-0.0079,8.1532
4/4,2,xxx_,sc sc ♪,s,sobe,__x_,(lig.) ♪ ♪,2,128,0.0156,0.0174,-0.0018,0.1485
4/4,2,xxx_,sc sc ♪,s,sobe,____,(lig.) ♩,2,128,0.0156,0.0209,-0.0053,0.094
4/4,3,x___,♩,d,desce,x___,♩,3784,4952,0.7641,0.7619,0.0022,1.3457
4/4,3,x___,♩,d,desce,....,pausa ♩,408,4952,0.0824,0.0557,0.0267,1.3586
4/4,3,x___,♩,d,desce,x_x_,♪ ♪,357,4952,0.0721,0.1069,-0.0348,0.3055
4/4,3,x___,♩,d,desce,____,(lig.) ♩,164,4952,0.0331,0.025,0.0081,0.9177
4/4,3,x___,♩,d,desce,..x_,pausa ♪ ♪,140,4952,0.0283,0.0206,0.0077,2.0184
4/4,3,x___,♩,d,desce,x__x,♪. sc,40,4952,0.0081,0.0121,-0.004,0.1804
4/4,3,x___,♩,d,desce,__x_,(lig.) ♪ ♪,27,4952,0.0055,0.0089,-0.0035,0.8592
4/4,3,x___,♩,d,desce,xxxx,sc sc sc sc,8,4952,0.0016,0.0017,-0.0001,0.2954
4/4,3,x___,♩,d,desce,x_xx,♪ sc sc,7,4952,0.0014,0.0025,-0.0011,0.349
4/4,3,x___,♩,d,desce,xx__,sc ♪.,6,4952,0.0012,0.0013,-0.0001,0.1124
4/4,3,x___,♩,d,desce,__..,(lig.) ♪ pausa ♪,3,4952,0.0006,0.0006,0,1.1743
4/4,3,x___,♩,d,desce,__xx,(lig.) ♪ sc sc,2,4952,0.0004,0.0008,-0.0004,0.6524
4/4,3,x___,♩,d,desce,..xx,pausa ♪ sc sc,2,4952,0.0004,0.0003,0.0001,2.2367
4/4,4,____,(lig.) ♩,d,desce,x___,♩,264,569,0.464,0.4546,0.0093,1.2464
4/4,4,____,(lig.) ♩,d,desce,____,(lig.) ♩,136,569,0.239,0.2117,0.0273,3.3118
4/4,4,____,(lig.) ♩,d,desce,x_x_,♪ ♪,80,569,0.1406,0.1815,-0.0409,0.3644
4/4,4,____,(lig.) ♩,d,desce,....,pausa ♩,47,569,0.0826,0.0658,0.0168,4.2388
4/4,4,____,(lig.) ♩,d,desce,..x_,pausa ♪ ♪,18,569,0.0316,0.0285,0.0032,1.9872
4/4,4,____,(lig.) ♩,d,desce,x__x,♪. sc,10,569,0.0176,0.0285,-0.0109,0.295
4/4,4,____,(lig.) ♩,d,desce,__x_,(lig.) ♪ ♪,6,569,0.0105,0.0071,0.0034,0.2316
4/4,4,____,(lig.) ♩,d,desce,x_..,♪ pausa ♪,2,569,0.0035,0.0027,0.0008,2.063
4/4,4,____,(lig.) ♩,d,desce,_x_x,(lig.) sc ♪ sc,2,569,0.0035,0.0036,0,12.0032
4/4,1,__x_,(lig.) ♪ ♪,d,desce,x___,♩,524,832,0.6298,0.5776,0.0522,0.9734
4/4,1,__x_,(lig.) ♪ ♪,d,desce,x_x_,♪ ♪,223,832,0.268,0.2906,-0.0225,1.1183
4/4,1,__x_,(lig.) ♪ ♪,d,desce,x__x,♪. sc,57,832,0.0685,0.0826,-0.0141,1.1297
4/4,1,__x_,(lig.) ♪ ♪,d,desce,_xx_,(lig.) sc sc ♪,11,832,0.0132,0.0117,0.0015,5.1711
4/4,1,__x_,(lig.) ♪ ♪,d,desce,xxx_,sc sc ♪,7,832,0.0084,0.0088,-0.0004,1.1628
4/4,1,__x_,(lig.) ♪ ♪,d,desce,x_xx,♪ sc sc,3,832,0.0036,0.0076,-0.004,0.5619
4/4,1,__x_,(lig.) ♪ ♪,d,desce,__x_,(lig.) ♪ ♪,3,832,0.0036,0.0047,-0.0011,0.7623
4/4,1,__x_,(lig.) ♪ ♪,d,desce,____,(lig.) ♩,2,832,0.0024,0.0035,-0.0011,0.4922
4/4,4,xxx_,sc sc ♪,s,sobe,x_x_,♪ ♪,26,71,0.3662,0.3607,0.0055,0.949
4/4,4,xxx_,sc sc ♪,s,sobe,x__x,♪. sc,13,71,0.1831,0.0893,0.0938,3.0732
4/4,4,xxx_,sc sc ♪,s,sobe,x___,♩,12,71,0.169,0.3964,-0.2274,0.454
4/4,4,xxx_,sc sc ♪,s,sobe,__x_,(lig.) ♪ ♪,11,71,0.1549,0.0464,0.1085,3.4034
4/4,4,xxx_,sc sc ♪,s,sobe,xxx_,sc sc ♪,6,71,0.0845,0.0536,0.0309,28.3431
4/4,4,xxx_,sc sc ♪,s,sobe,____,(lig.) ♩,2,71,0.0282,0.0214,0.0067,0.3903
4/4,1,x___,♩,d,desce,x___,♩,4522,5377,0.841,0.8266,0.0144,1.2998
4/4,1,x___,♩,d,desce,x_x_,♪ ♪,528,5377,0.0982,0.1169,-0.0187,0.4097
4/4,1,x___,♩,d,desce,x__x,♪. sc,183,5377,0.034,0.0302,0.0038,0.5612
4/4,1,x___,♩,d,desce,____,(lig.) ♩,42,5377,0.0078,0.0078,0,1.5995
4/4,1,x___,♩,d,desce,__x_,(lig.) ♪ ♪,29,5377,0.0054,0.005,0.0004,1.1402
4/4,1,x___,♩,d,desce,x_xx,♪ sc sc,21,5377,0.0039,0.0045,-0.0006,0.6086
4/4,1,x___,♩,d,desce,....,pausa ♩,19,5377,0.0035,0.0019,0.0016,0.8692
4/4,1,x___,♩,d,desce,xx__,sc ♪.,18,5377,0.0033,0.0044,-0.0011,0.2313
4/4,1,x___,♩,d,desce,xxxx,sc sc sc sc,8,5377,0.0015,0.001,0.0005,0.2435
4/4,1,x___,♩,d,desce,xxx_,sc sc ♪,3,5377,0.0006,0.0008,-0.0002,0.0771
4/4,1,x___,♩,d,desce,__..,(lig.) ♪ pausa ♪,3,5377,0.0006,0.0003,0.0003,5.4555
4/4,4,x___,♩,r,repete,x___,♩,1772,3686,0.4807,0.5005,-0.0198,1.2915
4/4,4,x___,♩,r,repete,x_x_,♪ ♪,1063,3686,0.2884,0.2199,0.0685,0.7474
4/4,4,x___,♩,r,repete,____,(lig.) ♩,293,3686,0.0795,0.1148,-0.0353,1.1014
4/4,4,x___,♩,r,repete,__x_,(lig.) ♪ ♪,238,3686,0.0646,0.0741,-0.0096,1.4184
4/4,4,x___,♩,r,repete,x__x,♪. sc,134,3686,0.0364,0.0302,0.0061,0.6102
4/4,4,x___,♩,r,repete,..x_,pausa ♪ ♪,75,3686,0.0203,0.022,-0.0017,1.2781
4/4,4,x___,♩,r,repete,....,pausa ♩,68,3686,0.0184,0.0228,-0.0043,0.9467
4/4,4,x___,♩,r,repete,__xx,(lig.) ♪ sc sc,14,3686,0.0038,0.0044,-0.0006,1.0975
4/4,4,x___,♩,r,repete,x_xx,♪ sc sc,10,3686,0.0027,0.0043,-0.0016,0.3539
4/4,4,x___,♩,r,repete,xxxx,sc sc sc sc,8,3686,0.0022,0.0017,0.0005,0.4555
4/4,4,x___,♩,r,repete,xxx_,sc sc ♪,5,3686,0.0014,0.0016,-0.0003,0.455
4/4,4,x___,♩,r,repete,x_..,♪ pausa ♪,4,3686,0.0011,0.001,0.0001,0.6369
4/4,1,..x_,pausa ♪ ♪,0,—,x___,♩,145,382,0.3796,0.5122,-0.1327,0.5866
4/4,1,..x_,pausa ♪ ♪,0,—,x_x_,♪ ♪,110,382,0.288,0.2949,-0.0069,1.2015
4/4,1,..x_,pausa ♪ ♪,0,—,x__x,♪. sc,58,382,0.1518,0.1082,0.0437,2.5036
4/4,1,..x_,pausa ♪ ♪,0,—,xx__,sc ♪.,34,382,0.089,0.0347,0.0543,6.1505
4/4,1,..x_,pausa ♪ ♪,0,—,xxx_,sc sc ♪,25,382,0.0654,0.0265,0.0389,9.0448
4/4,1,..x_,pausa ♪ ♪,0,—,__x_,(lig.) ♪ ♪,4,382,0.0105,0.0082,0.0023,2.2138
4/4,1,..x_,pausa ♪ ♪,0,—,xxxx,sc sc sc sc,4,382,0.0105,0.0061,0.0043,1.7136
4/4,2,x__x,♪. sc,s,sobe,x__x,♪. sc,615,1132,0.5433,0.5458,-0.0025,7.846
4/4,2,x__x,♪. sc,s,sobe,x_x_,♪ ♪,378,1132,0.3339,0.3091,0.0249,1.0769
4/4,2,x__x,♪. sc,s,sobe,x___,♩,68,1132,0.0601,0.0761,-0.0161,0.1939
4/4,2,x__x,♪. sc,s,sobe,xxxx,sc sc sc sc,39,1132,0.0345,0.0333,0.0012,4.8796
4/4,2,x__x,♪. sc,s,sobe,x_xx,♪ sc sc,12,1132,0.0106,0.0104,0.0002,1.5628
4/4,2,x__x,♪. sc,s,sobe,xx__,sc ♪.,10,1132,0.0088,0.0121,-0.0032,3.073
4/4,2,x__x,♪. sc,s,sobe,xxx_,sc sc ♪,8,1132,0.0071,0.01,-0.0029,1.8438
4/4,3,x__x,♪. sc,s,sobe,x__x,♪. sc,444,1107,0.4011,0.3588,0.0422,8.9567
4/4,3,x__x,♪. sc,s,sobe,x___,♩,430,1107,0.3884,0.4022,-0.0137,0.684
4/4,3,x__x,♪. sc,s,sobe,x_x_,♪ ♪,97,1107,0.0876,0.1005,-0.0129,0.3714
4/4,3,x__x,♪. sc,s,sobe,xx__,sc ♪.,76,1107,0.0687,0.09,-0.0213,6.3672
4/4,3,x__x,♪. sc,s,sobe,xxx_,sc sc ♪,25,1107,0.0226,0.0281,-0.0055,2.899
4/4,3,x__x,♪. sc,s,sobe,xxxx,sc sc sc sc,19,1107,0.0172,0.0109,0.0062,3.1386
4/4,3,x__x,♪. sc,s,sobe,x_xx,♪ sc sc,15,1107,0.0136,0.0084,0.0052,3.3458
4/4,3,__x_,(lig.) ♪ ♪,s,sobe,x___,♩,841,1280,0.657,0.67,-0.013,1.157
4/4,3,__x_,(lig.) ♪ ♪,s,sobe,x_x_,♪ ♪,357,1280,0.2789,0.2697,0.0092,1.1821
4/4,3,__x_,(lig.) ♪ ♪,s,sobe,x__x,♪. sc,54,1280,0.0422,0.0442,-0.002,0.9421
4/4,3,__x_,(lig.) ♪ ♪,s,sobe,xx__,sc ♪.,13,1280,0.0102,0.0038,0.0063,0.9419
4/4,3,__x_,(lig.) ♪ ♪,s,sobe,xxx_,sc sc ♪,3,1280,0.0023,0.0014,0.0009,0.3009
4/4,3,__x_,(lig.) ♪ ♪,s,sobe,x_xx,♪ sc sc,3,1280,0.0023,0.0024,-0.0001,0.5787
4/4,3,__x_,(lig.) ♪ ♪,s,sobe,__x_,(lig.) ♪ ♪,3,1280,0.0023,0.0041,-0.0017,0.3694
4/4,3,__x_,(lig.) ♪ ♪,s,sobe,xxxx,sc sc sc sc,2,1280,0.0016,0.001,0.0006,0.2857
4/4,1,xxxx,sc sc sc sc,d,desce,x_x_,♪ ♪,42,130,0.3231,0.3556,-0.0325,1.348
4/4,1,xxxx,sc sc sc sc,d,desce,x___,♩,30,130,0.2308,0.2611,-0.0303,0.3567
4/4,1,xxxx,sc sc sc sc,d,desce,xxxx,sc sc sc sc,25,130,0.1923,0.1556,0.0368,31.4709
4/4,1,xxxx,sc sc sc sc,d,desce,x__x,♪. sc,21,130,0.1615,0.1278,0.0338,2.6636
4/4,1,xxxx,sc sc sc sc,d,desce,xx__,sc ♪.,6,130,0.0462,0.0389,0.0073,3.1893
4/4,1,xxxx,sc sc sc sc,d,desce,x_xx,♪ sc sc,3,130,0.0231,0.0278,-0.0047,3.596
4/4,1,xxxx,sc sc sc sc,d,desce,__x_,(lig.) ♪ ♪,2,130,0.0154,0.0167,-0.0013,3.2526
4/4,2,xxxx,sc sc sc sc,d,desce,x_x_,♪ ♪,43,134,0.3209,0.3306,-0.0097,1.0349
4/4,2,xxxx,sc sc sc sc,d,desce,xxxx,sc sc sc sc,36,134,0.2687,0.3017,-0.033,38.0504
4/4,2,xxxx,sc sc sc sc,d,desce,xx..,sc sc pausa ♪,31,134,0.2313,0.1281,0.1032,278.0115
4/4,2,xxxx,sc sc sc sc,d,desce,x__x,♪. sc,11,134,0.0821,0.1033,-0.0212,1.1855
4/4,2,xxxx,sc sc sc sc,d,desce,x___,♩,7,134,0.0522,0.0744,-0.0221,0.1686
4/4,2,xxxx,sc sc sc sc,d,desce,x_xx,♪ sc sc,2,134,0.0149,0.0248,-0.0099,2.2004
4/4,3,xxxx,sc sc sc sc,d,desce,x_x_,♪ ♪,89,213,0.4178,0.3728,0.0451,1.7709
4/4,3,xxxx,sc sc sc sc,d,desce,x___,♩,82,213,0.385,0.4122,-0.0272,0.6779
4/4,3,xxxx,sc sc sc sc,d,desce,xxxx,sc sc sc sc,22,213,0.1033,0.1362,-0.0329,18.8873
4/4,3,xxxx,sc sc sc sc,d,desce,x__x,♪. sc,15,213,0.0704,0.0609,0.0095,1.5726
4/4,3,xxxx,sc sc sc sc,d,desce,xx__,sc ♪.,2,213,0.0094,0.0072,0.0022,0.8708
4/4,3,xxxx,sc sc sc sc,d,desce,__x_,(lig.) ♪ ♪,2,213,0.0094,0.0072,0.0022,1.4797
4/4,4,x__x,♪. sc,s,sobe,x__x,♪. sc,371,678,0.5472,0.5807,-0.0335,9.1845
4/4,4,x__x,♪. sc,s,sobe,x_x_,♪ ♪,218,678,0.3215,0.2811,0.0404,0.8333
4/4,4,x__x,♪. sc,s,sobe,x___,♩,52,678,0.0767,0.0758,0.0009,0.206
4/4,4,x__x,♪. sc,s,sobe,xx__,sc ♪.,16,678,0.0236,0.0364,-0.0128,6.6154
4/4,4,x__x,♪. sc,s,sobe,xxxx,sc sc sc sc,14,678,0.0206,0.0098,0.0108,4.3333
4/4,4,x__x,♪. sc,s,sobe,x_xx,♪ sc sc,5,678,0.0074,0.0087,-0.0013,0.9619
4/4,1,xxx_,sc sc ♪,s,sobe,x_x_,♪ ♪,31,68,0.4559,0.3504,0.1055,1.9021
4/4,1,xxx_,sc sc ♪,s,sobe,x___,♩,13,68,0.1912,0.2222,-0.031,0.2955
4/4,1,xxx_,sc sc ♪,s,sobe,x__x,♪. sc,11,68,0.1618,0.1282,0.0336,2.6673
4/4,1,xxx_,sc sc ♪,s,sobe,_xx_,(lig.) sc sc ♪,5,68,0.0735,0.0598,0.0137,28.7588
4/4,1,xxx_,sc sc ♪,s,sobe,__x_,(lig.) ♪ ♪,2,68,0.0294,0.0427,-0.0133,6.2181
4/4,1,xxx_,sc sc ♪,s,sobe,____,(lig.) ♩,2,68,0.0294,0.0256,0.0038,6.0228
4/4,4,xxxx,sc sc sc sc,d,desce,x_x_,♪ ♪,42,139,0.3022,0.2844,0.0178,0.783
4/4,4,xxxx,sc sc sc sc,d,desce,xx..,sc sc pausa ♪,32,139,0.2302,0.1517,0.0786,247.0808
4/4,4,xxxx,sc sc sc sc,d,desce,x___,♩,28,139,0.2014,0.237,-0.0355,0.5411
4/4,4,xxxx,sc sc sc sc,d,desce,xxxx,sc sc sc sc,16,139,0.1151,0.1801,-0.065,24.1559
4/4,4,xxxx,sc sc sc sc,d,desce,x__x,♪. sc,14,139,0.1007,0.09,0.0107,1.6905
4/4,4,xxxx,sc sc sc sc,d,desce,x_xx,♪ sc sc,3,139,0.0216,0.0284,-0.0069,2.815
4/4,4,xxxx,sc sc sc sc,d,desce,xxx_,sc sc ♪,2,139,0.0144,0.0142,0.0002,4.8258
4/4,4,xxxx,sc sc sc sc,d,desce,__x_,(lig.) ♪ ♪,2,139,0.0144,0.0095,0.0049,0.3161
4/4,1,x__x,♪. sc,s,sobe,x__x,♪. sc,419,1048,0.3998,0.3587,0.0411,6.5925
4/4,1,x__x,♪. sc,s,sobe,x___,♩,357,1048,0.3406,0.4111,-0.0704,0.5265
4/4,1,x__x,♪. sc,s,sobe,xx__,sc ♪.,112,1048,0.1069,0.0846,0.0222,7.385
4/4,1,x__x,♪. sc,s,sobe,x_x_,♪ ♪,95,1048,0.0906,0.1014,-0.0107,0.3782
4/4,1,x__x,♪. sc,s,sobe,xxxx,sc sc sc sc,29,1048,0.0277,0.0176,0.0101,4.5284
4/4,1,x__x,♪. sc,s,sobe,xxx_,sc sc ♪,23,1048,0.0219,0.015,0.0069,3.0331
4/4,1,x__x,♪. sc,s,sobe,x_xx,♪ sc sc,11,1048,0.0105,0.0099,0.0006,1.6356
4/4,4,xxx_,sc sc ♪,r,repete,x___,♩,93,178,0.5225,0.3964,0.126,1.4036
4/4,4,xxx_,sc sc ♪,r,repete,x_x_,♪ ♪,71,178,0.3989,0.3607,0.0382,1.0337
4/4,4,xxx_,sc sc ♪,r,repete,x__x,♪. sc,9,178,0.0506,0.0893,-0.0387,0.8487
4/4,4,xxx_,sc sc ♪,r,repete,x_xx,♪ sc sc,4,178,0.0225,0.0143,0.0082,2.931
4/4,3,xxx_,sc sc ♪,r,repete,x___,♩,18,32,0.5625,0.4145,0.148,0.9906
4/4,3,xxx_,sc sc ♪,r,repete,x_x_,♪ ♪,9,32,0.2813,0.2829,-0.0016,1.192
4/4,3,xxx_,sc sc ♪,r,repete,x__x,♪. sc,4,32,0.125,0.1447,-0.0197,2.7914
4/4,3,x_xx,♪ sc sc,r,repete,x_x_,♪ ♪,13,33,0.3939,0.4126,-0.0187,1.6696
4/4,3,x_xx,♪ sc sc,r,repete,x___,♩,10,33,0.303,0.3123,-0.0092,0.5336
4/4,3,x_xx,♪ sc sc,r,repete,x_xx,♪ sc sc,6,33,0.1818,0.0781,0.1038,44.8952
4/4,3,x_xx,♪ sc sc,r,repete,xxxx,sc sc sc sc,3,33,0.0909,0.0595,0.0314,16.6239
4/4,2,xxx_,sc sc ♪,r,repete,x_x_,♪ ♪,72,131,0.5496,0.4774,0.0723,1.7725
4/4,2,xxx_,sc sc ♪,r,repete,x__x,♪. sc,35,131,0.2672,0.2021,0.0651,3.8585
4/4,2,xxx_,sc sc ♪,r,repete,x___,♩,14,131,0.1069,0.1045,0.0023,0.345
4/4,2,xxx_,sc sc ♪,r,repete,xx__,sc ♪.,6,131,0.0458,0.0314,0.0144,15.9329
4/4,2,xxx_,sc sc ♪,r,repete,xxx_,sc sc ♪,2,131,0.0153,0.0836,-0.0684,3.9832
4/4,2,xxx_,sc sc ♪,r,repete,____,(lig.) ♩,2,131,0.0153,0.0209,-0.0056,0.0918
4/4,3,x__x,♪. sc,d,desce,x__x,♪. sc,503,1288,0.3905,0.3588,0.0317,8.721
4/4,3,x__x,♪. sc,d,desce,x___,♩,403,1288,0.3129,0.4022,-0.0893,0.551
4/4,3,x__x,♪. sc,d,desce,xx__,sc ♪.,168,1288,0.1304,0.09,0.0405,12.097
4/4,3,x__x,♪. sc,d,desce,x_x_,♪ ♪,143,1288,0.111,0.1005,0.0105,0.4705
4/4,3,x__x,♪. sc,d,desce,xxx_,sc sc ♪,52,1288,0.0404,0.0281,0.0123,5.1825
4/4,3,x__x,♪. sc,d,desce,xxxx,sc sc sc sc,11,1288,0.0085,0.0109,-0.0024,1.5617
4/4,3,x__x,♪. sc,d,desce,x_xx,♪ sc sc,8,1288,0.0062,0.0084,-0.0022,1.5337
4/4,2,xxxx,sc sc sc sc,s,sobe,x_x_,♪ ♪,37,106,0.3491,0.3306,0.0185,1.1257
4/4,2,xxxx,sc sc sc sc,s,sobe,xxxx,sc sc sc sc,35,106,0.3302,0.3017,0.0285,46.7653
4/4,2,xxxx,sc sc sc sc,s,sobe,x__x,♪. sc,14,106,0.1321,0.1033,0.0288,1.9074
4/4,2,xxxx,sc sc sc sc,s,sobe,x___,♩,11,106,0.1038,0.0744,0.0294,0.335
4/4,2,xxxx,sc sc sc sc,s,sobe,x_xx,♪ sc sc,4,106,0.0377,0.0248,0.0129,5.5632
4/4,2,xxxx,sc sc sc sc,s,sobe,xxx_,sc sc ♪,4,106,0.0377,0.0207,0.0171,9.8453
4/4,4,x__x,♪. sc,d,desce,x__x,♪. sc,594,945,0.6286,0.5807,0.0479,10.5503
4/4,4,x__x,♪. sc,d,desce,x_x_,♪ ♪,226,945,0.2392,0.2811,-0.0419,0.6198
4/4,4,x__x,♪. sc,d,desce,x___,♩,57,945,0.0603,0.0758,-0.0154,0.162
4/4,4,x__x,♪. sc,d,desce,xx__,sc ♪.,46,945,0.0487,0.0364,0.0122,13.6456
4/4,4,x__x,♪. sc,d,desce,x_xx,♪ sc sc,8,945,0.0085,0.0087,-0.0002,1.1042
4/4,4,x__x,♪. sc,d,desce,xxx_,sc sc ♪,5,945,0.0053,0.0035,0.0018,1.7746
4/4,4,x__x,♪. sc,d,desce,xxxx,sc sc sc sc,3,945,0.0032,0.0098,-0.0067,0.6662
4/4,4,x__x,♪. sc,d,desce,_x__,(lig.) sc ♪.,2,945,0.0021,0.0012,0.001,19.8751
4/4,4,x__x,♪. sc,d,desce,_xx_,(lig.) sc sc ♪,2,945,0.0021,0.0012,0.001,1.2823
4/4,2,xx__,sc ♪.,s,sobe,x__x,♪. sc,117,172,0.6802,0.7202,-0.04,9.8237
4/4,2,xx__,sc ♪.,s,sobe,xx__,sc ♪.,32,172,0.186,0.114,0.0721,64.7197
4/4,2,xx__,sc ♪.,s,sobe,x_x_,♪ ♪,12,172,0.0698,0.114,-0.0442,0.225
4/4,2,xx__,sc ♪.,s,sobe,x___,♩,8,172,0.0465,0.0345,0.012,0.1501
4/4,2,xx__,sc ♪.,s,sobe,xxxx,sc sc sc sc,3,172,0.0174,0.0104,0.0071,2.4703
4/4,1,x__x,♪. sc,d,desce,x___,♩,465,1114,0.4174,0.4111,0.0063,0.6451
4/4,1,x__x,♪. sc,d,desce,x__x,♪. sc,403,1114,0.3618,0.3587,0.0031,5.9651
4/4,1,x__x,♪. sc,d,desce,x_x_,♪ ♪,126,1114,0.1131,0.1014,0.0117,0.4719
4/4,1,x__x,♪. sc,d,desce,xx__,sc ♪.,84,1114,0.0754,0.0846,-0.0092,5.2106
4/4,1,x__x,♪. sc,d,desce,x_xx,♪ sc sc,12,1114,0.0108,0.0099,0.0009,1.6785
4/4,1,x__x,♪. sc,d,desce,xxx_,sc sc ♪,11,1114,0.0099,0.015,-0.0052,1.3647
4/4,1,x__x,♪. sc,d,desce,xxxx,sc sc sc sc,11,1114,0.0099,0.0176,-0.0077,1.6159
4/4,1,x__x,♪. sc,d,desce,x_.x,♪ pausa sc sc,2,1114,0.0018,0.0013,0.0005,23.4063
4/4,2,_xx_,(lig.) sc sc ♪,s,sobe,_xx_,(lig.) sc sc ♪,26,50,0.52,0.44,0.08,194.5438
4/4,2,_xx_,(lig.) sc sc ♪,s,sobe,x_x_,♪ ♪,13,50,0.26,0.33,-0.07,0.8385
4/4,2,_xx_,(lig.) sc sc ♪,s,sobe,_xxx,(lig.) sc sc sc sc,6,50,0.12,0.13,-0.01,153.511
4/4,2,_xx_,(lig.) sc sc ♪,s,sobe,x_xx,♪ sc sc,4,50,0.08,0.06,0.02,11.7939
4/4,2,_xx_,(lig.) sc sc ♪,d,desce,_xx_,(lig.) sc sc ♪,17,45,0.3778,0.44,-0.0622,141.3352
4/4,2,_xx_,(lig.) sc sc ♪,d,desce,x_x_,♪ ♪,16,45,0.3556,0.33,0.0256,1.1466
4/4,2,_xx_,(lig.) sc sc ♪,d,desce,_xxx,(lig.) sc sc sc sc,7,45,0.1556,0.13,0.0256,198.9957
4/4,2,_xx_,(lig.) sc sc ♪,d,desce,x_xx,♪ sc sc,2,45,0.0444,0.06,-0.0156,6.5522
4/4,3,_xx_,(lig.) sc sc ♪,s,sobe,_xx_,(lig.) sc sc ♪,25,47,0.5319,0.4231,0.1088,254.5771
4/4,3,_xx_,(lig.) sc sc ♪,s,sobe,x_x_,♪ ♪,8,47,0.1702,0.2019,-0.0317,0.7214
4/4,3,_xx_,(lig.) sc sc ♪,s,sobe,__x_,(lig.) ♪ ♪,7,47,0.1489,0.1538,-0.0049,23.4708
4/4,3,_xx_,(lig.) sc sc ♪,s,sobe,_xxx,(lig.) sc sc sc sc,4,47,0.0851,0.0865,-0.0014,299.9381
4/4,3,_xx_,(lig.) sc sc ♪,s,sobe,x___,♩,3,47,0.0638,0.0288,0.035,0.1124
4/4,3,x_xx,♪ sc sc,s,sobe,x_x_,♪ ♪,63,135,0.4667,0.4126,0.054,1.9778
4/4,3,x_xx,♪ sc sc,s,sobe,x___,♩,45,135,0.3333,0.3123,0.0211,0.587
4/4,3,x_xx,♪ sc sc,s,sobe,x_xx,♪ sc sc,11,135,0.0815,0.0781,0.0034,20.1197
4/4,3,x_xx,♪ sc sc,s,sobe,x__x,♪. sc,9,135,0.0667,0.0706,-0.004,1.4887
4/4,3,x_xx,♪ sc sc,s,sobe,__x_,(lig.) ♪ ♪,3,135,0.0222,0.026,-0.0038,3.502
4/4,3,x_xx,♪ sc sc,s,sobe,xxxx,sc sc sc sc,3,135,0.0222,0.0595,-0.0373,4.0636
4/4,4,x_xx,♪ sc sc,s,sobe,x_x_,♪ ♪,32,67,0.4776,0.4777,-0.0001,1.2377
4/4,4,x_xx,♪ sc sc,s,sobe,x___,♩,11,67,0.1642,0.2102,-0.046,0.4411
4/4,4,x_xx,♪ sc sc,s,sobe,xxxx,sc sc sc sc,8,67,0.1194,0.0892,0.0302,25.0573
4/4,4,x_xx,♪ sc sc,s,sobe,x__x,♪. sc,6,67,0.0896,0.0701,0.0195,1.5031
4/4,4,x_xx,♪ sc sc,s,sobe,__xx,(lig.) ♪ sc sc,3,67,0.0448,0.0255,0.0193,12.9382
4/4,4,x_xx,♪ sc sc,s,sobe,x_xx,♪ sc sc,3,67,0.0448,0.0701,-0.0253,5.8402
4/4,4,x_xx,♪ sc sc,s,sobe,xxx_,sc sc ♪,2,67,0.0299,0.0191,0.0107,10.0117
4/4,1,__xx,(lig.) ♪ sc sc,s,sobe,x___,♩,28,86,0.3256,0.3,0.0256,0.5032
4/4,1,__xx,(lig.) ♪ sc sc,s,sobe,x_x_,♪ ♪,22,86,0.2558,0.2769,-0.0211,1.0674
4/4,1,__xx,(lig.) ♪ sc sc,s,sobe,x__x,♪. sc,14,86,0.1628,0.1769,-0.0141,2.6843
4/4,1,__xx,(lig.) ♪ sc sc,s,sobe,__xx,(lig.) ♪ sc sc,10,86,0.1163,0.1,0.0163,227.3953
4/4,1,__xx,(lig.) ♪ sc sc,s,sobe,__x_,(lig.) ♪ ♪,6,86,0.0698,0.0692,0.0005,14.75
4/4,1,__xx,(lig.) ♪ sc sc,s,sobe,xxxx,sc sc sc sc,2,86,0.0233,0.0231,0.0002,3.8058
4/4,1,__xx,(lig.) ♪ sc sc,s,sobe,x_xx,♪ sc sc,2,86,0.0233,0.0231,0.0002,3.6238
4/4,2,__x_,(lig.) ♪ ♪,d,desce,x___,♩,38,88,0.4318,0.2967,0.1351,1.3939
4/4,2,__x_,(lig.) ♪ ♪,d,desce,x_x_,♪ ♪,24,88,0.2727,0.2857,-0.013,0.8795
4/4,2,__x_,(lig.) ♪ ♪,d,desce,__x_,(lig.) ♪ ♪,13,88,0.1477,0.1209,0.0268,1.4039
4/4,2,__x_,(lig.) ♪ ♪,d,desce,_xx_,(lig.) sc sc ♪,8,88,0.0909,0.1978,-0.1069,34.0111
4/4,2,__x_,(lig.) ♪ ♪,d,desce,xxx_,sc sc ♪,3,88,0.0341,0.0165,0.0176,8.8944
4/4,3,xxx_,sc sc ♪,s,sobe,x___,♩,34,65,0.5231,0.4145,0.1086,0.9211
4/4,3,xxx_,sc sc ♪,s,sobe,x_x_,♪ ♪,16,65,0.2462,0.2829,-0.0367,1.0433
4/4,3,xxx_,sc sc ♪,s,sobe,x__x,♪. sc,8,65,0.1231,0.1447,-0.0217,2.7485
4/4,3,xxx_,sc sc ♪,s,sobe,x_xx,♪ sc sc,2,65,0.0308,0.0395,-0.0087,7.5976
4/4,3,xxx_,sc sc ♪,s,sobe,xxx_,sc sc ♪,2,65,0.0308,0.0329,-0.0021,3.9498
4/4,4,x_xx,♪ sc sc,d,desce,x_x_,♪ ♪,33,71,0.4648,0.4777,-0.0129,1.2045
4/4,4,x_xx,♪ sc sc,d,desce,x___,♩,18,71,0.2535,0.2102,0.0433,0.6811
4/4,4,x_xx,♪ sc sc,d,desce,xxxx,sc sc sc sc,6,71,0.0845,0.0892,-0.0047,17.7342
4/4,4,x_xx,♪ sc sc,d,desce,x__x,♪. sc,5,71,0.0704,0.0701,0.0004,1.182
4/4,4,x_xx,♪ sc sc,d,desce,x_xx,♪ sc sc,4,71,0.0563,0.0701,-0.0137,7.3482
4/4,4,x_xx,♪ sc sc,d,desce,__x_,(lig.) ♪ ♪,3,71,0.0423,0.0255,0.0168,0.9282
4/4,3,x_x_,♪ ♪,r,repete,x___,♩,770,1149,0.6701,0.4531,0.2171,1.1801
4/4,3,x_x_,♪ ♪,r,repete,x_x_,♪ ♪,307,1149,0.2672,0.4786,-0.2115,1.1324
4/4,3,x_x_,♪ ♪,r,repete,x__x,♪. sc,28,1149,0.0244,0.0251,-0.0007,0.5442
4/4,3,x_x_,♪ ♪,r,repete,__x_,(lig.) ♪ ♪,16,1149,0.0139,0.0045,0.0094,2.1945
4/4,3,x_x_,♪ ♪,r,repete,x_xx,♪ sc sc,7,1149,0.0061,0.0042,0.0019,1.5043
4/4,3,x_x_,♪ ♪,r,repete,xxxx,sc sc sc sc,6,1149,0.0052,0.0056,-0.0004,0.9549
4/4,3,x_x_,♪ ♪,r,repete,_xx_,(lig.) sc sc ♪,3,1149,0.0026,0.0023,0.0003,1.2496
4/4,3,x_x_,♪ ♪,r,repete,x_..,♪ pausa ♪,3,1149,0.0026,0.0015,0.0011,1.9847
4/4,3,x_x_,♪ ♪,r,repete,xx__,sc ♪.,2,1149,0.0017,0.0069,-0.0052,0.1614
4/4,3,x_x_,♪ ♪,r,repete,....,pausa ♩,2,1149,0.0017,0.0004,0.0013,0.0287
4/4,3,x_x_,♪ ♪,r,repete,xxx_,sc sc ♪,2,1149,0.0017,0.0151,-0.0133,0.2234
4/4,3,x_x_,♪ ♪,r,repete,____,(lig.) ♩,2,1149,0.0017,0.0016,0.0001,0.0482
4/4,1,xx__,sc ♪.,s,sobe,xx__,sc ♪.,44,91,0.4835,0.4109,0.0727,33.4122
4/4,1,xx__,sc ♪.,s,sobe,x__x,♪. sc,23,91,0.2527,0.2713,-0.0186,4.1676
4/4,1,xx__,sc ♪.,s,sobe,x_x_,♪ ♪,13,91,0.1429,0.124,0.0188,0.5961
4/4,1,xx__,sc ♪.,s,sobe,xxx_,sc sc ♪,6,91,0.0659,0.062,0.0039,9.1124
4/4,1,xx__,sc ♪.,s,sobe,x___,♩,3,91,0.033,0.1008,-0.0678,0.051
4/4,1,xx__,sc ♪.,s,sobe,x_xx,♪ sc sc,2,91,0.022,0.0233,-0.0013,3.4247
4/4,2,xx__,sc ♪.,d,desce,x__x,♪. sc,198,282,0.7021,0.7202,-0.0181,10.1399
4/4,2,xx__,sc ♪.,d,desce,x_x_,♪ ♪,47,282,0.1667,0.114,0.0527,0.5375
4/4,2,xx__,sc ♪.,d,desce,xx__,sc ♪.,26,282,0.0922,0.114,-0.0218,32.073
4/4,2,xx__,sc ♪.,d,desce,x___,♩,6,282,0.0213,0.0345,-0.0133,0.0687
4/4,2,xx__,sc ♪.,d,desce,..x_,pausa ♪ ♪,4,282,0.0142,0.0069,0.0073,8.1523
4/4,2,xx__,sc ♪.,r,repete,x__x,♪. sc,102,125,0.816,0.7202,0.0958,11.7845
4/4,2,xx__,sc ♪.,r,repete,xx__,sc ♪.,8,125,0.064,0.114,-0.05,22.2636
4/4,2,xx__,sc ♪.,r,repete,x_x_,♪ ♪,7,125,0.056,0.114,-0.058,0.1806
4/4,2,xx__,sc ♪.,r,repete,x___,♩,6,125,0.048,0.0345,0.0135,0.1549
4/4,2,xx__,sc ♪.,r,repete,xxxx,sc sc sc sc,2,125,0.016,0.0104,0.0056,2.2661
4/4,2,x_xx,♪ sc sc,s,sobe,x_x_,♪ ♪,56,129,0.4341,0.417,0.0171,1.4
4/4,2,x_xx,♪ sc sc,s,sobe,x_xx,♪ sc sc,24,129,0.186,0.2162,-0.0302,27.4277
4/4,2,x_xx,♪ sc sc,s,sobe,x___,♩,22,129,0.1705,0.1351,0.0354,0.5505
4/4,2,x_xx,♪ sc sc,s,sobe,xxxx,sc sc sc sc,13,129,0.1008,0.0965,0.0043,14.273
4/4,2,x_xx,♪ sc sc,s,sobe,x__x,♪. sc,8,129,0.062,0.0618,0.0002,0.8956
4/4,2,x_xx,♪ sc sc,s,sobe,xxx_,sc sc ♪,5,129,0.0388,0.0463,-0.0076,10.1125
4/4,2,x__x,♪. sc,d,desce,x__x,♪. sc,635,1103,0.5757,0.5458,0.0299,8.3141
4/4,2,x__x,♪. sc,d,desce,x_x_,♪ ♪,294,1103,0.2665,0.3091,-0.0425,0.8596
4/4,2,x__x,♪. sc,d,desce,x___,♩,85,1103,0.0771,0.0761,0.0009,0.2488
4/4,2,x__x,♪. sc,d,desce,xxxx,sc sc sc sc,38,1103,0.0345,0.0333,0.0012,4.8794
4/4,2,x__x,♪. sc,d,desce,xx__,sc ♪.,19,1103,0.0172,0.0121,0.0052,5.9923
4/4,2,x__x,♪. sc,d,desce,xxx_,sc sc ♪,15,1103,0.0136,0.01,0.0036,3.5481
4/4,2,x__x,♪. sc,d,desce,x_xx,♪ sc sc,12,1103,0.0109,0.0104,0.0005,1.6039
4/4,2,x__x,♪. sc,d,desce,x_..,♪ pausa ♪,2,1103,0.0018,0.0008,0.001,2.2471
4/4,4,__x_,(lig.) ♪ ♪,d,desce,x_x_,♪ ♪,71,116,0.6121,0.5702,0.0419,1.5862
4/4,4,__x_,(lig.) ♪ ♪,d,desce,x___,♩,20,116,0.1724,0.1532,0.0192,0.4632
4/4,4,__x_,(lig.) ♪ ♪,d,desce,__x_,(lig.) ♪ ♪,13,116,0.1121,0.1149,-0.0028,2.4618
4/4,4,__x_,(lig.) ♪ ♪,d,desce,xxx_,sc sc ♪,3,116,0.0259,0.0128,0.0131,8.674
4/4,4,__x_,(lig.) ♪ ♪,d,desce,x__x,♪. sc,3,116,0.0259,0.0213,0.0046,0.4341
4/4,4,__x_,(lig.) ♪ ♪,d,desce,x_xx,♪ sc sc,2,116,0.0172,0.017,0.0002,2.2488
4/4,4,__x_,(lig.) ♪ ♪,d,desce,_xx_,(lig.) sc sc ♪,2,116,0.0172,0.0383,-0.0211,10.4461
4/4,4,x_x_,♪ ♪,r,repete,x_x_,♪ ♪,408,635,0.6425,0.7937,-0.1512,1.6651
4/4,4,x_x_,♪ ♪,r,repete,x___,♩,110,635,0.1732,0.1405,0.0327,0.4654
4/4,4,x_x_,♪ ♪,r,repete,x__x,♪. sc,28,635,0.0441,0.0155,0.0286,0.7401
4/4,4,x_x_,♪ ♪,r,repete,xxx_,sc sc ♪,14,635,0.022,0.0039,0.0182,7.3945
4/4,4,x_x_,♪ ♪,r,repete,x_xx,♪ sc sc,12,635,0.0189,0.0143,0.0046,2.4648
4/4,4,x_x_,♪ ♪,r,repete,__x_,(lig.) ♪ ♪,11,635,0.0173,0.0086,0.0087,0.3805
4/4,4,x_x_,♪ ♪,r,repete,____,(lig.) ♩,11,635,0.0173,0.0038,0.0136,0.24
4/4,4,x_x_,♪ ♪,r,repete,..x_,pausa ♪ ♪,10,635,0.0157,0.0034,0.0123,0.9892
4/4,4,x_x_,♪ ♪,r,repete,....,pausa ♩,8,635,0.0126,0.0013,0.0113,0.6465
4/4,4,x_x_,♪ ♪,r,repete,_xx_,(lig.) sc sc ♪,7,635,0.011,0.0014,0.0096,6.6789
4/4,4,x_x_,♪ ♪,r,repete,xxxx,sc sc sc sc,6,635,0.0094,0.0065,0.0029,1.9829
4/4,4,x_x_,♪ ♪,r,repete,x_..,♪ pausa ♪,4,635,0.0063,0.0028,0.0035,3.6972
4/4,4,x_x_,♪ ♪,r,repete,__xx,(lig.) ♪ sc sc,3,635,0.0047,0.001,0.0037,1.3651
4/4,4,x_x_,♪ ♪,r,repete,__..,(lig.) ♪ pausa ♪,2,635,0.0031,0.001,0.0022,4.2254
4/4,1,x_xx,♪ sc sc,d,desce,x_x_,♪ ♪,31,81,0.3827,0.3787,0.004,1.5968
4/4,1,x_xx,♪ sc sc,d,desce,x___,♩,16,81,0.1975,0.2658,-0.0682,0.3053
4/4,1,x_xx,♪ sc sc,d,desce,x__x,♪. sc,14,81,0.1728,0.196,-0.0232,2.85
4/4,1,x_xx,♪ sc sc,d,desce,__x_,(lig.) ♪ ♪,7,81,0.0864,0.0332,0.0532,18.2705
4/4,1,x_xx,♪ sc sc,d,desce,xxxx,sc sc sc sc,6,81,0.0741,0.0399,0.0342,12.1221
4/4,1,x_xx,♪ sc sc,d,desce,xx__,sc ♪.,3,81,0.037,0.0399,-0.0028,2.5594
4/4,1,x_xx,♪ sc sc,d,desce,xxx_,sc sc ♪,2,81,0.0247,0.0166,0.0081,3.4125
4/4,1,x_xx,♪ sc sc,s,sobe,x_x_,♪ ♪,72,199,0.3618,0.3787,-0.0169,1.5096
4/4,1,x_xx,♪ sc sc,s,sobe,x___,♩,58,199,0.2915,0.2658,0.0257,0.4504
4/4,1,x_xx,♪ sc sc,s,sobe,x__x,♪. sc,45,199,0.2261,0.196,0.0301,3.7287
4/4,1,x_xx,♪ sc sc,s,sobe,xx__,sc ♪.,9,199,0.0452,0.0399,0.0054,3.1252
4/4,1,x_xx,♪ sc sc,s,sobe,xxxx,sc sc sc sc,6,199,0.0302,0.0399,-0.0097,4.9341
4/4,1,x_xx,♪ sc sc,s,sobe,x_xx,♪ sc sc,5,199,0.0251,0.0266,-0.0015,3.9152
4/4,1,x_xx,♪ sc sc,s,sobe,xxx_,sc sc ♪,3,199,0.0151,0.0166,-0.0015,2.0835
4/4,3,x__x,♪. sc,r,repete,x___,♩,271,350,0.7743,0.4022,0.3721,1.3635
4/4,3,x__x,♪. sc,r,repete,x__x,♪. sc,38,350,0.1086,0.3588,-0.2503,2.4245
4/4,3,x__x,♪. sc,r,repete,x_x_,♪ ♪,36,350,0.1029,0.1005,0.0023,0.4359
4/4,3,x__x,♪. sc,r,repete,xx__,sc ♪.,3,350,0.0086,0.09,-0.0814,0.7949
4/4,3,x__x,♪. sc,r,repete,x_.x,♪ pausa sc sc,2,350,0.0057,0.0007,0.005,36.921
4/4,3,____,(lig.) ♩,s,sobe,x___,♩,1178,2327,0.5062,0.4793,0.0269,0.8915
4/4,3,____,(lig.) ♩,s,sobe,....,pausa ♩,545,2327,0.2342,0.2541,-0.0199,3.862
4/4,3,____,(lig.) ♩,s,sobe,____,(lig.) ♩,383,2327,0.1646,0.1836,-0.019,4.5609
4/4,3,____,(lig.) ♩,s,sobe,..x_,pausa ♪ ♪,95,2327,0.0408,0.0385,0.0023,2.9147
4/4,3,____,(lig.) ♩,s,sobe,x_x_,♪ ♪,91,2327,0.0391,0.0296,0.0095,0.1657
4/4,3,____,(lig.) ♩,s,sobe,__x_,(lig.) ♪ ♪,14,2327,0.006,0.0041,0.0019,0.9481
4/4,3,____,(lig.) ♩,s,sobe,...x,pausa ♪. sc,9,2327,0.0039,0.0028,0.0011,7.4968
4/4,3,____,(lig.) ♩,s,sobe,x_..,♪ pausa ♪,5,2327,0.0021,0.0021,0.0001,1.6333
4/4,3,____,(lig.) ♩,s,sobe,x__x,♪. sc,5,2327,0.0021,0.0016,0.0006,0.048
4/4,4,____,(lig.) ♩,s,sobe,x___,♩,181,406,0.4458,0.4546,-0.0088,1.1976
4/4,4,____,(lig.) ♩,s,sobe,x_x_,♪ ♪,88,406,0.2167,0.1815,0.0353,0.5617
4/4,4,____,(lig.) ♩,s,sobe,____,(lig.) ♩,77,406,0.1897,0.2117,-0.0221,2.6279
4/4,4,____,(lig.) ♩,s,sobe,....,pausa ♩,23,406,0.0567,0.0658,-0.0092,2.9071
4/4,4,____,(lig.) ♩,s,sobe,x__x,♪. sc,16,406,0.0394,0.0285,0.0109,0.6615
4/4,4,____,(lig.) ♩,s,sobe,..x_,pausa ♪ ♪,10,406,0.0246,0.0285,-0.0038,1.5472
4/4,4,____,(lig.) ♩,s,sobe,x_xx,♪ sc sc,3,406,0.0074,0.0036,0.0038,0.9638
4/4,4,____,(lig.) ♩,s,sobe,xxx_,sc sc ♪,2,406,0.0049,0.0044,0.0005,1.6522
4/4,4,____,(lig.) ♩,s,sobe,__x_,(lig.) ♪ ♪,2,406,0.0049,0.0071,-0.0022,0.1082
4/4,4,____,(lig.) ♩,s,sobe,__xx,(lig.) ♪ sc sc,2,406,0.0049,0.0018,0.0031,1.4234
4/4,4,____,(lig.) ♩,s,sobe,_x_x,(lig.) sc ♪ sc,2,406,0.0049,0.0036,0.0014,16.8222
4/4,2,x_x_,♪ ♪,r,repete,x_x_,♪ ♪,457,680,0.6721,0.7979,-0.1259,2.1673
4/4,2,x_x_,♪ ♪,r,repete,x___,♩,134,680,0.1971,0.1419,0.0552,0.6361
4/4,2,x_x_,♪ ♪,r,repete,x__x,♪. sc,26,680,0.0382,0.0171,0.0211,0.5522
4/4,2,x_x_,♪ ♪,r,repete,__x_,(lig.) ♪ ♪,23,680,0.0338,0.0087,0.0251,0.3214
4/4,2,x_x_,♪ ♪,r,repete,x_xx,♪ sc sc,13,680,0.0191,0.0126,0.0065,2.8184
4/4,2,x_x_,♪ ♪,r,repete,xxxx,sc sc sc sc,7,680,0.0103,0.0071,0.0032,1.458
4/4,2,x_x_,♪ ♪,r,repete,____,(lig.) ♩,7,680,0.0103,0.0033,0.007,0.0619
4/4,2,x_x_,♪ ♪,r,repete,__xx,(lig.) ♪ sc sc,4,680,0.0059,0.0015,0.0044,2.3563
4/4,2,x_x_,♪ ♪,r,repete,xxx_,sc sc ♪,3,680,0.0044,0.0045,-0.0001,1.151
4/4,2,x_x_,♪ ♪,r,repete,_xx_,(lig.) sc sc ♪,2,680,0.0029,0.0015,0.0015,1.1004
4/4,2,x_x_,♪ ♪,r,repete,....,pausa ♩,2,680,0.0029,0.0004,0.0025,0.3461
4/4,1,x_x_,♪ ♪,r,repete,x___,♩,810,1091,0.7424,0.5144,0.2281,1.1474
4/4,1,x_x_,♪ ♪,r,repete,x_x_,♪ ♪,216,1091,0.198,0.4021,-0.2041,0.8261
4/4,1,x_x_,♪ ♪,r,repete,x__x,♪. sc,40,1091,0.0367,0.0411,-0.0044,0.6045
4/4,1,x_x_,♪ ♪,r,repete,x_xx,♪ sc sc,7,1091,0.0064,0.0062,0.0002,0.9998
4/4,1,x_x_,♪ ♪,r,repete,xxx_,sc sc ♪,6,1091,0.0055,0.0108,-0.0053,0.7601
4/4,1,x_x_,♪ ♪,r,repete,xxxx,sc sc sc sc,6,1091,0.0055,0.0054,0.0001,0.9
4/4,1,x_x_,♪ ♪,r,repete,_xx_,(lig.) sc sc ♪,3,1091,0.0027,0.0025,0.0003,1.0755
4/4,1,x_x_,♪ ♪,r,repete,xx__,sc ♪.,2,1091,0.0018,0.0118,-0.01,0.1267
4/4,1,__xx,(lig.) ♪ sc sc,d,desce,x_x_,♪ ♪,12,38,0.3158,0.2769,0.0389,1.3176
4/4,1,__xx,(lig.) ♪ sc sc,d,desce,x___,♩,9,38,0.2368,0.3,-0.0632,0.366
4/4,1,__xx,(lig.) ♪ sc sc,d,desce,x__x,♪. sc,8,38,0.2105,0.1769,0.0336,3.4714
4/4,1,__xx,(lig.) ♪ sc sc,d,desce,__xx,(lig.) ♪ sc sc,3,38,0.0789,0.1,-0.0211,154.3895
4/4,1,__xx,(lig.) ♪ sc sc,d,desce,__x_,(lig.) ♪ ♪,2,38,0.0526,0.0692,-0.0166,11.1272
4/4,3,xx__,sc ♪.,d,desce,x___,♩,12,33,0.3636,0.1404,0.2233,0.6404
4/4,3,xx__,sc ♪.,d,desce,xx__,sc ♪.,10,33,0.303,0.3772,-0.0742,28.1042
4/4,3,xx__,sc ♪.,d,desce,x_x_,♪ ♪,6,33,0.1818,0.1491,0.0327,0.7706
4/4,3,xx__,sc ♪.,d,desce,x__x,♪. sc,5,33,0.1515,0.2632,-0.1116,3.3835
4/4,4,xx__,sc ♪.,s,sobe,x__x,♪. sc,55,126,0.4365,0.4506,-0.0141,7.3266
4/4,4,xx__,sc ♪.,s,sobe,x___,♩,35,126,0.2778,0.2127,0.0651,0.7462
4/4,4,xx__,sc ♪.,s,sobe,xx__,sc ♪.,16,126,0.127,0.1038,0.0232,35.5973
4/4,4,xx__,sc ♪.,s,sobe,x_x_,♪ ♪,11,126,0.0873,0.1722,-0.0849,0.2262
4/4,4,xx__,sc ♪.,s,sobe,..x_,pausa ♪ ♪,4,126,0.0317,0.038,-0.0062,1.9942
4/4,4,xx__,sc ♪.,s,sobe,x_xx,♪ sc sc,4,126,0.0317,0.0127,0.0191,4.1407
4/4,3,xx__,sc ♪.,s,sobe,xx__,sc ♪.,32,68,0.4706,0.3772,0.0934,43.6442
4/4,3,xx__,sc ♪.,s,sobe,x__x,♪. sc,15,68,0.2206,0.2632,-0.0426,4.926
4/4,3,xx__,sc ♪.,s,sobe,x_x_,♪ ♪,10,68,0.1471,0.1491,-0.0021,0.6233
4/4,3,xx__,sc ♪.,s,sobe,x_xx,♪ sc sc,5,68,0.0735,0.0439,0.0297,18.1561
4/4,3,xx__,sc ♪.,s,sobe,xxx_,sc sc ♪,3,68,0.0441,0.0263,0.0178,5.6633
4/4,3,xx__,sc ♪.,s,sobe,x___,♩,3,68,0.0441,0.1404,-0.0962,0.0777
4/4,4,xx__,sc ♪.,d,desce,x__x,♪. sc,114,245,0.4653,0.4506,0.0147,7.81
4/4,4,xx__,sc ♪.,d,desce,x_x_,♪ ♪,51,245,0.2082,0.1722,0.036,0.5395
4/4,4,xx__,sc ♪.,d,desce,x___,♩,40,245,0.1633,0.2127,-0.0494,0.4386
4/4,4,xx__,sc ♪.,d,desce,xx__,sc ♪.,25,245,0.102,0.1038,-0.0018,28.6049
4/4,4,xx__,sc ♪.,d,desce,..x_,pausa ♪ ♪,11,245,0.0449,0.038,0.0069,2.8203
4/4,2,x___,♩,0,—,x___,♩,189,503,0.3757,0.4054,-0.0296,1.2129
4/4,2,x___,♩,0,—,x_x_,♪ ♪,124,503,0.2465,0.1339,0.1127,0.795
4/4,2,x___,♩,0,—,__x_,(lig.) ♪ ♪,87,503,0.173,0.1577,0.0153,1.6437
4/4,2,x___,♩,0,—,____,(lig.) ♩,69,503,0.1372,0.2538,-0.1166,0.8252
4/4,2,x___,♩,0,—,x__x,♪. sc,27,503,0.0537,0.0291,0.0246,0.7752
4/4,2,x___,♩,0,—,..x_,pausa ♪ ♪,3,503,0.006,0.0019,0.0041,3.4279
4/4,2,x___,♩,0,—,xxx_,sc sc ♪,2,503,0.004,0.0013,0.0027,1.0374
4/4,2,x___,♩,0,—,x_xx,♪ sc sc,2,503,0.004,0.0019,0.0021,0.5862
4/4,1,____,(lig.) ♩,r,repete,x___,♩,240,284,0.8451,0.8257,0.0194,1.3061
4/4,1,____,(lig.) ♩,r,repete,x_x_,♪ ♪,25,284,0.088,0.084,0.004,0.3673
4/4,1,____,(lig.) ♩,r,repete,....,pausa ♩,8,284,0.0282,0.0416,-0.0134,6.9292
4/4,1,____,(lig.) ♩,r,repete,____,(lig.) ♩,7,284,0.0246,0.0141,0.0105,5.0473
4/4,1,____,(lig.) ♩,r,repete,x__x,♪. sc,3,284,0.0106,0.0146,-0.004,0.1742
4/4,4,x___,♩,0,—,x___,♩,26,60,0.4333,0.5005,-0.0672,1.1641
4/4,4,x___,♩,0,—,____,(lig.) ♩,18,60,0.3,0.1148,0.1852,4.1568
4/4,4,x___,♩,0,—,__x_,(lig.) ♪ ♪,9,60,0.15,0.0741,0.0759,3.2951
4/4,4,x___,♩,0,—,x_x_,♪ ♪,5,60,0.0833,0.2199,-0.1366,0.216
4/4,2,____,(lig.) ♩,r,repete,x___,♩,6,16,0.375,0.4294,-0.0544,1.2105
4/4,2,____,(lig.) ♩,r,repete,____,(lig.) ♩,4,16,0.25,0.2176,0.0324,1.504
4/4,2,____,(lig.) ♩,r,repete,x_x_,♪ ♪,2,16,0.125,0.1235,0.0015,0.4031
4/4,2,....,pausa ♩,s,sobe,x___,♩,31,49,0.6327,0.6835,-0.0509,2.0423
4/4,2,....,pausa ♩,s,sobe,....,pausa ♩,15,49,0.3061,0.2532,0.053,36.0234
4/4,4,..x_,pausa ♪ ♪,d,desce,x_x_,♪ ♪,132,142,0.9296,0.9345,-0.0049,2.409
4/4,4,..x_,pausa ♪ ♪,d,desce,x__x,♪. sc,6,142,0.0423,0.0468,-0.0045,0.7092
4/4,4,..x_,pausa ♪ ♪,d,desce,x_xx,♪ sc sc,4,142,0.0282,0.0094,0.0188,3.6741
4/4,3,x_xx,♪ sc sc,d,desce,x_x_,♪ ♪,35,101,0.3465,0.4126,-0.0661,1.4687
4/4,3,x_xx,♪ sc sc,d,desce,x___,♩,29,101,0.2871,0.3123,-0.0251,0.5056
4/4,3,x_xx,♪ sc sc,d,desce,xxxx,sc sc sc sc,10,101,0.099,0.0595,0.0395,18.1053
4/4,3,x_xx,♪ sc sc,d,desce,x__x,♪. sc,9,101,0.0891,0.0706,0.0185,1.9899
4/4,3,x_xx,♪ sc sc,d,desce,xx__,sc ♪.,5,101,0.0495,0.0186,0.0309,4.5913
4/4,3,x_xx,♪ sc sc,d,desce,__x_,(lig.) ♪ ♪,4,101,0.0396,0.026,0.0136,6.2412
4/4,3,x_xx,♪ sc sc,d,desce,__..,(lig.) ♪ pausa ♪,4,101,0.0396,0.0149,0.0247,76.7663
4/4,3,x_xx,♪ sc sc,d,desce,x_xx,♪ sc sc,4,101,0.0396,0.0781,-0.0385,9.7792
4/4,2,x_xx,♪ sc sc,d,desce,x_x_,♪ ♪,31,98,0.3163,0.417,-0.1007,1.0201
4/4,2,x_xx,♪ sc sc,d,desce,x_xx,♪ sc sc,26,98,0.2653,0.2162,0.0491,39.1124
4/4,2,x_xx,♪ sc sc,d,desce,xxxx,sc sc sc sc,12,98,0.1224,0.0965,0.0259,17.3427
4/4,2,x_xx,♪ sc sc,d,desce,x___,♩,12,98,0.1224,0.1351,-0.0127,0.3953
4/4,2,x_xx,♪ sc sc,d,desce,x__x,♪. sc,6,98,0.0612,0.0618,-0.0006,0.8842
4/4,2,x_xx,♪ sc sc,d,desce,xxx_,sc sc ♪,5,98,0.051,0.0463,0.0047,13.3113
4/4,2,x_xx,♪ sc sc,d,desce,____,(lig.) ♩,2,98,0.0204,0.0077,0.0127,0.1228
4/4,1,..x_,pausa ♪ ♪,s,sobe,x___,♩,123,222,0.5541,0.5122,0.0418,0.8563
4/4,1,..x_,pausa ♪ ♪,s,sobe,x_x_,♪ ♪,71,222,0.3198,0.2949,0.0249,1.3344
4/4,1,..x_,pausa ♪ ♪,s,sobe,x__x,♪. sc,18,222,0.0811,0.1082,-0.0271,1.3369
4/4,1,..x_,pausa ♪ ♪,s,sobe,__x_,(lig.) ♪ ♪,4,222,0.018,0.0082,0.0099,3.8093
4/4,1,..x_,pausa ♪ ♪,s,sobe,x_xx,♪ sc sc,2,222,0.009,0.0061,0.0029,1.4038
4/4,1,..x_,pausa ♪ ♪,s,sobe,x_..,♪ pausa ♪,2,222,0.009,0.002,0.007,14.0944
4/4,1,____,(lig.) ♩,s,sobe,x___,♩,601,752,0.7992,0.8257,-0.0265,1.2352
4/4,1,____,(lig.) ♩,s,sobe,x_x_,♪ ♪,76,752,0.1011,0.084,0.017,0.4217
4/4,1,____,(lig.) ♩,s,sobe,....,pausa ♩,30,752,0.0399,0.0416,-0.0017,9.8133
4/4,1,____,(lig.) ♩,s,sobe,____,(lig.) ♩,16,752,0.0213,0.0141,0.0071,4.3569
4/4,1,____,(lig.) ♩,s,sobe,x__x,♪. sc,11,752,0.0146,0.0146,0.0001,0.2412
4/4,1,____,(lig.) ♩,s,sobe,xx_x,sc ♪ sc,6,752,0.008,0.0025,0.0055,52.0106
4/4,1,____,(lig.) ♩,s,sobe,__x_,(lig.) ♪ ♪,4,752,0.0053,0.0029,0.0024,1.1246
4/4,1,____,(lig.) ♩,s,sobe,x_xx,♪ sc sc,4,752,0.0053,0.0092,-0.0038,0.8289
4/4,1,____,(lig.) ♩,s,sobe,xxxx,sc sc sc sc,2,752,0.0027,0.0025,0.0002,0.4352
4/4,2,x___,♩,r,repete,x___,♩,1503,2936,0.5119,0.4054,0.1066,1.6525
4/4,2,x___,♩,r,repete,____,(lig.) ♩,541,2936,0.1843,0.2538,-0.0695,1.1085
4/4,2,x___,♩,r,repete,__x_,(lig.) ♪ ♪,452,2936,0.154,0.1577,-0.0037,1.463
4/4,2,x___,♩,r,repete,x_x_,♪ ♪,357,2936,0.1216,0.1339,-0.0123,0.3921
4/4,2,x___,♩,r,repete,x__x,♪. sc,50,2936,0.017,0.0291,-0.0121,0.2459
4/4,2,x___,♩,r,repete,....,pausa ♩,11,2936,0.0037,0.0105,-0.0068,0.4409
4/4,2,x___,♩,r,repete,__xx,(lig.) ♪ sc sc,8,2936,0.0027,0.0026,0.0001,1.0915
4/4,2,x___,♩,r,repete,..x_,pausa ♪ ♪,5,2936,0.0017,0.0019,-0.0002,0.9788
4/4,2,x___,♩,r,repete,xxx_,sc sc ♪,4,2936,0.0014,0.0013,0,0.3555
4/4,2,x___,♩,r,repete,xxxx,sc sc sc sc,3,2936,0.001,0.001,0,0.1447
4/4,1,....,pausa ♩,d,desce,x___,♩,400,464,0.8621,0.8374,0.0246,1.3323
4/4,1,....,pausa ♩,d,desce,x_x_,♪ ♪,40,464,0.0862,0.0984,-0.0122,0.3597
4/4,1,....,pausa ♩,d,desce,....,pausa ♩,13,464,0.028,0.0383,-0.0102,6.8919
4/4,1,....,pausa ♩,d,desce,x__x,♪. sc,8,464,0.0172,0.015,0.0022,0.2843
4/4,1,....,pausa ♩,d,desce,x_xx,♪ sc sc,2,464,0.0043,0.0041,0.0002,0.6717
4/4,3,__x_,(lig.) ♪ ♪,r,repete,x___,♩,509,855,0.5953,0.67,-0.0747,1.0484
4/4,3,__x_,(lig.) ♪ ♪,r,repete,x_x_,♪ ♪,282,855,0.3298,0.2697,0.0601,1.3979
4/4,3,__x_,(lig.) ♪ ♪,r,repete,x__x,♪. sc,53,855,0.062,0.0442,0.0178,1.3843
4/4,3,__x_,(lig.) ♪ ♪,r,repete,__x_,(lig.) ♪ ♪,4,855,0.0047,0.0041,0.0006,0.7373
4/4,3,__x_,(lig.) ♪ ♪,r,repete,x_xx,♪ sc sc,4,855,0.0047,0.0024,0.0023,1.1552
4/4,1,____,(lig.) ♩,d,desce,x___,♩,1125,1348,0.8346,0.8257,0.0089,1.2898
4/4,1,____,(lig.) ♩,d,desce,x_x_,♪ ♪,100,1348,0.0742,0.084,-0.0098,0.3095
4/4,1,____,(lig.) ♩,d,desce,....,pausa ♩,62,1348,0.046,0.0416,0.0044,11.314
4/4,1,____,(lig.) ♩,d,desce,x__x,♪. sc,21,1348,0.0156,0.0146,0.001,0.2569
4/4,1,____,(lig.) ♩,d,desce,x_xx,♪ sc sc,17,1348,0.0126,0.0092,0.0035,1.9651
4/4,1,____,(lig.) ♩,d,desce,____,(lig.) ♩,11,1348,0.0082,0.0141,-0.006,1.671
4/4,1,____,(lig.) ♩,d,desce,xxxx,sc sc sc sc,4,1348,0.003,0.0025,0.0005,0.4856
4/4,1,____,(lig.) ♩,d,desce,__x_,(lig.) ♪ ♪,3,1348,0.0022,0.0029,-0.0007,0.4705
4/4,1,____,(lig.) ♩,d,desce,x_..,♪ pausa ♪,3,1348,0.0022,0.0017,0.0006,3.4818
4/4,1,____,(lig.) ♩,d,desce,xxx_,sc sc ♪,2,1348,0.0015,0.0012,0.0002,0.2051
4/4,3,x___,♩,r,repete,x___,♩,2831,3834,0.7384,0.7619,-0.0235,1.3003
4/4,3,x___,♩,r,repete,x_x_,♪ ♪,533,3834,0.139,0.1069,0.0321,0.5892
4/4,3,x___,♩,r,repete,....,pausa ♩,218,3834,0.0569,0.0557,0.0011,0.9376
4/4,3,x___,♩,r,repete,..x_,pausa ♪ ♪,86,3834,0.0224,0.0206,0.0018,1.6014
4/4,3,x___,♩,r,repete,x__x,♪. sc,59,3834,0.0154,0.0121,0.0033,0.3436
4/4,3,x___,♩,r,repete,____,(lig.) ♩,58,3834,0.0151,0.025,-0.0099,0.4192
4/4,3,x___,♩,r,repete,__x_,(lig.) ♪ ♪,26,3834,0.0068,0.0089,-0.0021,1.0687
4/4,3,x___,♩,r,repete,__xx,(lig.) ♪ sc sc,7,3834,0.0018,0.0008,0.001,2.9492
4/4,3,x___,♩,r,repete,x_xx,♪ sc sc,7,3834,0.0018,0.0025,-0.0007,0.4508
4/4,3,x___,♩,r,repete,xxxx,sc sc sc sc,3,3834,0.0008,0.0017,-0.0009,0.1431
4/4,3,x___,♩,r,repete,xx__,sc ♪.,3,3834,0.0008,0.0013,-0.0005,0.0726
4/4,3,x___,♩,r,repete,__..,(lig.) ♪ pausa ♪,2,3834,0.0005,0.0006,-0.0001,1.0111
4/4,4,xxxx,sc sc sc sc,s,sobe,xxxx,sc sc sc sc,22,66,0.3333,0.1801,0.1532,69.9516
4/4,4,xxxx,sc sc sc sc,s,sobe,x_x_,♪ ♪,18,66,0.2727,0.2844,-0.0116,0.7068
4/4,4,xxxx,sc sc sc sc,s,sobe,x___,♩,17,66,0.2576,0.237,0.0206,0.692
4/4,4,xxxx,sc sc sc sc,s,sobe,x__x,♪. sc,5,66,0.0758,0.09,-0.0143,1.2716
4/4,4,xxxx,sc sc sc sc,s,sobe,x_xx,♪ sc sc,2,66,0.0303,0.0284,0.0019,3.9524
4/4,3,__x_,(lig.) ♪ ♪,d,desce,x___,♩,1442,2032,0.7096,0.67,0.0396,1.2497
4/4,3,__x_,(lig.) ♪ ♪,d,desce,x_x_,♪ ♪,485,2032,0.2387,0.2697,-0.0311,1.0116
4/4,3,__x_,(lig.) ♪ ♪,d,desce,x__x,♪. sc,77,2032,0.0379,0.0442,-0.0063,0.8462
4/4,3,__x_,(lig.) ♪ ♪,d,desce,__x_,(lig.) ♪ ♪,10,2032,0.0049,0.0041,0.0008,0.7755
4/4,3,__x_,(lig.) ♪ ♪,d,desce,x_..,♪ pausa ♪,5,2032,0.0025,0.0014,0.001,1.8704
4/4,3,__x_,(lig.) ♪ ♪,d,desce,_xx_,(lig.) sc sc ♪,4,2032,0.002,0.0014,0.0005,0.9421
4/4,3,__x_,(lig.) ♪ ♪,d,desce,x_xx,♪ sc sc,3,2032,0.0015,0.0024,-0.0009,0.3646
4/4,3,__x_,(lig.) ♪ ♪,d,desce,xx__,sc ♪.,2,2032,0.001,0.0038,-0.0029,0.0913
4/4,3,__x_,(lig.) ♪ ♪,d,desce,xxx_,sc sc ♪,2,2032,0.001,0.0014,-0.0005,0.1263
4/4,3,__x_,(lig.) ♪ ♪,d,desce,xxxx,sc sc sc sc,2,2032,0.001,0.001,0,0.18
4/4,1,..xx,pausa ♪ sc sc,d,desce,x_x_,♪ ♪,10,22,0.4545,0.3509,0.1037,1.8965
4/4,1,..xx,pausa ♪ sc sc,d,desce,x___,♩,6,22,0.2727,0.2982,-0.0255,0.4215
4/4,1,..xx,pausa ♪ sc sc,d,desce,x__x,♪. sc,3,22,0.1364,0.193,-0.0566,2.2485
4/4,1,..xx,pausa ♪ sc sc,d,desce,xxxx,sc sc sc sc,2,22,0.0909,0.0351,0.0558,14.8771
4/4,1,..xx,pausa ♪ sc sc,s,sobe,x_x_,♪ ♪,10,30,0.3333,0.3509,-0.0175,1.3908
4/4,1,..xx,pausa ♪ sc sc,s,sobe,x___,♩,8,30,0.2667,0.2982,-0.0316,0.4121
4/4,1,..xx,pausa ♪ sc sc,s,sobe,x__x,♪. sc,7,30,0.2333,0.193,0.0404,3.8474
4/4,1,..xx,pausa ♪ sc sc,s,sobe,xx__,sc ♪.,4,30,0.1333,0.0877,0.0456,9.2137
4/4,4,_xx_,(lig.) sc sc ♪,s,sobe,_xx_,(lig.) sc sc ♪,18,37,0.4865,0.4359,0.0506,294.748
4/4,4,_xx_,(lig.) sc sc ♪,s,sobe,x_x_,♪ ♪,10,37,0.2703,0.3718,-0.1015,0.7004
4/4,4,_xx_,(lig.) sc sc ♪,s,sobe,_xxx,(lig.) sc sc sc sc,5,37,0.1351,0.0769,0.0582,362.5869
4/4,4,_xx_,(lig.) sc sc ♪,s,sobe,__x_,(lig.) ♪ ♪,2,37,0.0541,0.0513,0.0028,1.1874
4/4,4,_xx_,(lig.) sc sc ♪,s,sobe,x_xx,♪ sc sc,2,37,0.0541,0.0385,0.0156,7.0503
4/4,1,_xx_,(lig.) sc sc ♪,s,sobe,_xx_,(lig.) sc sc ♪,21,26,0.8077,0.5738,0.2339,315.9046
4/4,1,_xx_,(lig.) sc sc ♪,s,sobe,__x_,(lig.) ♪ ♪,2,26,0.0769,0.082,-0.005,16.2628
4/4,1,_xx_,(lig.) sc sc ♪,s,sobe,x_x_,♪ ♪,2,26,0.0769,0.1148,-0.0378,0.321
4/4,3,_xx_,(lig.) sc sc ♪,d,desce,_xx_,(lig.) sc sc ♪,17,43,0.3953,0.4231,-0.0277,189.2159
4/4,3,_xx_,(lig.) sc sc ♪,d,desce,x_x_,♪ ♪,12,43,0.2791,0.2019,0.0771,1.1828
4/4,3,_xx_,(lig.) sc sc ♪,d,desce,__x_,(lig.) ♪ ♪,6,43,0.1395,0.1538,-0.0143,21.9892
4/4,3,_xx_,(lig.) sc sc ♪,d,desce,_xxx,(lig.) sc sc sc sc,5,43,0.1163,0.0865,0.0297,409.7992
4/4,4,_xx_,(lig.) sc sc ♪,d,desce,x_x_,♪ ♪,18,36,0.5,0.3718,0.1282,1.2958
4/4,4,_xx_,(lig.) sc sc ♪,d,desce,_xx_,(lig.) sc sc ♪,13,36,0.3611,0.4359,-0.0748,218.7867
4/4,4,_xx_,(lig.) sc sc ♪,d,desce,__x_,(lig.) ♪ ♪,2,36,0.0556,0.0513,0.0043,1.2204
4/4,1,_xx_,(lig.) sc sc ♪,d,desce,_xx_,(lig.) sc sc ♪,14,31,0.4516,0.5738,-0.1222,176.6348
4/4,1,_xx_,(lig.) sc sc ♪,d,desce,____,(lig.) ♩,6,31,0.1935,0.1311,0.0624,39.6338
4/4,1,_xx_,(lig.) sc sc ♪,d,desce,x_x_,♪ ♪,4,31,0.129,0.1148,0.0143,0.5384
4/4,1,_xx_,(lig.) sc sc ♪,d,desce,__x_,(lig.) ♪ ♪,2,31,0.0645,0.082,-0.0175,13.6398
4/4,1,_xx_,(lig.) sc sc ♪,d,desce,x___,♩,2,31,0.0645,0.0492,0.0153,0.0997
4/4,1,_xx_,(lig.) sc sc ♪,d,desce,xxx_,sc sc ♪,2,31,0.0645,0.0328,0.0317,8.9164
4/4,4,x__x,♪. sc,r,repete,x_x_,♪ ♪,42,106,0.3962,0.2811,0.1151,1.0268
4/4,4,x__x,♪. sc,r,repete,x__x,♪. sc,39,106,0.3679,0.5807,-0.2128,6.1755
4/4,4,x__x,♪. sc,r,repete,x___,♩,22,106,0.2075,0.0758,0.1318,0.5576
4/4,4,x__x,♪. sc,r,repete,x_xx,♪ sc sc,2,106,0.0189,0.0087,0.0102,2.461
4/4,2,xxx_,sc sc ♪,d,desce,x_x_,♪ ♪,16,28,0.5714,0.4774,0.0941,1.8428
4/4,2,xxx_,sc sc ♪,d,desce,xxx_,sc sc ♪,4,28,0.1429,0.0836,0.0592,37.2716
4/4,2,xxx_,sc sc ♪,d,desce,__x_,(lig.) ♪ ♪,3,28,0.1071,0.0174,0.0897,1.0182
4/4,2,xxx_,sc sc ♪,d,desce,____,(lig.) ♩,2,28,0.0714,0.0209,0.0505,0.4297
4/4,3,xxx_,sc sc ♪,d,desce,x_x_,♪ ♪,18,55,0.3273,0.2829,0.0444,1.3871
4/4,3,xxx_,sc sc ♪,d,desce,x___,♩,11,55,0.2,0.4145,-0.2145,0.3522
4/4,3,xxx_,sc sc ♪,d,desce,x__x,♪. sc,10,55,0.1818,0.1447,0.0371,4.0602
4/4,3,xxx_,sc sc ♪,d,desce,x_..,♪ pausa ♪,4,55,0.0727,0.0263,0.0464,55.2827
4/4,3,xxx_,sc sc ♪,d,desce,x_xx,♪ sc sc,3,55,0.0545,0.0395,0.0151,13.4686
4/4,3,xxx_,sc sc ♪,d,desce,xxx_,sc sc ♪,3,55,0.0545,0.0329,0.0217,7.0019
4/4,3,xxx_,sc sc ♪,d,desce,__x_,(lig.) ♪ ♪,2,55,0.0364,0.0132,0.0232,5.7305
4/4,3,____,(lig.) ♩,d,desce,x___,♩,1202,2859,0.4204,0.4793,-0.0589,0.7404
4/4,3,____,(lig.) ♩,d,desce,....,pausa ♩,877,2859,0.3068,0.2541,0.0526,5.0582
4/4,3,____,(lig.) ♩,d,desce,____,(lig.) ♩,567,2859,0.1983,0.1836,0.0147,5.4956
4/4,3,____,(lig.) ♩,d,desce,..x_,pausa ♪ ♪,125,2859,0.0437,0.0385,0.0052,3.1215
4/4,3,____,(lig.) ♩,d,desce,x_x_,♪ ♪,58,2859,0.0203,0.0296,-0.0093,0.086
4/4,3,____,(lig.) ♩,d,desce,...x,pausa ♪. sc,7,2859,0.0024,0.0028,-0.0003,4.7459
4/4,3,____,(lig.) ♩,d,desce,__x_,(lig.) ♪ ♪,7,2859,0.0024,0.0041,-0.0017,0.3858
4/4,3,____,(lig.) ♩,d,desce,x_..,♪ pausa ♪,5,2859,0.0017,0.0021,-0.0003,1.3294
4/4,3,____,(lig.) ♩,d,desce,xxx_,sc sc ♪,3,2859,0.001,0.0016,-0.0005,0.1347
4/4,3,____,(lig.) ♩,d,desce,..xx,pausa ♪ sc sc,3,2859,0.001,0.0005,0.0005,5.8113
4/4,3,____,(lig.) ♩,d,desce,___x,(lig.) ♪. sc,2,2859,0.0007,0.0005,0.0002,2.2599
4/4,3,xx__,sc ♪.,r,repete,x__x,♪. sc,10,13,0.7692,0.2632,0.5061,17.1779
4/4,1,_xxx,(lig.) sc sc sc sc,d,desce,__x_,(lig.) ♪ ♪,8,11,0.7273,0.6429,0.0844,153.7572
4/4,1,_xxx,(lig.) sc sc sc sc,d,desce,xxx_,sc sc ♪,2,11,0.1818,0.1429,0.039,25.1282
4/4,3,_xx_,(lig.) sc sc ♪,r,repete,____,(lig.) ♩,5,14,0.3571,0.0481,0.3091,9.8966
4/4,3,_xx_,(lig.) sc sc ♪,r,repete,__x_,(lig.) ♪ ♪,3,14,0.2143,0.1538,0.0604,33.7692
4/4,3,_xx_,(lig.) sc sc ♪,r,repete,__..,(lig.) ♪ pausa ♪,3,14,0.2143,0.0288,0.1854,415.3607
4/4,3,_xx_,(lig.) sc sc ♪,r,repete,_xx_,(lig.) sc sc ♪,2,14,0.1429,0.4231,-0.2802,68.3721
4/4,3,____,(lig.) ♩,r,repete,x___,♩,330,530,0.6226,0.4793,0.1433,1.0965
4/4,3,____,(lig.) ♩,r,repete,____,(lig.) ♩,107,530,0.2019,0.1836,0.0183,5.5944
4/4,3,____,(lig.) ♩,r,repete,....,pausa ♩,48,530,0.0906,0.2541,-0.1635,1.4934
4/4,3,____,(lig.) ♩,r,repete,x_x_,♪ ♪,21,530,0.0396,0.0296,0.0101,0.1679
4/4,3,____,(lig.) ♩,r,repete,xxx_,sc sc ♪,6,530,0.0113,0.0016,0.0098,1.4532
4/4,3,____,(lig.) ♩,r,repete,__x_,(lig.) ♪ ♪,3,530,0.0057,0.0041,0.0015,0.892
4/4,3,____,(lig.) ♩,r,repete,..x_,pausa ♪ ♪,3,530,0.0057,0.0385,-0.0329,0.4041
4/4,3,____,(lig.) ♩,r,repete,x__x,♪. sc,3,530,0.0057,0.0016,0.0041,0.1264
4/4,3,____,(lig.) ♩,r,repete,x_xx,♪ sc sc,3,530,0.0057,0.0007,0.005,1.3977
4/4,3,____,(lig.) ♩,r,repete,x_.x,♪ pausa sc sc,2,530,0.0038,0.0003,0.0034,24.3818
4/4,3,____,(lig.) ♩,r,repete,x_..,♪ pausa ♪,2,530,0.0038,0.0021,0.0017,2.8684
4/4,4,____,(lig.) ♩,r,repete,x___,♩,63,144,0.4375,0.4546,-0.0171,1.1753
4/4,4,____,(lig.) ♩,r,repete,x_x_,♪ ♪,36,144,0.25,0.1815,0.0685,0.6479
4/4,4,____,(lig.) ♩,r,repete,____,(lig.) ♩,23,144,0.1597,0.2117,-0.052,2.2131
4/4,4,____,(lig.) ♩,r,repete,x__x,♪. sc,6,144,0.0417,0.0285,0.0132,0.6994
4/4,4,____,(lig.) ♩,r,repete,xxxx,sc sc sc sc,5,144,0.0347,0.0044,0.0303,7.2866
4/4,4,____,(lig.) ♩,r,repete,..x_,pausa ♪ ♪,4,144,0.0278,0.0285,-0.0007,1.7449
4/4,4,____,(lig.) ♩,r,repete,....,pausa ♩,4,144,0.0278,0.0658,-0.0381,1.4255
4/4,4,____,(lig.) ♩,r,repete,xxx_,sc sc ♪,2,144,0.0139,0.0044,0.0094,4.6582
4/4,3,xxxx,sc sc sc sc,s,sobe,x___,♩,33,63,0.5238,0.4122,0.1116,0.9224
4/4,3,xxxx,sc sc sc sc,s,sobe,xxxx,sc sc sc sc,14,63,0.2222,0.1362,0.086,40.6363
4/4,3,xxxx,sc sc sc sc,s,sobe,x_x_,♪ ♪,14,63,0.2222,0.3728,-0.1505,0.9418
4/4,3,xxxx,sc sc sc sc,s,sobe,x__x,♪. sc,2,63,0.0317,0.0609,-0.0292,0.7089
4/4,3,....,pausa ♩,s,sobe,....,pausa ♩,65,119,0.5462,0.5608,-0.0146,9.0069
4/4,3,....,pausa ♩,s,sobe,x___,♩,27,119,0.2269,0.2166,0.0103,0.3996
4/4,3,....,pausa ♩,s,sobe,..x_,pausa ♪ ♪,25,119,0.2101,0.1751,0.035,14.9988
4/4,3,....,pausa ♩,s,sobe,x_x_,♪ ♪,2,119,0.0168,0.0356,-0.0188,0.0712
4/4,4,....,pausa ♩,s,sobe,x___,♩,340,668,0.509,0.487,0.022,1.3673
4/4,4,....,pausa ♩,s,sobe,x_x_,♪ ♪,229,668,0.3428,0.3705,-0.0277,0.8884
4/4,4,....,pausa ♩,s,sobe,....,pausa ♩,58,668,0.0868,0.0681,0.0188,4.4557
4/4,4,....,pausa ♩,s,sobe,x__x,♪. sc,31,668,0.0464,0.0515,-0.0051,0.7789
4/4,4,....,pausa ♩,s,sobe,..x_,pausa ♪ ♪,9,668,0.0135,0.0191,-0.0057,0.8463
4/4,2,__xx,(lig.) ♪ sc sc,s,sobe,__xx,(lig.) ♪ sc sc,9,13,0.6923,0.6,0.0923,277.3217
4/4,2,__xx,(lig.) ♪ sc sc,s,sobe,xx_x,sc ♪ sc,2,13,0.1538,0.1,0.0538,1220.2154
4/4,1,xxxx,sc sc sc sc,s,sobe,x_x_,♪ ♪,21,48,0.4375,0.3556,0.0819,1.8254
4/4,1,xxxx,sc sc sc sc,s,sobe,x___,♩,16,48,0.3333,0.2611,0.0722,0.5152
4/4,1,xxxx,sc sc sc sc,s,sobe,xxxx,sc sc sc sc,3,48,0.0625,0.1556,-0.0931,10.228
4/4,1,xxxx,sc sc sc sc,s,sobe,x__x,♪. sc,2,48,0.0417,0.1278,-0.0861,0.687
4/4,1,xxxx,sc sc sc sc,s,sobe,x_xx,♪ sc sc,2,48,0.0417,0.0278,0.0139,6.4927
4/4,1,xxxx,sc sc sc sc,s,sobe,xxx_,sc sc ♪,2,48,0.0417,0.0167,0.025,5.7585
4/4,2,x__x,♪. sc,r,repete,x_x_,♪ ♪,71,169,0.4201,0.3091,0.1111,1.3549
4/4,2,x__x,♪. sc,r,repete,x__x,♪. sc,62,169,0.3669,0.5458,-0.1789,5.2982
4/4,2,x__x,♪. sc,r,repete,x___,♩,30,169,0.1775,0.0761,0.1014,0.573
4/4,2,x__x,♪. sc,r,repete,xxxx,sc sc sc sc,3,169,0.0178,0.0333,-0.0155,2.5142
4/4,4,xx__,sc ♪.,r,repete,x__x,♪. sc,9,24,0.375,0.4506,-0.0756,6.2942
4/4,4,xx__,sc ♪.,r,repete,x___,♩,9,24,0.375,0.2127,0.1623,1.0074
4/4,4,xx__,sc ♪.,r,repete,x_x_,♪ ♪,6,24,0.25,0.1722,0.0778,0.6479
4/4,4,x_xx,♪ sc sc,r,repete,x_x_,♪ ♪,10,19,0.5263,0.4777,0.0486,1.364
4/4,4,x_xx,♪ sc sc,r,repete,x_xx,♪ sc sc,4,19,0.2105,0.0701,0.1405,27.4591
4/4,4,x_xx,♪ sc sc,r,repete,x___,♩,4,19,0.2105,0.2102,0.0003,0.5656
4/4,1,x__x,♪. sc,r,repete,x___,♩,135,166,0.8133,0.4111,0.4022,1.2569
4/4,1,x__x,♪. sc,r,repete,x_x_,♪ ♪,15,166,0.0904,0.1014,-0.011,0.377
4/4,1,x__x,♪. sc,r,repete,x__x,♪. sc,13,166,0.0783,0.3587,-0.2804,1.2913
4/4,4,....,pausa ♩,d,desce,x___,♩,710,1403,0.5061,0.487,0.019,1.3595
4/4,4,....,pausa ♩,d,desce,x_x_,♪ ♪,492,1403,0.3507,0.3705,-0.0198,0.9088
4/4,4,....,pausa ♩,d,desce,....,pausa ♩,90,1403,0.0641,0.0681,-0.0039,3.2919
4/4,4,....,pausa ♩,d,desce,x__x,♪. sc,75,1403,0.0535,0.0515,0.002,0.8973
4/4,4,....,pausa ♩,d,desce,..x_,pausa ♪ ♪,29,1403,0.0207,0.0191,0.0015,1.2984
4/4,4,....,pausa ♩,d,desce,x_xx,♪ sc sc,6,1403,0.0043,0.0026,0.0017,0.5578
4/4,4,....,pausa ♩,r,repete,x_x_,♪ ♪,150,280,0.5357,0.3705,0.1652,1.3883
4/4,4,....,pausa ♩,r,repete,x___,♩,95,280,0.3393,0.487,-0.1477,0.9115
4/4,4,....,pausa ♩,r,repete,x__x,♪. sc,15,280,0.0536,0.0515,0.0021,0.8992
4/4,4,....,pausa ♩,r,repete,....,pausa ♩,12,280,0.0429,0.0681,-0.0252,2.1993
4/4,4,....,pausa ♩,r,repete,..x_,pausa ♪ ♪,7,280,0.025,0.0191,0.0059,1.5704
4/4,1,..x_,pausa ♪ ♪,d,desce,x___,♩,96,162,0.5926,0.5122,0.0803,0.9159
4/4,1,..x_,pausa ♪ ♪,d,desce,x_x_,♪ ♪,51,162,0.3148,0.2949,0.0199,1.3135
4/4,1,..x_,pausa ♪ ♪,d,desce,x__x,♪. sc,12,162,0.0741,0.1082,-0.0341,1.2214
4/4,1,..x_,pausa ♪ ♪,d,desce,x_xx,♪ sc sc,2,162,0.0123,0.0061,0.0062,1.9238
4/4,4,__x_,(lig.) ♪ ♪,s,sobe,x_x_,♪ ♪,36,70,0.5143,0.5702,-0.0559,1.3328
4/4,4,__x_,(lig.) ♪ ♪,s,sobe,x___,♩,12,70,0.1714,0.1532,0.0182,0.4605
4/4,4,__x_,(lig.) ♪ ♪,s,sobe,__x_,(lig.) ♪ ♪,7,70,0.1,0.1149,-0.0149,2.1967
4/4,4,__x_,(lig.) ♪ ♪,s,sobe,_xx_,(lig.) sc sc ♪,5,70,0.0714,0.0383,0.0331,43.2765
4/4,4,__x_,(lig.) ♪ ♪,s,sobe,_xxx,(lig.) sc sc sc sc,3,70,0.0429,0.0255,0.0173,114.9918
4/4,4,__x_,(lig.) ♪ ♪,s,sobe,__xx,(lig.) ♪ sc sc,2,70,0.0286,0.0255,0.003,8.2558
4/4,4,__x_,(lig.) ♪ ♪,s,sobe,x__x,♪. sc,2,70,0.0286,0.0213,0.0073,0.4796
4/4,4,__x_,(lig.) ♪ ♪,s,sobe,xx..,sc sc pausa ♪,2,70,0.0286,0.0085,0.0201,30.6645
4/4,4,__x_,(lig.) ♪ ♪,r,repete,x_x_,♪ ♪,27,49,0.551,0.5702,-0.0192,1.428
4/4,4,__x_,(lig.) ♪ ♪,r,repete,__x_,(lig.) ♪ ♪,7,49,0.1429,0.1149,0.028,3.1382
4/4,4,__x_,(lig.) ♪ ♪,r,repete,x___,♩,4,49,0.0816,0.1532,-0.0716,0.2193
4/4,4,__x_,(lig.) ♪ ♪,r,repete,__xx,(lig.) ♪ sc sc,3,49,0.0612,0.0255,0.0357,17.6911
4/4,4,__x_,(lig.) ♪ ♪,r,repete,_xxx,(lig.) sc sc sc sc,3,49,0.0612,0.0255,0.0357,164.2741
4/4,4,__x_,(lig.) ♪ ♪,r,repete,x_xx,♪ sc sc,2,49,0.0408,0.017,0.0238,5.3237
4/4,4,__x_,(lig.) ♪ ♪,r,repete,_xx_,(lig.) sc sc ♪,2,49,0.0408,0.0383,0.0025,24.7294
4/4,1,....,pausa ♩,r,repete,x___,♩,71,92,0.7717,0.8374,-0.0657,1.1927
4/4,1,....,pausa ♩,r,repete,x_x_,♪ ♪,14,92,0.1522,0.0984,0.0538,0.6349
4/4,1,....,pausa ♩,r,repete,....,pausa ♩,5,92,0.0543,0.0383,0.0161,13.3689
4/4,1,....,pausa ♩,r,repete,x__x,♪. sc,2,92,0.0217,0.015,0.0067,0.3585
4/4,1,x_..,♪ pausa ♪,d,desce,x_x_,♪ ♪,15,27,0.5556,0.6154,-0.0598,2.318
4/4,1,x_..,♪ pausa ♪,d,desce,x___,♩,8,27,0.2963,0.2769,0.0194,0.4579
4/4,1,x_..,♪ pausa ♪,d,desce,x__x,♪. sc,4,27,0.1481,0.0615,0.0866,2.4428
4/4,2,__x_,(lig.) ♪ ♪,r,repete,_xx_,(lig.) sc sc ♪,21,47,0.4468,0.1978,0.249,167.1612
4/4,2,__x_,(lig.) ♪ ♪,r,repete,x_x_,♪ ♪,15,47,0.3191,0.2857,0.0334,1.0292
4/4,2,__x_,(lig.) ♪ ♪,r,repete,__x_,(lig.) ♪ ♪,5,47,0.1064,0.1209,-0.0145,1.011
4/4,2,__x_,(lig.) ♪ ♪,r,repete,x___,♩,3,47,0.0638,0.2967,-0.2329,0.206
4/4,2,__x_,(lig.) ♪ ♪,r,repete,_xxx,(lig.) sc sc sc sc,2,47,0.0426,0.0385,0.0041,54.4365
4/4,2,x_xx,♪ sc sc,r,repete,x_x_,♪ ♪,21,32,0.6563,0.417,0.2393,2.1164
4/4,2,x_xx,♪ sc sc,r,repete,x_xx,♪ sc sc,6,32,0.1875,0.2162,-0.0287,27.642
4/4,2,x_xx,♪ sc sc,r,repete,x__x,♪. sc,2,32,0.0625,0.0618,0.0007,0.9026
4/4,2,x_xx,♪ sc sc,r,repete,xxx_,sc sc ♪,2,32,0.0625,0.0463,0.0162,16.3063
4/4,3,__xx,(lig.) ♪ sc sc,s,sobe,x___,♩,26,48,0.5417,0.5657,-0.024,0.9539
4/4,3,__xx,(lig.) ♪ sc sc,s,sobe,x_x_,♪ ♪,9,48,0.1875,0.1717,0.0158,0.7947
4/4,3,__xx,(lig.) ♪ sc sc,s,sobe,__xx,(lig.) ♪ sc sc,4,48,0.0833,0.0606,0.0227,134.6076
4/4,3,__xx,(lig.) ♪ sc sc,s,sobe,x_xx,♪ sc sc,3,48,0.0625,0.0303,0.0322,15.4327
4/4,3,__xx,(lig.) ♪ sc sc,s,sobe,x__x,♪. sc,2,48,0.0417,0.0707,-0.029,0.9305
4/4,3,__xx,(lig.) ♪ sc sc,s,sobe,__x_,(lig.) ♪ ♪,2,48,0.0417,0.0303,0.0114,6.5662
4/4,2,....,pausa ♩,r,repete,x___,♩,11,15,0.7333,0.6835,0.0498,2.3673
4/4,2,....,pausa ♩,r,repete,....,pausa ♩,4,15,0.2667,0.2532,0.0135,31.3804
4/4,3,....,pausa ♩,r,repete,....,pausa ♩,9,18,0.5,0.5608,-0.0608,8.2448
4/4,3,....,pausa ♩,r,repete,x___,♩,5,18,0.2778,0.2166,0.0612,0.4892
4/4,3,....,pausa ♩,r,repete,..x_,pausa ♪ ♪,2,18,0.1111,0.1751,-0.064,7.9327
4/4,3,....,pausa ♩,r,repete,x_x_,♪ ♪,2,18,0.1111,0.0356,0.0755,0.4709
4/4,1,..x_,pausa ♪ ♪,r,repete,x___,♩,138,214,0.6449,0.5122,0.1326,0.9966
4/4,1,..x_,pausa ♪ ♪,r,repete,x_x_,♪ ♪,57,214,0.2664,0.2949,-0.0285,1.1113
4/4,1,..x_,pausa ♪ ♪,r,repete,x__x,♪. sc,18,214,0.0841,0.1082,-0.0241,1.3869
4/4,3,_xxx,(lig.) sc sc sc sc,r,repete,x_x_,♪ ♪,11,11,1,0.3793,0.6207,4.2382
4/4,1,xxx_,sc sc ♪,d,desce,x___,♩,9,40,0.225,0.2222,0.0028,0.3477
4/4,1,xxx_,sc sc ♪,d,desce,x_x_,♪ ♪,7,40,0.175,0.3504,-0.1754,0.7302
4/4,1,xxx_,sc sc ♪,d,desce,xxx_,sc sc ♪,6,40,0.15,0.0769,0.0731,20.7307
4/4,1,xxx_,sc sc ♪,d,desce,x__x,♪. sc,4,40,0.1,0.1282,-0.0282,1.6489
4/4,1,xxx_,sc sc ♪,d,desce,x_..,♪ pausa ♪,4,40,0.1,0.0342,0.0658,156.448
4/4,1,xxx_,sc sc ♪,d,desce,__x_,(lig.) ♪ ♪,3,40,0.075,0.0427,0.0323,15.8562
4/4,1,xxx_,sc sc ♪,d,desce,x_xx,♪ sc sc,3,40,0.075,0.0342,0.0408,11.6869
4/4,1,xxx_,sc sc ♪,d,desce,_xx_,(lig.) sc sc ♪,2,40,0.05,0.0598,-0.0098,19.556
4/4,4,xxx_,sc sc ♪,d,desce,xxx_,sc sc ♪,9,31,0.2903,0.0536,0.2368,97.3721
4/4,4,xxx_,sc sc ♪,d,desce,x___,♩,6,31,0.1935,0.3964,-0.2029,0.5199
4/4,4,xxx_,sc sc ♪,d,desce,____,(lig.) ♩,4,31,0.129,0.0214,0.1076,1.7879
4/4,4,xxx_,sc sc ♪,d,desce,x_x_,♪ ♪,4,31,0.129,0.3607,-0.2317,0.3344
4/4,4,xxx_,sc sc ♪,d,desce,x__x,♪. sc,3,31,0.0968,0.0893,0.0075,1.6243
4/4,4,xxx_,sc sc ♪,d,desce,_xx_,(lig.) sc sc ♪,3,31,0.0968,0.0107,0.0861,58.6327
4/4,2,....,pausa ♩,d,desce,x___,♩,66,94,0.7021,0.6835,0.0186,2.2665
4/4,2,....,pausa ♩,d,desce,....,pausa ♩,21,94,0.2234,0.2532,-0.0298,26.2894
4/4,2,....,pausa ♩,d,desce,x_x_,♪ ♪,5,94,0.0532,0.038,0.0152,0.1715
4/4,3,....,pausa ♩,d,desce,....,pausa ♩,115,200,0.575,0.5608,0.0142,9.4815
4/4,3,....,pausa ♩,d,desce,x___,♩,41,200,0.205,0.2166,-0.0116,0.361
4/4,3,....,pausa ♩,d,desce,..x_,pausa ♪ ♪,32,200,0.16,0.1751,-0.0151,11.4231
4/4,3,....,pausa ♩,d,desce,x_x_,♪ ♪,8,200,0.04,0.0356,0.0044,0.1695
4/4,2,__x_,(lig.) ♪ ♪,s,sobe,x___,♩,13,47,0.2766,0.2967,-0.0201,0.8929
4/4,2,__x_,(lig.) ♪ ♪,s,sobe,x_x_,♪ ♪,13,47,0.2766,0.2857,-0.0091,0.892
4/4,2,__x_,(lig.) ♪ ♪,s,sobe,_xx_,(lig.) sc sc ♪,7,47,0.1489,0.1978,-0.0489,55.7204
4/4,2,__x_,(lig.) ♪ ♪,s,sobe,_xxx,(lig.) sc sc sc sc,5,47,0.1064,0.0385,0.0679,136.0913
4/4,2,__x_,(lig.) ♪ ♪,s,sobe,__x_,(lig.) ♪ ♪,4,47,0.0851,0.1209,-0.0358,0.8088
4/4,2,__x_,(lig.) ♪ ♪,s,sobe,x_xx,♪ sc sc,3,47,0.0638,0.0165,0.0473,9.41
4/4,2,__x_,(lig.) ♪ ♪,s,sobe,x_..,♪ pausa ♪,2,47,0.0426,0.011,0.0316,52.7354
4/4,1,x_xx,♪ sc sc,r,repete,x_x_,♪ ♪,11,21,0.5238,0.3787,0.1451,2.1855
4/4,1,x_xx,♪ sc sc,r,repete,x___,♩,6,21,0.2857,0.2658,0.0199,0.4416
4/4,1,x_xx,♪ sc sc,r,repete,__x_,(lig.) ♪ ♪,2,21,0.0952,0.0332,0.062,20.1349
4/4,1,x_xx,♪ sc sc,r,repete,x_xx,♪ sc sc,2,21,0.0952,0.0266,0.0687,14.8404
4/4,4,__..,(lig.) ♪ pausa ♪,d,desce,x_x_,♪ ♪,6,10,0.6,0.6,0,1.5549
4/4,4,__..,(lig.) ♪ pausa ♪,d,desce,..x_,pausa ♪ ♪,2,10,0.2,0.2,0,12.5632
4/4,2,____,(lig.) ♩,d,desce,x___,♩,20,67,0.2985,0.4294,-0.1309,0.9636
4/4,2,____,(lig.) ♩,d,desce,____,(lig.) ♩,18,67,0.2687,0.2176,0.051,1.6162
4/4,2,____,(lig.) ♩,d,desce,x_x_,♪ ♪,11,67,0.1642,0.1235,0.0406,0.5295
4/4,2,____,(lig.) ♩,d,desce,__x_,(lig.) ♪ ♪,5,67,0.0746,0.0588,0.0158,0.7092
4/4,2,____,(lig.) ♩,d,desce,....,pausa ♩,5,67,0.0746,0.1059,-0.0313,8.7818
4/4,2,____,(lig.) ♩,d,desce,__..,(lig.) ♪ pausa ♪,4,67,0.0597,0.0235,0.0362,182.1217
4/4,2,____,(lig.) ♩,d,desce,_x_x,(lig.) sc ♪ sc,2,67,0.0299,0.0176,0.0122,107.6174
4/4,3,__..,(lig.) ♪ pausa ♪,d,desce,x_x_,♪ ♪,5,10,0.5,0.3846,0.1154,2.1191
4/4,3,__..,(lig.) ♪ pausa ♪,d,desce,..x_,pausa ♪ ♪,3,10,0.3,0.3077,-0.0077,21.4182
4/4,2,____,(lig.) ♩,s,sobe,x___,♩,46,86,0.5349,0.4294,0.1055,1.7266
4/4,2,____,(lig.) ♩,s,sobe,____,(lig.) ♩,15,86,0.1744,0.2176,-0.0432,1.0493
4/4,2,____,(lig.) ♩,s,sobe,....,pausa ♩,12,86,0.1395,0.1059,0.0337,16.42
4/4,2,____,(lig.) ♩,s,sobe,x_x_,♪ ♪,8,86,0.093,0.1235,-0.0305,0.3
4/4,2,____,(lig.) ♩,s,sobe,__x_,(lig.) ♪ ♪,4,86,0.0465,0.0588,-0.0123,0.442
4/4,4,__xx,(lig.) ♪ sc sc,d,desce,x___,♩,5,16,0.3125,0.2174,0.0951,0.8395
4/4,4,__xx,(lig.) ♪ sc sc,d,desce,xxxx,sc sc sc sc,4,16,0.25,0.1739,0.0761,52.4637
4/4,4,__xx,(lig.) ♪ sc sc,d,desce,x_x_,♪ ♪,3,16,0.1875,0.1304,0.0571,0.4859
4/4,4,__xx,(lig.) ♪ sc sc,d,desce,__xx,(lig.) ♪ sc sc,3,16,0.1875,0.3478,-0.1603,54.1788
4/4,1,....,pausa ♩,s,sobe,x___,♩,142,176,0.8068,0.8374,-0.0306,1.2469
4/4,1,....,pausa ♩,s,sobe,x_x_,♪ ♪,18,176,0.1023,0.0984,0.0039,0.4267
4/4,1,....,pausa ♩,s,sobe,....,pausa ♩,10,176,0.0568,0.0383,0.0186,13.9766
4/4,1,....,pausa ♩,s,sobe,xxxx,sc sc sc sc,3,176,0.017,0.0041,0.0129,2.7895
4/4,3,_xxx,(lig.) sc sc sc sc,d,desce,__x_,(lig.) ♪ ♪,10,16,0.625,0.3793,0.2457,98.4934
4/4,3,_xxx,(lig.) sc sc sc sc,d,desce,xxx_,sc sc ♪,4,16,0.25,0.1379,0.1121,32.0919
4/4,4,x_..,♪ pausa ♪,s,sobe,x___,♩,7,21,0.3333,0.1961,0.1373,0.8955
4/4,4,x_..,♪ pausa ♪,s,sobe,x_..,♪ pausa ♪,4,21,0.1905,0.1961,-0.0056,111.7976
4/4,4,x_..,♪ pausa ♪,s,sobe,xx__,sc ♪.,3,21,0.1429,0.0784,0.0644,40.0469
4/4,4,x_..,♪ pausa ♪,s,sobe,x_x_,♪ ♪,2,21,0.0952,0.3333,-0.2381,0.2468
4/4,4,x_..,♪ pausa ♪,s,sobe,....,pausa ♩,2,21,0.0952,0.0588,0.0364,4.8873
4/4,3,x_..,♪ pausa ♪,d,desce,x___,♩,8,12,0.6667,0.5625,0.1042,1.174
4/4,3,..x_,pausa ♪ ♪,d,desce,x_x_,♪ ♪,13,18,0.7222,0.5211,0.2011,3.0609
4/4,3,..x_,pausa ♪ ♪,d,desce,x___,♩,4,18,0.2222,0.3803,-0.1581,0.3913
4/4,3,__xx,(lig.) ♪ sc sc,d,desce,x___,♩,27,46,0.587,0.5657,0.0213,1.0336
4/4,3,__xx,(lig.) ♪ sc sc,d,desce,x_x_,♪ ♪,8,46,0.1739,0.1717,0.0022,0.7371
4/4,3,__xx,(lig.) ♪ sc sc,d,desce,x__x,♪. sc,5,46,0.1087,0.0707,0.038,2.4273
4/4,3,__xx,(lig.) ♪ sc sc,d,desce,___x,(lig.) ♪. sc,3,46,0.0652,0.0505,0.0147,210.6902
4/4,3,____,(lig.) ♩,0,—,x___,♩,63,69,0.913,0.4793,0.4337,1.6079
4/4,3,____,(lig.) ♩,0,—,____,(lig.) ♩,5,69,0.0725,0.1836,-0.1111,2.008
4/4,1,____,(lig.) ♩,0,—,x___,♩,19,20,0.95,0.8257,0.1243,1.4682
4/4,3,xx..,sc sc pausa ♪,s,sobe,xxxx,sc sc sc sc,31,32,0.9688,0.9394,0.0294,177.1487
4/4,1,xx..,sc sc pausa ♪,s,sobe,xxxx,sc sc sc sc,31,31,1,0.9143,0.0857,163.6485
4/4,3,x___,♩,0,—,x___,♩,22,23,0.9565,0.7619,0.1946,1.6844
4/4,4,..x_,pausa ♪ ♪,0,—,x_x_,♪ ♪,90,98,0.9184,0.9345,-0.0161,2.38
4/4,4,..x_,pausa ♪ ♪,0,—,x__x,♪. sc,7,98,0.0714,0.0468,0.0246,1.1989
4/4,3,..x_,pausa ♪ ♪,r,repete,x_x_,♪ ♪,14,29,0.4828,0.5211,-0.0384,2.046
4/4,3,..x_,pausa ♪ ♪,r,repete,x___,♩,14,29,0.4828,0.3803,0.1025,0.8501
4/4,4,..x_,pausa ♪ ♪,s,sobe,x_x_,♪ ♪,171,181,0.9448,0.9345,0.0103,2.4483
4/4,4,..x_,pausa ♪ ♪,s,sobe,x__x,♪. sc,7,181,0.0387,0.0468,-0.0081,0.6491
4/4,4,..x_,pausa ♪ ♪,r,repete,x_x_,♪ ♪,206,220,0.9364,0.9345,0.0019,2.4266
4/4,4,..x_,pausa ♪ ♪,r,repete,x__x,♪. sc,10,220,0.0455,0.0468,-0.0013,0.7629
4/4,4,..x_,pausa ♪ ♪,r,repete,xxxx,sc sc sc sc,2,220,0.0091,0.0031,0.006,1.9078
4/4,3,..x_,pausa ♪ ♪,s,sobe,x_x_,♪ ♪,9,22,0.4091,0.5211,-0.112,1.7338
4/4,3,..x_,pausa ♪ ♪,s,sobe,x___,♩,8,22,0.3636,0.3803,-0.0166,0.6404
4/4,3,..x_,pausa ♪ ♪,s,sobe,xx__,sc ♪.,4,22,0.1818,0.0563,0.1255,16.8625
4/4,4,x_..,♪ pausa ♪,d,desce,x_x_,♪ ♪,9,22,0.4091,0.3333,0.0758,1.0602
4/4,4,x_..,♪ pausa ♪,d,desce,x_..,♪ pausa ♪,6,22,0.2727,0.1961,0.0766,160.0739
4/4,4,x_..,♪ pausa ♪,d,desce,x___,♩,3,22,0.1364,0.1961,-0.0597,0.3663
4/4,4,x_..,♪ pausa ♪,d,desce,..x_,pausa ♪ ♪,2,22,0.0909,0.0588,0.0321,5.7106
4/4,1,__..,(lig.) ♪ pausa ♪,d,desce,x__x,♪. sc,8,18,0.4444,0.2857,0.1587,7.3285
4/4,1,__..,(lig.) ♪ pausa ♪,d,desce,x___,♩,7,18,0.3889,0.5357,-0.1468,0.601
4/4,1,__..,(lig.) ♪ pausa ♪,d,desce,x_x_,♪ ♪,3,18,0.1667,0.1786,-0.0119,0.6954
4/4,3,x_..,♪ pausa ♪,s,sobe,x___,♩,7,12,0.5833,0.5625,0.0208,1.0273
4/4,3,x_..,♪ pausa ♪,s,sobe,x_x_,♪ ♪,4,12,0.3333,0.1563,0.1771,1.4127
4/4,1,x_..,♪ pausa ♪,r,repete,x_x_,♪ ♪,23,32,0.7188,0.6154,0.1034,2.9989
4/4,1,x_..,♪ pausa ♪,r,repete,x___,♩,6,32,0.1875,0.2769,-0.0894,0.2898
4/4,1,x_..,♪ pausa ♪,r,repete,xxx_,sc sc ♪,2,32,0.0625,0.0308,0.0317,8.6378
4/4,2,x_..,♪ pausa ♪,d,desce,x_..,♪ pausa ♪,5,10,0.5,0.44,0.06,619.6406
4/4,2,x_..,♪ pausa ♪,d,desce,....,pausa ♩,2,10,0.2,0.08,0.12,23.5353
4/4,2,x_..,♪ pausa ♪,d,desce,x___,♩,2,10,0.2,0.2,0,0.6456
3/8,1,....xx,pausa ♩ sc sc,s,sobe,x_x_x_,♪ ♪ ♪,10,25,0.4,0.425,-0.025,1.1216
3/8,1,....xx,pausa ♩ sc sc,s,sobe,x___xx,♩ sc sc,3,25,0.12,0.1,0.02,3.2688
3/8,1,....xx,pausa ♩ sc sc,s,sobe,x__xxx,♪. sc sc sc,3,25,0.12,0.075,0.045,6.4715
3/8,1,....xx,pausa ♩ sc sc,s,sobe,x_x_xx,♪ ♪ sc sc,3,25,0.12,0.125,-0.005,3.2034
3/8,1,....xx,pausa ♩ sc sc,s,sobe,x_xxxx,♪ sc sc sc sc,2,25,0.08,0.125,-0.045,3.1406
3/8,1,....xx,pausa ♩ sc sc,s,sobe,x___x_,♩ ♪,2,25,0.08,0.05,0.03,0.3977
3/8,1,x_x_x_,♪ ♪ ♪,s,sobe,x_x_x_,♪ ♪ ♪,273,636,0.4292,0.4188,0.0104,1.2036
3/8,1,x_x_x_,♪ ♪ ♪,s,sobe,x___x_,♩ ♪,141,636,0.2217,0.2039,0.0178,1.1021
3/8,1,x_x_x_,♪ ♪ ♪,s,sobe,x_____,♩.,60,636,0.0943,0.0662,0.0282,1.8518
3/8,1,x_x_x_,♪ ♪ ♪,s,sobe,x__xx_,♪. sc ♪,30,636,0.0472,0.0716,-0.0245,0.4881
3/8,1,x_x_x_,♪ ♪ ♪,s,sobe,x___..,♩ pausa ♪,24,636,0.0377,0.0377,0,1.2833
3/8,1,x_x_x_,♪ ♪ ♪,s,sobe,x_x_xx,♪ ♪ sc sc,17,636,0.0267,0.0344,-0.0077,0.7135
3/8,1,x_x_x_,♪ ♪ ♪,s,sobe,x___xx,♩ sc sc,12,636,0.0189,0.0372,-0.0183,0.514
3/8,1,x_x_x_,♪ ♪ ♪,s,sobe,x_xxxx,♪ sc sc sc sc,10,636,0.0157,0.0175,-0.0018,0.6173
3/8,1,x_x_x_,♪ ♪ ♪,s,sobe,xxx_x_,sc sc ♪ ♪,9,636,0.0142,0.0137,0.0005,0.5812
3/8,1,x_x_x_,♪ ♪ ♪,s,sobe,x_xxx_,♪ sc sc ♪,9,636,0.0142,0.0159,-0.0017,0.7128
3/8,1,x_x_x_,♪ ♪ ♪,s,sobe,xxxxx_,sc sc sc sc ♪,8,636,0.0126,0.0087,0.0038,1.3706
3/8,1,x_x_x_,♪ ♪ ♪,s,sobe,x_x__x,♪ ♪. sc,7,636,0.011,0.0098,0.0012,0.8276
3/8,1,x_x_x_,♪ ♪ ♪,s,sobe,x__xxx,♪. sc sc sc,6,636,0.0094,0.0093,0.0001,0.5088
3/8,1,x_x_x_,♪ ♪ ♪,s,sobe,x_x_.x,♪ ♪ pausa sc sc,5,636,0.0079,0.0033,0.0046,2.7982
3/8,1,x_x_x_,♪ ♪ ♪,s,sobe,x_x_..,♪ ♪ pausa ♪,4,636,0.0063,0.0077,-0.0014,0.7462
3/8,1,x_x_x_,♪ ♪ ♪,s,sobe,xxx_xx,sc sc ♪ sc sc,3,636,0.0047,0.0016,0.0031,0.8684
3/8,1,x_x_x_,♪ ♪ ♪,s,sobe,xxxxxx,sc sc sc sc sc sc,3,636,0.0047,0.006,-0.0013,0.3935
3/8,1,x_x_x_,♪ ♪ ♪,s,sobe,x_..x_,♪ pausa ♪ ♪,3,636,0.0047,0.0131,-0.0084,0.5475
3/8,1,x_x_x_,♪ ♪ ♪,s,sobe,x_..xx,♪ pausa ♪ sc sc,3,636,0.0047,0.0044,0.0003,1.3991
3/8,1,x_x_x_,♪ ♪ ♪,s,sobe,xxx_.x,sc sc ♪ pausa sc sc,2,636,0.0031,0.0011,0.0021,3.3579
3/8,1,x_x_x_,♪ ♪ ♪,s,sobe,xx__..,sc ♪. pausa ♪,2,636,0.0031,0.0011,0.0021,8.3947
3/8,1,x_x_x_,♪ ♪ ♪,s,sobe,xxx___,sc sc ♩,2,636,0.0031,0.0038,-0.0007,0.5789
3/8,1,x___xx,♩ sc sc,d,desce,x___xx,♩ sc sc,18,60,0.3,0.1465,0.1535,8.1719
3/8,1,x___xx,♩ sc sc,d,desce,x_x_x_,♪ ♪ ♪,16,60,0.2667,0.303,-0.0364,0.7478
3/8,1,x___xx,♩ sc sc,d,desce,x___x_,♩ ♪,7,60,0.1167,0.1212,-0.0045,0.58
3/8,1,x___xx,♩ sc sc,d,desce,x_xxx_,♪ sc sc ♪,3,60,0.05,0.0253,0.0247,2.5184
3/8,1,x___xx,♩ sc sc,d,desce,x_x_xx,♪ ♪ sc sc,3,60,0.05,0.1061,-0.0561,1.3348
3/8,1,x___xx,♩ sc sc,d,desce,x_.xxx,♪ pausa sc sc sc sc,2,60,0.0333,0.0101,0.0232,59.3222
3/8,1,x_x_x_,♪ ♪ ♪,d,desce,x_x_x_,♪ ♪ ♪,281,724,0.3881,0.4188,-0.0307,1.0883
3/8,1,x_x_x_,♪ ♪ ♪,d,desce,x___x_,♩ ♪,154,724,0.2127,0.2039,0.0088,1.0574
3/8,1,x_x_x_,♪ ♪ ♪,d,desce,x_____,♩.,49,724,0.0677,0.0662,0.0015,1.3285
3/8,1,x_x_x_,♪ ♪ ♪,d,desce,x__xx_,♪. sc ♪,49,724,0.0677,0.0716,-0.0039,0.7003
3/8,1,x_x_x_,♪ ♪ ♪,d,desce,x___..,♩ pausa ♪,38,724,0.0525,0.0377,0.0148,1.7849
3/8,1,x_x_x_,♪ ♪ ♪,d,desce,x___xx,♩ sc sc,34,724,0.047,0.0372,0.0098,1.2792
3/8,1,x_x_x_,♪ ♪ ♪,d,desce,x_x_xx,♪ ♪ sc sc,24,724,0.0331,0.0344,-0.0013,0.8849
3/8,1,x_x_x_,♪ ♪ ♪,d,desce,x_..x_,♪ pausa ♪ ♪,17,724,0.0235,0.0131,0.0104,2.7253
3/8,1,x_x_x_,♪ ♪ ♪,d,desce,x_x___,♪ ♩,11,724,0.0152,0.0093,0.0059,1.7634
3/8,1,x_x_x_,♪ ♪ ♪,d,desce,x_xxx_,♪ sc sc ♪,10,724,0.0138,0.0159,-0.002,0.6957
3/8,1,x_x_x_,♪ ♪ ♪,d,desce,x_x__x,♪ ♪. sc,9,724,0.0124,0.0098,0.0026,0.9348
3/8,1,x_x_x_,♪ ♪ ♪,d,desce,x__xxx,♪. sc sc sc,9,724,0.0124,0.0093,0.0031,0.6704
3/8,1,x_x_x_,♪ ♪ ♪,d,desce,x_x_..,♪ ♪ pausa ♪,9,724,0.0124,0.0077,0.0048,1.4749
3/8,1,x_x_x_,♪ ♪ ♪,d,desce,xxx_x_,sc sc ♪ ♪,8,724,0.011,0.0137,-0.0026,0.4538
3/8,1,x_x_x_,♪ ♪ ♪,d,desce,x_xxxx,♪ sc sc sc sc,8,724,0.011,0.0175,-0.0064,0.4338
3/8,1,x_x_x_,♪ ♪ ♪,d,desce,xxx___,sc sc ♩,5,724,0.0069,0.0038,0.0031,1.2714
3/8,1,x_x_x_,♪ ♪ ♪,d,desce,x_..xx,♪ pausa ♪ sc sc,3,724,0.0041,0.0044,-0.0002,1.2291
3/8,1,x_x_x_,♪ ♪ ♪,d,desce,xxxxxx,sc sc sc sc sc sc,2,724,0.0028,0.006,-0.0033,0.2304
3/8,1,x___x_,♩ ♪,s,sobe,x___x_,♩ ♪,124,333,0.3724,0.3773,-0.0049,1.8511
3/8,1,x___x_,♩ ♪,s,sobe,x_x_x_,♪ ♪ ♪,121,333,0.3634,0.3457,0.0176,1.0189
3/8,1,x___x_,♩ ♪,s,sobe,x__xx_,♪. sc ♪,21,333,0.0631,0.0802,-0.0172,0.6525
3/8,1,x___x_,♩ ♪,s,sobe,x_____,♩.,12,333,0.036,0.042,-0.006,0.7073
3/8,1,x___x_,♩ ♪,s,sobe,x___xx,♩ sc sc,9,333,0.027,0.0239,0.0031,0.7362
3/8,1,x___x_,♩ ♪,s,sobe,x__xxx,♪. sc sc sc,8,333,0.024,0.0172,0.0068,1.2956
3/8,1,x___x_,♩ ♪,s,sobe,x_x_..,♪ ♪ pausa ♪,7,333,0.021,0.0124,0.0086,2.494
3/8,1,x___x_,♩ ♪,s,sobe,xxx_x_,sc sc ♪ ♪,6,333,0.018,0.0134,0.0046,0.74
3/8,1,x___x_,♩ ♪,s,sobe,x___..,♩ pausa ♪,6,333,0.018,0.022,-0.0039,0.6127
3/8,1,x___x_,♩ ♪,s,sobe,x_x_xx,♪ ♪ sc sc,5,333,0.015,0.021,-0.006,0.4008
3/8,1,x___x_,♩ ♪,s,sobe,x_x__x,♪ ♪. sc,4,333,0.012,0.0067,0.0053,0.9033
3/8,1,x___x_,♩ ♪,s,sobe,x_xxxx,♪ sc sc sc sc,3,333,0.009,0.0181,-0.0091,0.3537
3/8,1,x___x_,♩ ♪,s,sobe,x_..x_,♪ pausa ♪ ♪,3,333,0.009,0.0067,0.0023,1.0456
3/8,1,x___x_,♩ ♪,s,sobe,xxxxxx,sc sc sc sc sc sc,2,333,0.006,0.0038,0.0022,0.501
3/8,1,xxx_x_,sc sc ♪ ♪,s,sobe,x_x_x_,♪ ♪ ♪,14,36,0.3889,0.2,0.1889,1.0905
3/8,1,xxx_x_,sc sc ♪ ♪,s,sobe,xxx_x_,sc sc ♪ ♪,6,36,0.1667,0.113,0.0536,6.8449
3/8,1,xxx_x_,sc sc ♪ ♪,s,sobe,x___x_,♩ ♪,2,36,0.0556,0.1217,-0.0662,0.2762
3/8,1,xxx_x_,sc sc ♪ ♪,s,sobe,x_x_xx,♪ ♪ sc sc,2,36,0.0556,0.0435,0.0121,1.4831
3/8,1,xxx_x_,sc sc ♪ ♪,s,sobe,xxx___,sc sc ♩,2,36,0.0556,0.0348,0.0208,10.228
3/8,1,xxx_x_,sc sc ♪ ♪,s,sobe,x_x_.x,♪ ♪ pausa sc sc,2,36,0.0556,0.0261,0.0295,19.7741
3/8,1,x_x___,♪ ♩,d,desce,x_x_x_,♪ ♪ ♪,4,12,0.3333,0.2093,0.124,0.9347
3/8,1,x_x___,♪ ♩,d,desce,x_____,♩.,2,12,0.1667,0.1395,0.0271,3.2714
3/8,1,x_x___,♪ ♩,s,sobe,xxxxxx,sc sc sc sc sc sc,4,16,0.25,0.1163,0.1337,20.8555
3/8,1,x_x___,♪ ♩,s,sobe,x_xxxx,♪ sc sc sc sc,4,16,0.25,0.1628,0.0872,9.8143
3/8,1,x_x___,♪ ♩,s,sobe,x_x_xx,♪ ♪ sc sc,3,16,0.1875,0.0698,0.1177,5.0053
3/8,1,x_x___,♪ ♩,s,sobe,x_x_x_,♪ ♪ ♪,2,16,0.125,0.2093,-0.0843,0.3505
3/8,1,xxx_x_,sc sc ♪ ♪,d,desce,x_x_x_,♪ ♪ ♪,6,48,0.125,0.2,-0.075,0.3505
3/8,1,xxx_x_,sc sc ♪ ♪,d,desce,xxx_xx,sc sc ♪ sc sc,6,48,0.125,0.0522,0.0728,23.0129
3/8,1,xxx_x_,sc sc ♪ ♪,d,desce,x___x_,♩ ♪,4,48,0.0833,0.1217,-0.0384,0.4143
3/8,1,xxx_x_,sc sc ♪ ♪,d,desce,x_____,♩.,3,48,0.0625,0.0435,0.019,1.2268
3/8,1,xxx_x_,sc sc ♪ ♪,d,desce,x__xx_,♪. sc ♪,3,48,0.0625,0.0522,0.0103,0.6467
3/8,1,xxx_x_,sc sc ♪ ♪,d,desce,xxx_..,sc sc ♪ pausa ♪,3,48,0.0625,0.0435,0.019,18.5382
3/8,1,xxx_x_,sc sc ♪ ♪,d,desce,x_x_xx,♪ ♪ sc sc,3,48,0.0625,0.0435,0.019,1.6684
3/8,1,xxx_x_,sc sc ♪ ♪,d,desce,x___..,♩ pausa ♪,3,48,0.0625,0.0348,0.0277,2.1254
3/8,1,xxx_x_,sc sc ♪ ♪,d,desce,xxx__x,sc sc ♪. sc,3,48,0.0625,0.0348,0.0277,17.5625
3/8,1,xxx_x_,sc sc ♪ ♪,d,desce,xxx_x_,sc sc ♪ ♪,3,48,0.0625,0.113,-0.0505,2.5668
3/8,1,xxx_x_,sc sc ♪ ♪,d,desce,x_..xx,♪ pausa ♪ sc sc,2,48,0.0417,0.0174,0.0243,12.3588
3/8,1,x_xxx_,♪ sc sc ♪,s,sobe,x_x_x_,♪ ♪ ♪,10,26,0.3846,0.3301,0.0545,1.0785
3/8,1,x_xxx_,♪ sc sc ♪,s,sobe,x_xxx_,♪ sc sc ♪,5,26,0.1923,0.2621,-0.0698,9.6861
3/8,1,x_xxx_,♪ sc sc ♪,s,sobe,x__xx_,♪. sc ♪,3,26,0.1154,0.0485,0.0668,1.1939
3/8,1,x_xxx_,♪ sc sc ♪,s,sobe,xxx__x,sc sc ♪. sc,3,26,0.1154,0.0291,0.0863,32.4231
3/8,1,x_xxx_,♪ sc sc ♪,s,sobe,x___x_,♩ ♪,2,26,0.0769,0.0194,0.0575,0.3824
3/8,1,....x_,pausa ♩ ♪,0,—,x_x_x_,♪ ♪ ♪,73,165,0.4424,0.4263,0.0161,1.2406
3/8,1,....x_,pausa ♩ ♪,0,—,x___x_,♩ ♪,38,165,0.2303,0.2421,-0.0118,1.1449
3/8,1,....x_,pausa ♩ ♪,0,—,x__xx_,♪. sc ♪,26,165,0.1576,0.1684,-0.0108,1.6304
3/8,1,....x_,pausa ♩ ♪,0,—,x__xxx,♪. sc sc sc,6,165,0.0364,0.0368,-0.0005,1.9611
3/8,1,....x_,pausa ♩ ♪,0,—,x_x_xx,♪ ♪ sc sc,5,165,0.0303,0.0263,0.004,0.8089
3/8,1,....x_,pausa ♩ ♪,0,—,x_xxxx,♪ sc sc sc sc,4,165,0.0242,0.0211,0.0032,0.9517
3/8,1,....x_,pausa ♩ ♪,0,—,xxx_x_,sc sc ♪ ♪,4,165,0.0242,0.0211,0.0032,0.9956
3/8,1,....x_,pausa ♩ ♪,0,—,x_x__x,♪ ♪. sc,3,165,0.0182,0.0158,0.0024,1.3672
3/8,1,....x_,pausa ♩ ♪,0,—,x___xx,♩ sc sc,2,165,0.0121,0.0158,-0.0037,0.3302
3/8,1,....x_,pausa ♩ ♪,0,—,x_xxx_,♪ sc sc ♪,2,165,0.0121,0.0105,0.0016,0.6105
3/8,1,x_x_x_,♪ ♪ ♪,r,repete,x_x_x_,♪ ♪ ♪,212,469,0.452,0.4188,0.0332,1.2675
3/8,1,x_x_x_,♪ ♪ ♪,r,repete,x___x_,♩ ♪,78,469,0.1663,0.2039,-0.0376,0.8268
3/8,1,x_x_x_,♪ ♪ ♪,r,repete,x__xx_,♪. sc ♪,52,469,0.1109,0.0716,0.0393,1.1472
3/8,1,x_x_x_,♪ ♪ ♪,r,repete,x___xx,♩ sc sc,22,469,0.0469,0.0372,0.0097,1.2778
3/8,1,x_x_x_,♪ ♪ ♪,r,repete,x_x_xx,♪ ♪ sc sc,22,469,0.0469,0.0344,0.0125,1.2522
3/8,1,x_x_x_,♪ ♪ ♪,r,repete,x_xxxx,♪ sc sc sc sc,14,469,0.0299,0.0175,0.0124,1.1719
3/8,1,x_x_x_,♪ ♪ ♪,r,repete,x_____,♩.,12,469,0.0256,0.0662,-0.0406,0.5022
3/8,1,x_x_x_,♪ ♪ ♪,r,repete,x_xxx_,♪ sc sc ♪,10,469,0.0213,0.0159,0.0055,1.0739
3/8,1,x_x_x_,♪ ♪ ♪,r,repete,xxxxx_,sc sc sc sc ♪,8,469,0.0171,0.0087,0.0083,1.8586
3/8,1,x_x_x_,♪ ♪ ♪,r,repete,xxx_x_,sc sc ♪ ♪,8,469,0.0171,0.0137,0.0034,0.7005
3/8,1,x_x_x_,♪ ♪ ♪,r,repete,x___..,♩ pausa ♪,7,469,0.0149,0.0377,-0.0228,0.5076
3/8,1,x_x_x_,♪ ♪ ♪,r,repete,xxxxxx,sc sc sc sc sc sc,6,469,0.0128,0.006,0.0068,1.0672
3/8,1,x_x_x_,♪ ♪ ♪,r,repete,x_x___,♪ ♩,5,469,0.0107,0.0093,0.0014,1.2374
3/8,1,x_x_x_,♪ ♪ ♪,r,repete,x_..x_,♪ pausa ♪ ♪,4,469,0.0085,0.0131,-0.0046,0.9899
3/8,1,x_x_x_,♪ ♪ ♪,r,repete,x_x__x,♪ ♪. sc,2,469,0.0043,0.0098,-0.0056,0.3207
3/8,1,x_x_x_,♪ ♪ ♪,r,repete,x__xxx,♪. sc sc sc,2,469,0.0043,0.0093,-0.005,0.23
3/8,1,x_x_x_,♪ ♪ ♪,r,repete,x_..xx,♪ pausa ♪ sc sc,2,469,0.0043,0.0044,-0.0001,1.2649
3/8,1,x_x_x_,♪ ♪ ♪,r,repete,.xxxx_,pausa sc sc sc sc ♪,2,469,0.0043,0.0016,0.0026,3.7946
3/8,1,xxx_x_,sc sc ♪ ♪,r,repete,x___x_,♩ ♪,8,31,0.2581,0.1217,0.1363,1.2829
3/8,1,xxx_x_,sc sc ♪ ♪,r,repete,xxx_x_,sc sc ♪ ♪,4,31,0.129,0.113,0.016,5.2993
3/8,1,xxx_x_,sc sc ♪ ♪,r,repete,x_x_x_,♪ ♪ ♪,3,31,0.0968,0.2,-0.1032,0.2714
3/8,1,xxx_x_,sc sc ♪ ♪,r,repete,x__xx_,♪. sc ♪,2,31,0.0645,0.0522,0.0123,0.6675
3/8,1,xxx_x_,sc sc ♪ ♪,r,repete,xx....,sc sc pausa ♩,2,31,0.0645,0.0174,0.0471,172.2258
3/8,1,xxx_x_,sc sc ♪ ♪,r,repete,xxx_..,sc sc ♪ pausa ♪,2,31,0.0645,0.0435,0.021,19.1362
3/8,1,xxx_x_,sc sc ♪ ♪,r,repete,x_xxx_,♪ sc sc ♪,2,31,0.0645,0.0174,0.0471,3.2495
3/8,1,xxx_x_,sc sc ♪ ♪,r,repete,xxx___,sc sc ♩,2,31,0.0645,0.0348,0.0297,11.8776
3/8,1,x___x_,♩ ♪,r,repete,x_x_x_,♪ ♪ ♪,124,276,0.4493,0.3457,0.1035,1.2598
3/8,1,x___x_,♩ ♪,r,repete,x___x_,♩ ♪,97,276,0.3514,0.3773,-0.0258,1.7471
3/8,1,x___x_,♩ ♪,r,repete,x__xx_,♪. sc ♪,30,276,0.1087,0.0802,0.0285,1.1247
3/8,1,x___x_,♩ ♪,r,repete,x_x_xx,♪ ♪ sc sc,6,276,0.0217,0.021,0.0007,0.5803
3/8,1,x___x_,♩ ♪,r,repete,x_xxxx,♪ sc sc sc sc,4,276,0.0145,0.0181,-0.0037,0.5689
3/8,1,x___x_,♩ ♪,r,repete,x_____,♩.,4,276,0.0145,0.042,-0.0275,0.2845
3/8,1,x___x_,♩ ♪,r,repete,x_xxx_,♪ sc sc ♪,2,276,0.0072,0.0048,0.0025,0.365
3/8,1,x___x_,♩ ♪,r,repete,x__xxx,♪. sc sc sc,2,276,0.0072,0.0172,-0.0099,0.3908
3/8,1,x___x_,♩ ♪,r,repete,x___..,♩ pausa ♪,2,276,0.0072,0.022,-0.0147,0.2464
3/8,1,xxxxxx,sc sc sc sc sc sc,d,desce,x_x_x_,♪ ♪ ♪,9,28,0.3214,0.2333,0.0881,0.9013
3/8,1,xxxxxx,sc sc sc sc sc sc,d,desce,x_x_..,♪ ♪ pausa ♪,4,28,0.1429,0.0833,0.0595,16.9492
3/8,1,xxxxxx,sc sc sc sc sc sc,d,desce,xxxxxx,sc sc sc sc sc sc,3,28,0.1071,0.05,0.0571,8.9381
3/8,1,xxxxxx,sc sc sc sc sc sc,d,desce,x_..xx,♪ pausa ♪ sc sc,2,28,0.0714,0.0333,0.0381,21.1865
3/8,1,xxxxxx,sc sc sc sc sc sc,d,desce,x_____,♩.,2,28,0.0714,0.05,0.0214,1.402
3/8,1,xxxxxx,sc sc sc sc sc sc,d,desce,xxx___,sc sc ♩,2,28,0.0714,0.05,0.0214,13.1502
3/8,1,x___x_,♩ ♪,d,desce,x___x_,♩ ♪,174,438,0.3973,0.3773,0.02,1.9748
3/8,1,x___x_,♩ ♪,d,desce,x_x_x_,♪ ♪ ♪,117,438,0.2671,0.3457,-0.0786,0.749
3/8,1,x___x_,♩ ♪,d,desce,x__xx_,♪. sc ♪,33,438,0.0753,0.0802,-0.0049,0.7796
3/8,1,x___x_,♩ ♪,d,desce,x_____,♩.,28,438,0.0639,0.042,0.0219,1.2548
3/8,1,x___x_,♩ ♪,d,desce,x___xx,♩ sc sc,15,438,0.0342,0.0239,0.0104,0.9329
3/8,1,x___x_,♩ ♪,d,desce,x___..,♩ pausa ♪,15,438,0.0342,0.022,0.0123,1.1646
3/8,1,x___x_,♩ ♪,d,desce,x_xxxx,♪ sc sc sc sc,12,438,0.0274,0.0181,0.0093,1.0755
3/8,1,x___x_,♩ ♪,d,desce,x_x_xx,♪ ♪ sc sc,11,438,0.0251,0.021,0.0041,0.6704
3/8,1,x___x_,♩ ♪,d,desce,x__xxx,♪. sc sc sc,8,438,0.0183,0.0172,0.0011,0.985
3/8,1,x___x_,♩ ♪,d,desce,xxx_x_,sc sc ♪ ♪,7,438,0.016,0.0134,0.0026,0.6564
3/8,1,x___x_,♩ ♪,d,desce,x_x_..,♪ ♪ pausa ♪,5,438,0.0114,0.0124,-0.001,1.3544
3/8,1,x___x_,♩ ♪,d,desce,x_..x_,♪ pausa ♪ ♪,4,438,0.0091,0.0067,0.0024,1.06
3/8,1,x___x_,♩ ♪,d,desce,x_x__x,♪ ♪. sc,3,438,0.0068,0.0067,0.0002,0.515
3/8,1,x___x_,♩ ♪,d,desce,x_xxx_,♪ sc sc ♪,2,438,0.0046,0.0048,-0.0002,0.23
3/8,1,x___x_,♩ ♪,d,desce,x_x___,♪ ♩,2,438,0.0046,0.0029,0.0017,0.53
3/8,1,x_xxxx,♪ sc sc sc sc,d,desce,x_x_x_,♪ ♪ ♪,21,74,0.2838,0.28,0.0038,0.7958
3/8,1,x_xxxx,♪ sc sc sc sc,d,desce,x_xxxx,♪ sc sc sc sc,19,74,0.2568,0.176,0.0808,10.0796
3/8,1,x_xxxx,♪ sc sc sc sc,d,desce,x___x_,♩ ♪,8,74,0.1081,0.096,0.0121,0.5374
3/8,1,x_xxxx,♪ sc sc sc sc,d,desce,x__xx_,♪. sc ♪,5,74,0.0676,0.048,0.0196,0.6991
3/8,1,x_xxxx,♪ sc sc sc sc,d,desce,xxxxxx,sc sc sc sc sc sc,5,74,0.0676,0.056,0.0116,5.6366
3/8,1,x_xxxx,♪ sc sc sc sc,d,desce,x_x_xx,♪ ♪ sc sc,3,74,0.0405,0.056,-0.0155,1.0822
3/8,1,x_xxxx,♪ sc sc sc sc,d,desce,xxx_x_,sc sc ♪ ♪,2,74,0.027,0.024,0.003,1.11
3/8,1,x_xxxx,♪ sc sc sc sc,d,desce,xxxxx_,sc sc sc sc ♪,2,74,0.027,0.016,0.011,2.9448
3/8,1,x_xxxx,♪ sc sc sc sc,d,desce,x_xxx_,♪ sc sc ♪,2,74,0.027,0.056,-0.029,1.3613
3/8,1,x_xxxx,♪ sc sc sc sc,d,desce,x_x___,♪ ♩,2,74,0.027,0.024,0.003,3.1369
3/8,1,x___xx,♩ sc sc,s,sobe,x_x_x_,♪ ♪ ♪,27,94,0.2872,0.303,-0.0158,0.8054
3/8,1,x___xx,♩ sc sc,s,sobe,x_x_xx,♪ ♪ sc sc,13,94,0.1383,0.1061,0.0322,3.6919
3/8,1,x___xx,♩ sc sc,s,sobe,x___xx,♩ sc sc,10,94,0.1064,0.1465,-0.0401,2.8979
3/8,1,x___xx,♩ sc sc,s,sobe,xxxxxx,sc sc sc sc sc sc,8,94,0.0851,0.0606,0.0245,7.0997
3/8,1,x___xx,♩ sc sc,s,sobe,x__xx_,♪. sc ♪,8,94,0.0851,0.0707,0.0144,0.8806
3/8,1,x___xx,♩ sc sc,s,sobe,x___x_,♩ ♪,8,94,0.0851,0.1212,-0.0361,0.4231
3/8,1,x___xx,♩ sc sc,s,sobe,x__xxx,♪. sc sc sc,7,94,0.0745,0.0505,0.024,4.016
3/8,1,x___xx,♩ sc sc,s,sobe,x_xxxx,♪ sc sc sc sc,3,94,0.0319,0.0253,0.0067,1.2529
3/8,1,x___xx,♩ sc sc,s,sobe,x_x__x,♪ ♪. sc,3,94,0.0319,0.0202,0.0117,2.3999
3/8,1,x___xx,♩ sc sc,s,sobe,xxx_x_,sc sc ♪ ♪,3,94,0.0319,0.0202,0.0117,1.3107
3/8,1,x___xx,♩ sc sc,s,sobe,x_xxx_,♪ sc sc ♪,2,94,0.0213,0.0253,-0.004,1.0717
3/8,1,xxxxx_,sc sc sc sc ♪,s,sobe,x_x_x_,♪ ♪ ♪,3,10,0.3,0.3673,-0.0673,0.8412
3/8,1,xxxxx_,sc sc sc sc ♪,s,sobe,xxx___,sc sc ♩,2,10,0.2,0.0408,0.1592,36.8207
3/8,1,x_xxxx,♪ sc sc sc sc,s,sobe,x_x_x_,♪ ♪ ♪,11,45,0.2444,0.28,-0.0356,0.6854
3/8,1,x_xxxx,♪ sc sc sc sc,s,sobe,x___..,♩ pausa ♪,5,45,0.1111,0.048,0.0631,3.7785
3/8,1,x_xxxx,♪ sc sc sc sc,s,sobe,x_xxx_,♪ sc sc ♪,5,45,0.1111,0.056,0.0551,5.5964
3/8,1,x_xxxx,♪ sc sc sc sc,s,sobe,x___x_,♩ ♪,4,45,0.0889,0.096,-0.0071,0.4419
3/8,1,x_xxxx,♪ sc sc sc sc,s,sobe,x_x_xx,♪ ♪ sc sc,4,45,0.0889,0.056,0.0329,2.3729
3/8,1,x_xxxx,♪ sc sc sc sc,s,sobe,x___xx,♩ sc sc,3,45,0.0667,0.032,0.0347,1.816
3/8,1,x_xxxx,♪ sc sc sc sc,s,sobe,x_xxxx,♪ sc sc sc sc,3,45,0.0667,0.176,-0.1093,2.6172
3/8,1,x_xxxx,♪ sc sc sc sc,s,sobe,x_..x_,♪ pausa ♪ ♪,2,45,0.0444,0.016,0.0284,5.1585
3/8,1,x_xxxx,♪ sc sc sc sc,s,sobe,x_..xx,♪ pausa ♪ sc sc,2,45,0.0444,0.016,0.0284,13.1827
3/8,1,x___..,♩ pausa ♪,d,desce,x_x_x_,♪ ♪ ♪,38,102,0.3725,0.3671,0.0055,1.0447
3/8,1,x___..,♩ pausa ♪,d,desce,x___x_,♩ ♪,17,102,0.1667,0.1456,0.0211,0.8285
3/8,1,x___..,♩ pausa ♪,d,desce,x__xx_,♪. sc ♪,10,102,0.098,0.1266,-0.0285,1.0144
3/8,1,x___..,♩ pausa ♪,d,desce,....x_,pausa ♩ ♪,6,102,0.0588,0.0506,0.0082,12.5624
3/8,1,x___..,♩ pausa ♪,d,desce,x_xxxx,♪ sc sc sc sc,6,102,0.0588,0.0443,0.0145,2.3093
3/8,1,x___..,♩ pausa ♪,d,desce,x_xxx_,♪ sc sc ♪,4,102,0.0392,0.0443,-0.0051,1.9752
3/8,1,x___..,♩ pausa ♪,d,desce,x_____,♩.,4,102,0.0392,0.038,0.0012,0.7698
3/8,1,x___..,♩ pausa ♪,d,desce,x___..,♩ pausa ♪,3,102,0.0294,0.038,-0.0086,1.0002
3/8,1,x___..,♩ pausa ♪,d,desce,x_x_xx,♪ ♪ sc sc,3,102,0.0294,0.0316,-0.0022,0.7851
3/8,1,x___..,♩ pausa ♪,d,desce,x_x__x,♪ ♪. sc,2,102,0.0196,0.0127,0.0069,1.4745
3/8,1,x___..,♩ pausa ♪,d,desce,xxx_x_,sc sc ♪ ♪,2,102,0.0196,0.019,0.0006,0.8053
3/8,1,x___..,♩ pausa ♪,d,desce,x__xxx,♪. sc sc sc,2,102,0.0196,0.0127,0.0069,1.0574
3/8,1,x___..,♩ pausa ♪,d,desce,xxxxxx,sc sc sc sc sc sc,2,102,0.0196,0.0127,0.0069,1.6357
3/8,1,x_x__x,♪ ♪. sc,d,desce,x_x_x_,♪ ♪ ♪,11,40,0.275,0.2174,0.0576,0.7711
3/8,1,x_x__x,♪ ♪. sc,d,desce,x_x__x,♪ ♪. sc,9,40,0.225,0.2029,0.0221,16.9194
3/8,1,x_x__x,♪ ♪. sc,d,desce,x_x_xx,♪ ♪ sc sc,3,40,0.075,0.0725,0.0025,2.0021
3/8,1,x_x__x,♪ ♪. sc,d,desce,x__xx_,♪. sc ♪,3,40,0.075,0.087,-0.012,0.776
3/8,1,x_x__x,♪ ♪. sc,d,desce,x___x_,♩ ♪,3,40,0.075,0.0435,0.0315,0.3728
3/8,1,x_x__x,♪ ♪. sc,d,desce,x_x___,♪ ♩,3,40,0.075,0.0725,0.0025,8.7049
3/8,1,x_x__x,♪ ♪. sc,d,desce,x_____,♩.,3,40,0.075,0.0435,0.0315,1.4722
3/8,1,x_x__x,♪ ♪. sc,d,desce,xxxxxx,sc sc sc sc sc sc,2,40,0.05,0.0435,0.0065,4.1711
3/8,1,x_x__x,♪ ♪. sc,s,sobe,x__xx_,♪. sc ♪,3,14,0.2143,0.087,0.1273,2.2172
3/8,1,x_x__x,♪ ♪. sc,s,sobe,x_x___,♪ ♩,2,14,0.1429,0.0725,0.0704,16.5807
3/8,1,x_x__x,♪ ♪. sc,s,sobe,x_x_x_,♪ ♪ ♪,2,14,0.1429,0.2174,-0.0745,0.4006
3/8,1,x_x__x,♪ ♪. sc,s,sobe,x_xxx_,♪ sc sc ♪,2,14,0.1429,0.0435,0.0994,7.1954
3/8,1,x_x_xx,♪ ♪ sc sc,d,desce,x_x_x_,♪ ♪ ♪,22,65,0.3385,0.3854,-0.047,0.9491
3/8,1,x_x_xx,♪ ♪ sc sc,d,desce,x___xx,♩ sc sc,6,65,0.0923,0.0729,0.0194,2.5144
3/8,1,x_x_xx,♪ ♪ sc sc,d,desce,x_x_xx,♪ ♪ sc sc,5,65,0.0769,0.0938,-0.0168,2.0535
3/8,1,x_x_xx,♪ ♪ sc sc,d,desce,x_____,♩.,5,65,0.0769,0.0417,0.0353,1.5099
3/8,1,x_x_xx,♪ ♪ sc sc,d,desce,x_x_..,♪ ♪ pausa ♪,4,65,0.0615,0.026,0.0355,7.3012
3/8,1,x_x_xx,♪ ♪ sc sc,d,desce,x___..,♩ pausa ♪,4,65,0.0615,0.0573,0.0042,2.0927
3/8,1,x_x_xx,♪ ♪ sc sc,d,desce,x__xxx,♪. sc sc sc,3,65,0.0462,0.0469,-0.0007,2.489
3/8,1,x_x_xx,♪ ♪ sc sc,d,desce,x___x_,♩ ♪,3,65,0.0462,0.0833,-0.0372,0.2294
3/8,1,x_x_xx,♪ ♪ sc sc,d,desce,x_xxxx,♪ sc sc sc sc,2,65,0.0308,0.0208,0.0099,1.2079
3/8,1,x_x_xx,♪ ♪ sc sc,d,desce,xxx_xx,sc sc ♪ sc sc,2,65,0.0308,0.0156,0.0151,5.6647
3/8,1,x_x_xx,♪ ♪ sc sc,d,desce,x_x___,♪ ♩,2,65,0.0308,0.0104,0.0204,3.5712
3/8,1,x_x_xx,♪ ♪ sc sc,d,desce,x_x__x,♪ ♪. sc,2,65,0.0308,0.0104,0.0204,2.3138
3/8,1,xxx___,sc sc ♩,d,desce,x_x_x_,♪ ♪ ♪,3,13,0.2308,0.25,-0.0192,0.6471
3/8,1,xxx___,sc sc ♩,d,desce,x___..,♩ pausa ♪,2,13,0.1538,0.0714,0.0824,5.2317
3/8,1,xxx___,sc sc ♩,d,desce,xxx___,sc sc ♩,2,13,0.1538,0.0714,0.0824,28.3236
3/8,1,x__xx_,♪. sc ♪,s,sobe,x__xx_,♪. sc ♪,52,171,0.3041,0.2821,0.022,3.1464
3/8,1,x__xx_,♪. sc ♪,s,sobe,x___x_,♩ ♪,35,171,0.2047,0.1537,0.051,1.0175
3/8,1,x__xx_,♪. sc ♪,s,sobe,x_x_x_,♪ ♪ ♪,34,171,0.1988,0.321,-0.1222,0.5575
3/8,1,x__xx_,♪. sc ♪,s,sobe,x_____,♩.,17,171,0.0994,0.0661,0.0333,1.9514
3/8,1,x__xx_,♪. sc ♪,s,sobe,x_x_xx,♪ ♪ sc sc,6,171,0.0351,0.0272,0.0079,0.9367
3/8,1,x__xx_,♪. sc ♪,s,sobe,x___..,♩ pausa ♪,5,171,0.0292,0.037,-0.0077,0.9943
3/8,1,x__xx_,♪. sc ♪,s,sobe,x__xxx,♪. sc sc sc,5,171,0.0292,0.0175,0.0117,1.5769
3/8,1,x__xx_,♪. sc ♪,s,sobe,xxx_x_,sc sc ♪ ♪,4,171,0.0234,0.0214,0.002,0.9607
3/8,1,x__xx_,♪. sc ♪,s,sobe,x_xxxx,♪ sc sc sc sc,3,171,0.0175,0.0097,0.0078,0.6887
3/8,1,x__xx_,♪. sc ♪,s,sobe,xxxxx_,sc sc sc sc ♪,2,171,0.0117,0.0039,0.0078,1.2744
3/8,1,x__xx_,♪. sc ♪,s,sobe,x_x_..,♪ ♪ pausa ♪,2,171,0.0117,0.0039,0.0078,1.3877
3/8,1,x_x_xx,♪ ♪ sc sc,s,sobe,x_x_x_,♪ ♪ ♪,22,77,0.2857,0.3854,-0.0997,0.8012
3/8,1,x_x_xx,♪ ♪ sc sc,s,sobe,x_x_xx,♪ ♪ sc sc,9,77,0.1169,0.0938,0.0231,3.1202
3/8,1,x_x_xx,♪ ♪ sc sc,s,sobe,x___x_,♩ ♪,8,77,0.1039,0.0833,0.0206,0.5165
3/8,1,x_x_xx,♪ ♪ sc sc,s,sobe,x___..,♩ pausa ♪,6,77,0.0779,0.0573,0.0206,2.6498
3/8,1,x_x_xx,♪ ♪ sc sc,s,sobe,x___xx,♩ sc sc,6,77,0.0779,0.0729,0.005,2.1226
3/8,1,x_x_xx,♪ ♪ sc sc,s,sobe,x__xxx,♪. sc sc sc,5,77,0.0649,0.0469,0.0181,3.5019
3/8,1,x_x_xx,♪ ♪ sc sc,s,sobe,x__xx_,♪. sc ♪,4,77,0.0519,0.0417,0.0103,0.5375
3/8,1,x_x_xx,♪ ♪ sc sc,s,sobe,x_____,♩.,3,77,0.039,0.0417,-0.0027,0.7648
3/8,1,x_x_xx,♪ ♪ sc sc,s,sobe,xxx_x_,sc sc ♪ ♪,2,77,0.026,0.0156,0.0103,1.0667
3/8,1,x_x_xx,♪ ♪ sc sc,s,sobe,x_xxxx,♪ sc sc sc sc,2,77,0.026,0.0208,0.0051,1.0197
3/8,1,x_x_xx,♪ ♪ sc sc,s,sobe,x_xxx_,♪ sc sc ♪,2,77,0.026,0.0104,0.0156,1.3083
3/8,1,x_x_xx,♪ ♪ sc sc,s,sobe,x_..xx,♪ pausa ♪ sc sc,2,77,0.026,0.0156,0.0103,7.7042
3/8,1,x_x_xx,♪ ♪ sc sc,s,sobe,xxxxxx,sc sc sc sc sc sc,2,77,0.026,0.0156,0.0103,2.1668
3/8,1,x__xx_,♪. sc ♪,d,desce,x_x_x_,♪ ♪ ♪,81,237,0.3418,0.321,0.0208,0.9584
3/8,1,x__xx_,♪. sc ♪,d,desce,x__xx_,♪. sc ♪,66,237,0.2785,0.2821,-0.0036,2.8814
3/8,1,x__xx_,♪. sc ♪,d,desce,x___x_,♩ ♪,35,237,0.1477,0.1537,-0.006,0.7341
3/8,1,x__xx_,♪. sc ♪,d,desce,x_____,♩.,15,237,0.0633,0.0661,-0.0029,1.2423
3/8,1,x__xx_,♪. sc ♪,d,desce,x___..,♩ pausa ♪,9,237,0.038,0.037,0.001,1.2914
3/8,1,x__xx_,♪. sc ♪,d,desce,xxx_x_,sc sc ♪ ♪,7,237,0.0295,0.0214,0.0081,1.213
3/8,1,x__xx_,♪. sc ♪,d,desce,x_x_xx,♪ ♪ sc sc,6,237,0.0253,0.0272,-0.0019,0.6758
3/8,1,x__xx_,♪. sc ♪,d,desce,x___xx,♩ sc sc,5,237,0.0211,0.0195,0.0016,0.5747
3/8,1,x__xx_,♪. sc ♪,d,desce,xxx_xx,sc sc ♪ sc sc,4,237,0.0169,0.0097,0.0072,3.1072
3/8,1,x__xx_,♪. sc ♪,d,desce,xxx___,sc sc ♩,2,237,0.0084,0.0058,0.0026,1.5536
3/8,1,x__xx_,♪. sc ♪,d,desce,x_xxx_,♪ sc sc ♪,2,237,0.0084,0.0058,0.0026,0.425
3/8,1,x__xx_,♪. sc ♪,d,desce,x__xxx,♪. sc sc sc,2,237,0.0084,0.0175,-0.0091,0.4551
3/8,1,xxxxx_,sc sc sc sc ♪,d,desce,x_x_x_,♪ ♪ ♪,15,36,0.4167,0.3673,0.0493,1.1684
3/8,1,xxxxx_,sc sc sc sc ♪,d,desce,x__xx_,♪. sc ♪,4,36,0.1111,0.102,0.0091,1.1497
3/8,1,xxxxx_,sc sc sc sc ♪,d,desce,xxxxx_,sc sc sc sc ♪,3,36,0.0833,0.0816,0.0017,9.0799
3/8,1,xxxxx_,sc sc sc sc ♪,d,desce,xxxxxx,sc sc sc sc sc sc,3,36,0.0833,0.0612,0.0221,6.9518
3/8,1,xxxxx_,sc sc sc sc ♪,d,desce,x_x_xx,♪ ♪ sc sc,2,36,0.0556,0.0408,0.0147,1.4831
3/8,1,xxxxx_,sc sc sc sc ♪,d,desce,xxx_x_,sc sc ♪ ♪,2,36,0.0556,0.0612,-0.0057,2.2816
3/8,1,xxxxx_,sc sc sc sc ♪,d,desce,x__xxx,♪. sc sc sc,2,36,0.0556,0.0408,0.0147,2.9961
3/8,1,xxx_xx,sc sc ♪ sc sc,s,sobe,xxx_x_,sc sc ♪ ♪,6,17,0.3529,0.25,0.1029,14.495
3/8,1,xxx_xx,sc sc ♪ sc sc,s,sobe,x_..x_,♪ pausa ♪ ♪,3,17,0.1765,0.1071,0.0693,20.4821
3/8,1,xxx_xx,sc sc ♪ sc sc,s,sobe,x_x_x_,♪ ♪ ♪,2,17,0.1176,0.0714,0.0462,0.3299
3/8,1,xxx_xx,sc sc ♪ sc sc,s,sobe,xxx_xx,sc sc ♪ sc sc,2,17,0.1176,0.0714,0.0462,21.6592
3/8,1,xxxxxx,sc sc sc sc sc sc,s,sobe,xxxxx_,sc sc sc sc ♪,5,21,0.2381,0.1333,0.1048,25.9427
3/8,1,xxxxxx,sc sc sc sc sc sc,s,sobe,x_x_x_,♪ ♪ ♪,4,21,0.1905,0.2333,-0.0429,0.5341
3/8,1,xxxxxx,sc sc sc sc sc sc,s,sobe,x___x_,♩ ♪,3,21,0.1429,0.0667,0.0762,0.7102
3/8,1,xxxxxx,sc sc sc sc sc sc,s,sobe,x___xx,♩ sc sc,3,21,0.1429,0.0667,0.0762,3.8914
3/8,1,xxxxxx,sc sc sc sc sc sc,s,sobe,x_xxx_,♪ sc sc ♪,3,21,0.1429,0.05,0.0929,7.1954
3/8,1,x_x___,♪ ♩,r,repete,x_____,♩.,4,15,0.2667,0.1395,0.1271,5.2343
3/8,1,x_x___,♪ ♩,r,repete,x_x___,♪ ♩,3,15,0.2,0.1163,0.0837,23.213
3/8,1,x_x___,♪ ♩,r,repete,x_x_x_,♪ ♪ ♪,3,15,0.2,0.2093,-0.0093,0.5608
3/8,1,x_x___,♪ ♩,r,repete,x_xxxx,♪ sc sc sc sc,3,15,0.2,0.1628,0.0372,7.8515
3/8,1,x__xxx,♪. sc sc sc,d,desce,x_x_x_,♪ ♪ ♪,12,47,0.2553,0.1837,0.0716,0.7159
3/8,1,x__xxx,♪. sc sc sc,d,desce,x___x_,♩ ♪,9,47,0.1915,0.2347,-0.0432,0.9519
3/8,1,x__xxx,♪. sc sc sc,d,desce,x___xx,♩ sc sc,8,47,0.1702,0.1224,0.0478,4.6366
3/8,1,x__xxx,♪. sc sc sc,d,desce,x__xx_,♪. sc ♪,4,47,0.0851,0.102,-0.0169,0.8806
3/8,1,x__xxx,♪. sc sc sc,d,desce,xxx_x_,sc sc ♪ ♪,3,47,0.0638,0.051,0.0128,2.6214
3/8,1,x__xxx,♪. sc sc sc,d,desce,x_____,♩.,2,47,0.0426,0.0612,-0.0187,0.8353
3/8,1,x__xxx,♪. sc sc sc,d,desce,x_x_xx,♪ ♪ sc sc,2,47,0.0426,0.0612,-0.0187,1.136
3/8,1,x__xxx,♪. sc sc sc,d,desce,x_xxx_,♪ sc sc ♪,2,47,0.0426,0.0204,0.0221,2.1433
3/8,1,x__xxx,♪. sc sc sc,d,desce,xxx_xx,sc sc ♪ sc sc,2,47,0.0426,0.0204,0.0221,7.8342
3/8,1,x___xx,♩ sc sc,r,repete,x_x_x_,♪ ♪ ♪,17,44,0.3864,0.303,0.0833,1.0834
3/8,1,x___xx,♩ sc sc,r,repete,x___x_,♩ ♪,9,44,0.2045,0.1212,0.0833,1.0168
3/8,1,x___xx,♩ sc sc,r,repete,x__xx_,♪. sc ♪,5,44,0.1136,0.0707,0.0429,1.1758
3/8,1,x___xx,♩ sc sc,r,repete,x_x_xx,♪ ♪ sc sc,5,44,0.1136,0.1061,0.0076,3.0335
3/8,1,x___xx,♩ sc sc,r,repete,x__xxx,♪. sc sc sc,3,44,0.0682,0.0505,0.0177,3.677
3/8,1,x___xx,♩ sc sc,r,repete,xxxxxx,sc sc sc sc sc sc,3,44,0.0682,0.0606,0.0076,5.6879
3/8,1,x_____,♩.,s,sobe,x_x_x_,♪ ♪ ♪,29,107,0.271,0.2773,-0.0062,0.76
3/8,1,x_____,♩.,s,sobe,x___x_,♩ ♪,17,107,0.1589,0.1727,-0.0138,0.7898
3/8,1,x_____,♩.,s,sobe,x_____,♩.,10,107,0.0935,0.1045,-0.0111,1.8345
3/8,1,x_____,♩.,s,sobe,x__xx_,♪. sc ♪,9,107,0.0841,0.0636,0.0205,0.8703
3/8,1,x_____,♩.,s,sobe,______,(lig.) ♩.,6,107,0.0561,0.0364,0.0197,27.2167
3/8,1,x_____,♩.,s,sobe,x_..x_,♪ pausa ♪ ♪,4,107,0.0374,0.0273,0.0101,4.3389
3/8,1,x_____,♩.,s,sobe,x___xx,♩ sc sc,4,107,0.0374,0.0364,0.001,1.0183
3/8,1,x_____,♩.,s,sobe,____x_,(lig.) ♩ ♪,4,107,0.0374,0.0364,0.001,24.9486
3/8,1,x_____,♩.,s,sobe,____..,(lig.) ♩ pausa ♪,2,107,0.0187,0.0091,0.0096,49.8972
3/8,1,x_____,♩.,s,sobe,__x_x_,(lig.) ♪ ♪ ♪,2,107,0.0187,0.0136,0.0051,24.9486
3/8,1,x_____,♩.,s,sobe,....x_,pausa ♩ ♪,2,107,0.0187,0.0227,-0.004,3.9918
3/8,1,x_____,♩.,s,sobe,x_x__x,♪ ♪. sc,2,107,0.0187,0.0091,0.0096,1.4056
3/8,1,x_____,♩.,s,sobe,__....,(lig.) ♪ pausa ♩,2,107,0.0187,0.0091,0.0096,49.8972
3/8,1,x_____,♩.,s,sobe,xxxxx_,sc sc sc sc ♪,2,107,0.0187,0.0227,-0.004,2.0366
3/8,1,x_____,♩.,s,sobe,x_....,♪ pausa ♩,2,107,0.0187,0.0091,0.0096,33.2648
3/8,1,x_____,♩.,s,sobe,xxx__x,sc sc ♪. sc,2,107,0.0187,0.0136,0.0051,5.2523
3/8,1,x_____,♩.,d,desce,x_x_x_,♪ ♪ ♪,23,87,0.2644,0.2773,-0.0129,0.7413
3/8,1,x_____,♩.,d,desce,x___x_,♩ ♪,17,87,0.1954,0.1727,0.0227,0.9714
3/8,1,x_____,♩.,d,desce,x_____,♩.,10,87,0.1149,0.1045,0.0104,2.2562
3/8,1,x_____,♩.,d,desce,__..x_,(lig.) ♪ pausa ♪ ♪,5,87,0.0575,0.0273,0.0302,51.1398
3/8,1,x_____,♩.,d,desce,x___..,♩ pausa ♪,4,87,0.046,0.0227,0.0232,1.5635
3/8,1,x_____,♩.,d,desce,____x_,(lig.) ♩ ♪,4,87,0.046,0.0364,0.0096,30.6839
3/8,1,x_____,♩.,d,desce,x_x_xx,♪ ♪ sc sc,4,87,0.046,0.0182,0.0278,1.2274
3/8,1,x_____,♩.,d,desce,x___xx,♩ sc sc,4,87,0.046,0.0364,0.0096,1.2524
3/8,1,x_____,♩.,d,desce,x__xx_,♪. sc ♪,3,87,0.0345,0.0636,-0.0292,0.3568
3/8,1,x_____,♩.,d,desce,....x_,pausa ♩ ♪,3,87,0.0345,0.0227,0.0118,7.3641
3/8,1,x_____,♩.,d,desce,x__xxx,♪. sc sc sc,2,87,0.023,0.0182,0.0048,1.2398
3/8,1,x_____,♩.,d,desce,xxx_x_,sc sc ♪ ♪,2,87,0.023,0.0182,0.0048,0.9441
3/8,1,x_____,♩.,d,desce,xxxxx_,sc sc sc sc ♪,2,87,0.023,0.0227,0.0003,2.5048
3/8,1,x_xxx_,♪ sc sc ♪,r,repete,xxx_x_,sc sc ♪ ♪,4,10,0.4,0.0485,0.3515,16.4277
3/8,1,x_xxx_,♪ sc sc ♪,r,repete,x_x_x_,♪ ♪ ♪,3,10,0.3,0.3301,-0.0301,0.8412
3/8,1,x_xxx_,♪ sc sc ♪,r,repete,xxxxx_,sc sc sc sc ♪,2,10,0.2,0.0485,0.1515,21.7918
3/8,1,xxxxxx,sc sc sc sc sc sc,r,repete,x_x___,♪ ♩,2,11,0.1818,0.0333,0.1485,21.1028
3/8,1,xxxxxx,sc sc sc sc sc sc,r,repete,x_xxxx,♪ sc sc sc sc,2,11,0.1818,0.05,0.1318,7.1377
3/8,1,xxxxxx,sc sc sc sc sc sc,r,repete,xxxxx_,sc sc sc sc ♪,2,11,0.1818,0.1333,0.0485,19.8108
3/8,1,xxx___,sc sc ♩,r,repete,x_x__x,♪ ♪. sc,4,10,0.4,0.1786,0.2214,30.0789
3/8,1,xxx___,sc sc ♩,r,repete,xxx_x_,sc sc ♪ ♪,3,10,0.3,0.1786,0.1214,12.3208
3/8,1,xxx___,sc sc ♩,r,repete,x_x_x_,♪ ♪ ♪,2,10,0.2,0.25,-0.05,0.5608
3/8,1,x_xxx_,♪ sc sc ♪,d,desce,x_x_x_,♪ ♪ ♪,21,67,0.3134,0.3301,-0.0167,0.8789
3/8,1,x_xxx_,♪ sc sc ♪,d,desce,x_xxx_,♪ sc sc ♪,21,67,0.3134,0.2621,0.0513,15.787
3/8,1,x_xxx_,♪ sc sc ♪,d,desce,x_x___,♪ ♩,3,67,0.0448,0.0291,0.0156,5.197
3/8,1,x_xxx_,♪ sc sc ♪,d,desce,x__xxx,♪. sc sc sc,3,67,0.0448,0.0291,0.0156,2.4147
3/8,1,x_xxx_,♪ sc sc ♪,d,desce,x_x_xx,♪ ♪ sc sc,2,67,0.0299,0.0194,0.0104,0.7969
3/8,1,x_xxx_,♪ sc sc ♪,d,desce,xxx___,sc sc ♩,2,67,0.0299,0.0194,0.0104,5.4956
3/8,1,x_xxx_,♪ sc sc ♪,d,desce,x__xx_,♪. sc ♪,2,67,0.0299,0.0485,-0.0187,0.3089
3/8,1,x_xxx_,♪ sc sc ♪,d,desce,xxxxxx,sc sc sc sc sc sc,2,67,0.0299,0.0291,0.0007,2.4902
3/8,1,x_xxx_,♪ sc sc ♪,d,desce,x___xx,♩ sc sc,2,67,0.0299,0.0194,0.0104,0.8131
3/8,1,x_xxx_,♪ sc sc ♪,d,desce,xxxxx_,sc sc sc sc ♪,2,67,0.0299,0.0485,-0.0187,3.2525
3/8,1,x_xxx_,♪ sc sc ♪,d,desce,______,(lig.) ♩.,2,67,0.0299,0.0194,0.0104,14.4885
3/8,1,x___..,♩ pausa ♪,s,sobe,x_x_x_,♪ ♪ ♪,14,44,0.3182,0.3671,-0.0489,0.8922
3/8,1,x___..,♩ pausa ♪,s,sobe,x__xx_,♪. sc ♪,9,44,0.2045,0.1266,0.078,2.1164
3/8,1,x___..,♩ pausa ♪,s,sobe,x___x_,♩ ♪,6,44,0.1364,0.1456,-0.0092,0.6779
3/8,1,x___..,♩ pausa ♪,s,sobe,x___xx,♩ sc sc,3,44,0.0682,0.0253,0.0429,1.8573
3/8,1,x___..,♩ pausa ♪,s,sobe,x_xxx_,♪ sc sc ♪,3,44,0.0682,0.0443,0.0239,3.4342
3/8,1,x___..,♩ pausa ♪,s,sobe,....x_,pausa ♩ ♪,2,44,0.0455,0.0506,-0.0052,9.7073
3/8,1,x___..,♩ pausa ♪,s,sobe,x_x_xx,♪ ♪ sc sc,2,44,0.0455,0.0316,0.0138,1.2134
3/8,1,x_..x_,♪ pausa ♪ ♪,r,repete,x_x_x_,♪ ♪ ♪,11,22,0.5,0.4,0.1,1.402
3/8,1,x_..x_,♪ pausa ♪ ♪,r,repete,x__xx_,♪. sc ♪,5,22,0.2273,0.1778,0.0495,2.3516
3/8,1,x_..x_,♪ pausa ♪ ♪,r,repete,x_xxxx,♪ sc sc sc sc,3,22,0.1364,0.1111,0.0253,5.3533
3/8,1,x_..x_,♪ pausa ♪ ♪,r,repete,x__xxx,♪. sc sc sc,2,22,0.0909,0.0444,0.0465,4.9027
3/8,1,....x_,pausa ♩ ♪,s,sobe,x_x_x_,♪ ♪ ♪,4,10,0.4,0.4263,-0.0263,1.1216
3/8,1,....x_,pausa ♩ ♪,s,sobe,x__xx_,♪. sc ♪,2,10,0.2,0.1684,0.0316,2.0694
3/8,1,....x_,pausa ♩ ♪,s,sobe,x___x_,♩ ♪,2,10,0.2,0.2421,-0.0421,0.9942
3/8,1,....xx,pausa ♩ sc sc,r,repete,x_x_x_,♪ ♪ ♪,4,11,0.3636,0.425,-0.0614,1.0197
3/8,1,....xx,pausa ♩ sc sc,r,repete,x_xxxx,♪ sc sc sc sc,3,11,0.2727,0.125,0.1477,10.7066
3/8,1,....xx,pausa ♩ sc sc,r,repete,x_x_xx,♪ ♪ sc sc,2,11,0.1818,0.125,0.0568,4.8536
3/8,1,x_x_xx,♪ ♪ sc sc,r,repete,x_x_x_,♪ ♪ ♪,30,50,0.6,0.3854,0.2146,1.6825
3/8,1,x_x_xx,♪ ♪ sc sc,r,repete,x___x_,♩ ♪,5,50,0.1,0.0833,0.0167,0.4971
3/8,1,x_x_xx,♪ ♪ sc sc,r,repete,x_x_xx,♪ ♪ sc sc,4,50,0.08,0.0938,-0.0137,2.1356
3/8,1,x_x_xx,♪ ♪ sc sc,r,repete,x__xx_,♪. sc ♪,3,50,0.06,0.0417,0.0183,0.6208
3/8,1,x_x_xx,♪ ♪ sc sc,r,repete,x___xx,♩ sc sc,2,50,0.04,0.0729,-0.0329,1.0896
3/8,1,x_..x_,♪ pausa ♪ ♪,s,sobe,x_x_x_,♪ ♪ ♪,5,14,0.3571,0.4,-0.0429,1.0015
3/8,1,x_..x_,♪ pausa ♪ ♪,s,sobe,x___x_,♩ ♪,3,14,0.2143,0.0889,0.1254,1.0652
3/8,1,x_..x_,♪ pausa ♪ ♪,s,sobe,xxx_xx,sc sc ♪ sc sc,2,14,0.1429,0.0444,0.0984,26.3005
3/8,1,x_..x_,♪ pausa ♪ ♪,s,sobe,xxx_x_,sc sc ♪ ♪,2,14,0.1429,0.0444,0.0984,5.867
3/8,1,x_..x_,♪ pausa ♪ ♪,s,sobe,x__xx_,♪. sc ♪,2,14,0.1429,0.1778,-0.0349,1.4781
3/8,1,x__xx_,♪. sc ♪,r,repete,x_x_x_,♪ ♪ ♪,50,106,0.4717,0.321,0.1507,1.3227
3/8,1,x__xx_,♪. sc ♪,r,repete,x__xx_,♪. sc ♪,27,106,0.2547,0.2821,-0.0274,2.6355
3/8,1,x__xx_,♪. sc ♪,r,repete,x___x_,♩ ♪,9,106,0.0849,0.1537,-0.0688,0.4221
3/8,1,x__xx_,♪. sc ♪,r,repete,x___..,♩ pausa ♪,5,106,0.0472,0.037,0.0102,1.6041
3/8,1,x__xx_,♪. sc ♪,r,repete,x___xx,♩ sc sc,4,106,0.0377,0.0195,0.0183,1.0279
3/8,1,x__xx_,♪. sc ♪,r,repete,x__xxx,♪. sc sc sc,2,106,0.0189,0.0175,0.0014,1.0175
3/8,1,x__xx_,♪. sc ♪,r,repete,x_____,♩.,2,106,0.0189,0.0661,-0.0473,0.3704
3/8,1,x__xx_,♪. sc ♪,r,repete,x_xxxx,♪ sc sc sc sc,2,106,0.0189,0.0097,0.0091,0.7407
3/8,1,x__xx_,♪. sc ♪,r,repete,x_x_xx,♪ ♪ sc sc,2,106,0.0189,0.0272,-0.0084,0.5037
3/8,1,x__xx_,♪. sc ♪,r,repete,xxx_..,sc sc ♪ pausa ♪,2,106,0.0189,0.0039,0.015,5.5964
3/8,1,x_x_..,♪ ♪ pausa ♪,d,desce,x_x_x_,♪ ♪ ♪,27,41,0.6585,0.6444,0.0141,1.8466
3/8,1,x_x_..,♪ ♪ pausa ♪,d,desce,....x_,pausa ♩ ♪,7,41,0.1707,0.1778,-0.007,36.4615
3/8,1,x_x_..,♪ ♪ pausa ♪,d,desce,x_xxxx,♪ sc sc sc sc,3,41,0.0732,0.0667,0.0065,2.8725
3/8,1,x_x_..,♪ ♪ pausa ♪,d,desce,....xx,pausa ♩ sc sc,2,41,0.0488,0.0444,0.0043,86.813
3/8,1,x__xxx,♪. sc sc sc,s,sobe,x___x_,♩ ♪,11,44,0.25,0.2347,0.0153,1.2428
3/8,1,x__xxx,♪. sc sc sc,s,sobe,x_x_x_,♪ ♪ ♪,5,44,0.1136,0.1837,-0.07,0.3186
3/8,1,x__xxx,♪. sc sc sc,s,sobe,x_x_xx,♪ ♪ sc sc,4,44,0.0909,0.0612,0.0297,2.4268
3/8,1,x__xxx,♪. sc sc sc,s,sobe,x_____,♩.,4,44,0.0909,0.0612,0.0297,1.7844
3/8,1,x__xxx,♪. sc sc sc,s,sobe,x___xx,♩ sc sc,4,44,0.0909,0.1224,-0.0315,2.4763
3/8,1,x__xxx,♪. sc sc sc,s,sobe,x___..,♩ pausa ♪,4,44,0.0909,0.051,0.0399,3.0915
3/8,1,x__xxx,♪. sc sc sc,s,sobe,x__xx_,♪. sc ♪,4,44,0.0909,0.102,-0.0111,0.9406
3/8,1,x__xxx,♪. sc sc sc,s,sobe,x_x__x,♪ ♪. sc,3,44,0.0682,0.0306,0.0376,5.1271
3/8,1,x__xxx,♪. sc sc sc,s,sobe,xxx_x_,sc sc ♪ ♪,2,44,0.0455,0.051,-0.0056,1.8668
3/8,1,x_x__x,♪ ♪. sc,r,repete,x_x__x,♪ ♪. sc,4,15,0.2667,0.2029,0.0638,20.0526
3/8,1,x_x__x,♪ ♪. sc,r,repete,xxx__x,sc sc ♪. sc,3,15,0.2,0.0435,0.1565,56.2
3/8,1,x_x__x,♪ ♪. sc,r,repete,x_x_x_,♪ ♪ ♪,2,15,0.1333,0.2174,-0.0841,0.3739
3/8,1,x_x__x,♪ ♪. sc,r,repete,x_x_xx,♪ ♪ sc sc,2,15,0.1333,0.0725,0.0609,3.5593
3/8,1,x_____,♩.,r,repete,x_x_x_,♪ ♪ ♪,8,21,0.381,0.2773,0.1037,1.0682
3/8,1,x_____,♩.,r,repete,x___x_,♩ ♪,4,21,0.1905,0.1727,0.0177,0.9469
3/8,1,x_____,♩.,r,repete,x_____,♩.,2,21,0.0952,0.1045,-0.0093,1.8694
3/8,1,x___..,♩ pausa ♪,r,repete,x_x_x_,♪ ♪ ♪,6,11,0.5455,0.3671,0.1784,1.5295
3/8,1,x___..,♩ pausa ♪,r,repete,x_____,♩.,2,11,0.1818,0.038,0.1438,3.5689
3/8,1,xxx_..,sc sc ♪ pausa ♪,r,repete,xxx_..,sc sc ♪ pausa ♪,3,10,0.3,0.2222,0.0778,88.9833
3/8,1,xxx_..,sc sc ♪ pausa ♪,r,repete,x_____,♩.,2,10,0.2,0.1111,0.0889,3.9257
6/8,1,....x_,pausa ♩ ♪,0,—,x___x_,♩ ♪,505,1190,0.4244,0.4667,-0.0423,1.7741
6/8,1,....x_,pausa ♩ ♪,0,—,x_x_x_,♪ ♪ ♪,493,1190,0.4143,0.3669,0.0473,0.7906
6/8,1,....x_,pausa ♩ ♪,0,—,x__xx_,♪. sc ♪,136,1190,0.1143,0.1154,-0.0012,2.0319
6/8,1,....x_,pausa ♩ ♪,0,—,x_____,♩.,21,1190,0.0176,0.019,-0.0013,0.1515
6/8,1,....x_,pausa ♩ ♪,0,—,xxx_x_,sc sc ♪ ♪,7,1190,0.0059,0.0043,0.0015,0.6344
6/8,1,....x_,pausa ♩ ♪,0,—,x_x_xx,♪ ♪ sc sc,5,1190,0.0042,0.0049,-0.0007,1.1284
6/8,1,....x_,pausa ♩ ♪,0,—,x_..x_,♪ pausa ♪ ♪,5,1190,0.0042,0.0033,0.0009,3.7857
6/8,1,....x_,pausa ♩ ♪,0,—,x___xx,♩ sc sc,4,1190,0.0034,0.007,-0.0037,0.6612
6/8,1,....x_,pausa ♩ ♪,0,—,x_xxxx,♪ sc sc sc sc,4,1190,0.0034,0.0022,0.0012,1.1591
6/8,1,....x_,pausa ♩ ♪,0,—,x__xxx,♪. sc sc sc,3,1190,0.0025,0.0016,0.0009,0.503
6/8,1,....x_,pausa ♩ ♪,0,—,xx__x_,sc ♪. ♪,2,1190,0.0017,0.0011,0.0006,0.5334
6/8,2,x_x_x_,♪ ♪ ♪,d,desce,x_x_x_,♪ ♪ ♪,4539,6649,0.6827,0.6623,0.0203,1.3628
6/8,2,x_x_x_,♪ ♪ ♪,d,desce,x___x_,♩ ♪,1439,6649,0.2164,0.2288,-0.0123,0.7134
6/8,2,x_x_x_,♪ ♪ ♪,d,desce,x_____,♩.,199,6649,0.0299,0.0277,0.0022,0.791
6/8,2,x_x_x_,♪ ♪ ♪,d,desce,x___xx,♩ sc sc,187,6649,0.0281,0.0306,-0.0025,0.9315
6/8,2,x_x_x_,♪ ♪ ♪,d,desce,x__xx_,♪. sc ♪,74,6649,0.0111,0.0132,-0.0021,0.3997
6/8,2,x_x_x_,♪ ♪ ♪,d,desce,x___..,♩ pausa ♪,45,6649,0.0068,0.0074,-0.0006,0.7263
6/8,2,x_x_x_,♪ ♪ ♪,d,desce,x_x___,♪ ♩,27,6649,0.0041,0.0035,0.0005,1.224
6/8,2,x_x_x_,♪ ♪ ♪,d,desce,x_x_xx,♪ ♪ sc sc,26,6649,0.0039,0.0041,-0.0002,0.8966
6/8,2,x_x_x_,♪ ♪ ♪,d,desce,xxx_x_,sc sc ♪ ♪,24,6649,0.0036,0.0041,-0.0005,0.7281
6/8,2,x_x_x_,♪ ♪ ♪,d,desce,__x_x_,(lig.) ♪ ♪ ♪,19,6649,0.0029,0.0043,-0.0014,0.4483
6/8,2,x_x_x_,♪ ♪ ♪,d,desce,xx__x_,sc ♪. ♪,13,6649,0.002,0.0014,0.0005,0.9202
6/8,2,x_x_x_,♪ ♪ ♪,d,desce,x_..x_,♪ pausa ♪ ♪,9,6649,0.0014,0.0024,-0.001,0.2149
6/8,2,x_x_x_,♪ ♪ ♪,d,desce,x_x_..,♪ ♪ pausa ♪,7,6649,0.0011,0.0006,0.0004,1.8829
6/8,2,x_x_x_,♪ ♪ ♪,d,desce,x_xxx_,♪ sc sc ♪,6,6649,0.0009,0.0012,-0.0003,0.5905
6/8,2,x_x_x_,♪ ♪ ♪,d,desce,..x_x_,pausa ♪ ♪ ♪,4,6649,0.0006,0.0003,0.0003,0.9494
6/8,2,x_x_x_,♪ ♪ ♪,d,desce,x__xxx,♪. sc sc sc,4,6649,0.0006,0.0013,-0.0007,0.2646
6/8,2,x_x_x_,♪ ♪ ♪,d,desce,....x_,pausa ♩ ♪,3,6649,0.0005,0.0003,0.0002,0.0184
6/8,2,x_x_x_,♪ ♪ ♪,d,desce,x_x__x,♪ ♪. sc,2,6649,0.0003,0.0005,-0.0002,0.4747
6/8,2,x_x_x_,♪ ♪ ♪,d,desce,______,(lig.) ♩.,2,6649,0.0003,0.0002,0.0001,0.1877
6/8,2,x_x_x_,♪ ♪ ♪,d,desce,xxxxxx,sc sc sc sc sc sc,2,6649,0.0003,0.0008,-0.0005,0.3228
6/8,2,x_x_x_,♪ ♪ ♪,d,desce,xx__xx,sc ♪. sc sc,2,6649,0.0003,0.0003,0,2.0174
6/8,2,x_x_x_,♪ ♪ ♪,d,desce,xx..xx,sc sc pausa ♪ sc sc,2,6649,0.0003,0.0001,0.0002,2.6898
6/8,2,x_x_x_,♪ ♪ ♪,d,desce,xxx_..,sc sc ♪ pausa ♪,2,6649,0.0003,0.0001,0.0002,1.6139
6/8,1,x___x_,♩ ♪,s,sobe,x_x_x_,♪ ♪ ♪,1812,3510,0.5162,0.4463,0.0699,0.9851
6/8,1,x___x_,♩ ♪,s,sobe,x___x_,♩ ♪,1029,3510,0.2932,0.325,-0.0318,1.2256
6/8,1,x___x_,♩ ♪,s,sobe,x_____,♩.,330,3510,0.094,0.1217,-0.0277,0.807
6/8,1,x___x_,♩ ♪,s,sobe,x__xx_,♪. sc ♪,182,3510,0.0519,0.0551,-0.0033,0.9219
6/8,1,x___x_,♩ ♪,s,sobe,xxx_x_,sc sc ♪ ♪,45,3510,0.0128,0.0099,0.0029,1.3826
6/8,1,x___x_,♩ ♪,s,sobe,x__xxx,♪. sc sc sc,18,3510,0.0051,0.005,0.0002,1.0231
6/8,1,x___x_,♩ ♪,s,sobe,x_x_..,♪ ♪ pausa ♪,16,3510,0.0046,0.0055,-0.0009,0.9947
6/8,1,x___x_,♩ ♪,s,sobe,x___..,♩ pausa ♪,15,3510,0.0043,0.0089,-0.0047,0.5167
6/8,1,x___x_,♩ ♪,s,sobe,x___xx,♩ sc sc,13,3510,0.0037,0.0051,-0.0014,0.7285
6/8,1,x___x_,♩ ♪,s,sobe,x_x_xx,♪ ♪ sc sc,8,3510,0.0023,0.0026,-0.0003,0.6121
6/8,1,x___x_,♩ ♪,s,sobe,x_xxxx,♪ sc sc sc sc,8,3510,0.0023,0.0019,0.0004,0.7859
6/8,1,x___x_,♩ ♪,s,sobe,__x_x_,(lig.) ♪ ♪ ♪,6,3510,0.0017,0.0011,0.0006,0.5894
6/8,1,x___x_,♩ ♪,s,sobe,x_xxx_,♪ sc sc ♪,5,3510,0.0014,0.0012,0.0002,0.7234
6/8,1,x___x_,♩ ♪,s,sobe,x_x___,♪ ♩,4,3510,0.0011,0.004,-0.0028,0.2526
6/8,1,x___x_,♩ ♪,s,sobe,xx__x_,sc ♪. ♪,4,3510,0.0011,0.002,-0.0008,0.3617
6/8,1,x___x_,♩ ♪,s,sobe,____x_,(lig.) ♩ ♪,2,3510,0.0006,0.0007,-0.0002,0.2744
6/8,1,x___x_,♩ ♪,s,sobe,x_....,♪ pausa ♩,2,3510,0.0006,0.0004,0.0002,2.6525
6/8,1,x___x_,♩ ♪,s,sobe,x_..x_,♪ pausa ♪ ♪,2,3510,0.0006,0.0009,-0.0003,0.5134
6/8,1,x___x_,♩ ♪,s,sobe,xxx_xx,sc sc ♪ sc sc,2,3510,0.0006,0.0002,0.0003,1.4468
6/8,1,x___x_,♩ ♪,s,sobe,_xx_x_,(lig.) sc sc ♪ ♪,2,3510,0.0006,0.0004,0.0002,0.4421
6/8,1,x___x_,♩ ♪,s,sobe,xx__..,sc ♪. pausa ♪,2,3510,0.0006,0.0004,0.0002,2.2736
6/8,1,x_x_x_,♪ ♪ ♪,d,desce,x_x_x_,♪ ♪ ♪,4483,7102,0.6312,0.6327,-0.0014,1.2045
6/8,1,x_x_x_,♪ ♪ ♪,d,desce,x___x_,♩ ♪,1133,7102,0.1595,0.1499,0.0096,0.667
6/8,1,x_x_x_,♪ ♪ ♪,d,desce,x_____,♩.,922,7102,0.1298,0.1306,-0.0008,1.1143
6/8,1,x_x_x_,♪ ♪ ♪,d,desce,x__xx_,♪. sc ♪,220,7102,0.031,0.032,-0.001,0.5507
6/8,1,x_x_x_,♪ ♪ ♪,d,desce,xxx_x_,sc sc ♪ ♪,74,7102,0.0104,0.0101,0.0003,1.1237
6/8,1,x_x_x_,♪ ♪ ♪,d,desce,x___..,♩ pausa ♪,53,7102,0.0075,0.0087,-0.0013,0.9023
6/8,1,x_x_x_,♪ ♪ ♪,d,desce,x_x_..,♪ ♪ pausa ♪,38,7102,0.0054,0.0058,-0.0004,1.1676
6/8,1,x_x_x_,♪ ♪ ♪,d,desce,x_x___,♪ ♩,30,7102,0.0042,0.0036,0.0006,0.9364
6/8,1,x_x_x_,♪ ♪ ♪,d,desce,x__xxx,♪. sc sc sc,23,7102,0.0032,0.0048,-0.0016,0.6461
6/8,1,x_x_x_,♪ ♪ ♪,d,desce,xx__x_,sc ♪. ♪,19,7102,0.0027,0.0033,-0.0006,0.8491
6/8,1,x_x_x_,♪ ♪ ♪,d,desce,x___xx,♩ sc sc,16,7102,0.0023,0.002,0.0003,0.4431
6/8,1,x_x_x_,♪ ♪ ♪,d,desce,x_x_xx,♪ ♪ sc sc,13,7102,0.0018,0.0026,-0.0007,0.4916
6/8,1,x_x_x_,♪ ♪ ♪,d,desce,x_xxxx,♪ sc sc sc sc,12,7102,0.0017,0.0027,-0.001,0.5826
6/8,1,x_x_x_,♪ ♪ ♪,d,desce,x_xxx_,♪ sc sc ♪,10,7102,0.0014,0.0015,-0.0001,0.7151
6/8,1,x_x_x_,♪ ♪ ♪,d,desce,__x_x_,(lig.) ♪ ♪ ♪,9,7102,0.0013,0.0017,-0.0005,0.437
6/8,1,x_x_x_,♪ ♪ ♪,d,desce,____x_,(lig.) ♩ ♪,9,7102,0.0013,0.0023,-0.001,0.6103
6/8,1,x_x_x_,♪ ♪ ♪,d,desce,xxx___,sc sc ♩,7,7102,0.001,0.0005,0.0005,1.7206
6/8,1,x_x_x_,♪ ♪ ♪,d,desce,xxxxxx,sc sc sc sc sc sc,6,7102,0.0008,0.0006,0.0002,0.9832
6/8,1,x_x_x_,♪ ♪ ♪,d,desce,_xx_x_,(lig.) sc sc ♪ ♪,5,7102,0.0007,0.0011,-0.0003,0.5462
6/8,1,x_x_x_,♪ ♪ ♪,d,desce,xx__..,sc ♪. pausa ♪,4,7102,0.0006,0.0003,0.0003,2.2473
6/8,1,x_x_x_,♪ ♪ ♪,d,desce,xxxxx_,sc sc sc sc ♪,2,7102,0.0003,0.0004,-0.0001,0.7151
6/8,1,x_x_x_,♪ ♪ ♪,d,desce,x_..x_,♪ pausa ♪ ♪,2,7102,0.0003,0.0003,0,0.2537
6/8,1,x_x_x_,♪ ♪ ♪,d,desce,xxx_xx,sc sc ♪ sc sc,2,7102,0.0003,0.0002,0.0001,0.7151
6/8,1,x_x_x_,♪ ♪ ♪,d,desce,xxxx__,sc sc sc ♪.,2,7102,0.0003,0.0002,0.0001,2.6219
6/8,2,x_x_x_,♪ ♪ ♪,r,repete,x_x_x_,♪ ♪ ♪,1709,2973,0.5748,0.6623,-0.0875,1.1476
6/8,2,x_x_x_,♪ ♪ ♪,r,repete,x___x_,♩ ♪,829,2973,0.2788,0.2288,0.0501,0.9192
6/8,2,x_x_x_,♪ ♪ ♪,r,repete,x___xx,♩ sc sc,167,2973,0.0562,0.0306,0.0255,1.8604
6/8,2,x_x_x_,♪ ♪ ♪,r,repete,x_____,♩.,71,2973,0.0239,0.0277,-0.0039,0.6312
6/8,2,x_x_x_,♪ ♪ ♪,r,repete,x__xx_,♪. sc ♪,49,2973,0.0165,0.0132,0.0033,0.5919
6/8,2,x_x_x_,♪ ♪ ♪,r,repete,x___..,♩ pausa ♪,36,2973,0.0121,0.0074,0.0047,1.2994
6/8,2,x_x_x_,♪ ♪ ♪,r,repete,__x_x_,(lig.) ♪ ♪ ♪,22,2973,0.0074,0.0043,0.0031,1.1609
6/8,2,x_x_x_,♪ ♪ ♪,r,repete,x_x_xx,♪ ♪ sc sc,15,2973,0.005,0.0041,0.001,1.1569
6/8,2,x_x_x_,♪ ♪ ♪,r,repete,x__xxx,♪. sc sc sc,11,2973,0.0037,0.0013,0.0024,1.6272
6/8,2,x_x_x_,♪ ♪ ♪,r,repete,x_..x_,♪ pausa ♪ ♪,11,2973,0.0037,0.0024,0.0013,0.5873
6/8,2,x_x_x_,♪ ♪ ♪,r,repete,xxx_x_,sc sc ♪ ♪,9,2973,0.003,0.0041,-0.0011,0.6106
6/8,2,x_x_x_,♪ ♪ ♪,r,repete,__xxx_,(lig.) ♪ sc sc ♪,7,2973,0.0024,0.0008,0.0016,3.1582
6/8,2,x_x_x_,♪ ♪ ♪,r,repete,x_xxxx,♪ sc sc sc sc,6,2973,0.002,0.0007,0.0013,1.6406
6/8,2,x_x_x_,♪ ♪ ♪,r,repete,x_xxx_,♪ sc sc ♪,6,2973,0.002,0.0012,0.0008,1.3205
6/8,2,x_x_x_,♪ ♪ ♪,r,repete,____x_,(lig.) ♩ ♪,5,2973,0.0017,0.0006,0.001,0.2751
6/8,2,x_x_x_,♪ ♪ ♪,r,repete,xxxxxx,sc sc sc sc sc sc,5,2973,0.0017,0.0008,0.0008,1.8047
6/8,2,x_x_x_,♪ ♪ ♪,r,repete,xxxxx_,sc sc sc sc ♪,3,2973,0.001,0.0004,0.0006,1.5924
6/8,2,x_x_x_,♪ ♪ ♪,r,repete,x_x___,♪ ♩,2,2973,0.0007,0.0035,-0.0029,0.2028
6/8,2,x_x_x_,♪ ♪ ♪,r,repete,x_x_..,♪ ♪ pausa ♪,2,2973,0.0007,0.0006,0,1.2031
6/8,1,x___x_,♩ ♪,d,desce,x_x_x_,♪ ♪ ♪,1286,3150,0.4083,0.4463,-0.038,0.779
6/8,1,x___x_,♩ ♪,d,desce,x___x_,♩ ♪,1047,3150,0.3324,0.325,0.0074,1.3896
6/8,1,x___x_,♩ ♪,d,desce,x_____,♩.,454,3150,0.1441,0.1217,0.0224,1.2371
6/8,1,x___x_,♩ ♪,d,desce,x__xx_,♪. sc ♪,162,3150,0.0514,0.0551,-0.0037,0.9144
6/8,1,x___x_,♩ ♪,d,desce,x___..,♩ pausa ♪,46,3150,0.0146,0.0089,0.0057,1.7657
6/8,1,x___x_,♩ ♪,d,desce,xxx_x_,sc sc ♪ ♪,33,3150,0.0105,0.0099,0.0005,1.1298
6/8,1,x___x_,♩ ♪,d,desce,x_x___,♪ ♩,24,3150,0.0076,0.004,0.0036,1.6889
6/8,1,x___x_,♩ ♪,d,desce,x_x_..,♪ ♪ pausa ♪,24,3150,0.0076,0.0055,0.0022,1.6626
6/8,1,x___x_,♩ ♪,d,desce,x___xx,♩ sc sc,18,3150,0.0057,0.0051,0.0006,1.124
6/8,1,x___x_,♩ ♪,d,desce,x__xxx,♪. sc sc sc,17,3150,0.0054,0.005,0.0004,1.0767
6/8,1,x___x_,♩ ♪,d,desce,xx__x_,sc ♪. ♪,10,3150,0.0032,0.002,0.0012,1.0076
6/8,1,x___x_,♩ ♪,d,desce,x_x_xx,♪ ♪ sc sc,7,3150,0.0022,0.0026,-0.0004,0.5968
6/8,1,x___x_,♩ ♪,d,desce,x_xxxx,♪ sc sc sc sc,6,3150,0.0019,0.0019,0,0.6568
6/8,1,x___x_,♩ ♪,d,desce,x_..x_,♪ pausa ♪ ♪,4,3150,0.0013,0.0009,0.0004,1.1441
6/8,1,x___x_,♩ ♪,d,desce,xxxxxx,sc sc sc sc sc sc,4,3150,0.0013,0.0007,0.0005,1.4778
6/8,1,x___x_,♩ ♪,d,desce,x_xxx_,♪ sc sc ♪,2,3150,0.0006,0.0012,-0.0006,0.3224
6/8,2,x___x_,♩ ♪,r,repete,x_x_x_,♪ ♪ ♪,872,1917,0.4549,0.3676,0.0873,0.9081
6/8,2,x___x_,♩ ♪,r,repete,x___x_,♩ ♪,845,1917,0.4408,0.5221,-0.0813,1.4531
6/8,2,x___x_,♩ ♪,r,repete,x__xx_,♪. sc ♪,82,1917,0.0428,0.0297,0.0131,1.5362
6/8,2,x___x_,♩ ♪,r,repete,x_____,♩.,43,1917,0.0224,0.027,-0.0046,0.5929
6/8,2,x___x_,♩ ♪,r,repete,x___xx,♩ sc sc,30,1917,0.0156,0.0228,-0.0072,0.5183
6/8,2,x___x_,♩ ♪,r,repete,x_x_xx,♪ ♪ sc sc,12,1917,0.0063,0.0034,0.0028,1.4353
6/8,2,x___x_,♩ ♪,r,repete,x___..,♩ pausa ♪,10,1917,0.0052,0.0101,-0.0049,0.5598
6/8,2,x___x_,♩ ♪,r,repete,x__xxx,♪. sc sc sc,7,1917,0.0037,0.0018,0.0019,1.6059
6/8,2,x___x_,♩ ♪,r,repete,xxx_x_,sc sc ♪ ♪,5,1917,0.0026,0.004,-0.0014,0.5261
6/8,2,x___x_,♩ ♪,r,repete,x_x__x,♪ ♪. sc,2,1917,0.001,0.0007,0.0003,1.6464
6/8,2,x___x_,♩ ♪,r,repete,xxxxx_,sc sc sc sc ♪,2,1917,0.001,0.0007,0.0003,1.6464
6/8,2,x___x_,♩ ♪,r,repete,....x_,pausa ♩ ♪,2,1917,0.001,0.0013,-0.0003,0.0426
6/8,1,x_x_x_,♪ ♪ ♪,s,sobe,x_x_x_,♪ ♪ ♪,3265,5309,0.615,0.6327,-0.0177,1.1736
6/8,1,x_x_x_,♪ ♪ ♪,s,sobe,x___x_,♩ ♪,799,5309,0.1505,0.1499,0.0006,0.6292
6/8,1,x_x_x_,♪ ♪ ♪,s,sobe,x_____,♩.,736,5309,0.1386,0.1306,0.008,1.19
6/8,1,x_x_x_,♪ ♪ ♪,s,sobe,x__xx_,♪. sc ♪,181,5309,0.0341,0.032,0.0021,0.6061
6/8,1,x_x_x_,♪ ♪ ♪,s,sobe,x___..,♩ pausa ♪,56,5309,0.0105,0.0087,0.0018,1.2754
6/8,1,x_x_x_,♪ ♪ ♪,s,sobe,xxx_x_,sc sc ♪ ♪,53,5309,0.01,0.0101,-0.0001,1.0766
6/8,1,x_x_x_,♪ ♪ ♪,s,sobe,x_x_..,♪ ♪ pausa ♪,39,5309,0.0073,0.0058,0.0016,1.603
6/8,1,x_x_x_,♪ ♪ ♪,s,sobe,x__xxx,♪. sc sc sc,38,5309,0.0072,0.0048,0.0023,1.428
6/8,1,x_x_x_,♪ ♪ ♪,s,sobe,xx__x_,sc ♪. ♪,22,5309,0.0041,0.0033,0.0008,1.3153
6/8,1,x_x_x_,♪ ♪ ♪,s,sobe,____x_,(lig.) ♩ ♪,21,5309,0.004,0.0023,0.0017,1.9049
6/8,1,x_x_x_,♪ ♪ ♪,s,sobe,x_x_xx,♪ ♪ sc sc,14,5309,0.0026,0.0026,0.0001,0.7082
6/8,1,x_x_x_,♪ ♪ ♪,s,sobe,x_x___,♪ ♩,14,5309,0.0026,0.0036,-0.001,0.5846
6/8,1,x_x_x_,♪ ♪ ♪,s,sobe,__x_x_,(lig.) ♪ ♪ ♪,12,5309,0.0023,0.0017,0.0005,0.7794
6/8,1,x_x_x_,♪ ♪ ♪,s,sobe,x_xxxx,♪ sc sc sc sc,12,5309,0.0023,0.0027,-0.0004,0.7794
6/8,1,x_x_x_,♪ ♪ ♪,s,sobe,_xx_x_,(lig.) sc sc ♪ ♪,8,5309,0.0015,0.0011,0.0005,1.1691
6/8,1,x_x_x_,♪ ♪ ♪,s,sobe,x_xxx_,♪ sc sc ♪,8,5309,0.0015,0.0015,0,0.7652
6/8,1,x_x_x_,♪ ♪ ♪,s,sobe,x___xx,♩ sc sc,7,5309,0.0013,0.002,-0.0006,0.2593
6/8,1,x_x_x_,♪ ♪ ♪,s,sobe,x___.x,♩ pausa sc sc,5,5309,0.0009,0.0004,0.0006,5.2611
6/8,1,x_x_x_,♪ ♪ ♪,s,sobe,xxxxx_,sc sc sc sc ♪,3,5309,0.0006,0.0004,0.0002,1.4348
6/8,1,x_x_x_,♪ ♪ ♪,s,sobe,__..x_,(lig.) ♪ pausa ♪ ♪,2,5309,0.0004,0.0002,0.0002,1.7537
6/8,1,x_x_x_,♪ ♪ ♪,s,sobe,__xxx_,(lig.) ♪ sc sc ♪,2,5309,0.0004,0.0003,0.0001,1.3153
6/8,1,x_x_x_,♪ ♪ ♪,s,sobe,____..,(lig.) ♩ pausa ♪,2,5309,0.0004,0.0002,0.0002,2.6305
6/8,2,x_x_x_,♪ ♪ ♪,s,sobe,x_x_x_,♪ ♪ ♪,3135,4545,0.6898,0.6623,0.0275,1.377
6/8,2,x_x_x_,♪ ♪ ♪,s,sobe,x___x_,♩ ♪,973,4545,0.2141,0.2288,-0.0147,0.7057
6/8,2,x_x_x_,♪ ♪ ♪,s,sobe,x_____,♩.,123,4545,0.0271,0.0277,-0.0007,0.7153
6/8,2,x_x_x_,♪ ♪ ♪,s,sobe,x___xx,♩ sc sc,80,4545,0.0176,0.0306,-0.013,0.583
6/8,2,x_x_x_,♪ ♪ ♪,s,sobe,x__xx_,♪. sc ♪,64,4545,0.0141,0.0132,0.0009,0.5057
6/8,2,x_x_x_,♪ ♪ ♪,s,sobe,xxx_x_,sc sc ♪ ♪,25,4545,0.0055,0.0041,0.0014,1.1095
6/8,2,x_x_x_,♪ ♪ ♪,s,sobe,x___..,♩ pausa ♪,24,4545,0.0053,0.0074,-0.0021,0.5666
6/8,2,x_x_x_,♪ ♪ ♪,s,sobe,x_x___,♪ ♩,21,4545,0.0046,0.0035,0.0011,1.3927
6/8,2,x_x_x_,♪ ♪ ♪,s,sobe,__x_x_,(lig.) ♪ ♪ ♪,20,4545,0.0044,0.0043,0.0001,0.6904
6/8,2,x_x_x_,♪ ♪ ♪,s,sobe,x_x_xx,♪ ♪ sc sc,17,4545,0.0037,0.0041,-0.0004,0.8576
6/8,2,x_x_x_,♪ ♪ ♪,s,sobe,x_..x_,♪ pausa ♪ ♪,14,4545,0.0031,0.0024,0.0007,0.489
6/8,2,x_x_x_,♪ ♪ ♪,s,sobe,xx__x_,sc ♪. ♪,7,4545,0.0015,0.0014,0.0001,0.7249
6/8,2,x_x_x_,♪ ♪ ♪,s,sobe,x_xxx_,♪ sc sc ♪,5,4545,0.0011,0.0012,-0.0001,0.7198
6/8,2,x_x_x_,♪ ♪ ♪,s,sobe,xxxxxx,sc sc sc sc sc sc,5,4545,0.0011,0.0008,0.0003,1.1805
6/8,2,x_x_x_,♪ ♪ ♪,s,sobe,x_x__x,♪ ♪. sc,5,4545,0.0011,0.0005,0.0006,1.736
6/8,2,x_x_x_,♪ ♪ ♪,s,sobe,x_xxxx,♪ sc sc sc sc,4,4545,0.0009,0.0007,0.0002,0.7155
6/8,2,x_x_x_,♪ ♪ ♪,s,sobe,x__xxx,♪. sc sc sc,4,4545,0.0009,0.0013,-0.0005,0.3871
6/8,2,x_x_x_,♪ ♪ ♪,s,sobe,____x_,(lig.) ♩ ♪,3,4545,0.0007,0.0006,0,0.108
6/8,2,x_x_x_,♪ ♪ ♪,s,sobe,__xxx_,(lig.) ♪ sc sc ♪,3,4545,0.0007,0.0008,-0.0001,0.8854
6/8,2,x_x_x_,♪ ♪ ♪,s,sobe,xxxxx_,sc sc sc sc ♪,2,4545,0.0004,0.0004,0,0.6944
6/8,2,x_x_x_,♪ ♪ ♪,s,sobe,__x_xx,(lig.) ♪ ♪ sc sc,2,4545,0.0004,0.0003,0.0002,1.3117
6/8,2,x_x_x_,♪ ♪ ♪,s,sobe,xx__xx,sc ♪. sc sc,2,4545,0.0004,0.0003,0.0002,2.9513
6/8,2,x___x_,♩ ♪,d,desce,x___x_,♩ ♪,1446,2638,0.5481,0.5221,0.0261,1.807
6/8,2,x___x_,♩ ♪,d,desce,x_x_x_,♪ ♪ ♪,880,2638,0.3336,0.3676,-0.034,0.666
6/8,2,x___x_,♩ ♪,d,desce,x_____,♩.,80,2638,0.0303,0.027,0.0033,0.8015
6/8,2,x___x_,♩ ♪,d,desce,x___xx,♩ sc sc,78,2638,0.0296,0.0228,0.0068,0.9793
6/8,2,x___x_,♩ ♪,d,desce,x__xx_,♪. sc ♪,59,2638,0.0224,0.0297,-0.0073,0.8032
6/8,2,x___x_,♩ ♪,d,desce,x___..,♩ pausa ♪,40,2638,0.0152,0.0101,0.005,1.6271
6/8,2,x___x_,♩ ♪,d,desce,x_..x_,♪ pausa ♪ ♪,11,2638,0.0042,0.0028,0.0013,0.6619
6/8,2,x___x_,♩ ♪,d,desce,xxx_x_,sc sc ♪ ♪,9,2638,0.0034,0.004,-0.0006,0.6882
6/8,2,x___x_,♩ ♪,d,desce,....x_,pausa ♩ ♪,7,2638,0.0027,0.0013,0.0013,0.1084
6/8,2,x___x_,♩ ♪,d,desce,x_x_xx,♪ ♪ sc sc,5,2638,0.0019,0.0034,-0.0015,0.4346
6/8,2,x___x_,♩ ♪,d,desce,x_xxx_,♪ sc sc ♪,4,2638,0.0015,0.0006,0.0009,0.9921
6/8,2,x___x_,♩ ♪,d,desce,x_x___,♪ ♩,3,2638,0.0011,0.001,0.0001,0.3428
6/8,2,x___x_,♩ ♪,d,desce,x_x__x,♪ ♪. sc,3,2638,0.0011,0.0007,0.0004,1.7946
6/8,2,x___x_,♩ ♪,d,desce,xxxxx_,sc sc sc sc ♪,3,2638,0.0011,0.0007,0.0004,1.7946
6/8,2,x___x_,♩ ♪,d,desce,x_..xx,♪ pausa ♪ sc sc,2,2638,0.0008,0.0003,0.0005,1.5645
6/8,2,x___x_,♩ ♪,d,desce,____x_,(lig.) ♩ ♪,2,2638,0.0008,0.0004,0.0003,0.124
6/8,2,x___x_,♩ ♪,d,desce,__x_x_,(lig.) ♪ ♪ ♪,2,2638,0.0008,0.0003,0.0005,0.1189
6/8,2,x___x_,♩ ♪,d,desce,__..x_,(lig.) ♪ pausa ♪ ♪,2,2638,0.0008,0.0003,0.0005,0.1196
6/8,1,x_____,♩.,d,desce,x_x_x_,♪ ♪ ♪,132,336,0.3929,0.4495,-0.0566,0.7497
6/8,1,x_____,♩.,d,desce,x___x_,♩ ♪,112,336,0.3333,0.3041,0.0292,1.3936
6/8,1,x_____,♩.,d,desce,x_____,♩.,47,336,0.1399,0.1099,0.03,1.2007
6/8,1,x_____,♩.,d,desce,x__xx_,♪. sc ♪,23,336,0.0685,0.0733,-0.0048,1.217
6/8,1,x_____,♩.,d,desce,x___..,♩ pausa ♪,3,336,0.0089,0.0067,0.0023,1.0796
6/8,1,x_____,♩.,d,desce,x_x_xx,♪ ♪ sc sc,3,336,0.0089,0.0033,0.0056,2.3979
6/8,1,x_____,♩.,d,desce,....x_,pausa ♩ ♪,3,336,0.0089,0.0055,0.0034,27.7093
6/8,1,x_____,♩.,d,desce,xxx_x_,sc sc ♪ ♪,2,336,0.006,0.0067,-0.0007,0.6419
6/8,1,x_____,♩.,d,desce,x___xx,♩ sc sc,2,336,0.006,0.01,-0.004,1.1708
6/8,1,x_____,♩.,d,desce,......,pausa ♩.,2,336,0.006,0.0022,0.0037,55.4187
6/8,1,x_____,♩.,s,sobe,x_x_x_,♪ ♪ ♪,172,358,0.4804,0.4495,0.0309,0.9168
6/8,1,x_____,♩.,s,sobe,x___x_,♩ ♪,101,358,0.2821,0.3041,-0.022,1.1795
6/8,1,x_____,♩.,s,sobe,x_____,♩.,30,358,0.0838,0.1099,-0.0261,0.7193
6/8,1,x_____,♩.,s,sobe,x__xx_,♪. sc ♪,28,358,0.0782,0.0733,0.005,1.3905
6/8,1,x_____,♩.,s,sobe,x___xx,♩ sc sc,3,358,0.0084,0.01,-0.0016,1.6483
6/8,1,x_____,♩.,s,sobe,xxx_x_,sc sc ♪ ♪,3,358,0.0084,0.0067,0.0017,0.9037
6/8,1,x_____,♩.,s,sobe,x___..,♩ pausa ♪,3,358,0.0084,0.0067,0.0017,1.0132
6/8,1,x_____,♩.,s,sobe,xxx___,sc sc ♩,2,358,0.0056,0.0022,0.0034,9.7524
6/8,1,x_____,♩.,s,sobe,x_xxx_,♪ sc sc ♪,2,358,0.0056,0.0022,0.0034,2.8371
6/8,1,x_____,♩.,s,sobe,x__x_x,♪. ♪ sc,2,358,0.0056,0.0022,0.0034,52.013
6/8,1,x_____,♩.,s,sobe,xx__x_,sc ♪. ♪,2,358,0.0056,0.0022,0.0034,1.7732
6/8,1,x_x_x_,♪ ♪ ♪,r,repete,x_x_x_,♪ ♪ ♪,659,877,0.7514,0.6327,0.1187,1.4339
6/8,1,x_x_x_,♪ ♪ ♪,r,repete,x_____,♩.,78,877,0.0889,0.1306,-0.0417,0.7634
6/8,1,x_x_x_,♪ ♪ ♪,r,repete,x___x_,♩ ♪,60,877,0.0684,0.1499,-0.0815,0.286
6/8,1,x_x_x_,♪ ♪ ♪,r,repete,x__xx_,♪. sc ♪,24,877,0.0274,0.032,-0.0046,0.4865
6/8,1,x_x_x_,♪ ♪ ♪,r,repete,x_xxxx,♪ sc sc sc sc,12,877,0.0137,0.0027,0.011,4.7183
6/8,1,x_x_x_,♪ ♪ ♪,r,repete,x_x_xx,♪ ♪ sc sc,7,877,0.008,0.0026,0.0054,2.1436
6/8,1,x_x_x_,♪ ♪ ♪,r,repete,x___..,♩ pausa ♪,7,877,0.008,0.0087,-0.0007,0.9651
6/8,1,x_x_x_,♪ ♪ ♪,r,repete,xxx_x_,sc sc ♪ ♪,7,877,0.008,0.0101,-0.0021,0.8608
6/8,1,x_x_x_,♪ ♪ ♪,r,repete,x_x___,♪ ♩,4,877,0.0046,0.0036,0.0009,1.0111
6/8,1,x_x_x_,♪ ♪ ♪,r,repete,x__xxx,♪. sc sc sc,3,877,0.0034,0.0048,-0.0014,0.6825
6/8,1,x_x_x_,♪ ♪ ♪,r,repete,x___xx,♩ sc sc,3,877,0.0034,0.002,0.0015,0.6729
6/8,1,x_x_x_,♪ ♪ ♪,r,repete,xx__x_,sc ♪. ♪,3,877,0.0034,0.0033,0.0001,1.0857
6/8,1,x_x_x_,♪ ♪ ♪,r,repete,__x_x_,(lig.) ♪ ♪ ♪,2,877,0.0023,0.0017,0.0005,0.7864
6/8,1,x_x_x_,♪ ♪ ♪,r,repete,x_xxx_,♪ sc sc ♪,2,877,0.0023,0.0015,0.0008,1.1581
6/8,2,x___x_,♩ ♪,s,sobe,x___x_,♩ ♪,1211,2153,0.5625,0.5221,0.0404,1.8542
6/8,2,x___x_,♩ ♪,s,sobe,x_x_x_,♪ ♪ ♪,714,2153,0.3316,0.3676,-0.036,0.6621
6/8,2,x___x_,♩ ♪,s,sobe,x_____,♩.,58,2153,0.0269,0.027,0,0.712
6/8,2,x___x_,♩ ♪,s,sobe,x__xx_,♪. sc ♪,58,2153,0.0269,0.0297,-0.0027,0.9675
6/8,2,x___x_,♩ ♪,s,sobe,x___xx,♩ sc sc,45,2153,0.0209,0.0228,-0.0019,0.6922
6/8,2,x___x_,♩ ♪,s,sobe,x___..,♩ pausa ♪,18,2153,0.0084,0.0101,-0.0018,0.8971
6/8,2,x___x_,♩ ♪,s,sobe,xxx_x_,sc sc ♪ ♪,13,2153,0.006,0.004,0.002,1.2179
6/8,2,x___x_,♩ ♪,s,sobe,x_..x_,♪ pausa ♪ ♪,7,2153,0.0033,0.0028,0.0004,0.5161
6/8,2,x___x_,♩ ♪,s,sobe,x_x_xx,♪ ♪ sc sc,6,2153,0.0028,0.0034,-0.0006,0.639
6/8,2,x___x_,♩ ♪,s,sobe,x__xxx,♪. sc sc sc,5,2153,0.0023,0.0018,0.0005,1.0213
6/8,2,x___x_,♩ ♪,s,sobe,x_x___,♪ ♩,3,2153,0.0014,0.001,0.0003,0.42
6/8,2,x___x_,♩ ♪,s,sobe,xxx_..,sc sc ♪ pausa ♪,3,2153,0.0014,0.0004,0.0009,7.4762
6/8,2,x___x_,♩ ♪,s,sobe,x_x_..,♪ ♪ pausa ♪,3,2153,0.0014,0.0004,0.0009,2.4921
6/8,2,x___x_,♩ ♪,s,sobe,xxx_xx,sc sc ♪ sc sc,2,2153,0.0009,0.0003,0.0006,2.769
6/8,2,x_____,♩.,d,desce,x___x_,♩ ♪,235,999,0.2352,0.2802,-0.0449,0.7755
6/8,2,x_____,♩.,d,desce,....x_,pausa ♩ ♪,192,999,0.1922,0.1346,0.0576,7.8477
6/8,2,x_____,♩.,d,desce,x_____,♩.,130,999,0.1301,0.1425,-0.0124,3.4394
6/8,2,x_____,♩.,d,desce,x_x_x_,♪ ♪ ♪,86,999,0.0861,0.129,-0.0429,0.1719
6/8,2,x_____,♩.,d,desce,__..x_,(lig.) ♪ pausa ♪ ♪,80,999,0.0801,0.0596,0.0205,12.6371
6/8,2,x_____,♩.,d,desce,____x_,(lig.) ♩ ♪,60,999,0.0601,0.049,0.011,9.8246
6/8,2,x_____,♩.,d,desce,....xx,pausa ♩ sc sc,52,999,0.0521,0.029,0.023,9.9743
6/8,2,x_____,♩.,d,desce,x___xx,♩ sc sc,28,999,0.028,0.0343,-0.0063,0.9283
6/8,2,x_____,♩.,d,desce,......,pausa ♩.,28,999,0.028,0.017,0.0111,10.8972
6/8,2,x_____,♩.,d,desce,x_..x_,♪ pausa ♪ ♪,20,999,0.02,0.0317,-0.0117,3.178
6/8,2,x_____,♩.,d,desce,__x_x_,(lig.) ♪ ♪ ♪,18,999,0.018,0.0162,0.0018,2.8267
6/8,2,x_____,♩.,d,desce,____xx,(lig.) ♩ sc sc,14,999,0.014,0.0124,0.0016,10.7415
6/8,2,x_____,♩.,d,desce,x___..,♩ pausa ♪,14,999,0.014,0.0204,-0.0063,1.5038
6/8,2,x_____,♩.,d,desce,______,(lig.) ♩.,12,999,0.012,0.0121,-0.0001,7.4941
6/8,2,x_____,♩.,d,desce,__..xx,(lig.) ♪ pausa ♪ sc sc,11,999,0.011,0.0057,0.0054,19.6928
6/8,2,x_____,♩.,d,desce,____..,(lig.) ♩ pausa ♪,6,999,0.006,0.0038,0.0022,16.1123
6/8,2,x_____,♩.,d,desce,..x_x_,pausa ♪ ♪ ♪,4,999,0.004,0.0019,0.0021,6.3186
6/8,2,x_____,♩.,d,desce,x__xx_,♪. sc ♪,2,999,0.002,0.0083,-0.0063,0.0719
6/8,2,x_____,♩.,d,desce,x_..xx,♪ pausa ♪ sc sc,2,999,0.002,0.0023,-0.0003,4.1314
6/8,2,____x_,(lig.) ♩ ♪,s,sobe,____x_,(lig.) ♩ ♪,6,15,0.4,0.3556,0.0444,65.4317
6/8,2,____x_,(lig.) ♩ ♪,s,sobe,x_x_x_,♪ ♪ ♪,6,15,0.4,0.2889,0.1111,0.7985
6/8,2,____x_,(lig.) ♩ ♪,s,sobe,__x_x_,(lig.) ♪ ♪ ♪,3,15,0.2,0.1778,0.0222,31.3766
6/8,1,____x_,(lig.) ♩ ♪,s,sobe,x___x_,♩ ♪,21,48,0.4375,0.4125,0.025,1.829
6/8,1,____x_,(lig.) ♩ ♪,s,sobe,x_x_x_,♪ ♪ ♪,14,48,0.2917,0.3438,-0.0521,0.5566
6/8,1,____x_,(lig.) ♩ ♪,s,sobe,x__xx_,♪. sc ♪,7,48,0.1458,0.1,0.0458,2.5928
6/8,1,____x_,(lig.) ♩ ♪,s,sobe,__x_x_,(lig.) ♪ ♪ ♪,4,48,0.0833,0.0313,0.0521,28.7356
6/8,1,____x_,(lig.) ♩ ♪,s,sobe,x_____,♩.,2,48,0.0417,0.0625,-0.0208,0.3576
6/8,1,____x_,(lig.) ♩ ♪,d,desce,x_x_x_,♪ ♪ ♪,26,73,0.3562,0.3438,0.0124,0.6796
6/8,1,____x_,(lig.) ♩ ♪,d,desce,x___x_,♩ ♪,26,73,0.3562,0.4125,-0.0563,1.489
6/8,1,____x_,(lig.) ♩ ♪,d,desce,x_____,♩.,8,73,0.1096,0.0625,0.0471,0.9407
6/8,1,____x_,(lig.) ♩ ♪,d,desce,x__xx_,♪. sc ♪,5,73,0.0685,0.1,-0.0315,1.2177
6/8,1,____x_,(lig.) ♩ ♪,d,desce,____x_,(lig.) ♩ ♪,2,73,0.0274,0.0125,0.0149,13.1937
6/8,1,____x_,(lig.) ♩ ♪,d,desce,x___xx,♩ sc sc,2,73,0.0274,0.0187,0.0086,5.389
6/8,2,____x_,(lig.) ♩ ♪,d,desce,____x_,(lig.) ♩ ♪,7,18,0.3889,0.3556,0.0333,63.6142
6/8,2,____x_,(lig.) ♩ ♪,d,desce,x_x_x_,♪ ♪ ♪,6,18,0.3333,0.2889,0.0444,0.6655
6/8,2,____x_,(lig.) ♩ ♪,d,desce,__x_x_,(lig.) ♪ ♪ ♪,3,18,0.1667,0.1778,-0.0111,26.1472
6/8,1,__x_x_,(lig.) ♪ ♪ ♪,d,desce,x_x_x_,♪ ♪ ♪,31,79,0.3924,0.4251,-0.0327,0.7488
6/8,1,__x_x_,(lig.) ♪ ♪ ♪,d,desce,__x_x_,(lig.) ♪ ♪ ♪,15,79,0.1899,0.1617,0.0282,65.4735
6/8,1,__x_x_,(lig.) ♪ ♪ ♪,d,desce,x_____,♩.,13,79,0.1646,0.1497,0.0149,1.4125
6/8,1,__x_x_,(lig.) ♪ ♪ ♪,d,desce,x___x_,♩ ♪,8,79,0.1013,0.0539,0.0474,0.4234
6/8,1,__x_x_,(lig.) ♪ ♪ ♪,d,desce,____x_,(lig.) ♩ ♪,6,79,0.0759,0.0958,-0.0199,36.5749
6/8,1,__x_x_,(lig.) ♪ ♪ ♪,d,desce,_xx_x_,(lig.) sc sc ♪ ♪,2,79,0.0253,0.0539,-0.0286,19.6421
6/8,1,__x_x_,(lig.) ♪ ♪ ♪,d,desce,x_x_xx,♪ ♪ sc sc,2,79,0.0253,0.018,0.0074,6.7992
6/8,2,__x_x_,(lig.) ♪ ♪ ♪,s,sobe,x_x_x_,♪ ♪ ♪,16,29,0.5517,0.4189,0.1328,1.1014
6/8,2,__x_x_,(lig.) ♪ ♪ ♪,s,sobe,__x_x_,(lig.) ♪ ♪ ♪,9,29,0.3103,0.5,-0.1897,48.6878
6/8,2,x_____,♩.,s,sobe,x___x_,♩ ♪,390,1370,0.2847,0.2802,0.0045,0.9384
6/8,2,x_____,♩.,s,sobe,x_x_x_,♪ ♪ ♪,228,1370,0.1664,0.129,0.0375,0.3322
6/8,2,x_____,♩.,s,sobe,x_____,♩.,200,1370,0.146,0.1425,0.0035,3.8585
6/8,2,x_____,♩.,s,sobe,....x_,pausa ♩ ♪,157,1370,0.1146,0.1346,-0.02,4.6794
6/8,2,x_____,♩.,s,sobe,__..x_,(lig.) ♪ pausa ♪ ♪,75,1370,0.0547,0.0596,-0.0048,8.639
6/8,2,x_____,♩.,s,sobe,x___xx,♩ sc sc,52,1370,0.038,0.0343,0.0036,1.2571
6/8,2,x_____,♩.,s,sobe,____x_,(lig.) ♩ ♪,52,1370,0.038,0.049,-0.0111,6.2088
6/8,2,x_____,♩.,s,sobe,x_..x_,♪ pausa ♪ ♪,48,1370,0.035,0.0317,0.0034,5.5617
6/8,2,x_____,♩.,s,sobe,x___..,♩ pausa ♪,29,1370,0.0212,0.0204,0.0008,2.2715
6/8,2,x_____,♩.,s,sobe,....xx,pausa ♩ sc sc,25,1370,0.0182,0.029,-0.0108,3.4967
6/8,2,x_____,♩.,s,sobe,__x_x_,(lig.) ♪ ♪ ♪,22,1370,0.0161,0.0162,-0.0002,2.5193
6/8,2,x_____,♩.,s,sobe,......,pausa ♩.,17,1370,0.0124,0.017,-0.0046,4.8245
6/8,2,x_____,♩.,s,sobe,______,(lig.) ♩.,16,1370,0.0117,0.0121,-0.0004,7.2862
6/8,2,x_____,♩.,s,sobe,____xx,(lig.) ♩ sc sc,14,1370,0.0102,0.0124,-0.0022,7.8327
6/8,2,x_____,♩.,s,sobe,x__xx_,♪. sc ♪,13,1370,0.0095,0.0083,0.0012,0.3408
6/8,2,x_____,♩.,s,sobe,____..,(lig.) ♩ pausa ♪,4,1370,0.0029,0.0038,-0.0009,7.8327
6/8,2,x_____,♩.,s,sobe,__..xx,(lig.) ♪ pausa ♪ sc sc,4,1370,0.0029,0.0057,-0.0027,5.2218
6/8,2,x_____,♩.,s,sobe,x_..xx,♪ pausa ♪ sc sc,4,1370,0.0029,0.0023,0.0007,6.0252
6/8,2,x_____,♩.,s,sobe,__....,(lig.) ♪ pausa ♩,4,1370,0.0029,0.0019,0.001,9.7909
6/8,2,x_____,♩.,s,sobe,x_x___,♪ ♩,3,1370,0.0022,0.0011,0.0011,0.6601
6/8,2,x_____,♩.,s,sobe,__x___,(lig.) ♪ ♩,2,1370,0.0015,0.0008,0.0007,6.5273
6/8,2,x_____,♩.,s,sobe,x_.xx_,♪ pausa sc sc ♪,2,1370,0.0015,0.0008,0.0007,19.5818
6/8,2,x_____,♩.,s,sobe,xxx_x_,sc sc ♪ ♪,2,1370,0.0015,0.0011,0.0003,0.2945
6/8,2,x__xxx,♪. sc sc sc,d,desce,x___x_,♩ ♪,27,73,0.3699,0.3008,0.0691,1.2193
6/8,2,x__xxx,♪. sc sc sc,d,desce,x___xx,♩ sc sc,21,73,0.2877,0.1729,0.1147,9.5276
6/8,2,x__xxx,♪. sc sc sc,d,desce,x_x_x_,♪ ♪ ♪,14,73,0.1918,0.4135,-0.2218,0.3829
6/8,2,x__xxx,♪. sc sc sc,d,desce,x__xxx,♪. sc sc sc,7,73,0.0959,0.0602,0.0357,42.1713
6/8,2,x__xx_,♪. sc ♪,s,sobe,x_x_x_,♪ ♪ ♪,178,438,0.4064,0.4541,-0.0477,0.8113
6/8,2,x__xx_,♪. sc ♪,s,sobe,x__xx_,♪. sc ♪,99,438,0.226,0.1995,0.0265,8.1173
6/8,2,x__xx_,♪. sc ♪,s,sobe,x___x_,♩ ♪,95,438,0.2169,0.2399,-0.023,0.715
6/8,2,x__xx_,♪. sc ♪,s,sobe,x___xx,♩ sc sc,28,438,0.0639,0.0372,0.0267,2.1172
6/8,2,x__xx_,♪. sc ♪,s,sobe,xx__x_,sc ♪. ♪,9,438,0.0205,0.0154,0.0052,9.6709
6/8,2,x__xx_,♪. sc ♪,s,sobe,x_____,♩.,6,438,0.0137,0.0128,0.0009,0.3621
6/8,2,x__xx_,♪. sc ♪,s,sobe,x_x_xx,♪ ♪ sc sc,5,438,0.0114,0.0064,0.005,2.6175
6/8,2,x__xx_,♪. sc ♪,s,sobe,x__xxx,♪. sc sc sc,4,438,0.0091,0.009,0.0002,4.0163
6/8,2,x__xx_,♪. sc ♪,s,sobe,x_xxx_,♪ sc sc ♪,3,438,0.0068,0.0026,0.0043,4.4816
6/8,2,x__xx_,♪. sc ♪,s,sobe,xxxxxx,sc sc sc sc sc sc,3,438,0.0068,0.0019,0.0049,7.3499
6/8,2,x__xx_,♪. sc ♪,s,sobe,x_xxxx,♪ sc sc sc sc,2,438,0.0046,0.0019,0.0026,3.7121
6/8,2,x__xx_,♪. sc ♪,s,sobe,x___..,♩ pausa ♪,2,438,0.0046,0.0038,0.0007,0.49
6/8,2,x__xx_,♪. sc ♪,s,sobe,xx..x_,sc sc pausa ♪ ♪,2,438,0.0046,0.0013,0.0033,20.4163
6/8,1,x__xx_,♪. sc ♪,d,desce,x_x_x_,♪ ♪ ♪,114,385,0.2961,0.2948,0.0013,0.565
6/8,1,x__xx_,♪. sc ♪,d,desce,x_____,♩.,100,385,0.2597,0.2283,0.0315,2.2295
6/8,1,x__xx_,♪. sc ♪,d,desce,x__xx_,♪. sc ♪,82,385,0.213,0.2174,-0.0044,3.7867
6/8,1,x__xx_,♪. sc ♪,d,desce,x___x_,♩ ♪,62,385,0.161,0.1861,-0.0251,0.6732
6/8,1,x__xx_,♪. sc ♪,d,desce,x___..,♩ pausa ♪,9,385,0.0234,0.0177,0.0057,2.8265
6/8,1,x__xx_,♪. sc ♪,d,desce,xx__x_,sc ♪. ♪,7,385,0.0182,0.0136,0.0046,5.7709
6/8,1,x__xx_,♪. sc ♪,d,desce,x___xx,♩ sc sc,5,385,0.013,0.0122,0.0008,2.5545
6/8,1,x___x_,♩ ♪,r,repete,x___x_,♩ ♪,541,1393,0.3884,0.325,0.0634,1.6236
6/8,1,x___x_,♩ ♪,r,repete,x_x_x_,♪ ♪ ♪,496,1393,0.3561,0.4463,-0.0902,0.6795
6/8,1,x___x_,♩ ♪,r,repete,x_____,♩.,196,1393,0.1407,0.1217,0.019,1.2077
6/8,1,x___x_,♩ ♪,r,repete,x__xx_,♪. sc ♪,100,1393,0.0718,0.0551,0.0167,1.2763
6/8,1,x___x_,♩ ♪,r,repete,x___..,♩ pausa ♪,11,1393,0.0079,0.0089,-0.001,0.9548
6/8,1,x___x_,♩ ♪,r,repete,x___xx,♩ sc sc,10,1393,0.0072,0.0051,0.0021,1.412
6/8,1,x___x_,♩ ♪,r,repete,x_x_xx,♪ ♪ sc sc,6,1393,0.0043,0.0026,0.0017,1.1568
6/8,1,x___x_,♩ ♪,r,repete,x__xxx,♪. sc sc sc,5,1393,0.0036,0.005,-0.0014,0.7161
6/8,1,x___x_,♩ ♪,r,repete,____x_,(lig.) ♩ ♪,4,1393,0.0029,0.0007,0.0021,1.3828
6/8,1,x___x_,♩ ♪,r,repete,x_x___,♪ ♩,4,1393,0.0029,0.004,-0.0011,0.6365
6/8,1,x___x_,♩ ♪,r,repete,x_x_..,♪ ♪ pausa ♪,4,1393,0.0029,0.0055,-0.0026,0.6266
6/8,1,x___x_,♩ ♪,r,repete,x_xxx_,♪ sc sc ♪,3,1393,0.0022,0.0012,0.0009,1.0937
6/8,1,x___x_,♩ ♪,r,repete,xxx_x_,sc sc ♪ ♪,2,1393,0.0014,0.0099,-0.0085,0.1548
6/8,1,x___x_,♩ ♪,r,repete,xx__x_,sc ♪. ♪,2,1393,0.0014,0.002,-0.0006,0.4557
6/8,1,x___x_,♩ ♪,r,repete,__x_x_,(lig.) ♪ ♪ ♪,2,1393,0.0014,0.0011,0.0003,0.4951
6/8,1,x___x_,♩ ♪,r,repete,xxxxxx,sc sc sc sc sc sc,2,1393,0.0014,0.0007,0.0007,1.6709
6/8,1,______,(lig.) ♩.,s,sobe,x_x_x_,♪ ♪ ♪,8,15,0.5333,0.3824,0.151,1.0177
6/8,1,______,(lig.) ♩.,s,sobe,x_____,♩.,3,15,0.2,0.2941,-0.0941,1.7167
6/8,1,______,(lig.) ♩.,s,sobe,x___..,♩ pausa ♪,2,15,0.1333,0.0588,0.0745,16.1218
6/8,2,x__xx_,♪. sc ♪,d,desce,x_x_x_,♪ ♪ ♪,369,796,0.4636,0.4541,0.0094,0.9254
6/8,2,x__xx_,♪. sc ♪,d,desce,x___x_,♩ ♪,194,796,0.2437,0.2399,0.0038,0.8034
6/8,2,x__xx_,♪. sc ♪,d,desce,x__xx_,♪. sc ♪,163,796,0.2048,0.1995,0.0053,7.354
6/8,2,x__xx_,♪. sc ♪,d,desce,x___xx,♩ sc sc,21,796,0.0264,0.0372,-0.0108,0.8738
6/8,2,x__xx_,♪. sc ♪,d,desce,xx__x_,sc ♪. ♪,15,796,0.0188,0.0154,0.0034,8.869
6/8,2,x__xx_,♪. sc ♪,d,desce,x_____,♩.,13,796,0.0163,0.0128,0.0035,0.4317
6/8,2,x__xx_,♪. sc ♪,d,desce,x__xxx,♪. sc sc sc,8,796,0.0101,0.009,0.0011,4.42
6/8,2,x__xx_,♪. sc ♪,d,desce,xxx_x_,sc sc ♪ ♪,4,796,0.005,0.0038,0.0012,1.0136
6/8,2,x__xx_,♪. sc ♪,d,desce,x_x_xx,♪ ♪ sc sc,2,796,0.0025,0.0064,-0.0039,0.5761
6/8,2,x__xx_,♪. sc ♪,d,desce,x___..,♩ pausa ♪,2,796,0.0025,0.0038,-0.0013,0.2696
6/8,1,x__xx_,♪. sc ♪,s,sobe,x_x_x_,♪ ♪ ♪,79,291,0.2715,0.2948,-0.0234,0.518
6/8,1,x__xx_,♪. sc ♪,s,sobe,x___x_,♩ ♪,64,291,0.2199,0.1861,0.0338,0.9195
6/8,1,x__xx_,♪. sc ♪,s,sobe,x__xx_,♪. sc ♪,62,291,0.2131,0.2174,-0.0043,3.788
6/8,1,x__xx_,♪. sc ♪,s,sobe,x_____,♩.,61,291,0.2096,0.2283,-0.0186,1.7993
6/8,1,x__xx_,♪. sc ♪,s,sobe,x__xxx,♪. sc sc sc,6,291,0.0206,0.0095,0.0111,4.1135
6/8,1,x__xx_,♪. sc ♪,s,sobe,x___xx,♩ sc sc,4,291,0.0137,0.0122,0.0015,2.7037
6/8,1,x__xx_,♪. sc ♪,s,sobe,x___..,♩ pausa ♪,4,291,0.0137,0.0177,-0.0039,1.662
6/8,1,x__xx_,♪. sc ♪,s,sobe,xx__x_,sc ♪. ♪,3,291,0.0103,0.0136,-0.0033,3.2721
6/8,1,x__xx_,♪. sc ♪,s,sobe,x_x_..,♪ ♪ pausa ♪,2,291,0.0069,0.0041,0.0028,1.4997
6/8,1,x__xx_,♪. sc ♪,s,sobe,x_xxxx,♪ sc sc sc sc,2,291,0.0069,0.0027,0.0042,2.3699
6/8,2,x__xx_,♪. sc ♪,r,repete,x_x_x_,♪ ♪ ♪,161,325,0.4954,0.4541,0.0412,0.989
6/8,2,x__xx_,♪. sc ♪,r,repete,x___x_,♩ ♪,85,325,0.2615,0.2399,0.0216,0.8622
6/8,2,x__xx_,♪. sc ♪,r,repete,x__xx_,♪. sc ♪,49,325,0.1508,0.1995,-0.0487,5.4146
6/8,2,x__xx_,♪. sc ♪,r,repete,x___xx,♩ sc sc,9,325,0.0277,0.0372,-0.0095,0.9172
6/8,2,x__xx_,♪. sc ♪,r,repete,x_..x_,♪ pausa ♪ ♪,5,325,0.0154,0.0045,0.0109,2.4421
6/8,2,x__xx_,♪. sc ♪,r,repete,x_x_xx,♪ ♪ sc sc,3,325,0.0092,0.0064,0.0028,2.1165
6/8,2,x__xx_,♪. sc ♪,r,repete,x__xxx,♪. sc sc sc,2,325,0.0062,0.009,-0.0028,2.7064
6/8,2,x__xx_,♪. sc ♪,r,repete,x___..,♩ pausa ♪,2,325,0.0062,0.0038,0.0023,0.6604
6/8,2,x__xx_,♪. sc ♪,r,repete,....x_,pausa ♩ ♪,2,325,0.0062,0.0013,0.0049,0.2513
6/8,2,x__xx_,♪. sc ♪,r,repete,x_x_.x,♪ ♪ pausa sc sc,2,325,0.0062,0.0013,0.0049,55.0297
6/8,1,x__xxx,♪. sc sc sc,d,desce,x_x_x_,♪ ♪ ♪,15,36,0.4167,0.4035,0.0132,0.7951
6/8,1,x__xxx,♪. sc sc sc,d,desce,x___x_,♩ ♪,7,36,0.1944,0.2281,-0.0336,0.8129
6/8,1,x__xxx,♪. sc sc sc,d,desce,x_____,♩.,6,36,0.1667,0.1579,0.0088,1.4306
6/8,1,x__xxx,♪. sc sc sc,d,desce,x__xx_,♪. sc ♪,2,36,0.0556,0.0877,-0.0322,0.9877
6/8,1,x__xxx,♪. sc sc sc,d,desce,x___xx,♩ sc sc,2,36,0.0556,0.0351,0.0205,10.9276
6/8,2,xxx_x_,sc sc ♪ ♪,d,desce,x_x_x_,♪ ♪ ♪,123,207,0.5942,0.6107,-0.0165,1.1862
6/8,2,xxx_x_,sc sc ♪ ♪,d,desce,x___x_,♩ ♪,50,207,0.2415,0.2366,0.0049,0.7963
6/8,2,xxx_x_,sc sc ♪ ♪,d,desce,xxx_x_,sc sc ♪ ♪,23,207,0.1111,0.0992,0.0119,22.4119
6/8,2,xxx_x_,sc sc ♪ ♪,d,desce,x___xx,♩ sc sc,5,207,0.0242,0.0229,0.0013,0.8
6/8,2,xxx_x_,sc sc ♪ ♪,d,desce,x_x_xx,♪ ♪ sc sc,3,207,0.0145,0.0191,-0.0046,3.3231
6/8,2,xxx_x_,sc sc ♪ ♪,d,desce,x__xx_,♪. sc ♪,2,207,0.0097,0.0076,0.002,0.347
6/8,2,_xx_x_,(lig.) sc sc ♪ ♪,s,sobe,_xx_x_,(lig.) sc sc ♪ ♪,5,14,0.3571,0.1875,0.1696,871.0065
6/8,2,_xx_x_,(lig.) sc sc ♪ ♪,s,sobe,__x_x_,(lig.) ♪ ♪ ♪,4,14,0.2857,0.1875,0.0982,44.8237
6/8,2,_xx_x_,(lig.) sc sc ♪ ♪,s,sobe,x_x_x_,♪ ♪ ♪,3,14,0.2143,0.4375,-0.2232,0.4278
6/8,2,__x_x_,(lig.) ♪ ♪ ♪,r,repete,__x_x_,(lig.) ♪ ♪ ♪,8,16,0.5,0.5,0,78.4415
6/8,2,__x_x_,(lig.) ♪ ♪ ♪,r,repete,x_x_x_,♪ ♪ ♪,6,16,0.375,0.4189,-0.0439,0.7486
6/8,1,__x_x_,(lig.) ♪ ♪ ♪,r,repete,x_x_x_,♪ ♪ ♪,13,20,0.65,0.4251,0.2249,1.2404
6/8,1,__x_x_,(lig.) ♪ ♪ ♪,r,repete,__x_x_,(lig.) ♪ ♪ ♪,3,20,0.15,0.1617,-0.0117,51.7241
6/8,1,__x_x_,(lig.) ♪ ♪ ♪,r,repete,____x_,(lig.) ♩ ♪,2,20,0.1,0.0958,0.0042,48.1569
6/8,2,____x_,(lig.) ♩ ♪,r,repete,____x_,(lig.) ♩ ♪,3,12,0.25,0.3556,-0.1056,40.8948
6/8,2,____x_,(lig.) ♩ ♪,r,repete,__..x_,(lig.) ♪ pausa ♪ ♪,2,12,0.1667,0.0444,0.1222,26.301
6/8,2,____x_,(lig.) ♩ ♪,r,repete,__x_x_,(lig.) ♪ ♪ ♪,2,12,0.1667,0.1778,-0.0111,26.1472
6/8,2,____x_,(lig.) ♩ ♪,r,repete,__xxx_,(lig.) ♪ sc sc ♪,2,12,0.1667,0.0667,0.1,223.5583
6/8,1,__..x_,(lig.) ♪ pausa ♪ ♪,d,desce,x___x_,♩ ♪,34,60,0.5667,0.4941,0.0725,2.369
6/8,1,__..x_,(lig.) ♪ pausa ♪ ♪,d,desce,x_x_x_,♪ ♪ ♪,15,60,0.25,0.3059,-0.0559,0.4771
6/8,1,__..x_,(lig.) ♪ pausa ♪ ♪,d,desce,x__xx_,♪. sc ♪,4,60,0.0667,0.1118,-0.0451,1.1853
6/8,1,__..x_,(lig.) ♪ pausa ♪ ♪,d,desce,xxx_x_,sc sc ♪ ♪,3,60,0.05,0.0235,0.0265,5.3921
6/8,1,__..x_,(lig.) ♪ pausa ♪ ♪,d,desce,x_____,♩.,2,60,0.0333,0.0353,-0.002,0.2861
6/8,1,__x_x_,(lig.) ♪ ♪ ♪,s,sobe,x_x_x_,♪ ♪ ♪,27,68,0.3971,0.4251,-0.0281,0.7577
6/8,1,__x_x_,(lig.) ♪ ♪ ♪,s,sobe,x_____,♩.,11,68,0.1618,0.1497,0.0121,1.3885
6/8,1,__x_x_,(lig.) ♪ ♪ ♪,s,sobe,__x_x_,(lig.) ♪ ♪ ♪,9,68,0.1324,0.1617,-0.0293,45.6389
6/8,1,__x_x_,(lig.) ♪ ♪ ♪,s,sobe,____x_,(lig.) ♩ ♪,8,68,0.1176,0.0958,0.0218,56.6552
6/8,1,__x_x_,(lig.) ♪ ♪ ♪,s,sobe,_xx_x_,(lig.) sc sc ♪ ♪,6,68,0.0882,0.0539,0.0343,68.4583
6/8,1,__x_x_,(lig.) ♪ ♪ ♪,s,sobe,x___..,♩ pausa ♪,2,68,0.0294,0.012,0.0174,3.5563
6/8,2,__x_x_,(lig.) ♪ ♪ ♪,d,desce,__x_x_,(lig.) ♪ ♪ ♪,20,29,0.6897,0.5,0.1897,108.1952
6/8,2,__x_x_,(lig.) ♪ ♪ ♪,d,desce,x_x_x_,♪ ♪ ♪,9,29,0.3103,0.4189,-0.1086,0.6196
6/8,1,__xxx_,(lig.) ♪ sc sc ♪,s,sobe,x_x_x_,♪ ♪ ♪,7,10,0.7,0.65,0.05,1.3358
6/8,1,__xxx_,(lig.) ♪ sc sc ♪,s,sobe,__x_x_,(lig.) ♪ ♪ ♪,2,10,0.2,0.1,0.1,68.9654
6/8,1,....xx,pausa ♩ sc sc,d,desce,x_x_x_,♪ ♪ ♪,108,173,0.6243,0.4911,0.1332,1.1913
6/8,1,....xx,pausa ♩ sc sc,d,desce,x___x_,♩ ♪,44,173,0.2543,0.2924,-0.0381,1.0633
6/8,1,....xx,pausa ♩ sc sc,d,desce,x__xx_,♪. sc ♪,12,173,0.0694,0.125,-0.0556,1.2332
6/8,1,....xx,pausa ♩ sc sc,d,desce,x___xx,♩ sc sc,2,173,0.0116,0.0179,-0.0063,2.274
6/8,1,....xx,pausa ♩ sc sc,d,desce,xxx_..,sc sc ♪ pausa ♪,2,173,0.0116,0.0045,0.0071,53.817
6/8,1,....xx,pausa ♩ sc sc,d,desce,x__xxx,♪. sc sc sc,2,173,0.0116,0.0112,0.0004,2.3064
6/8,1,....xx,pausa ♩ sc sc,d,desce,x_____,♩.,2,173,0.0116,0.0246,-0.013,0.0992
6/8,1,x___..,♩ pausa ♪,s,sobe,x_x_x_,♪ ♪ ♪,21,55,0.3818,0.392,-0.0102,0.7286
6/8,1,x___..,♩ pausa ♪,s,sobe,x___x_,♩ ♪,17,55,0.3091,0.332,-0.0229,1.2922
6/8,1,x___..,♩ pausa ♪,s,sobe,x_____,♩.,9,55,0.1636,0.148,0.0156,1.4046
6/8,1,x___..,♩ pausa ♪,s,sobe,x__xx_,♪. sc ♪,5,55,0.0909,0.064,0.0269,1.6163
6/8,1,x___..,♩ pausa ♪,s,sobe,x___..,♩ pausa ♪,2,55,0.0364,0.024,0.0124,4.3969
6/8,1,x_____,♩.,r,repete,x_x_x_,♪ ♪ ♪,101,206,0.4903,0.4495,0.0408,0.9356
6/8,1,x_____,♩.,r,repete,x___x_,♩ ♪,60,206,0.2913,0.3041,-0.0128,1.2177
6/8,1,x_____,♩.,r,repete,x_____,♩.,22,206,0.1068,0.1099,-0.0031,0.9167
6/8,1,x_____,♩.,r,repete,x__xx_,♪. sc ♪,15,206,0.0728,0.0733,-0.0004,1.2946
6/8,1,x_____,♩.,r,repete,x___xx,♩ sc sc,4,206,0.0194,0.01,0.0094,3.8194
6/8,1,x_____,♩.,r,repete,x_xxxx,♪ sc sc sc sc,2,206,0.0097,0.0044,0.0053,3.3478
6/8,2,x_____,♩.,r,repete,x___x_,♩ ♪,115,250,0.46,0.2802,0.1798,1.5164
6/8,2,x_____,♩.,r,repete,x_____,♩.,35,250,0.14,0.1425,-0.0025,3.7003
6/8,2,x_____,♩.,r,repete,____x_,(lig.) ♩ ♪,17,250,0.068,0.049,0.019,11.1234
6/8,2,x_____,♩.,r,repete,x_..x_,♪ pausa ♪ ♪,16,250,0.064,0.0317,0.0323,10.1593
6/8,2,x_____,♩.,r,repete,x_x_x_,♪ ♪ ♪,12,250,0.048,0.129,-0.081,0.0958
6/8,2,x_____,♩.,r,repete,x___..,♩ pausa ♪,11,250,0.044,0.0204,0.0236,4.7216
6/8,2,x_____,♩.,r,repete,x___xx,♩ sc sc,11,250,0.044,0.0343,0.0097,1.4573
6/8,2,x_____,♩.,r,repete,....x_,pausa ♩ ♪,8,250,0.032,0.1346,-0.1026,1.3066
6/8,2,x_____,♩.,r,repete,x__xx_,♪. sc ♪,7,250,0.028,0.0083,0.0197,1.0056
6/8,2,x_____,♩.,r,repete,____xx,(lig.) ♩ sc sc,5,250,0.02,0.0124,0.0076,15.3297
6/8,2,x_____,♩.,r,repete,______,(lig.) ♩.,4,250,0.016,0.0121,0.0039,9.9821
6/8,2,x_____,♩.,r,repete,__x_x_,(lig.) ♪ ♪ ♪,3,250,0.012,0.0162,-0.0042,1.8826
6/8,2,x_____,♩.,r,repete,__..x_,(lig.) ♪ pausa ♪ ♪,3,250,0.012,0.0596,-0.0476,1.8937
6/8,2,x_____,♩.,r,repete,xxxxxx,sc sc sc sc sc sc,2,250,0.008,0.0011,0.0069,8.5846
6/8,1,x___..,♩ pausa ♪,r,repete,x_x_x_,♪ ♪ ♪,42,86,0.4884,0.392,0.0964,0.9319
6/8,1,x___..,♩ pausa ♪,r,repete,x___x_,♩ ♪,20,86,0.2326,0.332,-0.0994,0.9722
6/8,1,x___..,♩ pausa ♪,r,repete,x_____,♩.,9,86,0.1047,0.148,-0.0433,0.8983
6/8,1,x___..,♩ pausa ♪,r,repete,x__xx_,♪. sc ♪,6,86,0.0698,0.064,0.0058,1.2404
6/8,1,x___..,♩ pausa ♪,r,repete,x___..,♩ pausa ♪,3,86,0.0349,0.024,0.0109,4.2179
6/8,1,x___..,♩ pausa ♪,r,repete,x_x___,♪ ♩,2,86,0.0233,0.008,0.0153,5.1552
6/8,2,x_xxxx,♪ sc sc sc sc,d,desce,x_x_x_,♪ ♪ ♪,29,61,0.4754,0.494,-0.0186,0.9491
6/8,2,x_xxxx,♪ sc sc sc sc,d,desce,x_xxxx,♪ sc sc sc sc,15,61,0.2459,0.2048,0.0411,199.9031
6/8,2,x_xxxx,♪ sc sc sc sc,d,desce,x___x_,♩ ♪,8,61,0.1311,0.1325,-0.0014,0.4323
6/8,2,x_xxxx,♪ sc sc sc sc,d,desce,xxx_x_,sc sc ♪ ♪,3,61,0.0492,0.0361,0.013,9.92
6/8,2,x_xxxx,♪ sc sc sc sc,d,desce,x___xx,♩ sc sc,2,61,0.0328,0.0361,-0.0034,1.0859
6/8,1,x___xx,♩ sc sc,s,sobe,x_x_x_,♪ ♪ ♪,274,494,0.5547,0.5161,0.0385,1.0584
6/8,1,x___xx,♩ sc sc,s,sobe,x___x_,♩ ♪,106,494,0.2146,0.2333,-0.0187,0.8971
6/8,1,x___xx,♩ sc sc,s,sobe,x__xx_,♪. sc ♪,57,494,0.1154,0.1017,0.0136,2.0514
6/8,1,x___xx,♩ sc sc,s,sobe,x_____,♩.,22,494,0.0445,0.0558,-0.0113,0.3823
6/8,1,x___xx,♩ sc sc,s,sobe,x___xx,♩ sc sc,10,494,0.0202,0.0335,-0.0133,3.9817
6/8,1,x___xx,♩ sc sc,s,sobe,x__xxx,♪. sc sc sc,6,494,0.0121,0.0112,0.001,2.4232
6/8,1,x___xx,♩ sc sc,s,sobe,x_xxxx,♪ sc sc sc sc,5,494,0.0101,0.0087,0.0014,3.4902
6/8,1,x___xx,♩ sc sc,s,sobe,x_x_xx,♪ ♪ sc sc,4,494,0.0081,0.0124,-0.0043,2.1746
6/8,1,x___xx,♩ sc sc,s,sobe,xxx_x_,sc sc ♪ ♪,3,494,0.0061,0.0062,-0.0001,0.6549
6/8,1,x___xx,♩ sc sc,s,sobe,xxx_xx,sc sc ♪ sc sc,2,494,0.004,0.0025,0.0016,10.2801
6/8,1,x___xx,♩ sc sc,s,sobe,x___..,♩ pausa ♪,2,494,0.004,0.005,-0.0009,0.4895
6/8,1,x___xx,♩ sc sc,s,sobe,__x_x_,(lig.) ♪ ♪ ♪,2,494,0.004,0.0025,0.0016,1.3961
6/8,1,x_x___,♪ ♩,s,sobe,x_x_x_,♪ ♪ ♪,13,41,0.3171,0.3012,0.0159,0.6051
6/8,1,x_x___,♪ ♩,s,sobe,x_x___,♪ ♩,9,41,0.2195,0.241,-0.0215,48.6603
6/8,1,x_x___,♪ ♩,s,sobe,x___x_,♩ ♪,4,41,0.0976,0.0723,0.0253,0.4079
6/8,1,x_x___,♪ ♩,s,sobe,__x___,(lig.) ♪ ♩,4,41,0.0976,0.0723,0.0253,340.622
6/8,1,x_x___,♪ ♩,s,sobe,__....,(lig.) ♪ pausa ♩,2,41,0.0488,0.0482,0.0006,340.622
6/8,2,x_x___,♪ ♩,s,sobe,x_x___,♪ ♩,10,30,0.3333,0.1376,0.1957,100.4757
6/8,2,x_x___,♪ ♩,s,sobe,....x_,pausa ♩ ♪,6,30,0.2,0.3119,-0.1119,8.1665
6/8,2,x_x___,♪ ♩,s,sobe,x___x_,♩ ♪,6,30,0.2,0.1009,0.0991,0.6593
6/8,2,x_x___,♪ ♩,s,sobe,xxx__x,sc sc ♪. sc,2,30,0.0667,0.0183,0.0483,298.0778
6/8,2,x_x___,♪ ♩,s,sobe,x_x_x_,♪ ♪ ♪,2,30,0.0667,0.0642,0.0024,0.1331
6/8,1,x_x___,♪ ♩,d,desce,x_x___,♪ ♩,9,27,0.3333,0.241,0.0924,73.8915
6/8,1,x_x___,♪ ♩,d,desce,x_x_x_,♪ ♪ ♪,6,27,0.2222,0.3012,-0.079,0.4241
6/8,1,x_x___,♪ ♩,d,desce,x___x_,♩ ♪,2,27,0.0741,0.0723,0.0018,0.3097
6/8,1,x_x___,♪ ♩,d,desce,__x___,(lig.) ♪ ♩,2,27,0.0741,0.0723,0.0018,258.6204
6/8,1,x_x___,♪ ♩,d,desce,______,(lig.) ♩.,2,27,0.0741,0.0361,0.0379,188.0875
6/8,2,x_xxx_,♪ sc sc ♪,s,sobe,x_x_x_,♪ ♪ ♪,10,23,0.4348,0.4815,-0.0467,0.868
6/8,2,x_xxx_,♪ sc sc ♪,s,sobe,x_xxx_,♪ sc sc ♪,8,23,0.3478,0.2407,0.1071,227.5885
6/8,2,x_xxx_,♪ sc sc ♪,s,sobe,x___x_,♩ ♪,3,23,0.1304,0.1111,0.0193,0.43
6/8,1,x__xx_,♪. sc ♪,r,repete,x_x_x_,♪ ♪ ♪,24,60,0.4,0.2948,0.1052,0.7633
6/8,1,x__xx_,♪. sc ♪,r,repete,x__xx_,♪. sc ♪,16,60,0.2667,0.2174,0.0493,4.7411
6/8,1,x__xx_,♪. sc ♪,r,repete,x___x_,♩ ♪,11,60,0.1833,0.1861,-0.0028,0.7665
6/8,1,x__xx_,♪. sc ♪,r,repete,x_____,♩.,7,60,0.1167,0.2283,-0.1116,1.0014
6/8,2,xxx_x_,sc sc ♪ ♪,r,repete,x_x_x_,♪ ♪ ♪,14,27,0.5185,0.6107,-0.0922,1.0351
6/8,2,xxx_x_,sc sc ♪ ♪,r,repete,x___x_,♩ ♪,9,27,0.3333,0.2366,0.0967,1.0988
6/8,2,xxx_x_,sc sc ♪ ♪,r,repete,x_x_xx,♪ ♪ sc sc,2,27,0.0741,0.0191,0.055,16.9845
6/8,2,x_xxx_,♪ sc sc ♪,d,desce,x_x_x_,♪ ♪ ♪,9,23,0.3913,0.4815,-0.0902,0.7812
6/8,2,x_xxx_,♪ sc sc ♪,d,desce,x_xxx_,♪ sc sc ♪,5,23,0.2174,0.2407,-0.0233,142.2428
6/8,2,x_xxx_,♪ sc sc ♪,d,desce,x___x_,♩ ♪,2,23,0.087,0.1111,-0.0242,0.2867
6/8,2,x_xxx_,♪ sc sc ♪,d,desce,x_____,♩.,2,23,0.087,0.037,0.0499,2.2983
6/8,2,x_xxx_,♪ sc sc ♪,d,desce,x___xx,♩ sc sc,2,23,0.087,0.037,0.0499,2.88
6/8,1,xxx_x_,sc sc ♪ ♪,d,desce,x_x_x_,♪ ♪ ♪,58,105,0.5524,0.5154,0.037,1.0541
6/8,1,xxx_x_,sc sc ♪ ♪,d,desce,x_____,♩.,19,105,0.181,0.1615,0.0194,1.5532
6/8,1,xxx_x_,sc sc ♪ ♪,d,desce,x___x_,♩ ♪,16,105,0.1524,0.1538,-0.0015,0.6371
6/8,1,xxx_x_,sc sc ♪ ♪,d,desce,xxx_x_,sc sc ♪ ♪,5,105,0.0476,0.0615,-0.0139,5.1353
6/8,1,xxx_x_,sc sc ♪ ♪,d,desce,x_xxx_,♪ sc sc ♪,2,105,0.019,0.0308,-0.0117,9.6731
6/8,1,....xx,pausa ♩ sc sc,s,sobe,x_x_x_,♪ ♪ ♪,101,233,0.4335,0.4911,-0.0576,0.8272
6/8,1,....xx,pausa ♩ sc sc,s,sobe,x___x_,♩ ♪,65,233,0.279,0.2924,-0.0134,1.1663
6/8,1,....xx,pausa ♩ sc sc,s,sobe,x__xx_,♪. sc ♪,38,233,0.1631,0.125,0.0381,2.8996
6/8,1,....xx,pausa ♩ sc sc,s,sobe,x_____,♩.,9,233,0.0386,0.0246,0.0141,0.3316
6/8,1,....xx,pausa ♩ sc sc,s,sobe,x_x_xx,♪ ♪ sc sc,7,233,0.03,0.0201,0.01,8.0685
6/8,1,....xx,pausa ♩ sc sc,s,sobe,x___xx,♩ sc sc,5,233,0.0215,0.0179,0.0036,4.221
6/8,1,....xx,pausa ♩ sc sc,s,sobe,x__xxx,♪. sc sc sc,3,233,0.0129,0.0112,0.0017,2.5688
6/8,1,....xx,pausa ♩ sc sc,s,sobe,x_..x_,♪ pausa ♪ ♪,2,233,0.0086,0.0045,0.0041,7.7339
6/8,2,x_x_xx,♪ ♪ sc sc,s,sobe,x_x_x_,♪ ♪ ♪,21,40,0.525,0.4808,0.0442,1.0481
6/8,2,x_x_xx,♪ ♪ sc sc,s,sobe,x___x_,♩ ♪,6,40,0.15,0.1538,-0.0038,0.4945
6/8,2,x_x_xx,♪ ♪ sc sc,s,sobe,x_____,♩.,4,40,0.1,0.0481,0.0519,2.6431
6/8,2,x_x_xx,♪ ♪ sc sc,s,sobe,__x_x_,(lig.) ♪ ♪ ♪,3,40,0.075,0.0385,0.0365,11.7662
6/8,2,x_x_xx,♪ ♪ sc sc,s,sobe,x___xx,♩ sc sc,2,40,0.05,0.0865,-0.0365,1.656
6/8,2,x_x_xx,♪ ♪ sc sc,s,sobe,x_x_xx,♪ ♪ sc sc,2,40,0.05,0.125,-0.075,11.4645
6/8,1,x___xx,♩ sc sc,d,desce,x_x_x_,♪ ♪ ♪,104,228,0.4561,0.5161,-0.06,0.8704
6/8,1,x___xx,♩ sc sc,d,desce,x___x_,♩ ♪,64,228,0.2807,0.2333,0.0475,1.1735
6/8,1,x___xx,♩ sc sc,d,desce,x__xx_,♪. sc ♪,21,228,0.0921,0.1017,-0.0096,1.6376
6/8,1,x___xx,♩ sc sc,d,desce,x_____,♩.,14,228,0.0614,0.0558,0.0056,0.5271
6/8,1,x___xx,♩ sc sc,d,desce,x___xx,♩ sc sc,8,228,0.0351,0.0335,0.0016,6.9017
6/8,1,x___xx,♩ sc sc,d,desce,xxxxxx,sc sc sc sc sc sc,6,228,0.0263,0.0074,0.0189,30.6261
6/8,1,x___xx,♩ sc sc,d,desce,x_x_xx,♪ ♪ sc sc,4,228,0.0175,0.0124,0.0051,4.7117
6/8,1,x___xx,♩ sc sc,d,desce,x__xxx,♪. sc sc sc,3,228,0.0132,0.0112,0.002,2.6251
6/8,1,x___xx,♩ sc sc,d,desce,x_xxxx,♪ sc sc sc sc,2,228,0.0088,0.0087,0.0001,3.0248
6/8,1,x_xxxx,♪ sc sc sc sc,d,desce,x_x_x_,♪ ♪ ♪,19,31,0.6129,0.6061,0.0068,1.1696
6/8,1,x_xxxx,♪ sc sc sc sc,d,desce,x_xxxx,♪ sc sc sc sc,7,31,0.2258,0.2121,0.0137,77.8642
6/8,1,x_xxxx,♪ sc sc sc sc,d,desce,x___x_,♩ ♪,2,31,0.0645,0.0606,0.0039,0.2697
6/8,1,x__xxx,♪. sc sc sc,s,sobe,x_x_x_,♪ ♪ ♪,8,19,0.4211,0.4035,0.0175,0.8035
6/8,1,x__xxx,♪. sc sc sc,s,sobe,x___x_,♩ ♪,4,19,0.2105,0.2281,-0.0175,0.8801
6/8,1,x__xxx,♪. sc sc sc,s,sobe,x__xx_,♪. sc ♪,3,19,0.1579,0.0877,0.0702,2.8072
6/8,1,x__xxx,♪. sc sc sc,s,sobe,x_____,♩.,3,19,0.1579,0.1579,0,1.3553
6/8,1,x___xx,♩ sc sc,r,repete,x_x_x_,♪ ♪ ♪,38,84,0.4524,0.5161,-0.0637,0.8633
6/8,1,x___xx,♩ sc sc,r,repete,x___x_,♩ ♪,18,84,0.2143,0.2333,-0.019,0.8959
6/8,1,x___xx,♩ sc sc,r,repete,x___xx,♩ sc sc,9,84,0.1071,0.0335,0.0736,21.0747
6/8,1,x___xx,♩ sc sc,r,repete,x_____,♩.,9,84,0.1071,0.0558,0.0513,0.9197
6/8,1,x___xx,♩ sc sc,r,repete,x__xx_,♪. sc ♪,4,84,0.0476,0.1017,-0.0541,0.8466
6/8,1,x___xx,♩ sc sc,r,repete,xxx_x_,sc sc ♪ ♪,2,84,0.0238,0.0062,0.0176,2.5677
6/8,1,x___xx,♩ sc sc,r,repete,x_x_xx,♪ ♪ sc sc,2,84,0.0238,0.0124,0.0114,6.3945
6/8,2,x_xxxx,♪ sc sc sc sc,s,sobe,x_x_x_,♪ ♪ ♪,10,20,0.5,0.494,0.006,0.9982
6/8,2,x_xxxx,♪ sc sc sc sc,s,sobe,x___x_,♩ ♪,3,20,0.15,0.1325,0.0175,0.4945
6/8,2,x_xxxx,♪ sc sc sc sc,s,sobe,x_xxxx,♪ sc sc sc sc,2,20,0.1,0.2048,-0.1048,81.2939
6/8,2,x_xxxx,♪ sc sc sc sc,s,sobe,x_____,♩.,2,20,0.1,0.0361,0.0639,2.6431
6/8,2,x_x___,♪ ♩,r,repete,....x_,pausa ♩ ♪,12,31,0.3871,0.3119,0.0752,15.8062
6/8,2,x_x___,♪ ♩,r,repete,xxx_x_,sc sc ♪ ♪,2,31,0.0645,0.0275,0.037,13.0133
6/8,2,x_x___,♪ ♩,r,repete,xxx___,sc sc ♩,2,31,0.0645,0.0275,0.037,192.3082
6/8,2,x_x___,♪ ♩,r,repete,__x___,(lig.) ♪ ♩,2,31,0.0645,0.0183,0.0462,288.4624
6/8,2,x_x___,♪ ♩,r,repete,x_x___,♪ ♩,2,31,0.0645,0.1376,-0.0731,19.4469
6/8,2,x_x___,♪ ♩,r,repete,x_x__x,♪ ♪. sc,2,31,0.0645,0.0183,0.0462,101.8102
6/8,2,x_x___,♪ ♩,r,repete,x_x_x_,♪ ♪ ♪,2,31,0.0645,0.0642,0.0003,0.1288
6/8,2,x_x___,♪ ♩,r,repete,____x_,(lig.) ♩ ♪,2,31,0.0645,0.0367,0.0278,10.5535
6/8,2,x_x___,♪ ♩,r,repete,______,(lig.) ♩.,2,31,0.0645,0.0183,0.0462,40.2506
6/8,2,x___xx,♩ sc sc,s,sobe,x___x_,♩ ♪,15,38,0.3947,0.4286,-0.0338,1.3013
6/8,2,x___xx,♩ sc sc,s,sobe,x_x_x_,♪ ♪ ♪,10,38,0.2632,0.2,0.0632,0.5254
6/8,2,x___xx,♩ sc sc,s,sobe,x___xx,♩ sc sc,6,38,0.1579,0.1929,-0.035,5.2294
6/8,2,x___xx,♩ sc sc,s,sobe,x__xx_,♪. sc ♪,2,38,0.0526,0.0286,0.0241,1.8902
6/8,2,x___xx,♩ sc sc,s,sobe,x__xxx,♪. sc sc sc,2,38,0.0526,0.0286,0.0241,23.1467
6/8,2,x___..,♩ pausa ♪,s,sobe,....x_,pausa ♩ ♪,58,103,0.5631,0.5923,-0.0292,22.9931
6/8,2,x___..,♩ pausa ♪,s,sobe,....xx,pausa ♩ sc sc,12,103,0.1165,0.1073,0.0092,22.3248
6/8,2,x___..,♩ pausa ♪,s,sobe,......,pausa ♩.,11,103,0.1068,0.0773,0.0295,41.522
6/8,2,x___..,♩ pausa ♪,s,sobe,x___..,♩ pausa ♪,8,103,0.0777,0.0558,0.0219,8.3346
6/8,2,x___..,♩ pausa ♪,s,sobe,x___x_,♩ ♪,7,103,0.068,0.0472,0.0208,0.224
6/8,2,x___..,♩ pausa ♪,s,sobe,x_____,♩.,3,103,0.0291,0.0601,-0.031,0.7698
6/8,2,x___..,♩ pausa ♪,s,sobe,x_x_x_,♪ ♪ ♪,3,103,0.0291,0.0386,-0.0095,0.0581
6/8,1,x_xxx_,♪ sc sc ♪,s,sobe,x_x_x_,♪ ♪ ♪,15,27,0.5556,0.5366,0.019,1.0601
6/8,1,x_xxx_,♪ sc sc ♪,s,sobe,x_xxx_,♪ sc sc ♪,3,27,0.1111,0.1951,-0.084,56.4263
6/8,1,x_xxx_,♪ sc sc ♪,s,sobe,x_____,♩.,2,27,0.0741,0.0488,0.0253,0.6358
6/8,1,x_xxx_,♪ sc sc ♪,s,sobe,__xxx_,(lig.) ♪ sc sc ♪,2,27,0.0741,0.0488,0.0253,258.6204
6/8,1,x_xxx_,♪ sc sc ♪,s,sobe,x___x_,♩ ♪,2,27,0.0741,0.0732,0.0009,0.3097
6/8,2,x_____,♩.,0,—,x_x_x_,♪ ♪ ♪,16,33,0.4848,0.129,0.3559,0.9679
6/8,2,x_____,♩.,0,—,x_____,♩.,13,33,0.3939,0.1425,0.2514,10.412
6/8,2,x_____,♩.,0,—,x___x_,♩ ♪,3,33,0.0909,0.2802,-0.1893,0.2997
6/8,1,____xx,(lig.) ♩ sc sc,s,sobe,x_x_x_,♪ ♪ ♪,8,24,0.3333,0.2571,0.0762,0.6361
6/8,1,____xx,(lig.) ♩ sc sc,s,sobe,x___x_,♩ ♪,7,24,0.2917,0.4,-0.1083,1.2194
6/8,1,____xx,(lig.) ♩ sc sc,s,sobe,x__xx_,♪. sc ♪,6,24,0.25,0.2,0.05,4.4448
6/8,1,x_x___,♪ ♩,r,repete,x_x_x_,♪ ♪ ♪,6,15,0.4,0.3012,0.0988,0.7633
6/8,1,x_x___,♪ ♩,r,repete,x_x___,♪ ♩,2,15,0.1333,0.241,-0.1076,29.5566
6/8,1,xx__x_,sc ♪. ♪,d,desce,x_x_x_,♪ ♪ ♪,22,44,0.5,0.4035,0.0965,0.9541
6/8,1,xx__x_,sc ♪. ♪,d,desce,x_____,♩.,7,44,0.1591,0.1228,0.0363,1.3656
6/8,1,xx__x_,sc ♪. ♪,d,desce,xx__x_,sc ♪. ♪,7,44,0.1591,0.193,-0.0339,50.4951
6/8,1,xx__x_,sc ♪. ♪,d,desce,x__xx_,♪. sc ♪,6,44,0.1364,0.193,-0.0566,2.4244
6/8,1,xx__x_,sc ♪. ♪,d,desce,x___x_,♩ ♪,2,44,0.0455,0.0702,-0.0247,0.19
6/8,2,_xx_x_,(lig.) sc sc ♪ ♪,r,repete,x_x_x_,♪ ♪ ♪,7,11,0.6364,0.4375,0.1989,1.2704
6/8,2,_xx_x_,(lig.) sc sc ♪ ♪,r,repete,__xxx_,(lig.) ♪ sc sc ♪,2,11,0.1818,0.0938,0.0881,243.8818
6/8,2,x_x___,♪ ♩,d,desce,....x_,pausa ♩ ♪,16,48,0.3333,0.3119,0.0214,13.6109
6/8,2,x_x___,♪ ♩,d,desce,....xx,pausa ♩ sc sc,9,48,0.1875,0.1009,0.0866,35.929
6/8,2,x_x___,♪ ♩,d,desce,x___x_,♩ ♪,5,48,0.1042,0.1009,0.0032,0.3434
6/8,2,x_x___,♪ ♩,d,desce,x_x___,♪ ♩,3,48,0.0625,0.1376,-0.0751,18.8392
6/8,2,x_x___,♪ ♩,d,desce,__..x_,(lig.) ♪ pausa ♪ ♪,3,48,0.0625,0.0275,0.035,9.8629
6/8,2,x_x___,♪ ♩,d,desce,x_x_x_,♪ ♪ ♪,3,48,0.0625,0.0642,-0.0017,0.1248
6/8,2,x_x___,♪ ♩,d,desce,____x_,(lig.) ♩ ♪,2,48,0.0417,0.0367,0.005,6.8158
6/8,1,xxx_x_,sc sc ♪ ♪,s,sobe,x_x_x_,♪ ♪ ♪,6,18,0.3333,0.5154,-0.1821,0.6361
6/8,1,xxx_x_,sc sc ♪ ♪,s,sobe,x___x_,♩ ♪,3,18,0.1667,0.1538,0.0128,0.6968
6/8,1,xxx_x_,sc sc ♪ ♪,s,sobe,x_xxx_,♪ sc sc ♪,2,18,0.1111,0.0308,0.0803,56.4263
6/8,1,xxx_x_,sc sc ♪ ♪,s,sobe,x_____,♩.,2,18,0.1111,0.1615,-0.0504,0.9537
6/8,1,xxx_x_,sc sc ♪ ♪,s,sobe,xxx_x_,sc sc ♪ ♪,2,18,0.1111,0.0615,0.0496,11.9824
6/8,2,x___xx,♩ sc sc,d,desce,x___x_,♩ ♪,31,62,0.5,0.4286,0.0714,1.6483
6/8,2,x___xx,♩ sc sc,d,desce,x___xx,♩ sc sc,11,62,0.1774,0.1929,-0.0154,5.8761
6/8,2,x___xx,♩ sc sc,d,desce,x_x_x_,♪ ♪ ♪,5,62,0.0806,0.2,-0.1194,0.161
6/8,2,x___xx,♩ sc sc,d,desce,x_____,♩.,4,62,0.0645,0.05,0.0145,1.7052
6/8,2,x___xx,♩ sc sc,d,desce,x_..xx,♪ pausa ♪ sc sc,2,62,0.0323,0.0143,0.018,66.5682
6/8,2,x___xx,♩ sc sc,d,desce,x__xxx,♪. sc sc sc,2,62,0.0323,0.0286,0.0037,14.1867
6/8,2,x___xx,♩ sc sc,d,desce,x___..,♩ pausa ♪,2,62,0.0323,0.0214,0.0108,3.4615
6/8,1,__..x_,(lig.) ♪ pausa ♪ ♪,s,sobe,x_x_x_,♪ ♪ ♪,20,47,0.4255,0.3059,0.1196,0.812
6/8,1,__..x_,(lig.) ♪ pausa ♪ ♪,s,sobe,x___x_,♩ ♪,13,47,0.2766,0.4941,-0.2175,1.1564
6/8,1,__..x_,(lig.) ♪ pausa ♪ ♪,s,sobe,x__xx_,♪. sc ♪,7,47,0.1489,0.1118,0.0372,2.648
6/8,1,__..x_,(lig.) ♪ pausa ♪ ♪,s,sobe,x_____,♩.,3,47,0.0638,0.0353,0.0285,0.5479
6/8,1,__..x_,(lig.) ♪ pausa ♪ ♪,s,sobe,__..x_,(lig.) ♪ pausa ♪ ♪,2,47,0.0426,0.0118,0.0308,198.0922
6/8,1,x_x_xx,♪ ♪ sc sc,r,repete,x_x_x_,♪ ♪ ♪,15,33,0.4545,0.3448,0.1097,0.8674
6/8,1,x_x_xx,♪ ♪ sc sc,r,repete,x___x_,♩ ♪,9,33,0.2727,0.2414,0.0313,1.1402
6/8,1,x_x_xx,♪ ♪ sc sc,r,repete,x__xx_,♪. sc ♪,2,33,0.0606,0.1121,-0.0515,1.0775
6/8,1,x_x_xx,♪ ♪ sc sc,r,repete,x_x_xx,♪ ♪ sc sc,2,33,0.0606,0.0517,0.0089,16.2768
6/8,1,x_x_xx,♪ ♪ sc sc,r,repete,x__xxx,♪. sc sc sc,2,33,0.0606,0.0172,0.0434,12.0913
6/8,1,x___..,♩ pausa ♪,d,desce,x___x_,♩ ♪,46,109,0.422,0.332,0.09,1.7643
6/8,1,x___..,♩ pausa ♪,d,desce,x_x_x_,♪ ♪ ♪,35,109,0.3211,0.392,-0.0709,0.6127
6/8,1,x___..,♩ pausa ♪,d,desce,x_____,♩.,19,109,0.1743,0.148,0.0263,1.4962
6/8,1,x___..,♩ pausa ♪,d,desce,x__xx_,♪. sc ♪,5,109,0.0459,0.064,-0.0181,0.8156
6/8,1,x___..,♩ pausa ♪,d,desce,x__xxx,♪. sc sc sc,2,109,0.0183,0.008,0.0103,3.6607
6/8,2,xxxxxx,sc sc sc sc sc sc,d,desce,x___x_,♩ ♪,5,13,0.3846,0.3333,0.0513,1.2679
6/8,2,xxxxxx,sc sc sc sc sc sc,d,desce,x_x_x_,♪ ♪ ♪,5,13,0.3846,0.4167,-0.0321,0.7678
6/8,2,xxxxxx,sc sc sc sc sc sc,d,desce,xxxxxx,sc sc sc sc sc sc,2,13,0.1538,0.125,0.0288,165.0892
6/8,2,x_x_xx,♪ ♪ sc sc,d,desce,x_x_x_,♪ ♪ ♪,9,31,0.2903,0.4808,-0.1904,0.5796
6/8,2,x_x_xx,♪ ♪ sc sc,d,desce,x___xx,♩ sc sc,6,31,0.1935,0.0865,0.107,6.4103
6/8,2,x_x_xx,♪ ♪ sc sc,d,desce,x_x_xx,♪ ♪ sc sc,6,31,0.1935,0.125,0.0685,44.3788
6/8,2,x_x_xx,♪ ♪ sc sc,d,desce,x___x_,♩ ♪,5,31,0.1613,0.1538,0.0074,0.5317
6/8,1,____x_,(lig.) ♩ ♪,r,repete,x___x_,♩ ♪,19,39,0.4872,0.4125,0.0747,2.0367
6/8,1,____x_,(lig.) ♩ ♪,r,repete,x_x_x_,♪ ♪ ♪,15,39,0.3846,0.3438,0.0409,0.7339
6/8,1,____x_,(lig.) ♩ ♪,r,repete,x__xx_,♪. sc ♪,4,39,0.1026,0.1,0.0026,1.8235
6/8,1,______,(lig.) ♩.,d,desce,x_x_x_,♪ ♪ ♪,5,12,0.4167,0.3824,0.0343,0.7951
6/8,1,______,(lig.) ♩.,d,desce,x_____,♩.,4,12,0.3333,0.2941,0.0392,2.8612
6/8,2,x__xxx,♪. sc sc sc,s,sobe,x_x_x_,♪ ♪ ♪,34,51,0.6667,0.4135,0.2531,1.3309
6/8,2,x__xxx,♪. sc sc sc,s,sobe,x___x_,♩ ♪,12,51,0.2353,0.3008,-0.0655,0.7756
6/8,2,x__xxx,♪. sc sc sc,s,sobe,x___xx,♩ sc sc,2,51,0.0392,0.1729,-0.1337,1.2988
6/8,2,xxxxxx,sc sc sc sc sc sc,s,sobe,x_x_x_,♪ ♪ ♪,5,11,0.4545,0.4167,0.0379,0.9074
6/8,2,xxxxxx,sc sc sc sc sc sc,s,sobe,x___x_,♩ ♪,3,11,0.2727,0.3333,-0.0606,0.899
6/8,1,xxxxxx,sc sc sc sc sc sc,d,desce,x_x_x_,♪ ♪ ♪,15,20,0.75,0.64,0.11,1.4312
6/8,1,xxxxxx,sc sc sc sc sc sc,d,desce,x__xx_,♪. sc ♪,2,20,0.1,0.08,0.02,1.7779
6/8,1,....x_,pausa ♩ ♪,d,desce,x___x_,♩ ♪,130,249,0.5221,0.4667,0.0554,2.1827
6/8,1,....x_,pausa ♩ ♪,d,desce,x_x_x_,♪ ♪ ♪,81,249,0.3253,0.3669,-0.0416,0.6208
6/8,1,....x_,pausa ♩ ♪,d,desce,x__xx_,♪. sc ♪,21,249,0.0843,0.1154,-0.0311,1.4994
6/8,1,....x_,pausa ♩ ♪,d,desce,x_____,♩.,8,249,0.0321,0.019,0.0132,0.2758
6/8,1,....x_,pausa ♩ ♪,d,desce,x___xx,♩ sc sc,4,249,0.0161,0.007,0.009,3.1598
6/8,1,....x_,pausa ♩ ♪,d,desce,x_xxx_,♪ sc sc ♪,3,249,0.012,0.0033,0.0088,6.1185
6/8,1,....x_,pausa ♩ ♪,r,repete,x___x_,♩ ♪,100,195,0.5128,0.4667,0.0462,2.1439
6/8,1,....x_,pausa ♩ ♪,r,repete,x_x_x_,♪ ♪ ♪,49,195,0.2513,0.3669,-0.1157,0.4795
6/8,1,....x_,pausa ♩ ♪,r,repete,x__xx_,♪. sc ♪,36,195,0.1846,0.1154,0.0692,3.2823
6/8,1,....x_,pausa ♩ ♪,r,repete,x_____,♩.,3,195,0.0154,0.019,-0.0036,0.1321
6/8,1,....x_,pausa ♩ ♪,r,repete,x___xx,♩ sc sc,2,195,0.0103,0.007,0.0032,2.0174
6/8,1,....x_,pausa ♩ ♪,r,repete,x_xxx_,♪ sc sc ♪,2,195,0.0103,0.0033,0.007,5.2086
6/8,2,xxx_x_,sc sc ♪ ♪,s,sobe,x_x_x_,♪ ♪ ♪,23,28,0.8214,0.6107,0.2107,1.6399
6/8,2,xxx_x_,sc sc ♪ ♪,s,sobe,x___x_,♩ ♪,3,28,0.1071,0.2366,-0.1295,0.3532
6/8,2,xxx_x_,sc sc ♪ ♪,s,sobe,xxx_x_,sc sc ♪ ♪,2,28,0.0714,0.0992,-0.0278,14.4076
6/8,1,....x_,pausa ♩ ♪,s,sobe,x___x_,♩ ♪,126,211,0.5972,0.4667,0.1305,2.4965
6/8,1,....x_,pausa ♩ ♪,s,sobe,x_x_x_,♪ ♪ ♪,54,211,0.2559,0.3669,-0.111,0.4884
6/8,1,....x_,pausa ♩ ♪,s,sobe,x__xx_,♪. sc ♪,20,211,0.0948,0.1154,-0.0207,1.6852
6/8,1,....x_,pausa ♩ ♪,s,sobe,x_____,♩.,3,211,0.0142,0.019,-0.0048,0.122
6/8,1,....x_,pausa ♩ ♪,s,sobe,x___xx,♩ sc sc,3,211,0.0142,0.007,0.0072,2.7966
6/8,1,....x_,pausa ♩ ♪,s,sobe,x_x_xx,♪ ♪ sc sc,2,211,0.0095,0.0049,0.0046,2.5457
6/8,1,....x_,pausa ♩ ♪,s,sobe,x___..,♩ pausa ♪,2,211,0.0095,0.0011,0.0084,1.1461
6/8,1,x_x_xx,♪ ♪ sc sc,s,sobe,x_x_x_,♪ ♪ ♪,14,35,0.4,0.3448,0.0552,0.7633
6/8,1,x_x_xx,♪ ♪ sc sc,s,sobe,x__xx_,♪. sc ♪,7,35,0.2,0.1121,0.0879,3.5558
6/8,1,x_x_xx,♪ ♪ sc sc,s,sobe,x___x_,♩ ♪,6,35,0.1714,0.2414,-0.07,0.7167
6/8,1,x_x_xx,♪ ♪ sc sc,s,sobe,x_____,♩.,3,35,0.0857,0.1034,-0.0177,0.7357
6/8,1,x_x_xx,♪ ♪ sc sc,s,sobe,__x_x_,(lig.) ♪ ♪ ♪,3,35,0.0857,0.0259,0.0599,29.5566
6/8,1,__..x_,(lig.) ♪ pausa ♪ ♪,r,repete,x___x_,♩ ♪,37,63,0.5873,0.4941,0.0932,2.4553
6/8,1,__..x_,(lig.) ♪ pausa ♪ ♪,r,repete,x_x_x_,♪ ♪ ♪,17,63,0.2698,0.3059,-0.036,0.5149
6/8,1,__..x_,(lig.) ♪ pausa ♪ ♪,r,repete,x__xx_,♪. sc ♪,8,63,0.127,0.1118,0.0152,2.2577
6/8,1,x_x_xx,♪ ♪ sc sc,d,desce,x___x_,♩ ♪,13,48,0.2708,0.2414,0.0295,1.1323
6/8,1,x_x_xx,♪ ♪ sc sc,d,desce,x_x_x_,♪ ♪ ♪,11,48,0.2292,0.3448,-0.1157,0.4373
6/8,1,x_x_xx,♪ ♪ sc sc,d,desce,x_____,♩.,8,48,0.1667,0.1034,0.0632,1.4306
6/8,1,x_x_xx,♪ ♪ sc sc,d,desce,x__xx_,♪. sc ♪,4,48,0.0833,0.1121,-0.0287,1.4816
6/8,1,x_x_xx,♪ ♪ sc sc,d,desce,x_x_xx,♪ ♪ sc sc,4,48,0.0833,0.0517,0.0316,22.3806
6/8,1,x_x_xx,♪ ♪ sc sc,d,desce,xx__x_,sc ♪. ♪,2,48,0.0417,0.0172,0.0244,13.2249
6/8,1,x_x_xx,♪ ♪ sc sc,d,desce,xxx_..,sc sc ♪ pausa ♪,2,48,0.0417,0.0172,0.0244,193.9653
6/8,1,__xxx_,(lig.) ♪ sc sc ♪,d,desce,x_x_x_,♪ ♪ ♪,6,10,0.6,0.65,-0.05,1.1449
6/8,1,__xxx_,(lig.) ♪ sc sc ♪,d,desce,x___x_,♩ ♪,2,10,0.2,0.1,0.1,0.8361
6/8,2,xx__x_,sc ♪. ♪,r,repete,x___x_,♩ ♪,17,26,0.6538,0.3375,0.3163,2.1554
6/8,2,xx__x_,sc ♪. ♪,r,repete,xx__x_,sc ♪. ♪,4,26,0.1538,0.1375,0.0163,72.4076
6/8,2,xx__x_,sc ♪. ♪,r,repete,x_x_x_,♪ ♪ ♪,3,26,0.1154,0.425,-0.3096,0.2303
6/8,2,xx__x_,sc ♪. ♪,d,desce,x_x_x_,♪ ♪ ♪,31,47,0.6596,0.425,0.2346,1.3167
6/8,2,xx__x_,sc ♪. ♪,d,desce,x___x_,♩ ♪,8,47,0.1702,0.3375,-0.1673,0.5611
6/8,2,xx__x_,sc ♪. ♪,d,desce,xx__x_,sc ♪. ♪,7,47,0.1489,0.1375,0.0114,70.0967
6/8,1,......,pausa ♩.,s,sobe,x___x_,♩ ♪,15,30,0.5,0.5507,-0.0507,2.0903
6/8,1,......,pausa ♩.,s,sobe,x_x_x_,♪ ♪ ♪,9,30,0.3,0.2464,0.0536,0.5725
6/8,1,......,pausa ♩.,s,sobe,x_____,♩.,3,30,0.1,0.1304,-0.0304,0.8584
6/8,1,......,pausa ♩.,s,sobe,x__xx_,♪. sc ♪,2,30,0.0667,0.058,0.0087,1.1853
6/8,2,x___..,♩ pausa ♪,d,desce,....x_,pausa ♩ ♪,79,125,0.632,0.5923,0.0397,25.8062
6/8,2,x___..,♩ pausa ♪,d,desce,....xx,pausa ♩ sc sc,13,125,0.104,0.1073,-0.0033,19.9286
6/8,2,x___..,♩ pausa ♪,d,desce,x_____,♩.,11,125,0.088,0.0601,0.0279,2.3259
6/8,2,x___..,♩ pausa ♪,d,desce,......,pausa ♩.,7,125,0.056,0.0773,-0.0213,21.7726
6/8,2,x___..,♩ pausa ♪,d,desce,x_x_x_,♪ ♪ ♪,6,125,0.048,0.0386,0.0094,0.0958
6/8,2,x___..,♩ pausa ♪,d,desce,x___x_,♩ ♪,3,125,0.024,0.0472,-0.0232,0.0791
6/8,2,x___..,♩ pausa ♪,d,desce,x___..,♩ pausa ♪,3,125,0.024,0.0558,-0.0318,2.5754
6/8,1,....xx,pausa ♩ sc sc,r,repete,x___x_,♩ ♪,22,42,0.5238,0.2924,0.2314,2.1899
6/8,1,....xx,pausa ♩ sc sc,r,repete,x_x_x_,♪ ♪ ♪,11,42,0.2619,0.4911,-0.2292,0.4998
6/8,1,....xx,pausa ♩ sc sc,r,repete,x__xx_,♪. sc ♪,6,42,0.1429,0.125,0.0179,2.5399
6/8,1,....xx,pausa ♩ sc sc,r,repete,x_x_xx,♪ ♪ sc sc,2,42,0.0476,0.0201,0.0275,12.7889
6/8,1,x_..x_,♪ pausa ♪ ♪,r,repete,x___x_,♩ ♪,27,59,0.4576,0.3832,0.0744,1.9132
6/8,1,x_..x_,♪ pausa ♪ ♪,r,repete,x_x_x_,♪ ♪ ♪,16,59,0.2712,0.3533,-0.0821,0.5175
6/8,1,x_..x_,♪ pausa ♪ ♪,r,repete,x_____,♩.,6,59,0.1017,0.0838,0.0179,0.8729
6/8,1,x_..x_,♪ pausa ♪ ♪,r,repete,x__xx_,♪. sc ♪,5,59,0.0847,0.0778,0.0069,1.5067
6/8,1,x_..x_,♪ pausa ♪ ♪,r,repete,x_..x_,♪ pausa ♪ ♪,3,59,0.0508,0.0419,0.0089,45.8136
6/8,1,x_..xx,♪ pausa ♪ sc sc,s,sobe,x___x_,♩ ♪,7,10,0.7,0.6154,0.0846,2.9265
6/8,1,x_..xx,♪ pausa ♪ sc sc,s,sobe,x__xx_,♪. sc ♪,2,10,0.2,0.1538,0.0462,3.5558
6/8,1,......,pausa ♩.,d,desce,x___x_,♩ ♪,22,37,0.5946,0.5507,0.0439,2.4858
6/8,1,......,pausa ♩.,d,desce,x_x_x_,♪ ♪ ♪,8,37,0.2162,0.2464,-0.0302,0.4126
6/8,1,......,pausa ♩.,d,desce,x_____,♩.,6,37,0.1622,0.1304,0.0317,1.3919
6/8,2,x_x_..,♪ ♪ pausa ♪,d,desce,....x_,pausa ♩ ♪,71,95,0.7474,0.7578,-0.0104,30.517
6/8,2,x_x_..,♪ ♪ pausa ♪,d,desce,....xx,pausa ♩ sc sc,16,95,0.1684,0.1484,0.02,32.2731
6/8,2,x_x_..,♪ ♪ pausa ♪,d,desce,x_x_x_,♪ ♪ ♪,5,95,0.0526,0.0391,0.0136,0.1051
6/8,2,x_x_..,♪ ♪ pausa ♪,d,desce,x_____,♩.,2,95,0.0211,0.0234,-0.0024,0.5564
6/8,1,x_..x_,♪ pausa ♪ ♪,d,desce,x_x_x_,♪ ♪ ♪,20,47,0.4255,0.3533,0.0722,0.812
6/8,1,x_..x_,♪ pausa ♪ ♪,d,desce,x___x_,♩ ♪,15,47,0.3191,0.3832,-0.0641,1.3343
6/8,1,x_..x_,♪ pausa ♪ ♪,d,desce,x__xx_,♪. sc ♪,6,47,0.1277,0.0778,0.0498,2.2697
6/8,1,x_..x_,♪ pausa ♪ ♪,d,desce,x_____,♩.,3,47,0.0638,0.0838,-0.02,0.5479
6/8,1,x_..x_,♪ pausa ♪ ♪,s,sobe,x_x_x_,♪ ♪ ♪,23,61,0.377,0.3533,0.0238,0.7195
6/8,1,x_..x_,♪ pausa ♪ ♪,s,sobe,x___x_,♩ ♪,22,61,0.3607,0.3832,-0.0226,1.5078
6/8,1,x_..x_,♪ pausa ♪ ♪,s,sobe,x_____,♩.,5,61,0.082,0.0838,-0.0019,0.7036
6/8,1,x_..x_,♪ pausa ♪ ♪,s,sobe,x_..x_,♪ pausa ♪ ♪,3,61,0.0492,0.0419,0.0073,44.3115
6/8,1,x_..x_,♪ pausa ♪ ♪,s,sobe,x___..,♩ pausa ♪,3,61,0.0492,0.018,0.0312,5.9466
6/8,1,x_..x_,♪ pausa ♪ ♪,s,sobe,x__xx_,♪. sc ♪,2,61,0.0328,0.0778,-0.0451,0.5829
6/8,1,x_..x_,♪ pausa ♪ ♪,s,sobe,x_x___,♪ ♩,2,61,0.0328,0.012,0.0208,7.268
6/8,2,x_x_xx,♪ ♪ sc sc,r,repete,x_x_x_,♪ ♪ ♪,20,33,0.6061,0.4808,0.1253,1.2099
6/8,2,x_x_xx,♪ ♪ sc sc,r,repete,x_x_xx,♪ ♪ sc sc,5,33,0.1515,0.125,0.0265,34.741
6/8,2,x_x_xx,♪ ♪ sc sc,r,repete,x___x_,♩ ♪,5,33,0.1515,0.1538,-0.0023,0.4995
6/8,2,x___xx,♩ sc sc,r,repete,x___x_,♩ ♪,14,40,0.35,0.4286,-0.0786,1.1538
6/8,2,x___xx,♩ sc sc,r,repete,x_x_x_,♪ ♪ ♪,13,40,0.325,0.2,0.125,0.6488
6/8,2,x___xx,♩ sc sc,r,repete,x___xx,♩ sc sc,10,40,0.25,0.1929,0.0571,8.2799
6/8,2,x___xx,♩ sc sc,r,repete,x_____,♩.,2,40,0.05,0.05,0,1.3215
6/8,2,x_x_..,♪ ♪ pausa ♪,r,repete,....x_,pausa ♩ ♪,23,28,0.8214,0.7578,0.0636,33.541
6/8,2,x_x_..,♪ ♪ pausa ♪,r,repete,....xx,pausa ♩ sc sc,3,28,0.1071,0.1484,-0.0413,20.5309
6/8,1,__..xx,(lig.) ♪ pausa ♪ sc sc,s,sobe,x_x_x_,♪ ♪ ♪,6,13,0.4615,0.5333,-0.0718,0.8807
6/8,1,__..xx,(lig.) ♪ pausa ♪ sc sc,s,sobe,x___x_,♩ ♪,5,13,0.3846,0.3333,0.0513,1.6079
6/8,1,__..xx,(lig.) ♪ pausa ♪ sc sc,s,sobe,x__xx_,♪. sc ♪,2,13,0.1538,0.1333,0.0205,2.7352
6/8,2,....x_,pausa ♩ ♪,0,—,x___x_,♩ ♪,11,17,0.6471,0.5769,0.0701,2.133
6/8,2,....x_,pausa ♩ ♪,0,—,x_x_x_,♪ ♪ ♪,5,17,0.2941,0.2692,0.0249,0.5872
6/8,1,x_xxx_,♪ sc sc ♪,d,desce,x_x_x_,♪ ♪ ♪,7,14,0.5,0.5366,-0.0366,0.9541
6/8,1,x_xxx_,♪ sc sc ♪,d,desce,x_xxx_,♪ sc sc ♪,5,14,0.3571,0.1951,0.162,181.3701
6/8,2,x_..x_,♪ pausa ♪ ♪,s,sobe,x_..x_,♪ pausa ♪ ♪,5,10,0.5,0.5484,-0.0484,79.3698
6/8,2,x_..x_,♪ pausa ♪ ♪,s,sobe,x___x_,♩ ♪,2,10,0.2,0.0968,0.1032,0.6593
6/8,2,x_..x_,♪ pausa ♪ ♪,r,repete,x_..x_,♪ pausa ♪ ♪,8,14,0.5714,0.5484,0.023,90.7084
6/8,2,x_..x_,♪ pausa ♪ ♪,r,repete,x_x_x_,♪ ♪ ♪,2,14,0.1429,0.129,0.0138,0.2852
6/8,2,x_..x_,♪ pausa ♪ ♪,r,repete,x__xx_,♪. sc ♪,2,14,0.1429,0.129,0.0138,5.1304
6/8,1,..x_x_,pausa ♪ ♪ ♪,d,desce,x_x_x_,♪ ♪ ♪,6,10,0.6,0.5909,0.0091,1.1449
6/8,1,..x_x_,pausa ♪ ♪ ♪,d,desce,x___x_,♩ ♪,2,10,0.2,0.2273,-0.0273,0.8361
6/8,1,x_x_..,♪ ♪ pausa ♪,d,desce,x___x_,♩ ♪,5,10,0.5,0.3333,0.1667,2.0903
6/8,1,x_x_..,♪ ♪ pausa ♪,d,desce,x_x_x_,♪ ♪ ♪,2,10,0.2,0.4,-0.2,0.3816
6/8,1,x_x_..,♪ ♪ pausa ♪,d,desce,....x_,pausa ♩ ♪,2,10,0.2,0.1333,0.0667,620.6889
9/8,1,....x_,pausa ♩ ♪,0,—,x_x_x_,♪ ♪ ♪,24,52,0.4615,0.4615,0,0.8407
9/8,1,....x_,pausa ♩ ♪,0,—,x___x_,♩ ♪,14,52,0.2692,0.2692,0,0.8265
9/8,1,....x_,pausa ♩ ♪,0,—,xxx_x_,sc sc ♪ ♪,5,52,0.0962,0.0962,0,2.9234
9/8,1,....x_,pausa ♩ ♪,0,—,x__xx_,♪. sc ♪,5,52,0.0962,0.0962,0,2.8683
9/8,1,....x_,pausa ♩ ♪,0,—,x_____,♩.,2,52,0.0385,0.0385,0,2.2521
9/8,2,x_x_x_,♪ ♪ ♪,d,desce,x_x_x_,♪ ♪ ♪,281,413,0.6804,0.7561,-0.0757,1.0597
9/8,2,x_x_x_,♪ ♪ ♪,d,desce,x___x_,♩ ♪,112,413,0.2712,0.2027,0.0685,0.9546
9/8,2,x_x_x_,♪ ♪ ♪,d,desce,x__xx_,♪. sc ♪,6,413,0.0145,0.0078,0.0067,1.0079
9/8,2,x_x_x_,♪ ♪ ♪,d,desce,x___xx,♩ sc sc,4,413,0.0097,0.0045,0.0052,4.0315
9/8,2,x_x_x_,♪ ♪ ♪,d,desce,xxx_x_,sc sc ♪ ♪,3,413,0.0073,0.0089,-0.0016,0.4479
9/8,2,x_x_x_,♪ ♪ ♪,d,desce,x_..x_,♪ pausa ♪ ♪,3,413,0.0073,0.0033,0.0039,1.0995
9/8,2,x_x_x_,♪ ♪ ♪,d,desce,..x_x_,pausa ♪ ♪ ♪,3,413,0.0073,0.0067,0.0006,1.5118
9/8,3,x_x_x_,♪ ♪ ♪,s,sobe,x_x_x_,♪ ♪ ♪,182,371,0.4906,0.59,-0.0995,0.9042
9/8,3,x_x_x_,♪ ♪ ♪,s,sobe,x___x_,♩ ♪,154,371,0.4151,0.317,0.0981,1.2203
9/8,3,x_x_x_,♪ ♪ ♪,s,sobe,x_____,♩.,16,371,0.0431,0.0411,0.002,0.7986
9/8,3,x_x_x_,♪ ♪ ♪,s,sobe,x___xx,♩ sc sc,6,371,0.0162,0.0205,-0.0044,1.0856
9/8,3,x_x_x_,♪ ♪ ♪,s,sobe,__x_x_,(lig.) ♪ ♪ ♪,5,371,0.0135,0.0068,0.0066,2.1712
9/8,3,x_x_x_,♪ ♪ ♪,s,sobe,x_x__x,♪ ♪. sc,2,371,0.0054,0.0029,0.0025,2.1712
9/8,3,x_x_x_,♪ ♪ ♪,s,sobe,__xxx_,(lig.) ♪ sc sc ♪,2,371,0.0054,0.002,0.0034,4.3423
9/8,1,x___x_,♩ ♪,s,sobe,x_x_x_,♪ ♪ ♪,135,246,0.5488,0.5468,0.0019,0.9996
9/8,1,x___x_,♩ ♪,s,sobe,x___x_,♩ ♪,73,246,0.2967,0.3308,-0.034,0.911
9/8,1,x___x_,♩ ♪,s,sobe,x__xx_,♪. sc ♪,20,246,0.0813,0.0516,0.0297,2.4252
9/8,1,x___x_,♩ ♪,s,sobe,xxx_x_,sc sc ♪ ♪,6,246,0.0244,0.0268,-0.0024,0.7416
9/8,1,x___x_,♩ ♪,s,sobe,__x_x_,(lig.) ♪ ♪ ♪,6,246,0.0244,0.0134,0.011,1.8362
9/8,1,x___x_,♩ ♪,s,sobe,x_____,♩.,4,246,0.0163,0.0172,-0.0009,0.9521
9/8,1,x___x_,♩ ♪,s,sobe,x_x_xx,♪ ♪ sc sc,2,246,0.0081,0.0057,0.0024,2.1423
9/8,1,x_x_x_,♪ ♪ ♪,s,sobe,x_x_x_,♪ ♪ ♪,150,258,0.5814,0.5655,0.0159,1.059
9/8,1,x_x_x_,♪ ♪ ♪,s,sobe,x___x_,♩ ♪,79,258,0.3062,0.318,-0.0118,0.94
9/8,1,x_x_x_,♪ ♪ ♪,s,sobe,__x_x_,(lig.) ♪ ♪ ♪,9,258,0.0349,0.0133,0.0215,2.6262
9/8,1,x_x_x_,♪ ♪ ♪,s,sobe,x_____,♩.,7,258,0.0271,0.0194,0.0077,1.5887
9/8,1,x_x_x_,♪ ♪ ♪,s,sobe,xxx_x_,sc sc ♪ ♪,6,258,0.0233,0.0388,-0.0156,0.7071
9/8,1,x_x_x_,♪ ♪ ♪,s,sobe,x__xx_,♪. sc ♪,5,258,0.0194,0.0206,-0.0013,0.5781
9/8,2,x_x_x_,♪ ♪ ♪,s,sobe,x_x_x_,♪ ♪ ♪,279,354,0.7881,0.7561,0.032,1.2275
9/8,2,x_x_x_,♪ ♪ ♪,s,sobe,x___x_,♩ ♪,62,354,0.1751,0.2027,-0.0275,0.6165
9/8,2,x_x_x_,♪ ♪ ♪,s,sobe,xxx_x_,sc sc ♪ ♪,5,354,0.0141,0.0089,0.0052,0.871
9/8,2,x_x_x_,♪ ♪ ♪,s,sobe,..x_x_,pausa ♪ ♪ ♪,3,354,0.0085,0.0067,0.0018,1.7638
9/8,1,x_x_x_,♪ ♪ ♪,d,desce,x_x_x_,♪ ♪ ♪,299,548,0.5456,0.5655,-0.0199,0.9938
9/8,1,x_x_x_,♪ ♪ ♪,d,desce,x___x_,♩ ♪,182,548,0.3321,0.318,0.0142,1.0196
9/8,1,x_x_x_,♪ ♪ ♪,d,desce,xxx_x_,sc sc ♪ ♪,26,548,0.0474,0.0388,0.0086,1.4425
9/8,1,x_x_x_,♪ ♪ ♪,d,desce,x__xx_,♪. sc ♪,12,548,0.0219,0.0206,0.0013,0.6532
9/8,1,x_x_x_,♪ ♪ ♪,d,desce,x_____,♩.,9,548,0.0164,0.0194,-0.003,0.9617
9/8,1,x_x_x_,♪ ♪ ♪,d,desce,xx__x_,sc ♪. ♪,8,548,0.0146,0.0097,0.0049,2.308
9/8,1,x_x_x_,♪ ♪ ♪,d,desce,x_x_xx,♪ ♪ sc sc,3,548,0.0055,0.0036,0.0018,1.4425
9/8,1,x_x_x_,♪ ♪ ♪,d,desce,_xx_x_,(lig.) sc sc ♪ ♪,3,548,0.0055,0.0036,0.0018,1.4425
9/8,1,x_x_x_,♪ ♪ ♪,d,desce,__x_x_,(lig.) ♪ ♪ ♪,2,548,0.0036,0.0133,-0.0097,0.2748
9/8,1,x_x_x_,♪ ♪ ♪,d,desce,x___..,♩ pausa ♪,2,548,0.0036,0.0024,0.0012,2.885
9/8,1,x_x_x_,♪ ♪ ♪,r,repete,x_x_x_,♪ ♪ ♪,17,18,0.9444,0.5655,0.3789,1.7202
9/8,2,x_x_x_,♪ ♪ ♪,r,repete,x_x_x_,♪ ♪ ♪,119,131,0.9084,0.7561,0.1523,1.4149
9/8,2,x_x_x_,♪ ♪ ♪,r,repete,x___x_,♩ ♪,8,131,0.0611,0.2027,-0.1416,0.215
9/8,2,x_x_x_,♪ ♪ ♪,r,repete,x_x_xx,♪ ♪ sc sc,2,131,0.0153,0.0033,0.0119,2.542
9/8,3,x_x_x_,♪ ♪ ♪,r,repete,x_x_x_,♪ ♪ ♪,21,32,0.6563,0.59,0.0662,1.2096
9/8,3,x_x_x_,♪ ♪ ♪,r,repete,x___x_,♩ ♪,9,32,0.2813,0.317,-0.0358,0.8268
9/8,1,x___x_,♩ ♪,d,desce,x_x_x_,♪ ♪ ♪,129,237,0.5443,0.5468,-0.0025,0.9914
9/8,1,x___x_,♩ ♪,d,desce,x___x_,♩ ♪,89,237,0.3755,0.3308,0.0447,1.1528
9/8,1,x___x_,♩ ♪,d,desce,xxx_x_,sc sc ♪ ♪,7,237,0.0295,0.0268,0.0028,0.898
9/8,1,x___x_,♩ ♪,d,desce,x__xx_,♪. sc ♪,7,237,0.0295,0.0516,-0.0221,0.8811
9/8,1,x___x_,♩ ♪,d,desce,x_____,♩.,2,237,0.0084,0.0172,-0.0088,0.4941
9/8,3,x_x_x_,♪ ♪ ♪,d,desce,x_x_x_,♪ ♪ ♪,400,619,0.6462,0.59,0.0562,1.1911
9/8,3,x_x_x_,♪ ♪ ♪,d,desce,x___x_,♩ ♪,161,619,0.2601,0.317,-0.0569,0.7646
9/8,3,x_x_x_,♪ ♪ ♪,d,desce,x_____,♩.,26,619,0.042,0.0411,0.0009,0.7778
9/8,3,x_x_x_,♪ ♪ ♪,d,desce,x___xx,♩ sc sc,14,619,0.0226,0.0205,0.0021,1.5182
9/8,3,x_x_x_,♪ ♪ ♪,d,desce,x___..,♩ pausa ♪,4,619,0.0065,0.0039,0.0025,1.7351
9/8,3,x_x_x_,♪ ♪ ♪,d,desce,x_..x_,♪ pausa ♪ ♪,4,619,0.0065,0.0059,0.0006,0.6506
9/8,3,x_x_x_,♪ ♪ ♪,d,desce,__x_x_,(lig.) ♪ ♪ ♪,2,619,0.0032,0.0068,-0.0036,0.5205
9/8,3,x_x_x_,♪ ♪ ♪,d,desce,x__xx_,♪. sc ♪,2,619,0.0032,0.002,0.0013,1.7351
9/8,3,x_x_x_,♪ ♪ ♪,d,desce,xxx_x_,sc sc ♪ ♪,2,619,0.0032,0.002,0.0013,0.5205
9/8,2,xxx_x_,sc sc ♪ ♪,d,desce,x_x_x_,♪ ♪ ♪,39,50,0.78,0.7692,0.0108,1.2149
9/8,2,xxx_x_,sc sc ♪ ♪,d,desce,xxx_x_,sc sc ♪ ♪,5,50,0.1,0.0962,0.0038,6.1667
9/8,2,xxx_x_,sc sc ♪ ♪,d,desce,x__xx_,♪. sc ♪,4,50,0.08,0.0962,-0.0162,5.55
9/8,2,xxx_x_,sc sc ♪ ♪,d,desce,x___x_,♩ ♪,2,50,0.04,0.0385,0.0015,0.1408
9/8,3,xxx_x_,sc sc ♪ ♪,d,desce,x_x_x_,♪ ♪ ♪,15,23,0.6522,0.5556,0.0966,1.2021
9/8,3,xxx_x_,sc sc ♪ ♪,d,desce,x___x_,♩ ♪,4,23,0.1739,0.2963,-0.1224,0.5113
9/8,3,xxx_x_,sc sc ♪ ♪,d,desce,xxx_x_,sc sc ♪ ♪,4,23,0.1739,0.1481,0.0258,28.0174
9/8,2,x___x_,♩ ♪,d,desce,x___x_,♩ ♪,96,208,0.4615,0.4669,-0.0054,1.6247
9/8,2,x___x_,♩ ♪,d,desce,x_x_x_,♪ ♪ ♪,92,208,0.4423,0.4562,-0.0139,0.6889
9/8,2,x___x_,♩ ♪,d,desce,xxx_x_,sc sc ♪ ♪,8,208,0.0385,0.025,0.0134,2.3718
9/8,2,x___x_,♩ ♪,d,desce,x_x_xx,♪ ♪ sc sc,6,208,0.0288,0.0107,0.0181,4.8029
9/8,2,x___x_,♩ ♪,d,desce,x_____,♩.,4,208,0.0192,0.0197,-0.0004,2.0012
9/8,2,x___x_,♩ ♪,d,desce,x_..x_,♪ pausa ♪ ♪,2,208,0.0096,0.0072,0.0025,1.4554
9/8,2,x___x_,♩ ♪,r,repete,x_x_x_,♪ ♪ ♪,54,94,0.5745,0.4562,0.1183,0.8948
9/8,2,x___x_,♩ ♪,r,repete,x___x_,♩ ♪,28,94,0.2979,0.4669,-0.169,1.0485
9/8,2,x___x_,♩ ♪,r,repete,xxx_x_,sc sc ♪ ♪,6,94,0.0638,0.025,0.0388,3.9362
9/8,2,x___x_,♩ ♪,r,repete,x__xx_,♪. sc ♪,3,94,0.0319,0.0143,0.0176,2.2141
9/8,2,x___x_,♩ ♪,r,repete,x_____,♩.,3,94,0.0319,0.0197,0.0122,3.3211
9/8,2,x___x_,♩ ♪,s,sobe,x___x_,♩ ♪,137,257,0.5331,0.4669,0.0662,1.8765
9/8,2,x___x_,♩ ♪,s,sobe,x_x_x_,♪ ♪ ♪,109,257,0.4241,0.4562,-0.032,0.6606
9/8,2,x___x_,♩ ♪,s,sobe,x__xx_,♪. sc ♪,5,257,0.0195,0.0143,0.0051,1.3497
9/8,2,x___x_,♩ ♪,s,sobe,x_____,♩.,4,257,0.0156,0.0197,-0.0041,1.6196
9/8,2,x___x_,♩ ♪,s,sobe,x_..x_,♪ pausa ♪ ♪,2,257,0.0078,0.0072,0.0006,1.1779
9/8,3,x___x_,♩ ♪,d,desce,x___x_,♩ ♪,100,210,0.4762,0.4316,0.0446,1.3999
9/8,3,x___x_,♩ ♪,d,desce,x_x_x_,♪ ♪ ♪,89,210,0.4238,0.4701,-0.0463,0.7812
9/8,3,x___x_,♩ ♪,d,desce,x_____,♩.,14,210,0.0667,0.0598,0.0068,1.2345
9/8,3,x___x_,♩ ♪,d,desce,x_..x_,♪ pausa ♪ ♪,3,210,0.0143,0.0214,-0.0071,1.4384
9/8,3,x___x_,♩ ♪,d,desce,x_x___,♪ ♩,3,210,0.0143,0.0128,0.0015,2.8768
9/8,1,x_____,♩.,s,sobe,x___x_,♩ ♪,22,46,0.4783,0.4737,0.0046,1.4682
9/8,1,x_____,♩.,s,sobe,x_x_x_,♪ ♪ ♪,21,46,0.4565,0.4079,0.0486,0.8315
9/8,1,x_____,♩.,s,sobe,x_..x_,♪ pausa ♪ ♪,3,46,0.0652,0.0658,-0.0006,14.7298
9/8,1,x_____,♩.,d,desce,x___x_,♩ ♪,12,27,0.4444,0.4737,-0.0292,1.3644
9/8,1,x_____,♩.,d,desce,x_x_x_,♪ ♪ ♪,9,27,0.3333,0.4079,-0.0746,0.6071
9/8,1,x_____,♩.,d,desce,....x_,pausa ♩ ♪,4,27,0.1481,0.0526,0.0955,58.5556
9/8,1,x_____,♩.,d,desce,x_..x_,♪ pausa ♪ ♪,2,27,0.0741,0.0658,0.0083,16.7302
9/8,2,x__xx_,♪. sc ♪,d,desce,x_x_x_,♪ ♪ ♪,25,30,0.8333,0.8596,-0.0263,1.2979
9/8,2,x__xx_,♪. sc ♪,d,desce,x___x_,♩ ♪,3,30,0.1,0.0526,0.0474,0.352
9/8,2,x__xx_,♪. sc ♪,s,sobe,x_x_x_,♪ ♪ ♪,22,25,0.88,0.8596,0.0204,1.3706
9/8,2,x__xx_,♪. sc ♪,s,sobe,x__xx_,♪. sc ♪,3,25,0.12,0.0702,0.0498,8.325
9/8,1,x___x_,♩ ♪,r,repete,x_x_x_,♪ ♪ ♪,22,40,0.55,0.5468,0.0032,1.0018
9/8,1,x___x_,♩ ♪,r,repete,x___x_,♩ ♪,11,40,0.275,0.3308,-0.0558,0.8442
9/8,1,x___x_,♩ ♪,r,repete,x_____,♩.,3,40,0.075,0.0172,0.0578,4.3917
9/8,1,x___x_,♩ ♪,r,repete,xx__x_,sc ♪. ♪,2,40,0.05,0.0038,0.0462,7.905
9/8,3,x__xx_,♪. sc ♪,d,desce,x___x_,♩ ♪,9,21,0.4286,0.4545,-0.026,1.2599
9/8,3,x__xx_,♪. sc ♪,d,desce,xxx_x_,sc sc ♪ ♪,4,21,0.1905,0.1818,0.0087,30.6857
9/8,3,x__xx_,♪. sc ♪,d,desce,x_x_x_,♪ ♪ ♪,2,21,0.0952,0.0909,0.0043,0.1755
9/8,3,x__xx_,♪. sc ♪,d,desce,x_x___,♪ ♩,2,21,0.0952,0.0909,0.0043,19.1786
9/8,3,x__xx_,♪. sc ♪,d,desce,x_____,♩.,2,21,0.0952,0.0909,0.0043,1.7635
9/8,3,x___x_,♩ ♪,s,sobe,x_x_x_,♪ ♪ ♪,128,246,0.5203,0.4701,0.0502,0.9591
9/8,3,x___x_,♩ ♪,s,sobe,x___x_,♩ ♪,95,246,0.3862,0.4316,-0.0454,1.1353
9/8,3,x___x_,♩ ♪,s,sobe,x_____,♩.,14,246,0.0569,0.0598,-0.0029,1.0538
9/8,3,x___x_,♩ ♪,s,sobe,x_..x_,♪ pausa ♪ ♪,5,246,0.0203,0.0214,-0.001,2.0465
9/8,3,x___x_,♩ ♪,s,sobe,x_x___,♪ ♩,3,246,0.0122,0.0128,-0.0006,2.4558
9/8,1,xxx_x_,sc sc ♪ ♪,d,desce,x_x_x_,♪ ♪ ♪,9,10,0.9,0.9,0,1.6393
9/8,2,x_____,♩.,s,sobe,x_x_x_,♪ ♪ ♪,8,18,0.4444,0.6129,-0.1685,0.6922
9/8,2,x_____,♩.,s,sobe,x___x_,♩ ♪,5,18,0.2778,0.1613,0.1165,0.9778
9/8,2,x_____,♩.,s,sobe,x_____,♩.,5,18,0.2778,0.1613,0.1165,28.9063
9/8,3,x_____,♩.,s,sobe,____x_,(lig.) ♩ ♪,5,10,0.5,0.4,0.1,73.2273
9/8,3,x_____,♩.,s,sobe,x_____,♩.,3,10,0.3,0.4,-0.1,5.5552
9/8,3,x_____,♩.,s,sobe,x_x_x_,♪ ♪ ♪,2,10,0.2,0.1333,0.0667,0.3686
9/8,3,x___x_,♩ ♪,r,repete,x___x_,♩ ♪,7,12,0.5833,0.4316,0.1517,1.7149
9/8,3,x___x_,♩ ♪,r,repete,x_x_x_,♪ ♪ ♪,3,12,0.25,0.4701,-0.2201,0.4608
9/8,3,x___x_,♩ ♪,r,repete,x_..x_,♪ pausa ♪ ♪,2,12,0.1667,0.0214,0.1453,16.7813
9/8,1,x___xx,♩ sc sc,s,sobe,x_x_x_,♪ ♪ ♪,16,18,0.8889,0.8333,0.0556,1.619
9/8,1,x___xx,♩ sc sc,s,sobe,x___x_,♩ ♪,2,18,0.1111,0.0833,0.0278,0.3411
9/8,2,__x_x_,(lig.) ♪ ♪ ♪,s,sobe,__x_x_,(lig.) ♪ ♪ ♪,8,14,0.5714,0.381,0.1905,73.1868
9/8,2,__x_x_,(lig.) ♪ ♪ ♪,s,sobe,x_x_x_,♪ ♪ ♪,3,14,0.2143,0.4762,-0.2619,0.3338
9/8,2,__x_x_,(lig.) ♪ ♪ ♪,s,sobe,x___x_,♩ ♪,3,14,0.2143,0.1429,0.0714,0.7543
9/8,1,x_..x_,♪ pausa ♪ ♪,d,desce,x___x_,♩ ♪,5,11,0.4545,0.3125,0.142,1.3954
9/8,1,x_..x_,♪ pausa ♪ ♪,d,desce,x_x_x_,♪ ♪ ♪,5,11,0.4545,0.625,-0.1705,0.8279
12/8,3,x___x_,♩ ♪,d,desce,x___x_,♩ ♪,7,13,0.5385,0.5484,-0.0099,1.9444
12/8,3,x___x_,♩ ♪,d,desce,x_x_x_,♪ ♪ ♪,5,13,0.3846,0.3548,0.0298,0.8621
12/8,4,x_x_x_,♪ ♪ ♪,d,desce,x_x_x_,♪ ♪ ♪,11,19,0.5789,0.4643,0.1147,1.9197
12/8,4,x_x_x_,♪ ♪ ♪,d,desce,x___x_,♩ ♪,4,19,0.2105,0.2857,-0.0752,0.6029
12/8,4,x_x_x_,♪ ♪ ♪,d,desce,x_____,♩.,3,19,0.1579,0.1786,-0.0207,0.9947
12/8,3,x___x_,♩ ♪,s,sobe,x___x_,♩ ♪,10,18,0.5556,0.5484,0.0072,2.0062
12/8,3,x___x_,♩ ♪,s,sobe,x_x_x_,♪ ♪ ♪,6,18,0.3333,0.3548,-0.0215,0.7471
12/8,3,x___x_,♩ ♪,s,sobe,x__xx_,♪. sc ♪,2,18,0.1111,0.0968,0.0143,2.4074
12/8,2,x_x_x_,♪ ♪ ♪,d,desce,x___x_,♩ ♪,12,23,0.5217,0.4286,0.0932,1.094
12/8,2,x_x_x_,♪ ♪ ♪,d,desce,x_x_x_,♪ ♪ ♪,11,23,0.4783,0.5714,-0.0932,1.413
12/8,3,x_x_x_,♪ ♪ ♪,d,desce,x_x_x_,♪ ♪ ♪,13,15,0.8667,0.8182,0.0485,1.9425
12/8,1,x_x_x_,♪ ♪ ♪,d,desce,x___x_,♩ ♪,5,10,0.5,0.25,0.25,1.9375
12/8,1,x_x_x_,♪ ♪ ♪,d,desce,x_x_x_,♪ ♪ ♪,4,10,0.4,0.65,-0.25,0.8857
12/8,1,x___x_,♩ ♪,s,sobe,x_x_x_,♪ ♪ ♪,10,14,0.7143,0.5909,0.1234,1.5816
12/8,1,x___x_,♩ ♪,s,sobe,x___x_,♩ ♪,3,14,0.2143,0.2727,-0.0584,0.8304
12/8,4,x___x_,♩ ♪,d,desce,x___x_,♩ ♪,6,14,0.4286,0.5556,-0.127,1.2273
12/8,4,x___x_,♩ ♪,d,desce,x_x_x_,♪ ♪ ♪,4,14,0.2857,0.2222,0.0635,0.9474
12/8,4,x___x_,♩ ♪,d,desce,x_____,♩.,2,14,0.1429,0.1111,0.0317,0.9
12/8,4,x___x_,♩ ♪,d,desce,x__xx_,♪. sc ♪,2,14,0.1429,0.1111,0.0317,2.25
12/8,1,x_x_x_,♪ ♪ ♪,s,sobe,x_x_x_,♪ ♪ ♪,9,10,0.9,0.65,0.25,1.9929
